kode_wilayah,nama_wilayah,tahun,pengguna_internet_persen,gni_per_kapita_usd,harga_data_persen_gni,akses_listrik_persen,partisipasi_pendidikan_persen,urbanisasi_persen,is_indonesia,is_asean,mobile_subs_per_100,broadband_per_100,populasi,populasi_juta,kelompok_negara,Kategori_Pendapatan,urutan_kategori,Line_Category,harga_layanan_persen_gni,metodologi_basket,world_avg_harga_layanan,rasio_ke_rata_dunia
AFG,Afghanistan,2010,4.0,530.0,,42.7,50.44062042,22.2614799,False,False,36.11868143,0.005303335031,28284089.0,28.284,Negara lain,Low Income,1.0,World Average,,,,
ALB,Albania,2010,45.0,4430.0,,99.6,93.68182373,51.88157743,False,False,91.92992711,3.603585455,2913021.0,2.913,Negara lain,Lower-Middle Income,2.0,World Average,7.1,Cellular basket 30calls+100sms (2010-2017),6.345571428571429,1.1188905648483756
DZA,Algeria,2010,12.5,4870.0,,98.9,100.7397766,67.12350579,False,False,90.58237876,2.48699605,36188236.0,36.188,Negara lain,Upper-Middle Income,3.0,World Average,3.82,Cellular basket 30calls+100sms (2010-2017),6.345571428571429,0.6019946419325063
ASM,American Samoa,2010,,,,,,86.31906735,False,False,,,,,,,,,,,,
AND,Andorra,2010,81.0,,,100.0,85.14788818,88.76047261,False,False,,,,,,,,,,,,
AGO,Angola,2010,2.799999952,3780.0,,35.0,28.21080388,60.13102895,False,False,40.36675528,0.06439198406,23294825.0,23.295,Negara lain,Lower-Middle Income,2.0,World Average,6.0,Cellular basket 30calls+100sms (2010-2017),6.345571428571429,0.945541322407078
ATG,Antigua and Barbuda,2010,47.0,14390.0,,98.7,115.4667435,26.01704479,False,False,196.8706048,8.343881857,85320.0,0.085,Negara lain,High Income,4.0,World Average,,,,
ARG,Argentina,2010,45.0,9160.0,,98.8,99.07099915,90.99300519,False,False,138.2516434,9.756273715,41288694.0,41.289,Negara lain,Upper-Middle Income,3.0,World Average,,,,
ARM,Armenia,2010,25.0,3280.0,,99.8,107.7323914,64.3304164,False,False,131.8748256,3.192886713,3044800.0,3.045,Negara lain,Lower-Middle Income,2.0,World Average,3.15,Cellular basket 30calls+100sms (2010-2017),6.345571428571429,0.49640919426371594
ABW,Aruba,2010,62.0,23050.0,,93.4,98.22074127,64.16129655,False,False,131.6499191,19.19511757,101838.0,0.102,Negara lain,High Income,4.0,World Average,,,,
AUS,Australia,2010,76.0,46900.0,,100.0,,86.21986005,False,False,101.6187597,24.88530516,22031750.0,22.032,Negara lain,High Income,4.0,World Average,0.71,Cellular basket 30calls+100sms (2010-2017),6.345571428571429,0.11188905648483756
AUT,Austria,2010,75.17,49460.0,,100.0,100.2639694,67.10474293,False,False,146.3343141,24.51138613,8363404.0,8.363,Negara lain,High Income,4.0,World Average,0.34,Cellular basket 30calls+100sms (2010-2017),6.345571428571429,0.05358067493640109
AZE,Azerbaijan,2010,46.0,5400.0,,99.9,83.08531815,53.28483677,False,False,99.48902633,5.196269186,9054332.0,9.054,Negara lain,Upper-Middle Income,3.0,World Average,1.64,Cellular basket 30calls+100sms (2010-2017),6.345571428571429,0.25844796145793464
BHS,Bahamas,2010,43.0,27320.0,,100.0,91.08863709,82.41981044,False,False,116.5721485,6.722035061,367478.0,0.367,Negara lain,High Income,4.0,World Average,,,,
BHR,Bahrain,2010,55.0,19510.0,,100.0,90.19694148,100.0,False,False,129.1578611,12.76841262,1228543.0,1.229,Negara lain,High Income,4.0,World Average,0.96,Cellular basket 30calls+100sms (2010-2017),6.345571428571429,0.15128661158513249
BGD,Bangladesh,2010,3.700000048,780.0,,55.3,49.50311068,27.72543726,False,False,44.62746579,0.2723808174,152201981.0,152.202,Negara lain,Low Income,1.0,World Average,3.59,Cellular basket 30calls+100sms (2010-2017),6.345571428571429,0.565748891240235
BRB,Barbados,2010,65.09999847,16220.0,,100.0,107.6825409,59.2366009,False,False,127.182526,20.41468811,275243.0,0.275,Negara lain,High Income,4.0,World Average,1.52,Cellular basket 30calls+100sms (2010-2017),6.345571428571429,0.2395371350097931
BLR,Belarus,2010,31.8,6150.0,,94.4,111.0289985,74.55014038,False,False,108.8733538,17.56057897,9483836.0,9.484,Negara lain,Upper-Middle Income,3.0,World Average,1.59,Cellular basket 30calls+100sms (2010-2017),6.345571428571429,0.2505684504378757
BEL,Belgium,2010,77.63978551,47110.0,,100.0,160.6604767,84.97193096,False,False,111.1315409,30.84262916,10895586.0,10.896,Negara lain,High Income,4.0,World Average,1.02,Cellular basket 30calls+100sms (2010-2017),6.345571428571429,0.16074202480920327
BLZ,Belize,2010,28.2,5060.0,,89.9,75.62230373,45.19148382,False,False,60.64138394,2.783806148,320245.0,0.32,Negara lain,Upper-Middle Income,3.0,World Average,8.99,Cellular basket 30calls+100sms (2010-2017),6.345571428571429,1.4167360814066052
BEN,Benin,2010,3.13,1020.0,,34.2,,42.89168912,False,False,72.21153921,0.2759279831,9797484.0,9.797,Negara lain,Low Income,1.0,World Average,26.27,Cellular basket 30calls+100sms (2010-2017),6.345571428571429,4.13989508993899
BMU,Bermuda,2010,84.21,105750.0,,100.0,89.59642792,100.0,False,False,138.4072185,62.9266379,63725.0,0.064,Negara lain,High Income,4.0,World Average,,,,
BTN,Bhutan,2010,13.6,2180.0,,73.3,62.93544006,33.90519678,False,False,56.19983125,1.236403129,701632.0,0.702,Negara lain,Lower-Middle Income,2.0,World Average,2.71,Cellular basket 30calls+100sms (2010-2017),6.345571428571429,0.4270694972871969
BOL,Bolivia,2010,22.39999962,1760.0,,88.0,87.76018764,66.40756657,False,False,70.50726527,0.9422976731,10182345.0,10.182,Negara lain,Lower-Middle Income,2.0,World Average,7.69,Cellular basket 30calls+100sms (2010-2017),6.345571428571429,1.2118687948850717
BIH,Bosnia and Herzegovina,2010,42.75,4820.0,,99.5,85.51837158,45.73921533,False,False,81.60188505,10.25593262,3811472.0,3.811,Negara lain,Upper-Middle Income,3.0,World Average,3.94,Cellular basket 30calls+100sms (2010-2017),6.345571428571429,0.6209054683806479
BWA,Botswana,2010,6.0,5370.0,,52.0,,63.49459747,False,False,116.2460387,0.589146387,2033111.0,2.033,Negara lain,Upper-Middle Income,3.0,World Average,3.01,Cellular basket 30calls+100sms (2010-2017),6.345571428571429,0.47434656340755077
BRA,Brazil,2010,40.65,9750.0,,98.6,,84.34384604,False,False,101.6665033,7.279684861,193701929.0,193.702,Negara lain,Upper-Middle Income,3.0,World Average,7.21,Cellular basket 30calls+100sms (2010-2017),6.345571428571429,1.1362254890925054
VGB,British Virgin Islands,2010,37.0,,,98.3,105.8976974,46.34278717,False,False,,,,,,,,,,,,
BRN,Brunei Darussalam,2010,53.0,35370.0,,100.0,101.0116882,75.2506559,False,True,110.9019912,5.530774956,392332.0,0.392,ASEAN lain,High Income,4.0,World Average,0.73,Cellular basket 30calls+100sms (2010-2017),6.345571428571429,0.11504086089286115
BGR,Bulgaria,2010,46.23,6960.0,,93.5,94.18192291,71.51493073,False,False,137.1402518,15.12212476,7395599.0,7.396,Negara lain,Upper-Middle Income,3.0,World Average,5.96,Cellular basket 30calls+100sms (2010-2017),6.345571428571429,0.9392377135910308
BFA,Burkina Faso,2010,2.400000095,630.0,,13.1,21.17802019,24.1150925,False,False,35.28483112,0.08472167462,16176498.0,16.176,Negara lain,Low Income,1.0,World Average,44.13,Cellular basket 30calls+100sms (2010-2017),6.345571428571429,6.954456426304059
BDI,Burundi,2010,1.0,200.0,,5.3,23.76470947,10.98430973,False,False,17.8962195,0.003754088437,9376444.0,9.376,Negara lain,Low Income,1.0,World Average,,,,
CPV,Cabo Verde,2010,30.0,3600.0,,81.1,83.54713301,61.79742627,False,False,72.94677746,3.152511652,509784.0,0.51,Negara lain,Lower-Middle Income,2.0,World Average,11.04,Cellular basket 30calls+100sms (2010-2017),6.345571428571429,1.7397960332290234
KHM,Cambodia,2010,1.26,910.0,,31.1,,21.12322512,False,True,56.20935117,0.2459600988,14500726.0,14.501,ASEAN lain,Low Income,1.0,World Average,12.54,Cellular basket 30calls+100sms (2010-2017),6.345571428571429,1.976181363830793
CMR,Cameroon,2010,4.300000191,1450.0,,52.8,,50.85050754,False,False,43.91205521,0.03027242231,19668066.0,19.668,Negara lain,Lower-Middle Income,2.0,World Average,,,,
CAN,Canada,2010,80.3,44490.0,,100.0,102.5102615,81.01208923,False,False,75.51971306,31.63182428,34005902.0,34.006,Negara lain,High Income,4.0,World Average,1.05,Cellular basket 30calls+100sms (2010-2017),6.345571428571429,0.16546973142123866
CYM,Cayman Islands,2010,66.0,73550.0,,100.0,,100.0,False,False,185.8962273,34.84722453,54099.0,0.054,Negara lain,High Income,4.0,World Average,,,,
CAF,Central African Rep.,2010,2.0,500.0,,9.8,,38.62449631,False,False,21.7946381,,4492995.0,4.493,Negara lain,Low Income,1.0,World Average,,,,
TCD,Chad,2010,1.700000048,1150.0,,6.4,22.36927181,21.84723782,False,False,23.35258059,0.002688308498,12312575.0,12.313,Negara lain,Lower-Middle Income,2.0,World Average,,,,
CHI,Channel Islands,2010,,,,100.0,,32.18682291,False,False,,,,,,,,,,,,
CHL,Chile,2010,45.0,10720.0,,99.5,90.99951172,86.95601356,False,False,115.544531,10.41445013,17181464.0,17.181,Negara lain,Upper-Middle Income,3.0,World Average,2.65,Cellular basket 30calls+100sms (2010-2017),6.345571428571429,0.4176140840631261
CHN,China,2010,34.3,4410.0,,99.7,90.78291733,49.23402706,False,False,63.5563377,9.347484276,1337705000.0,1337.705,Negara lain,Lower-Middle Income,2.0,World Average,1.7,Cellular basket 30calls+100sms (2010-2017),6.345571428571429,0.2679033746820054
COL,Colombia,2010,36.5,5690.0,,96.8,99.95436859,76.72329757,False,False,99.33076386,5.902615563,44777319.0,44.777,Negara lain,Upper-Middle Income,3.0,World Average,4.86,Cellular basket 30calls+100sms (2010-2017),6.345571428571429,0.7658884711497332
COM,Comoros,2010,5.099999905,1450.0,,69.7,,28.85409829,False,False,25.23960198,0.05024158721,654836.0,0.655,Negara lain,Lower-Middle Income,2.0,World Average,,,,
COG,Congo (Rep. of the),2010,5.0,2640.0,,40.0,,62.39228711,False,False,83.33721027,0.005602504544,4462290.0,4.462,Negara lain,Lower-Middle Income,2.0,World Average,,,,
COD,"Congo, Dem. Rep.",2010,0.72,320.0,,13.0,37.03879166,39.39136371,False,False,17.24011704,0.0,68563038.0,68.563,Negara lain,Low Income,1.0,World Average,,,,
CRI,Costa Rica,2010,36.5,7290.0,,99.0,97.50673676,71.5081449,False,False,68.66545419,8.697658146,4555962.0,4.556,Negara lain,Upper-Middle Income,3.0,World Average,0.59,Cellular basket 30calls+100sms (2010-2017),6.345571428571429,0.092978230036696
CIV,Cote d'Ivoire,2010,2.700000048,1120.0,,58.4,,47.23743015,False,False,69.36587919,,22488065.0,22.488,Negara lain,Low Income,1.0,World Average,14.99,Cellular basket 30calls+100sms (2010-2017),6.345571428571429,2.3622774038136836
HRV,Croatia,2010,56.55,13900.0,,100.0,98.89552307,55.28249793,False,False,114.5823263,19.47997568,4295427.0,4.295,Negara lain,High Income,4.0,World Average,1.49,Cellular basket 30calls+100sms (2010-2017),6.345571428571429,0.2348094283977577
CUB,Cuba,2010,15.9,5170.0,,97.8,92.40794094,76.60991325,False,False,8.878274656,0.03280398187,11297409.0,11.297,Negara lain,Upper-Middle Income,3.0,World Average,7.22,Cellular basket 30calls+100sms (2010-2017),6.345571428571429,1.1378013912965173
CUW,Curacao,2010,,19540.0,,100.0,,91.24913033,False,False,,,,,,,,,,,,
CYP,Cyprus,2010,52.99,32210.0,,100.0,91.44080353,67.52291116,False,False,123.1330079,23.15491784,1127816.0,1.128,Negara lain,High Income,4.0,World Average,0.33,Cellular basket 30calls+100sms (2010-2017),6.345571428571429,0.05200477273238929
CZE,Czech Republic,2010,68.82,19420.0,,100.0,98.65441895,73.34955992,False,False,123.6052823,21.60905425,10474410.0,10.474,Negara lain,High Income,4.0,World Average,1.76,Cellular basket 30calls+100sms (2010-2017),6.345571428571429,0.2773587879060762
DNK,Denmark,2010,88.72,61290.0,,100.0,118.9440536,86.865242,False,False,115.7344729,38.07603036,5547683.0,5.548,Negara lain,High Income,4.0,World Average,0.16,Cellular basket 30calls+100sms (2010-2017),6.345571428571429,0.025214435264188748
DJI,Djibouti,2010,6.5,,,57.9,,70.64865548,False,False,,,,,,,,,,,,
DMA,Dominica,2010,47.45,7250.0,,91.3,108.6558533,67.99832699,False,False,153.3089357,12.06959148,68859.0,0.069,Negara lain,Upper-Middle Income,3.0,World Average,2.94,Cellular basket 30calls+100sms (2010-2017),6.345571428571429,0.4633152479794682
DOM,Dominican Rep.,2010,31.39999962,5260.0,,98.1,77.97182754,74.16427732,False,False,90.55625791,3.976558463,9820175.0,9.82,Negara lain,Upper-Middle Income,3.0,World Average,3.95,Cellular basket 30calls+100sms (2010-2017),6.345571428571429,0.6224813705846597
ECU,Ecuador,2010,29.03,4290.0,,97.5,91.55838776,62.74052586,False,False,98.03693714,1.467960982,15076695.0,15.077,Negara lain,Lower-Middle Income,2.0,World Average,,,,
EGY,Egypt,2010,21.6,2200.0,,99.4,64.72963715,42.90571755,False,False,79.21986183,1.627457317,89196072.0,89.196,Negara lain,Lower-Middle Income,2.0,World Average,3.36,Cellular basket 30calls+100sms (2010-2017),6.345571428571429,0.5295031405479637
SLV,El Salvador,2010,15.9,2940.0,,91.6,68.14482181,65.43279275,False,False,126.895518,2.888378509,6068249.0,6.068,Negara lain,Lower-Middle Income,2.0,World Average,4.52,Cellular basket 30calls+100sms (2010-2017),6.345571428571429,0.7123077962133321
GNQ,Equatorial Guinea,2010,6.0,7920.0,,66.1,,53.12188065,False,False,33.57960112,0.09974055681,1189085.0,1.189,Negara lain,Upper-Middle Income,3.0,World Average,,,,
ERI,Eritrea,2010,0.610000014,550.0,,40.1,51.56085968,35.634655,False,False,6.290774165,0.004006538127,2945186.0,2.945,Negara lain,Low Income,1.0,World Average,,,,
EST,Estonia,2010,74.1,14580.0,,100.0,110.8886795,67.80480429,False,False,124.1362036,26.12817023,1331475.0,1.331,Negara lain,High Income,4.0,World Average,1.86,Cellular basket 30calls+100sms (2010-2017),6.345571428571429,0.2931178099461942
SWZ,Eswatini,2010,11.04,3260.0,,45.6,64.59770203,22.33307921,False,False,65.2905141,0.3290604057,1111650.0,1.112,Negara lain,Lower-Middle Income,2.0,World Average,10.95,Cellular basket 30calls+100sms (2010-2017),6.345571428571429,1.7256129133929172
ETH,Ethiopia,2010,0.75,370.0,,25.5,33.04785919,17.49378395,False,False,7.570258995,0.004536191084,90538514.0,90.539,Negara lain,Low Income,1.0,World Average,12.93,Cellular basket 30calls+100sms (2010-2017),6.345571428571429,2.0376415497872533
FRO,Faroe Islands,2010,75.2,49050.0,,100.0,,37.25369263,False,False,123.4113226,33.58799228,48656.0,0.049,Negara lain,High Income,4.0,World Average,,,,
FJI,Fiji,2010,20.0,3450.0,,92.4,,52.04151478,False,False,76.65920856,2.553769199,910419.0,0.91,Negara lain,Lower-Middle Income,2.0,World Average,6.17,Cellular basket 30calls+100sms (2010-2017),6.345571428571429,0.9723316598752786
FIN,Finland,2010,86.89,49750.0,,100.0,108.6093903,69.78557988,False,False,156.4320807,29.07511164,5363352.0,5.363,Negara lain,High Income,4.0,World Average,0.32,Cellular basket 30calls+100sms (2010-2017),6.345571428571429,0.050428870528377495
FRA,France,2010,77.28,44040.0,,100.0,106.424942,77.09628448,False,False,91.11857899,33.64535987,65026211.0,65.026,Negara lain,High Income,4.0,World Average,1.36,Cellular basket 30calls+100sms (2010-2017),6.345571428571429,0.21432269974560436
PYF,French Polynesia,2010,49.0,26220.0,,100.0,,60.7610224,False,False,79.78786311,11.91773228,270580.0,0.271,Negara lain,High Income,4.0,World Average,,,,
GAB,Gabon,2010,13.0,7420.0,,89.3,,86.18525925,False,False,93.6112366,0.2373422781,1719879.0,1.72,Negara lain,Upper-Middle Income,3.0,World Average,,,,
GMB,Gambia,2010,9.2,830.0,,46.8,45.53514099,56.01108966,False,False,76.73227345,0.01816643569,1926630.0,1.927,Negara lain,Low Income,1.0,World Average,,,,
GEO,Georgia,2010,26.9,3220.0,,100.0,,55.19693447,False,False,102.1129,4.682636344,3786695.0,3.787,Negara lain,Lower-Middle Income,2.0,World Average,5.2,Cellular basket 30calls+100sms (2010-2017),6.345571428571429,0.8194691460861343
DEU,Germany,2010,82.0,45530.0,,100.0,104.8913574,80.30570256,False,False,109.3640845,32.36626368,81776930.0,81.777,Negara lain,High Income,4.0,World Average,0.6,Cellular basket 30calls+100sms (2010-2017),6.345571428571429,0.0945541322407078
GHA,Ghana,2010,7.8,1200.0,,64.2,,50.72969268,False,False,68.44731078,0.2044553885,25474995.0,25.475,Negara lain,Lower-Middle Income,2.0,World Average,7.35,Cellular basket 30calls+100sms (2010-2017),6.345571428571429,1.1582881199486705
GIB,Gibraltar,2010,65.0,,,100.0,,100.0,False,False,,,,,,,,,,,,
GRC,Greece,2010,44.4,27320.0,,100.0,107.8190536,76.3631477,False,False,110.4996013,20.24916694,11121341.0,11.121,Negara lain,High Income,4.0,World Average,1.71,Cellular basket 30calls+100sms (2010-2017),6.345571428571429,0.26947927688601725
GRL,Greenland,2010,63.0,,,100.0,,84.27848816,False,False,,,,,,,,,,,,
GRD,Grenada,2010,27.0,6610.0,,89.4,117.012619,35.87433595,False,False,109.2843188,12.93800298,111586.0,0.112,Negara lain,Upper-Middle Income,3.0,World Average,2.84,Cellular basket 30calls+100sms (2010-2017),6.345571428571429,0.44755622593935024
GUM,Guam,2010,54.04,,,100.0,,94.07651733,False,False,,,,,,,,,,,,
GTM,Guatemala,2010,10.5,2690.0,,84.3,52.18832002,51.32703806,False,False,124.6057272,1.7861931,14500112.0,14.5,Negara lain,Lower-Middle Income,2.0,World Average,3.43,Cellular basket 30calls+100sms (2010-2017),6.345571428571429,0.5405344559760463
GIN,Guinea,2010,1.0,680.0,,28.1,,33.80754269,False,False,38.47601876,0.004809502345,10396086.0,10.396,Negara lain,Low Income,1.0,World Average,,,,
GNB,Guinea-Bissau,2010,2.450000048,620.0,,6.0,,40.00955963,False,False,43.24488763,0.05107425111,1566347.0,1.566,Negara lain,Low Income,1.0,World Average,,,,
GUY,Guyana,2010,29.9,4520.0,,83.3,93.28646088,26.45921851,False,False,74.79379545,1.493881931,749256.0,0.749,Negara lain,Upper-Middle Income,3.0,World Average,4.07,Cellular basket 30calls+100sms (2010-2017),6.345571428571429,0.6413921970328014
HTI,Haiti,2010,8.369999886,1140.0,,37.2,,46.06797418,False,False,40.80261186,,9803294.0,9.803,Negara lain,Lower-Middle Income,2.0,World Average,,,,
HND,Honduras,2010,11.09,1730.0,,81.0,66.16819,51.32737332,False,False,113.6171362,0.01195331799,8365878.0,8.366,Negara lain,Lower-Middle Income,2.0,World Average,9.0,Cellular basket 30calls+100sms (2010-2017),6.345571428571429,1.418311983610617
HKG,"Hong Kong SAR, China",2010,72.0,33620.0,,100.0,87.90539606,100.0,False,False,194.2336372,30.52423131,7024200.0,7.024,Negara lain,High Income,4.0,World Average,0.35,Cellular basket 30calls+100sms (2010-2017),6.345571428571429,0.05515657714041288
HUN,Hungary,2010,65.0,13250.0,,100.0,101.9976883,69.5305481,False,False,120.3694531,21.63937354,10000023.0,10.0,Negara lain,Upper-Middle Income,3.0,World Average,2.54,Cellular basket 30calls+100sms (2010-2017),6.345571428571429,0.40027915981899637
ISL,Iceland,2010,93.39,38480.0,,100.0,108.8190384,93.45883481,False,False,107.2036535,34.326341,318041.0,0.318,Negara lain,High Income,4.0,World Average,0.54,Cellular basket 30calls+100sms (2010-2017),6.345571428571429,0.08509871901663703
IND,India,2010,7.5,1210.0,,76.3,64.94759369,30.90421908,False,False,60.49064351,0.8838088411,1243481564.0,1243.482,Negara lain,Lower-Middle Income,2.0,World Average,3.63,Cellular basket 30calls+100sms (2010-2017),6.345571428571429,0.5720525000562822
IDN,Indonesia,2010,10.92,2490.0,,94.2,75.65190887,49.85213751,True,True,85.7838691,0.9258086595,246305322.0,246.305,Indonesia,Lower-Middle Income,2.0,Indonesia,3.76,Cellular basket 30calls+100sms (2010-2017),6.345571428571429,0.5925392287084356
IRN,Iran (Islamic Republic of),2010,15.9,5910.0,,99.4,79.02646637,70.60926268,False,False,69.81552074,1.275559623,77420842.0,77.421,Negara lain,Upper-Middle Income,3.0,World Average,,,,
IRQ,Iraq,2010,2.5,4390.0,,98.4,,69.05829534,False,False,74.93681344,0.01004014577,31045366.0,31.045,Negara lain,Lower-Middle Income,2.0,World Average,,,,
IRL,Ireland,2010,69.85,44970.0,,100.0,118.0969086,61.89106893,False,False,103.1233056,22.37214526,4560155.0,4.56,Negara lain,High Income,4.0,World Average,1.02,Cellular basket 30calls+100sms (2010-2017),6.345571428571429,0.16074202480920327
IMN,Isle of Man,2010,,72410.0,,100.0,,51.93961703,False,False,,,,,,,,,,,,
ISR,Israel,2010,67.5,30770.0,,100.0,97.80081177,91.73164267,False,False,124.183305,24.01613252,7623600.0,7.624,Negara lain,High Income,4.0,World Average,,,,
ITA,Italy,2010,53.68,37720.0,,100.0,101.4011612,68.21637418,False,False,155.6840576,21.77046345,59819407.0,59.819,Negara lain,High Income,4.0,World Average,0.95,Cellular basket 30calls+100sms (2010-2017),6.345571428571429,0.1497107093811207
JAM,Jamaica,2010,27.67,4490.0,,92.2,89.49394542,53.75356795,False,False,115.7691933,4.245301553,2748568.0,2.749,Negara lain,Upper-Middle Income,3.0,World Average,3.15,Cellular basket 30calls+100sms (2010-2017),6.345571428571429,0.49640919426371594
JPN,Japan,2010,78.21,44290.0,,100.0,,90.62285868,False,False,96.17885128,26.60350653,128070000.0,128.07,Negara lain,High Income,4.0,World Average,1.51,Cellular basket 30calls+100sms (2010-2017),6.345571428571429,0.2379612328057813
JOR,Jordan,2010,27.2,3950.0,,100.0,87.36444092,82.26010839,False,False,90.72168,4.019107466,7297043.0,7.297,Negara lain,Lower-Middle Income,2.0,World Average,3.05,Cellular basket 30calls+100sms (2010-2017),6.345571428571429,0.48065017222359796
KAZ,Kazakhstan,2010,31.6,7210.0,,100.0,98.52374926,54.20541275,False,False,115.2391694,5.164873869,16836810.0,16.837,Negara lain,Upper-Middle Income,3.0,World Average,,,,
KEN,Kenya,2010,7.2,930.0,,19.2,,31.87132877,False,False,60.02344023,0.01650537625,41598567.0,41.599,Negara lain,Low Income,1.0,World Average,14.22,Cellular basket 30calls+100sms (2010-2017),6.345571428571429,2.2409329341047752
KIR,Kiribati,2010,9.07,2030.0,,63.2,,48.46038396,False,False,9.746651457,0.7782602296,108704.0,0.109,Negara lain,Lower-Middle Income,2.0,World Average,,,,
KOR,Korea (Rep. of),2010,83.7,23250.0,,100.0,97.2930603,81.9685076,False,False,104.0966503,35.25632051,49554112.0,49.554,Negara lain,High Income,4.0,World Average,1.27,Cellular basket 30calls+100sms (2010-2017),6.345571428571429,0.20013957990949818
PRK,"Korea, Dem. People's Rep.",2010,,,,29.3,,60.30700747,False,False,,,,,,,,,,,,
XKX,Kosovo,2010,,3130.0,,,,37.9299408,False,False,,,,,,,,,,,,
KWT,Kuwait,2010,61.40000153,42850.0,,100.0,99.41663459,100.0,False,False,135.1900134,1.562833376,2943372.0,2.943,Negara lain,High Income,4.0,World Average,,,,
KGZ,Kyrgyz Republic,2010,16.29999924,850.0,,99.0,87.7688036,35.26776824,False,False,96.06166401,0.4197742764,5467059.0,5.467,Negara lain,Low Income,1.0,World Average,,,,
LAO,Lao P.D.R.,2010,7.0,990.0,,70.2,47.35943985,30.64686009,False,True,63.20291106,0.09290842687,6334194.0,6.334,ASEAN lain,Low Income,1.0,World Average,7.71,Cellular basket 30calls+100sms (2010-2017),6.345571428571429,1.2150205992930954
LVA,Latvia,2010,68.42,12250.0,,99.8,102.8221588,67.82706818,False,False,109.9278255,20.72979187,2097555.0,2.098,Negara lain,Upper-Middle Income,3.0,World Average,1.17,Cellular basket 30calls+100sms (2010-2017),6.345571428571429,0.1843805578693802
LBN,Lebanon,2010,43.68000031,7340.0,,99.5,70.56243579,87.63921928,False,False,56.80421353,6.567547817,5041288.0,5.041,Negara lain,Upper-Middle Income,3.0,World Average,4.27,Cellular basket 30calls+100sms (2010-2017),6.345571428571429,0.6729102411130371
LSO,Lesotho,2010,3.859999895,1270.0,,17.0,54.24269867,27.4004815,False,False,49.46512237,0.02003756041,1996251.0,1.996,Negara lain,Lower-Middle Income,2.0,World Average,24.97,Cellular basket 30calls+100sms (2010-2017),6.345571428571429,3.9350278034174564
LBR,Liberia,2010,2.3,440.0,,5.3,,48.14075171,False,False,38.71275152,0.004582533648,4058890.0,4.059,Negara lain,Low Income,1.0,World Average,,,,
LBY,Libya,2010,14.0,11550.0,,81.9,,88.11771393,False,False,167.7480775,1.120372481,6497839.0,6.498,Negara lain,Upper-Middle Income,3.0,World Average,,,,
LIE,Liechtenstein,2010,80.0,,,100.0,108.8792801,14.41543541,False,False,,,,,,,,,,,,
LTU,Lithuania,2010,62.12,12430.0,,99.7,105.0682678,66.77128601,False,False,157.8896414,21.92970959,3097282.0,3.097,Negara lain,Upper-Middle Income,3.0,World Average,0.94,Cellular basket 30calls+100sms (2010-2017),6.345571428571429,0.1481348071771089
LUX,Luxembourg,2010,90.62,77640.0,,100.0,100.0800018,88.48791682,False,False,143.2766402,33.18184506,506953.0,0.507,Negara lain,High Income,4.0,World Average,0.45,Cellular basket 30calls+100sms (2010-2017),6.345571428571429,0.07091559918053085
MAC,"Macao SAR, China",2010,55.198,45370.0,,100.0,91.16103797,100.0,False,False,199.4045906,23.46829991,537000.0,0.537,Negara lain,High Income,4.0,World Average,0.15,Cellular basket 30calls+100sms (2010-2017),6.345571428571429,0.02363853306017695
MDG,Madagascar,2010,1.700000048,450.0,,12.3,,27.86516849,False,False,34.76357032,0.02430202125,22183340.0,22.183,Negara lain,Low Income,1.0,World Average,44.1,Cellular basket 30calls+100sms (2010-2017),6.345571428571429,6.949728719692024
MWI,Malawi,2010,2.26,650.0,,8.7,33.66198149,15.47769694,False,False,21.02567551,0.007317996207,14826463.0,14.826,Negara lain,Low Income,1.0,World Average,,,,
MYS,Malaysia,2010,56.3,8130.0,,99.5,77.2140274,70.86253148,False,True,118.1566327,7.320688157,28655776.0,28.656,ASEAN lain,Upper-Middle Income,3.0,World Average,1.29,Cellular basket 30calls+100sms (2010-2017),6.345571428571429,0.20329138431752178
MDV,Maldives,2010,26.53,6000.0,,99.0,70.04681365,36.76461378,False,False,137.018282,4.310794031,360792.0,0.361,Negara lain,Upper-Middle Income,3.0,World Average,1.49,Cellular basket 30calls+100sms (2010-2017),6.345571428571429,0.2348094283977577
MLI,Mali,2010,2.0,780.0,,27.0,36.71892062,23.13594618,False,False,46.66221768,0.05029100297,15945198.0,15.945,Negara lain,Low Income,1.0,World Average,30.81,Cellular basket 30calls+100sms (2010-2017),6.345571428571429,4.855354690560346
MLT,Malta,2010,63.0,21440.0,,100.0,105.1138535,94.24124356,False,False,107.7908251,29.78556776,414508.0,0.415,Negara lain,High Income,4.0,World Average,1.23,Cellular basket 30calls+100sms (2010-2017),6.345571428571429,0.193835971093451
MHL,Marshall Islands,2010,7.0,3820.0,,89.4,,73.41156588,False,False,,,52044.0,0.052,Negara lain,Lower-Middle Income,2.0,World Average,,,,
MRT,Mauritania,2010,4.0,1550.0,,34.2,20.42440033,45.95419231,False,False,81.86607647,0.1713081674,3390965.0,3.391,Negara lain,Lower-Middle Income,2.0,World Average,20.97,Cellular basket 30calls+100sms (2010-2017),6.345571428571429,3.3046669218127374
MUS,Mauritius,2010,28.33,8210.0,,99.4,86.90731049,40.30461318,False,False,92.8425699,7.322159586,1250400.0,1.25,Negara lain,Upper-Middle Income,3.0,World Average,1.03,Cellular basket 30calls+100sms (2010-2017),6.345571428571429,0.16231792701321507
MEX,Mexico,2010,31.05,9470.0,,99.2,87.27292633,76.52444414,False,False,80.42629854,9.313943163,113623895.0,113.624,Negara lain,Upper-Middle Income,3.0,World Average,2.39,Cellular basket 30calls+100sms (2010-2017),6.345571428571429,0.37664062675881943
FSM,Micronesia,2010,20.0,2740.0,,64.5,,22.29035299,False,False,25.58861819,0.9280267807,107540.0,0.108,Negara lain,Lower-Middle Income,2.0,World Average,3.8,Cellular basket 30calls+100sms (2010-2017),6.345571428571429,0.5988428375244828
MDA,Moldova,2010,29.68000031,2380.0,,99.3,87.98113499,39.28049469,False,False,70.22570534,7.454752103,2862354.0,2.862,Negara lain,Lower-Middle Income,2.0,World Average,8.31,Cellular basket 30calls+100sms (2010-2017),6.345571428571429,1.309574731533803
MCO,Monaco,2010,75.0,,,100.0,,100.0,False,False,,,,,,,,,,,,
MNG,Mongolia,2010,10.2,1990.0,,78.5,91.1776886,67.82980183,False,False,92.92076342,2.840918344,2738622.0,2.739,Negara lain,Lower-Middle Income,2.0,World Average,,,,
MNE,Montenegro,2010,37.5,6920.0,,99.2,98.99609375,64.30696258,False,False,185.1008087,10.23037931,619428.0,0.619,Negara lain,Upper-Middle Income,3.0,World Average,2.88,Cellular basket 30calls+100sms (2010-2017),6.345571428571429,0.45385983475539743
MAR,Morocco,2010,52.0,3190.0,,95.7,63.07579832,58.32875165,False,False,98.50698629,1.553881638,32467016.0,32.467,Negara lain,Lower-Middle Income,2.0,World Average,13.84,Cellular basket 30calls+100sms (2010-2017),6.345571428571429,2.1810486503523268
MOZ,Mozambique,2010,4.17,550.0,,18.9,25.12088385,30.98617798,False,False,31.41050561,0.07531989651,22999235.0,22.999,Negara lain,Low Income,1.0,World Average,44.23,Cellular basket 30calls+100sms (2010-2017),6.345571428571429,6.9702154483441765
MMR,Myanmar,2010,0.25,880.0,,48.8,50.86639023,29.14153292,False,True,1.211641995,0.04681344071,49024382.0,49.024,ASEAN lain,Low Income,1.0,World Average,,,,
NAM,Namibia,2010,11.6,4520.0,,44.4,68.09984018,41.79461766,False,False,92.4287531,0.447196455,2109811.0,2.11,Negara lain,Upper-Middle Income,3.0,World Average,4.69,Cellular basket 30calls+100sms (2010-2017),6.345571428571429,0.7390981336815328
NRU,Naoero,2010,,5080.0,,99.2,,100.0,False,False,,,,,,,,,,,,
NPL,Nepal,2010,7.93,530.0,,68.6,55.58929062,62.01565816,False,False,33.63169535,0.2200903579,27341952.0,27.342,Negara lain,Low Income,1.0,World Average,6.32,Cellular basket 30calls+100sms (2010-2017),6.345571428571429,0.9959701929354556
NLD,Netherlands,2010,90.72,54000.0,,100.0,124.5695267,87.35027902,False,False,114.3565158,37.73723283,16615394.0,16.615,Negara lain,High Income,4.0,World Average,0.75,Cellular basket 30calls+100sms (2010-2017),6.345571428571429,0.11819266530088475
NCL,New Caledonia,2010,42.0,,,100.0,,66.70383622,False,False,,,,,,,,,,,,
NZL,New Zealand,2010,80.45999908,29750.0,,100.0,119.1289673,85.86140433,False,False,108.3313975,25.116324,4350700.0,4.351,Negara lain,High Income,4.0,World Average,1.95,Cellular basket 30calls+100sms (2010-2017),6.345571428571429,0.30730092978230034
NIC,Nicaragua,2010,10.0,1490.0,,80.1,71.3924408,56.84231109,False,False,69.05937307,1.27720503,5737450.0,5.737,Negara lain,Lower-Middle Income,2.0,World Average,13.82,Cellular basket 30calls+100sms (2010-2017),6.345571428571429,2.177896845944303
NER,Niger,2010,0.829999983,510.0,,13.6,12.80632025,16.24163013,False,False,22.16847893,0.009064082154,16548835.0,16.549,Negara lain,Low Income,1.0,World Average,,,,
NGA,Nigeria,2010,11.5,2050.0,,48.0,41.78379822,51.67781883,False,False,52.38614807,0.05947328589,166642886.0,166.643,Negara lain,Lower-Middle Income,2.0,World Average,12.65,Cellular basket 30calls+100sms (2010-2017),6.345571428571429,1.9935162880749229
MKD,North Macedonia,2010,51.9,5010.0,,99.5,85.42838287,58.12068155,False,False,104.96806,12.61225296,1946298.0,1.946,Negara lain,Upper-Middle Income,3.0,World Average,6.14,Cellular basket 30calls+100sms (2010-2017),6.345571428571429,0.9676039532632431
MNP,Northern Mariana Islands,2010,,,,100.0,,90.94881803,False,False,,,,,,,,,,,,
NOR,Norway,2010,93.39,88970.0,,100.0,112.978569,79.24500275,False,False,114.5244522,35.24847407,4889252.0,4.889,Negara lain,High Income,4.0,World Average,0.24,Cellular basket 30calls+100sms (2010-2017),6.345571428571429,0.03782165289628312
OMN,Oman,2010,35.8278,22510.0,,100.0,,75.15797247,False,False,151.4460942,1.925276038,2757446.0,2.757,Negara lain,High Income,4.0,World Average,0.6,Cellular basket 30calls+100sms (2010-2017),6.345571428571429,0.0945541322407078
PAK,Pakistan,2010,8.0,1000.0,,87.1,29.29629007,34.81591875,False,False,49.78233207,0.3962511425,199239047.0,199.239,Negara lain,Low Income,1.0,World Average,3.35,Cellular basket 30calls+100sms (2010-2017),6.345571428571429,0.5279272383439519
PLW,Palau,2010,,9860.0,,98.8,,80.66266673,False,False,,,,,,,,,,,,
PAN,Panama,2010,40.1,7500.0,,86.8,71.91369758,65.09260976,False,False,183.1689098,7.118354928,3628535.0,3.629,Negara lain,Upper-Middle Income,3.0,World Average,1.5,Cellular basket 30calls+100sms (2010-2017),6.345571428571429,0.2363853306017695
PNG,Papua New Guinea,2010,1.28,1660.0,,19.5,,13.00219201,False,False,25.00913405,0.0799106782,7633523.0,7.634,Negara lain,Lower-Middle Income,2.0,World Average,28.36,Cellular basket 30calls+100sms (2010-2017),6.345571428571429,4.469258650577456
PRY,Paraguay,2010,19.8,4410.0,,97.4,73.16511006,59.51227926,False,False,103.1873113,1.559662815,5737971.0,5.738,Negara lain,Lower-Middle Income,2.0,World Average,3.67,Cellular basket 30calls+100sms (2010-2017),6.345571428571429,0.5783561088723294
PER,Peru,2010,34.77,4400.0,,88.1,96.13037109,77.40209368,False,False,100.1001512,3.206017984,29086019.0,29.086,Negara lain,Lower-Middle Income,2.0,World Average,11.82,Cellular basket 30calls+100sms (2010-2017),6.345571428571429,1.8627164051419438
PHL,Philippines,2010,25.0,2310.0,,85.5,,45.52081767,False,True,86.31162493,,96337125.0,96.337,ASEAN lain,Lower-Middle Income,2.0,World Average,4.41,Cellular basket 30calls+100sms (2010-2017),6.345571428571429,0.6949728719692024
POL,Poland,2010,62.32,12730.0,,100.0,100.2077789,60.8474784,False,False,123.2489261,15.37851167,38042794.0,38.043,Negara lain,Upper-Middle Income,3.0,World Average,1.5,Cellular basket 30calls+100sms (2010-2017),6.345571428571429,0.2363853306017695
PRT,Portugal,2010,53.3,23030.0,,100.0,107.5233307,61.07888672,False,False,115.4246095,20.10357645,10573100.0,10.573,Negara lain,High Income,4.0,World Average,1.2,Cellular basket 30calls+100sms (2010-2017),6.345571428571429,0.1891082644814156
PRI,Puerto Rico,2010,45.3,16910.0,,100.0,87.09931946,93.75887722,False,False,78.98028338,14.84641583,3724465.0,3.724,Negara lain,High Income,4.0,World Average,,,,
QAT,Qatar,2010,69.0,71900.0,,100.0,98.15017872,98.50662322,False,False,127.9200739,8.529401268,1616832.0,1.617,Negara lain,High Income,4.0,World Average,0.33,Cellular basket 30calls+100sms (2010-2017),6.345571428571429,0.05200477273238929
ROU,Romania,2010,39.93,8770.0,,97.1,102.4679031,53.90382279,False,False,119.2213962,14.68537444,20246871.0,20.247,Negara lain,Upper-Middle Income,3.0,World Average,3.1,Cellular basket 30calls+100sms (2010-2017),6.345571428571429,0.488529683243657
RUS,Russian Federation,2010,49.0,9980.0,,99.3,,73.66963079,False,False,165.1371157,10.90774194,142849468.0,142.849,Negara lain,Upper-Middle Income,3.0,World Average,1.11,Cellular basket 30calls+100sms (2010-2017),6.345571428571429,0.17492514464530945
RWA,Rwanda,2010,8.0,580.0,,9.7,32.40290833,16.92555803,False,False,34.39537456,0.03820673371,10317553.0,10.318,Negara lain,Low Income,1.0,World Average,,,,
KNA,Saint Kitts and Nevis,2010,63.0,15970.0,,99.8,109.9234695,31.30561257,False,False,170.7723178,31.165948,46846.0,0.047,Negara lain,High Income,4.0,World Average,,,,
LCA,Saint Lucia,2010,32.5,8240.0,,94.2,97.03156281,18.5125071,False,False,115.9772038,11.98963173,170906.0,0.171,Negara lain,Upper-Middle Income,3.0,World Average,4.05,Cellular basket 30calls+100sms (2010-2017),6.345571428571429,0.6382403926247776
VCT,Saint Vincent and the Grenadines,2010,33.70000076,6310.0,,92.7,110.6527176,46.0626396,False,False,119.8546731,11.36969234,109959.0,0.11,Negara lain,Upper-Middle Income,3.0,World Average,3.35,Cellular basket 30calls+100sms (2010-2017),6.345571428571429,0.5279272383439519
WSM,Samoa,2010,7.0,3430.0,,96.4,84.03529679,19.83021019,False,False,46.62656782,0.1036145952,193023.0,0.193,Negara lain,Lower-Middle Income,2.0,World Average,6.64,Cellular basket 30calls+100sms (2010-2017),6.345571428571429,1.046399063463833
SMR,San Marino,2010,,,,100.0,66.61197662,97.07461577,False,False,,,,,,,,,,,,
STP,Sao Tome and Principe,2010,18.75,1090.0,,61.4,50.27885818,66.05722007,False,False,56.50652908,0.3217786383,181802.0,0.182,Negara lain,Low Income,1.0,World Average,13.39,Cellular basket 30calls+100sms (2010-2017),6.345571428571429,2.110133051171796
SAU,Saudi Arabia,2010,41.0,21820.0,,100.0,,82.07916685,False,False,204.9692437,6.803630367,23978487.0,23.978,Negara lain,High Income,4.0,World Average,0.96,Cellular basket 30calls+100sms (2010-2017),6.345571428571429,0.15128661158513249
SEN,Senegal,2010,8.0,1340.0,,56.5,37.12670135,43.63717851,False,False,66.03438289,0.6224331567,12635413.0,12.635,Negara lain,Lower-Middle Income,2.0,World Average,15.78,Cellular basket 30calls+100sms (2010-2017),6.345571428571429,2.486773677930615
SRB,Serbia,2010,40.9,6500.0,,99.7,91.42762756,59.35055507,False,False,136.0150378,11.79567705,7291436.0,7.291,Negara lain,Upper-Middle Income,3.0,World Average,1.77,Cellular basket 30calls+100sms (2010-2017),6.345571428571429,0.27893469011008803
SYC,Seychelles,2010,41.0,10160.0,,97.0,76.17223358,42.66030724,False,False,123.8135852,7.152709775,89770.0,0.09,Negara lain,Upper-Middle Income,3.0,World Average,1.86,Cellular basket 30calls+100sms (2010-2017),6.345571428571429,0.2931178099461942
SLE,Sierra Leone,2010,0.579999983,690.0,,11.5,,38.64173289,False,False,32.14031691,,6222714.0,6.223,Negara lain,Low Income,1.0,World Average,,,,
SGP,Singapore,2010,71.0,44930.0,,100.0,,100.0,False,True,145.4516375,26.36195212,5076732.0,5.077,ASEAN lain,High Income,4.0,World Average,0.22,Cellular basket 30calls+100sms (2010-2017),6.345571428571429,0.034669848488259526
SXM,Sint Maarten (Dutch part),2010,,,,100.0,,100.0,False,False,,,,,,,,,,,,
SVK,Slovak Republic,2010,75.71,17370.0,,100.0,94.77934265,54.56507407,False,False,109.888274,16.26441458,5391428.0,5.391,Negara lain,High Income,4.0,World Average,2.68,Cellular basket 30calls+100sms (2010-2017),6.345571428571429,0.42234179067516153
SVN,Slovenia,2010,70.0,24370.0,,100.0,98.53781891,50.11948628,False,False,103.782527,23.01302154,2048583.0,2.049,Negara lain,High Income,4.0,World Average,1.02,Cellular basket 30calls+100sms (2010-2017),6.345571428571429,0.16074202480920327
SLB,Solomon Islands,2010,5.0,1600.0,,35.4,50.95280838,20.11940582,False,False,21.6710947,0.4731991414,532968.0,0.533,Negara lain,Lower-Middle Income,2.0,World Average,,,,
SOM,Somalia,2010,,290.0,,52.3,,38.57350806,False,False,,,,,,,,,,,,
ZAF,South Africa,2010,24.0,6730.0,,82.8,86.59220456,62.62991206,False,False,96.23252125,1.419454524,52344051.0,52.344,Negara lain,Upper-Middle Income,3.0,World Average,4.47,Cellular basket 30calls+100sms (2010-2017),6.345571428571429,0.704428285193273
SSD,South Sudan,2010,,,,1.5,,17.5356202,False,False,,,,,,,,,,,,
ESP,Spain,2010,65.8,32060.0,,100.0,122.6225128,78.51381562,False,False,109.7115719,22.74181231,46576897.0,46.577,Negara lain,High Income,4.0,World Average,1.75,Cellular basket 30calls+100sms (2010-2017),6.345571428571429,0.27578288570206444
LKA,Sri Lanka,2010,6.912399769,2360.0,,85.3,92.34970856,17.24862094,False,False,83.14209494,1.093515143,20879089.0,20.879,Negara lain,Lower-Middle Income,2.0,World Average,1.01,Cellular basket 30calls+100sms (2010-2017),6.345571428571429,0.15916612260519147
MAF,St. Martin (French part),2010,,,,100.0,,100.0,False,False,,,,,,,,,,,,
PSE,State of Palestine,2010,37.40000153,2510.0,,99.9,89.17733713,83.88534911,False,False,64.81544548,,3786161.0,3.786,Negara lain,Lower-Middle Income,2.0,World Average,,,,
SDN,Sudan,2010,,1230.0,,36.0,39.66677856,32.71740266,False,False,,,,,,,,,7.01,Cellular basket 30calls+100sms (2010-2017),6.345571428571429,1.1047074450122696
SUR,Suriname,2010,31.59,7330.0,,91.2,70.64800695,66.43384437,False,False,94.77072245,2.753658239,549923.0,0.55,Negara lain,Upper-Middle Income,3.0,World Average,2.21,Cellular basket 30calls+100sms (2010-2017),6.345571428571429,0.3482743870866071
SWE,Sweden,2010,90.0,54380.0,,100.0,102.2510605,85.13342285,False,False,117.2119329,31.98403494,9378126.0,9.378,Negara lain,High Income,4.0,World Average,0.29,Cellular basket 30calls+100sms (2010-2017),6.345571428571429,0.0457011639163421
CHE,Switzerland,2010,83.9,80400.0,,100.0,96.6068573,73.60867164,False,False,123.2361538,37.22986146,7824909.0,7.825,Negara lain,High Income,4.0,World Average,0.7,Cellular basket 30calls+100sms (2010-2017),6.345571428571429,0.11031315428082576
SYR,Syrian Arab Republic,2010,20.7,2480.0,,92.7,70.83213806,55.69620029,False,False,52.02286711,0.3105403995,22482421.0,22.482,Negara lain,Lower-Middle Income,2.0,World Average,,,,
TJK,Tajikistan,2010,11.55000019,910.0,,98.8,83.91149902,26.5274313,False,False,77.63633733,0.06142071872,7652141.0,7.652,Negara lain,Low Income,1.0,World Average,,,,
TZA,Tanzania,2010,2.900000095,720.0,,14.8,31.89204979,28.19689539,False,False,46.88239916,0.01687724572,44758488.0,44.758,Negara lain,Low Income,1.0,World Average,28.09,Cellular basket 30calls+100sms (2010-2017),6.345571428571429,4.426709291069137
THA,Thailand,2010,22.4,4490.0,,99.7,78.39437866,44.00187366,False,True,104.5886241,4.741728232,68579447.0,68.579,ASEAN lain,Upper-Middle Income,3.0,World Average,2.42,Cellular basket 30calls+100sms (2010-2017),6.345571428571429,0.3813683333708548
TLS,Timor-Leste,2010,3.0,2870.0,,38.0,68.30263096,29.639884,False,True,43.60921526,0.0460965871,1084679.0,1.085,ASEAN lain,Lower-Middle Income,2.0,World Average,,,,
TGO,Togo,2010,3.0,790.0,,30.8,,37.5545883,False,False,38.65203436,0.4043763247,6325788.0,6.326,Negara lain,Low Income,1.0,World Average,54.52,Cellular basket 30calls+100sms (2010-2017),6.345571428571429,8.591818816272315
TON,Tonga,2010,16.0,3270.0,,92.8,105.6405487,23.42436191,False,False,50.55865922,1.024208566,107400.0,0.107,Negara lain,Lower-Middle Income,2.0,World Average,,,,
TTO,Trinidad and Tobago,2010,48.5,16590.0,,100.0,,54.0899566,False,False,136.605094,11.74409766,1317714.0,1.318,Negara lain,High Income,4.0,World Average,1.04,Cellular basket 30calls+100sms (2010-2017),6.345571428571429,0.16389382921722687
TUN,Tunisia,2010,36.8,4140.0,,99.5,88.11122894,66.62800598,False,False,103.2345035,4.478960578,10765980.0,10.766,Negara lain,Lower-Middle Income,2.0,World Average,2.89,Cellular basket 30calls+100sms (2010-2017),6.345571428571429,0.45543573695940925
TUR,Turkiye,2010,39.82,10460.0,,100.0,84.20240021,69.34712539,False,False,84.21589095,9.677540125,73142150.0,73.142,Negara lain,Upper-Middle Income,3.0,World Average,5.28,Cellular basket 30calls+100sms (2010-2017),6.345571428571429,0.8320763637182287
TKM,Turkmenistan,2010,3.0,3720.0,,100.0,,46.91717322,False,False,57.46620094,0.01299341739,5564356.0,5.564,Negara lain,Lower-Middle Income,2.0,World Average,,,,
TCA,Turks & Caicos Is.,2010,,,,100.0,,90.37482947,False,False,,,,,,,,,,,,
TUV,Tuvalu,2010,14.60000038,4460.0,,96.7,,55.05413266,False,False,15.07443,2.2611645,10614.0,0.011,Negara lain,Lower-Middle Income,2.0,World Average,,,,
UGA,Uganda,2010,4.300000191,680.0,,12.1,,18.79906455,False,False,39.60465073,0.04322214683,32390802.0,32.391,Negara lain,Low Income,1.0,World Average,31.42,Cellular basket 30calls+100sms (2010-2017),6.345571428571429,4.9514847250050655
UKR,Ukraine,2010,23.3,2990.0,,100.0,98.14168177,68.63739713,False,False,117.7678197,6.454904046,46456003.0,46.456,Negara lain,Lower-Middle Income,2.0,World Average,2.62,Cellular basket 30calls+100sms (2010-2017),6.345571428571429,0.41288637745109075
ARE,United Arab Emirates,2010,68.0,42380.0,,100.0,,83.37142991,False,False,157.4725767,11.34011005,6869838.0,6.87,Negara lain,High Income,4.0,World Average,0.31,Cellular basket 30calls+100sms (2010-2017),6.345571428571429,0.0488529683243657
GBR,United Kingdom,2010,85.0,42010.0,,100.0,103.4611511,80.99516512,False,False,121.7808444,30.39609115,62766365.0,62.766,Negara lain,High Income,4.0,World Average,1.03,Cellular basket 30calls+100sms (2010-2017),6.345571428571429,0.16231792701321507
USA,United States,2010,71.69,49180.0,,100.0,,80.69977447,False,False,91.65930776,27.17200601,309378227.0,309.378,Negara lain,High Income,4.0,World Average,0.87,Cellular basket 30calls+100sms (2010-2017),6.345571428571429,0.1371034917490263
URY,Uruguay,2010,46.4,10930.0,,99.3,98.66429901,94.33332195,False,False,133.7065251,11.55762404,3318580.0,3.319,Negara lain,Upper-Middle Income,3.0,World Average,2.54,Cellular basket 30calls+100sms (2010-2017),6.345571428571429,0.40027915981899637
UZB,Uzbekistan,2010,15.89999962,1460.0,,99.6,89.98355865,51.33216476,False,False,73.81231816,0.4157051137,28385506.0,28.386,Negara lain,Lower-Middle Income,2.0,World Average,,,,
VUT,Vanuatu,2010,8.0,2580.0,,44.1,55.24012086,24.74250412,False,False,71.32693664,0.2098653504,238248.0,0.238,Negara lain,Lower-Middle Income,2.0,World Average,10.36,Cellular basket 30calls+100sms (2010-2017),6.345571428571429,1.6326346833562213
VEN,Venezuela,2010,37.37,11650.0,,99.1,80.72409821,88.80263729,False,False,96.76199726,5.806650246,28813101.0,28.813,Negara lain,Upper-Middle Income,3.0,World Average,2.33,Cellular basket 30calls+100sms (2010-2017),6.345571428571429,0.36718521353474864
VNM,Viet Nam,2010,30.65,1370.0,,97.4,,30.25040273,False,True,127.5741891,4.195660194,87455152.0,87.455,ASEAN lain,Lower-Middle Income,2.0,World Average,5.28,Cellular basket 30calls+100sms (2010-2017),6.345571428571429,0.8320763637182287
VIR,Virgin Islands (U.S.),2010,31.22,,,100.0,,94.57243927,False,False,,,,,,,,,,,,
YEM,Yemen,2010,12.35,1040.0,,60.8,39.06623077,30.62328483,False,False,41.43245741,0.313967201,26754387.0,26.754,Negara lain,Low Income,1.0,World Average,9.02,Cellular basket 30calls+100sms (2010-2017),6.345571428571429,1.4214637880186405
ZMB,Zambia,2010,3.0,1310.0,,22.0,,39.95588577,False,False,39.00293106,0.07351638606,13965594.0,13.966,Negara lain,Lower-Middle Income,2.0,World Average,14.65,Cellular basket 30calls+100sms (2010-2017),6.345571428571429,2.3086967288772824
ZWE,Zimbabwe,2010,6.400000095,640.0,,38.9,,32.72845258,False,False,57.64962624,0.2470698267,13356548.0,13.357,Negara lain,Low Income,1.0,World Average,,,,
AFG,Afghanistan,2011,5.0,550.0,,43.2,52.44742966,22.82056916,False,False,47.01518429,,29347708.0,29.348,Negara lain,Low Income,1.0,World Average,,,,
ALB,Albania,2011,47.0,4460.0,,99.7,95.47052765,53.29173829,False,False,106.4741797,4.403565992,2905195.0,2.905,Negara lain,Lower-Middle Income,2.0,World Average,7.04,Cellular basket 30calls+100sms (2010-2017),5.632499999999999,1.2498890368397693
DZA,Algeria,2011,14.89999962,5050.0,,99.0,103.1842728,67.73440075,False,False,96.51129479,2.657621351,36903376.0,36.903,Negara lain,Upper-Middle Income,3.0,World Average,3.72,Cellular basket 30calls+100sms (2010-2017),5.632499999999999,0.6604527296937418
ASM,American Samoa,2011,,,,,,86.02849917,False,False,,,,,,,,,,,,
AND,Andorra,2011,81.0,,,100.0,85.85878754,88.68883403,False,False,,,,,,,,,,,,
AGO,Angola,2011,4.699999809,3960.0,,34.6,29.68695178,60.84316104,False,False,49.85152582,0.0653099765,24218352.0,24.218,Negara lain,Lower-Middle Income,2.0,World Average,6.19,Cellular basket 30calls+100sms (2010-2017),5.632499999999999,1.0989791389258767
ATG,Antigua and Barbuda,2011,52.0,14100.0,,94.6,116.1853714,25.69468986,False,False,203.8734189,6.949914284,86332.0,0.086,Negara lain,High Income,4.0,World Average,,,,
ARG,Argentina,2011,51.0,10590.0,,99.0,100.8845596,91.10722867,False,False,145.5110679,10.95602849,41730660.0,41.731,Negara lain,Upper-Middle Income,3.0,World Average,,,,
ARM,Armenia,2011,32.0,3360.0,,99.5,94.87740326,64.32074491,False,False,109.8500618,5.492922141,3027900.0,3.028,Negara lain,Lower-Middle Income,2.0,World Average,3.1,Cellular basket 30calls+100sms (2010-2017),5.632499999999999,0.5503772747447848
ABW,Aruba,2011,69.0,23100.0,,100.0,96.63391876,63.99926058,False,False,,,102591.0,0.103,Negara lain,High Income,4.0,World Average,,,,
AUS,Australia,2011,79.48769771,50570.0,,100.0,,86.32689461,False,False,105.8240129,24.69775609,22340024.0,22.34,Negara lain,High Income,4.0,World Average,0.66,Cellular basket 30calls+100sms (2010-2017),5.632499999999999,0.11717709720372838
AUT,Austria,2011,78.7399931,50380.0,,100.0,99.67295837,67.14842554,False,False,155.1549992,24.99264292,8391643.0,8.392,Negara lain,High Income,4.0,World Average,0.32,Cellular basket 30calls+100sms (2010-2017),5.632499999999999,0.05681313803817133
AZE,Azerbaijan,2011,50.0,5490.0,,99.9,82.91762054,53.50854619,False,False,109.3338483,10.52131826,9173082.0,9.173,Negara lain,Upper-Middle Income,3.0,World Average,1.91,Cellular basket 30calls+100sms (2010-2017),5.632499999999999,0.33910341766533514
BHS,Bahamas,2011,65.0,26990.0,,100.0,89.2416369,82.41303475,False,False,80.37844774,4.168628221,371729.0,0.372,Negara lain,High Income,4.0,World Average,,,,
BHR,Bahrain,2011,76.9999665,20040.0,,100.0,93.29389909,100.0,False,False,140.350601,24.15797098,1195020.0,1.195,Negara lain,High Income,4.0,World Average,1.0,Cellular basket 30calls+100sms (2010-2017),5.632499999999999,0.1775410563692854
BGD,Bangladesh,2011,4.5,870.0,,59.6,49.75154965,28.11001627,False,False,54.93073048,0.3050307428,153591076.0,153.591,Negara lain,Low Income,1.0,World Average,2.19,Cellular basket 30calls+100sms (2010-2017),5.632499999999999,0.38881491344873503
BRB,Barbados,2011,66.5,17150.0,,100.0,107.3000717,59.23669321,False,False,125.9934308,22.68205505,276139.0,0.276,Negara lain,High Income,4.0,World Average,1.62,Cellular basket 30calls+100sms (2010-2017),5.632499999999999,0.2876165113182424
BLR,Belarus,2011,39.64889566,6350.0,,95.0,108.9898674,75.05975342,False,False,112.9019233,22.14849249,9461643.0,9.462,Negara lain,Upper-Middle Income,3.0,World Average,1.73,Cellular basket 30calls+100sms (2010-2017),5.632499999999999,0.3071460275188638
BEL,Belgium,2011,81.609996,46720.0,,100.0,159.3493042,85.2349607,False,False,113.2018454,32.10324722,11038264.0,11.038,Negara lain,High Income,4.0,World Average,0.96,Cellular basket 30calls+100sms (2010-2017),5.632499999999999,0.170439414114514
BLZ,Belize,2011,30.70000076,5160.0,,91.7,76.1272789,44.94178191,False,False,67.95244701,2.963048965,327298.0,0.327,Negara lain,Upper-Middle Income,3.0,World Average,8.64,Cellular basket 30calls+100sms (2010-2017),5.632499999999999,1.5339547270306262
BEN,Benin,2011,4.148323066,1030.0,,36.9,45.7294693,43.46161361,False,False,76.9318014,0.371868456,10093623.0,10.094,Negara lain,Low Income,1.0,World Average,25.91,Cellular basket 30calls+100sms (2010-2017),5.632499999999999,4.600088770528185
BMU,Bermuda,2011,88.336,102930.0,,100.0,88.05544281,100.0,False,False,,,63733.0,0.064,Negara lain,High Income,4.0,World Average,,,,
BTN,Bhutan,2011,14.39999962,2430.0,,81.8,66.98612213,34.46376067,False,False,68.25552562,1.865439675,709377.0,0.709,Negara lain,Lower-Middle Income,2.0,World Average,1.98,Cellular basket 30calls+100sms (2010-2017),5.632499999999999,0.3515312916111851
BOL,Bolivia,2011,30.0,1970.0,,88.3,85.30040795,66.83371563,False,False,80.71630407,0.7106242588,10348929.0,10.349,Negara lain,Lower-Middle Income,2.0,World Average,6.9,Cellular basket 30calls+100sms (2010-2017),5.632499999999999,1.2250332889480695
BIH,Bosnia and Herzegovina,2011,43.88769913,4900.0,,99.7,87.72799683,46.05287776,False,False,84.75291825,11.49840264,3741798.0,3.742,Negara lain,Upper-Middle Income,3.0,World Average,4.07,Cellular basket 30calls+100sms (2010-2017),5.632499999999999,0.7225920994229917
BWA,Botswana,2011,9.0,6500.0,,53.2,,64.01878107,False,False,139.8704628,0.9223379398,2073535.0,2.074,Negara lain,Upper-Middle Income,3.0,World Average,2.29,Cellular basket 30calls+100sms (2010-2017),5.632499999999999,0.4065690190856636
BRA,Brazil,2011,45.69,11210.0,,99.3,,84.62257586,False,False,120.0081042,9.131820309,195284734.0,195.285,Negara lain,Upper-Middle Income,3.0,World Average,6.41,Cellular basket 30calls+100sms (2010-2017),5.632499999999999,1.1380381713271195
VGB,British Virgin Islands,2011,37.4,,,98.7,98.26264691,46.92818222,False,False,,,,,,,,,,,,
BRN,Brunei Darussalam,2011,56.0,36520.0,,100.0,102.1111221,75.3121255,False,True,110.959741,5.805117317,399389.0,0.399,ASEAN lain,High Income,4.0,World Average,0.68,Cellular basket 30calls+100sms (2010-2017),5.632499999999999,0.1207279183311141
BGR,Bulgaria,2011,47.97999305,7210.0,,94.1,96.43612671,72.61016539,False,False,141.9383132,17.02969841,7348328.0,7.348,Negara lain,Upper-Middle Income,3.0,World Average,5.75,Cellular basket 30calls+100sms (2010-2017),5.632499999999999,1.0208610741233912
BFA,Burkina Faso,2011,3.0,660.0,,14.8,23.17643719,24.46829768,False,False,46.10576412,0.08440209849,16661908.0,16.662,Negara lain,Low Income,1.0,World Average,22.02,Cellular basket 30calls+100sms (2010-2017),5.632499999999999,3.909454061251665
BDI,Burundi,2011,1.110000014,220.0,,6.2,26.79438019,11.56166522,False,False,19.70148523,0.005114232611,9717978.0,9.718,Negara lain,Low Income,1.0,World Average,,,,
CPV,Cabo Verde,2011,32.0,3760.0,,82.3,86.70001533,62.7419929,False,False,77.51125728,4.17091116,511447.0,0.511,Negara lain,Lower-Middle Income,2.0,World Average,10.67,Cellular basket 30calls+100sms (2010-2017),5.632499999999999,1.8943630714602753
KHM,Cambodia,2011,3.099999905,990.0,,37.4,,22.38247885,False,True,93.44147739,0.1494302902,14722584.0,14.723,ASEAN lain,Low Income,1.0,World Average,11.22,Cellular basket 30calls+100sms (2010-2017),5.632499999999999,1.9920106524633825
CMR,Cameroon,2011,5.0,1470.0,,53.7,49.87324611,51.2229843,False,False,51.83104208,0.05294997545,20232304.0,20.232,Negara lain,Lower-Middle Income,2.0,World Average,,,,
CAN,Canada,2011,83.0,47190.0,,100.0,102.8239517,81.10314254,False,False,77.67225849,32.65064801,34339221.0,34.339,Negara lain,High Income,4.0,World Average,1.15,Cellular basket 30calls+100sms (2010-2017),5.632499999999999,0.2041722148246782
CYM,Cayman Islands,2011,69.46594499,73950.0,,100.0,92.34708393,100.0,False,False,174.0405712,33.83807503,55606.0,0.056,Negara lain,High Income,4.0,World Average,,,,
CAF,Central African Rep.,2011,2.200000048,510.0,,10.4,15.91895962,38.80306695,False,False,21.74018477,0.01774362046,4565021.0,4.565,Negara lain,Low Income,1.0,World Average,,,,
TCD,Chad,2011,1.899999976,1190.0,,9.0,22.82248176,21.95587368,False,False,28.73901891,0.1238651801,12754997.0,12.755,Negara lain,Lower-Middle Income,2.0,World Average,,,,
CHI,Channel Islands,2011,,,,100.0,,32.32633502,False,False,,,,,,,,,,,,
CHL,Chile,2011,52.24960729,11860.0,,99.6,90.98262024,87.01091647,False,False,128.6046832,11.59097123,17351816.0,17.352,Negara lain,Upper-Middle Income,3.0,World Average,2.31,Cellular basket 30calls+100sms (2010-2017),5.632499999999999,0.4101198402130493
CHN,China,2011,38.3,5130.0,,99.9,92.03294252,51.83002853,False,False,72.50523937,11.50427669,1345035000.0,1345.035,Negara lain,Upper-Middle Income,3.0,World Average,1.31,Cellular basket 30calls+100sms (2010-2017),5.632499999999999,0.2325787838437639
COL,Colombia,2011,40.35091575,6370.0,,96.7,101.2058182,76.83900361,False,False,102.0786898,7.397637108,45259614.0,45.26,Negara lain,Upper-Middle Income,3.0,World Average,4.36,Cellular basket 30calls+100sms (2010-2017),5.632499999999999,0.7740790057700845
COM,Comoros,2011,5.5,1490.0,,69.3,,29.11367503,False,False,32.39818219,0.05987522004,668056.0,0.668,Negara lain,Lower-Middle Income,2.0,World Average,,,,
COG,Congo (Rep. of the),2011,5.6,2580.0,,40.8,,62.55975081,False,False,84.27309314,0.02843988057,4609724.0,4.61,Negara lain,Lower-Middle Income,2.0,World Average,,,,
COD,"Congo, Dem. Rep.",2011,1.200000048,320.0,,13.7,38.94992065,39.78496928,False,False,22.08190423,,70849311.0,70.849,Negara lain,Low Income,1.0,World Average,,,,
CRI,Costa Rica,2011,39.212196,8130.0,,99.2,99.7109375,72.84265867,False,False,90.09148488,9.106230096,4609833.0,4.61,Negara lain,Upper-Middle Income,3.0,World Average,0.53,Cellular basket 30calls+100sms (2010-2017),5.632499999999999,0.09409675987572128
CIV,Cote d'Ivoire,2011,2.900000095,1020.0,,55.8,,47.67975513,False,False,75.46881037,,22982000.0,22.982,Negara lain,Low Income,1.0,World Average,18.72,Cellular basket 30calls+100sms (2010-2017),5.632499999999999,3.323568575233023
HRV,Croatia,2011,57.78997899,14020.0,,100.0,99.26560211,55.27737933,False,False,119.4896123,20.85661546,4280622.0,4.281,Negara lain,High Income,4.0,World Average,1.33,Cellular basket 30calls+100sms (2010-2017),5.632499999999999,0.23612960497114963
CUB,Cuba,2011,16.0172908,5590.0,,98.0,92.22151843,76.7076639,False,False,11.63679811,0.0391184553,11301571.0,11.302,Negara lain,Upper-Middle Income,3.0,World Average,7.39,Cellular basket 30calls+100sms (2010-2017),5.632499999999999,1.312028406569019
CUW,Curacao,2011,,19420.0,,100.0,,91.26394162,False,False,,,,,,,,,,,,
CYP,Cyprus,2011,56.85989235,32680.0,,100.0,92.82562256,67.39798928,False,False,126.5596288,24.6112529,1146493.0,1.146,Negara lain,High Income,4.0,World Average,0.33,Cellular basket 30calls+100sms (2010-2017),5.632499999999999,0.05858854860186419
CZE,Czech Republic,2011,70.49,19600.0,,100.0,99.44673157,73.28783384,False,False,125.4603039,23.90641104,10496088.0,10.496,Negara lain,High Income,4.0,World Average,2.07,Cellular basket 30calls+100sms (2010-2017),5.632499999999999,0.3675099866844208
DNK,Denmark,2011,89.81001339,62050.0,,100.0,121.8165207,87.1567654,False,False,128.762869,38.47253803,5570572.0,5.571,Negara lain,High Income,4.0,World Average,0.15,Cellular basket 30calls+100sms (2010-2017),5.632499999999999,0.026631158455392812
DJI,Djibouti,2011,7.0,,,58.1,,70.67765325,False,False,,,,,,,,,,,,
DMA,Dominica,2011,48.59999847,7510.0,,90.1,109.1778488,68.39781656,False,False,157.7397072,12.02989008,69053.0,0.069,Negara lain,Upper-Middle Income,3.0,World Average,3.05,Cellular basket 30calls+100sms (2010-2017),5.632499999999999,0.5415002219263205
DOM,Dominican Rep.,2011,38.0,5460.0,,97.9,77.42722002,74.24403895,False,False,88.18735401,4.262368333,9945621.0,9.946,Negara lain,Upper-Middle Income,3.0,World Average,3.82,Cellular basket 30calls+100sms (2010-2017),5.632499999999999,0.6782068353306703
ECU,Ecuador,2011,31.36680836,4770.0,,96.9,95.69297028,62.79490535,False,False,100.0423327,4.299316459,15326227.0,15.326,Negara lain,Upper-Middle Income,3.0,World Average,,,,
EGY,Egypt,2011,25.6,2380.0,,99.4,72.54875946,42.86341685,False,False,91.58232901,2.025674646,91093059.0,91.093,Negara lain,Lower-Middle Income,2.0,World Average,2.9,Cellular basket 30calls+100sms (2010-2017),5.632499999999999,0.5148690634709276
SLV,El Salvador,2011,18.89999962,3120.0,,92.6,69.74462177,66.33441364,False,False,136.5513396,3.382523878,6090127.0,6.09,Negara lain,Lower-Middle Income,2.0,World Average,4.51,Cellular basket 30calls+100sms (2010-2017),5.632499999999999,0.8007101642254771
GNQ,Equatorial Guinea,2011,11.5,9030.0,,66.1,,55.97433491,False,False,38.56067835,0.1083879904,1241835.0,1.242,Negara lain,Upper-Middle Income,3.0,World Average,,,,
ERI,Eritrea,2011,0.699999988,650.0,,41.2,51.8398819,35.67062759,False,False,8.068708031,0.004702374699,2998485.0,2.998,Negara lain,Low Income,1.0,World Average,,,,
EST,Estonia,2011,76.5,15900.0,,100.0,112.2874069,67.87755563,False,False,136.0654021,26.28876309,1327439.0,1.327,Negara lain,High Income,4.0,World Average,1.79,Cellular basket 30calls+100sms (2010-2017),5.632499999999999,0.3177984909010209
SWZ,Eswatini,2011,18.13,3620.0,,51.2,67.2353363,22.46347537,False,False,68.57374939,0.71781742,1117833.0,1.118,Negara lain,Lower-Middle Income,2.0,World Average,10.1,Cellular basket 30calls+100sms (2010-2017),5.632499999999999,1.7931646693297827
ETH,Ethiopia,2011,1.100000024,380.0,,23.0,34.44689941,17.86379051,False,False,15.16550032,0.006820184698,93149970.0,93.15,Negara lain,Low Income,1.0,World Average,12.99,Cellular basket 30calls+100sms (2010-2017),5.632499999999999,2.3062583222370177
FRO,Faroe Islands,2011,80.7321728,53420.0,,100.0,,37.29759598,False,False,121.9906538,33.49814328,48542.0,0.049,Negara lain,High Income,4.0,World Average,,,,
FJI,Fiji,2011,28.0,3570.0,,92.5,83.93049622,52.53354495,False,False,79.62856069,2.546580517,912989.0,0.913,Negara lain,Lower-Middle Income,2.0,World Average,6.41,Cellular basket 30calls+100sms (2010-2017),5.632499999999999,1.1380381713271195
FIN,Finland,2011,88.70999491,50200.0,,100.0,109.2489319,70.05832619,False,False,165.9168549,29.80564529,5388272.0,5.388,Negara lain,High Income,4.0,World Average,0.31,Cellular basket 30calls+100sms (2010-2017),5.632499999999999,0.05503772747447848
FRA,France,2011,77.81999899,44610.0,,100.0,106.6106415,77.11827174,False,False,93.85290315,35.69378918,65340830.0,65.341,Negara lain,High Income,4.0,World Average,1.34,Cellular basket 30calls+100sms (2010-2017),5.632499999999999,0.23790501553484247
PYF,French Polynesia,2011,49.0,25270.0,,100.0,,61.27173426,False,False,82.00399666,13.24859142,271727.0,0.272,Negara lain,High Income,4.0,World Average,,,,
GAB,Gabon,2011,18.0,7680.0,,88.7,,86.56653837,False,False,133.0104911,0.2525273782,1781985.0,1.782,Negara lain,Upper-Middle Income,3.0,World Average,,,,
GMB,Gambia,2011,10.87030029,710.0,,48.3,,56.6696693,False,False,70.63082473,0.02202860795,1983784.0,1.984,Negara lain,Low Income,1.0,World Average,,,,
GEO,Georgia,2011,31.52000046,3580.0,,100.0,,55.68992576,False,False,114.5169312,6.423409889,3756441.0,3.756,Negara lain,Lower-Middle Income,2.0,World Average,4.32,Cellular basket 30calls+100sms (2010-2017),5.632499999999999,0.7669773635153131
DEU,Germany,2011,81.26999954,48200.0,,100.0,105.3465118,80.34057629,False,False,112.4194782,33.70988458,80274983.0,80.275,Negara lain,High Income,4.0,World Average,0.81,Cellular basket 30calls+100sms (2010-2017),5.632499999999999,0.1438082556591212
GHA,Ghana,2011,9.0,1350.0,,64.1,55.60692978,51.33040866,False,False,81.11044883,0.2496600126,26095088.0,26.095,Negara lain,Lower-Middle Income,2.0,World Average,5.94,Cellular basket 30calls+100sms (2010-2017),5.632499999999999,1.0545938748335555
GIB,Gibraltar,2011,65.0,,,99.8,,100.0,False,False,,,,,,,,,,,,
GRC,Greece,2011,51.64999517,24470.0,,100.0,105.9560471,76.63526099,False,False,109.1741409,22.18306423,11104899.0,11.105,Negara lain,High Income,4.0,World Average,1.76,Cellular basket 30calls+100sms (2010-2017),5.632499999999999,0.3124722592099423
GRL,Greenland,2011,64.0,,,100.0,,84.5286026,False,False,,,,,,,,,,,,
GRD,Grenada,2011,30.0,6730.0,,88.8,108.3438287,35.86010911,False,False,107.8301912,13.09255079,112079.0,0.112,Negara lain,Upper-Middle Income,3.0,World Average,2.86,Cellular basket 30calls+100sms (2010-2017),5.632499999999999,0.5077674212161563
GUM,Guam,2011,57.7,,,100.0,,94.07710544,False,False,,,,,,,,,,,,
GTM,Guatemala,2011,12.30000019,2850.0,,84.0,52.76896096,51.86574699,False,False,131.6856346,,14792126.0,14.792,Negara lain,Lower-Middle Income,2.0,World Average,3.66,Cellular basket 30calls+100sms (2010-2017),5.632499999999999,0.6498002663115846
GIN,Guinea,2011,2.0,670.0,,29.5,36.74647903,34.07320547,False,False,45.61017791,0.005630202659,10656810.0,10.657,Negara lain,Low Income,1.0,World Average,,,,
GNB,Guinea-Bissau,2011,2.671999931,660.0,,13.5,,40.43911362,False,False,45.5596626,0.06218611558,1608076.0,1.608,Negara lain,Low Income,1.0,World Average,,,,
GUY,Guyana,2011,30.0,4860.0,,84.2,101.134758,26.39999962,False,False,70.86442057,2.752786627,746153.0,0.746,Negara lain,Upper-Middle Income,3.0,World Average,3.31,Cellular basket 30calls+100sms (2010-2017),5.632499999999999,0.5876608965823348
HTI,Haiti,2011,9.0,1260.0,,37.8,,46.75237495,False,False,42.36047066,,9914904.0,9.915,Negara lain,Lower-Middle Income,2.0,World Average,,,,
HND,Honduras,2011,15.9,1860.0,,82.2,65.90184784,51.99088923,False,False,94.39904747,0.670797298,8540583.0,8.541,Negara lain,Lower-Middle Income,2.0,World Average,9.93,Cellular basket 30calls+100sms (2010-2017),5.632499999999999,1.7629826897470042
HKG,"Hong Kong SAR, China",2011,72.19999695,35690.0,,100.0,86.97820261,100.0,False,False,214.0975533,32.18549147,7071600.0,7.072,Negara lain,High Income,4.0,World Average,0.33,Cellular basket 30calls+100sms (2010-2017),5.632499999999999,0.05858854860186419
HUN,Hungary,2011,68.01998789,13260.0,,100.0,103.0810699,69.47799341,False,False,117.526066,23.25492456,9971727.0,9.972,Negara lain,Upper-Middle Income,3.0,World Average,2.54,Cellular basket 30calls+100sms (2010-2017),5.632499999999999,0.45095428317798497
ISL,Iceland,2011,94.8196868,39690.0,,100.0,109.7068634,93.41106112,False,False,107.8173324,34.96429433,319014.0,0.319,Negara lain,High Income,4.0,World Average,0.57,Cellular basket 30calls+100sms (2010-2017),5.632499999999999,0.10119840213049268
IND,India,2011,10.07,1350.0,,79.5,67.12516785,31.27465029,False,False,70.87256521,1.058588871,1261224954.0,1261.225,Negara lain,Lower-Middle Income,2.0,World Average,2.94,Cellular basket 30calls+100sms (2010-2017),5.632499999999999,0.5219707057256991
IDN,Indonesia,2011,12.28,2960.0,,94.8,78.1330719,50.48300171,True,True,100.13452,1.096876838,249470032.0,249.47,Indonesia,Lower-Middle Income,2.0,Indonesia,3.31,Cellular basket 30calls+100sms (2010-2017),5.632499999999999,0.5876608965823348
IRN,Iran (Islamic Republic of),2011,19.0,6680.0,,99.5,81.29447937,71.20405094,False,False,71.49838414,2.704274943,78383598.0,78.384,Negara lain,Upper-Middle Income,3.0,World Average,,,,
IRQ,Iraq,2011,5.0,4740.0,,98.0,,69.12522339,False,False,79.34661102,,32161424.0,32.161,Negara lain,Upper-Middle Income,3.0,World Average,,,,
IRL,Ireland,2011,74.88997297,42670.0,,100.0,115.8337326,62.08727358,False,False,107.1348995,23.38142048,4580084.0,4.58,Negara lain,High Income,4.0,World Average,1.07,Cellular basket 30calls+100sms (2010-2017),5.632499999999999,0.1899689303151354
IMN,Isle of Man,2011,,74840.0,,100.0,,52.02463241,False,False,,,,,,,,,,,,
ISR,Israel,2011,68.87387799,32820.0,,100.0,98.08841705,91.73040247,False,False,123.1424398,25.15089299,7765800.0,7.766,Negara lain,High Income,4.0,World Average,,,,
ITA,Italy,2011,54.3899983,37710.0,,100.0,101.5964279,68.40150739,False,False,159.0927377,22.393879,60026841.0,60.027,Negara lain,High Income,4.0,World Average,0.98,Cellular basket 30calls+100sms (2010-2017),5.632499999999999,0.17399023524189972
JAM,Jamaica,2011,37.43861341,4700.0,,91.1,91.53739166,53.95658611,False,False,106.6981127,4.284341861,2760494.0,2.76,Negara lain,Upper-Middle Income,3.0,World Average,3.22,Cellular basket 30calls+100sms (2010-2017),5.632499999999999,0.5716822015090991
JPN,Japan,2011,79.05411352,47800.0,,100.0,,90.86316544,False,False,103.641548,27.86667313,127833000.0,127.833,Negara lain,High Income,4.0,World Average,1.34,Cellular basket 30calls+100sms (2010-2017),5.632499999999999,0.23790501553484247
JOR,Jordan,2011,34.9,4140.0,,99.6,87.59304047,83.55050438,False,False,100.0285679,3.965176306,7480424.0,7.48,Negara lain,Lower-Middle Income,2.0,World Average,2.84,Cellular basket 30calls+100sms (2010-2017),5.632499999999999,0.5042166000887706
KAZ,Kazakhstan,2011,50.6,8030.0,,99.8,98.8350533,54.39960864,False,False,147.9010726,6.992850464,17066002.0,17.066,Negara lain,Upper-Middle Income,3.0,World Average,,,,
KEN,Kenya,2011,8.800000191,1010.0,,36.2,,31.8673949,False,False,65.67301615,0.1266275697,42758461.0,42.758,Negara lain,Low Income,1.0,World Average,5.28,Cellular basket 30calls+100sms (2010-2017),5.632499999999999,0.937416777629827
KIR,Kiribati,2011,10.0,2110.0,,74.9,,49.12281695,False,False,12.46125064,0.7682088082,110647.0,0.111,Negara lain,Lower-Middle Income,2.0,World Average,,,,
KOR,Korea (Rep. of),2011,83.75912015,24590.0,,100.0,97.52941895,81.96154081,False,False,106.8783068,36.35330521,49936638.0,49.937,Negara lain,High Income,4.0,World Average,1.16,Cellular basket 30calls+100sms (2010-2017),5.632499999999999,0.20594762538837108
PRK,"Korea, Dem. People's Rep.",2011,,,,31.4,,60.48362307,False,False,,,,,,,,,,,,
XKX,Kosovo,2011,,3400.0,,,,38.02551843,False,False,,,,,,,,,,,,
KWT,Kuwait,2011,65.76907069,44350.0,,100.0,98.14176941,100.0,False,False,157.4992962,1.500248658,3132814.0,3.133,Negara lain,High Income,4.0,World Average,,,,
KGZ,Kyrgyz Republic,2011,17.5,870.0,,98.3,87.52208928,35.2466508,False,False,112.2007102,0.6978238585,5546587.0,5.547,Negara lain,Low Income,1.0,World Average,,,,
LAO,Lao P.D.R.,2011,9.0,1130.0,,70.0,46.30309074,31.21468771,False,True,85.28396864,0.1018580616,6426590.0,6.427,ASEAN lain,Low Income,1.0,World Average,6.78,Cellular basket 30calls+100sms (2010-2017),5.632499999999999,1.2037283621837551
LVA,Latvia,2011,69.74995456,12470.0,,99.8,105.5657883,67.8266897,False,False,112.090589,22.20558744,2059709.0,2.06,Negara lain,Upper-Middle Income,3.0,World Average,1.12,Cellular basket 30calls+100sms (2010-2017),5.632499999999999,0.1988459831335997
LBN,Lebanon,2011,52.0,7720.0,,99.7,73.82861485,87.82708137,False,False,67.83038528,7.89496509,5096020.0,5.096,Negara lain,Upper-Middle Income,3.0,World Average,3.35,Cellular basket 30calls+100sms (2010-2017),5.632499999999999,0.5947625388371062
LSO,Lesotho,2011,7.0,1350.0,,22.5,56.95064163,28.61503552,False,False,61.18910094,0.06648431065,2014009.0,2.014,Negara lain,Lower-Middle Income,2.0,World Average,19.45,Cellular basket 30calls+100sms (2010-2017),5.632499999999999,3.4531735463826014
LBR,Liberia,2011,2.5,500.0,,4.1,43.64794922,48.65833028,False,False,47.86903087,0.001492474376,4221178.0,4.221,Negara lain,Low Income,1.0,World Average,,,,
LBY,Libya,2011,14.0,6080.0,,80.3,,88.0970459,False,False,157.6490615,1.103543431,6343203.0,6.343,Negara lain,Upper-Middle Income,3.0,World Average,,,,
LIE,Liechtenstein,2011,85.0,,,100.0,111.4565735,14.40999985,False,False,,,,,,,,,,,,
LTU,Lithuania,2011,63.6399774,13200.0,,99.7,106.0081635,66.75183401,False,False,163.0433706,24.02723729,3028115.0,3.028,Negara lain,Upper-Middle Income,3.0,World Average,0.89,Cellular basket 30calls+100sms (2010-2017),5.632499999999999,0.15801154016866403
LUX,Luxembourg,2011,90.02985856,79210.0,,100.0,100.4209671,88.95628148,False,False,147.5118785,32.73394474,518347.0,0.518,Negara lain,High Income,4.0,World Average,0.44,Cellular basket 30calls+100sms (2010-2017),5.632499999999999,0.07811806480248558
MAC,"Macao SAR, China",2011,60.20369672,54620.0,,100.0,94.93012343,100.0,False,False,235.0792953,23.91471649,549600.0,0.55,Negara lain,High Income,4.0,World Average,0.12,Cellular basket 30calls+100sms (2010-2017),5.632499999999999,0.02130492676431425
MDG,Madagascar,2011,1.899999976,460.0,,14.3,34.1198082,28.1336807,False,False,38.03635918,0.03002326672,22822300.0,22.822,Negara lain,Low Income,1.0,World Average,44.1,Cellular basket 30calls+100sms (2010-2017),5.632499999999999,7.8295605858854875
MWI,Malawi,2011,3.33,710.0,,7.6,34.73715992,15.55231539,False,False,25.88644812,0.01133309864,15265022.0,15.265,Negara lain,Low Income,1.0,World Average,,,,
MYS,Malaysia,2011,61.0,8890.0,,99.5,77.59253693,71.42451667,False,True,125.7158321,8.595763828,29162039.0,29.162,ASEAN lain,Upper-Middle Income,3.0,World Average,1.19,Cellular basket 30calls+100sms (2010-2017),5.632499999999999,0.21127385707944962
MDV,Maldives,2011,34.0,6720.0,,99.1,72.84349276,37.12746235,False,False,141.9550196,4.720157142,373674.0,0.374,Negara lain,Upper-Middle Income,3.0,World Average,1.44,Cellular basket 30calls+100sms (2010-2017),5.632499999999999,0.255659121171771
MLI,Mali,2011,2.2,830.0,,28.8,38.74921372,23.6379674,False,False,65.7107159,0.05150267025,16469049.0,16.469,Negara lain,Low Income,1.0,World Average,26.28,Cellular basket 30calls+100sms (2010-2017),5.632499999999999,4.665778961384821
MLT,Malta,2011,68.01982379,22060.0,,100.0,94.1126709,94.31559164,False,False,122.8717842,30.30370112,416268.0,0.416,Negara lain,High Income,4.0,World Average,1.23,Cellular basket 30calls+100sms (2010-2017),5.632499999999999,0.21837549933422107
MHL,Marshall Islands,2011,10.0,3860.0,,89.9,,73.85537112,False,False,,,51907.0,0.052,Negara lain,Lower-Middle Income,2.0,World Average,,,,
MRT,Mauritania,2011,4.5,1640.0,,35.3,22.7523098,47.1350407,False,False,94.63162586,0.1747168203,3502811.0,3.503,Negara lain,Lower-Middle Income,2.0,World Average,17.8,Cellular basket 30calls+100sms (2010-2017),5.632499999999999,3.1602308033732807
MUS,Mauritius,2011,34.95000076,8530.0,,99.6,88.72229004,40.16659232,False,False,100.6089715,9.192103972,1252404.0,1.252,Negara lain,Upper-Middle Income,3.0,World Average,0.96,Cellular basket 30calls+100sms (2010-2017),5.632499999999999,0.170439414114514
MEX,Mexico,2011,37.17629541,9760.0,,99.0,88.38008881,76.56678023,False,False,82.07252445,10.03620039,115243504.0,115.244,Negara lain,Upper-Middle Income,3.0,World Average,2.27,Cellular basket 30calls+100sms (2010-2017),5.632499999999999,0.4030181979582779
FSM,Micronesia,2011,22.79999924,2920.0,,66.3,,22.29146641,False,False,25.62721685,,107698.0,0.108,Negara lain,Lower-Middle Income,2.0,World Average,3.58,Cellular basket 30calls+100sms (2010-2017),5.632499999999999,0.6355969818020418
MDA,Moldova,2011,32.06999969,2730.0,,99.4,87.71937269,39.3469162,False,False,90.44195739,10.0167938,2860699.0,2.861,Negara lain,Lower-Middle Income,2.0,World Average,7.6,Cellular basket 30calls+100sms (2010-2017),5.632499999999999,1.3493120284065692
MCO,Monaco,2011,80.30000305,,,100.0,,100.0,False,False,,,,,,,,,,,,
MNG,Mongolia,2011,12.49999111,2570.0,,72.1,,67.91960588,False,False,107.1810592,3.426077707,2786317.0,2.786,Negara lain,Lower-Middle Income,2.0,World Average,,,,
MNE,Montenegro,2011,35.61154125,7240.0,,99.0,93.17089081,64.42109148,False,False,183.2043598,10.22810611,620345.0,0.62,Negara lain,Upper-Middle Income,3.0,World Average,2.75,Cellular basket 30calls+100sms (2010-2017),5.632499999999999,0.4882379050155349
MAR,Morocco,2011,46.1074826,3260.0,,96.1,66.02552848,58.90257669,False,False,111.0637152,1.80844788,32912588.0,32.913,Negara lain,Lower-Middle Income,2.0,World Average,9.08,Cellular basket 30calls+100sms (2010-2017),5.632499999999999,1.6120727918331117
MOZ,Mozambique,2011,4.599999905,570.0,,20.2,26.01575788,31.206223,False,False,33.21633915,0.1199795053,23649039.0,23.649,Negara lain,Low Income,1.0,World Average,37.63,Cellular basket 30calls+100sms (2010-2017),5.632499999999999,6.680869951176211
MMR,Myanmar,2011,0.98,1040.0,,54.1,,29.27247651,False,True,2.516437737,0.04431015734,49419820.0,49.42,ASEAN lain,Low Income,1.0,World Average,,,,
NAM,Namibia,2011,12.0,5160.0,,42.3,72.45411772,42.62760756,False,False,102.2443013,0.8204722025,2146325.0,2.146,Negara lain,Upper-Middle Income,3.0,World Average,3.85,Cellular basket 30calls+100sms (2010-2017),5.632499999999999,0.6835330670217489
NRU,Naoero,2011,54.0,7000.0,,99.0,,100.0,False,False,66.34977223,,10098.0,0.01,Negara lain,Upper-Middle Income,3.0,World Average,,,,
NPL,Nepal,2011,9.0,620.0,,67.3,58.9935112,63.1399498,False,False,48.62451498,0.3446486216,27464494.0,27.464,Negara lain,Low Income,1.0,World Average,6.31,Cellular basket 30calls+100sms (2010-2017),5.632499999999999,1.120284065690191
NLD,Netherlands,2011,91.41999576,54270.0,,100.0,129.868103,88.0059205,False,False,117.6739774,38.56142081,16693074.0,16.693,Negara lain,High Income,4.0,World Average,0.75,Cellular basket 30calls+100sms (2010-2017),5.632499999999999,0.13315579227696406
NCL,New Caledonia,2011,50.0,,,100.0,,66.72620912,False,False,,,,,,,,,,,,
NZL,New Zealand,2011,81.23000336,32270.0,,100.0,118.2567215,85.82331519,False,False,109.9778675,26.87840829,4384000.0,4.384,Negara lain,High Income,4.0,World Average,1.8,Cellular basket 30calls+100sms (2010-2017),5.632499999999999,0.31957390146471376
NIC,Nicaragua,2011,10.6,1600.0,,81.2,,57.0362425,False,False,82.89210732,1.462300296,5819051.0,5.819,Negara lain,Lower-Middle Income,2.0,World Average,12.62,Cellular basket 30calls+100sms (2010-2017),5.632499999999999,2.240568131380382
NER,Niger,2011,0.9,520.0,,14.3,13.66432138,16.23030661,False,False,27.61295328,0.01230766866,17176283.0,17.176,Negara lain,Low Income,1.0,World Average,,,,
NGA,Nigeria,2011,13.80000019,2100.0,,55.9,43.02399063,52.49035242,False,False,55.53012675,,171379598.0,171.38,Negara lain,Lower-Middle Income,2.0,World Average,11.13,Cellular basket 30calls+100sms (2010-2017),5.632499999999999,1.9760319573901468
MKD,North Macedonia,2011,56.7,5140.0,,99.7,,58.24095039,False,False,108.4676095,13.799189,1937398.0,1.937,Negara lain,Upper-Middle Income,3.0,World Average,4.86,Cellular basket 30calls+100sms (2010-2017),5.632499999999999,0.8628495339547272
MNP,Northern Mariana Islands,2011,,,,100.0,,91.02533679,False,False,,,,,,,,,,,,
NOR,Norway,2011,93.48998265,91010.0,,100.0,113.1698837,79.31162045,False,False,115.5962849,36.05264561,4953088.0,4.953,Negara lain,High Income,4.0,World Average,0.2,Cellular basket 30calls+100sms (2010-2017),5.632499999999999,0.03550821127385709
OMN,Oman,2011,48.0,20820.0,,100.0,114.4516208,75.65858035,False,False,147.92643,2.405856711,3076763.0,3.077,Negara lain,High Income,4.0,World Average,0.62,Cellular basket 30calls+100sms (2010-2017),5.632499999999999,0.11007545494895696
PAK,Pakistan,2011,8.0,1020.0,,87.8,29.72714605,35.01136759,False,False,53.44619441,0.572428724,203746065.0,203.746,Negara lain,Low Income,1.0,World Average,3.48,Cellular basket 30calls+100sms (2010-2017),5.632499999999999,0.6178428761651132
PLW,Palau,2011,,10560.0,,98.9,,80.97472312,False,False,,,,,,,,,,,,
PAN,Panama,2011,42.7,8860.0,,88.6,71.74122011,65.18966787,False,False,182.3587351,7.657848033,3693505.0,3.694,Negara lain,Upper-Middle Income,3.0,World Average,1.39,Cellular basket 30calls+100sms (2010-2017),5.632499999999999,0.2467820683533067
PNG,Papua New Guinea,2011,2.0,1730.0,,17.3,,13.0000025,False,False,30.536892,0.0954277875,7859346.0,7.859,Negara lain,Lower-Middle Income,2.0,World Average,28.56,Cellular basket 30calls+100sms (2010-2017),5.632499999999999,5.070572569906791
PRY,Paraguay,2011,24.76351588,4840.0,,98.2,75.88269806,59.69349954,False,False,112.2867232,2.06549828,5814626.0,5.815,Negara lain,Upper-Middle Income,3.0,World Average,3.75,Cellular basket 30calls+100sms (2010-2017),5.632499999999999,0.6657789613848203
PER,Peru,2011,36.01,4960.0,,89.7,97.52314758,78.0118165,False,False,110.7743644,4.135146887,29304086.0,29.304,Negara lain,Upper-Middle Income,3.0,World Average,10.53,Cellular basket 30calls+100sms (2010-2017),5.632499999999999,1.8695073235685753
PHL,Philippines,2011,29.0,2450.0,,87.2,,46.68336325,False,True,95.86882824,1.822926479,98248614.0,98.249,ASEAN lain,Lower-Middle Income,2.0,World Average,4.61,Cellular basket 30calls+100sms (2010-2017),5.632499999999999,0.8184642698624058
POL,Poland,2011,61.94999897,12900.0,,100.0,100.6178513,60.73570907,False,False,131.2797788,18.24752059,38063255.0,38.063,Negara lain,Upper-Middle Income,3.0,World Average,1.2,Cellular basket 30calls+100sms (2010-2017),5.632499999999999,0.2130492676431425
PRT,Portugal,2011,55.24999688,22750.0,,100.0,108.8641815,61.14106984,False,False,116.837494,21.24680261,10557560.0,10.558,Negara lain,High Income,4.0,World Average,1.23,Cellular basket 30calls+100sms (2010-2017),5.632499999999999,0.21837549933422107
PRI,Puerto Rico,2011,48.0,17600.0,,100.0,84.07644653,93.75982021,False,False,84.38156098,15.154586,3693464.0,3.693,Negara lain,High Income,4.0,World Average,,,,
QAT,Qatar,2011,69.0,82960.0,,100.0,96.46768676,98.63006102,False,False,127.1280267,9.089207322,1624761.0,1.625,Negara lain,High Income,4.0,World Average,0.32,Cellular basket 30calls+100sms (2010-2017),5.632499999999999,0.05681313803817133
ROU,Romania,2011,40.00999678,9080.0,,97.4,100.7359009,53.96088742,False,False,115.4717843,16.18749738,20147528.0,20.148,Negara lain,Upper-Middle Income,3.0,World Average,3.13,Cellular basket 30calls+100sms (2010-2017),5.632499999999999,0.5557035064358633
RUS,Russian Federation,2011,58.0,11060.0,,99.2,94.57589049,73.85348511,False,False,141.4512256,12.24267366,143018195.0,143.018,Negara lain,Upper-Middle Income,3.0,World Average,1.05,Cellular basket 30calls+100sms (2010-2017),5.632499999999999,0.1864181091877497
RWA,Rwanda,2011,7.0,630.0,,10.8,36.62100983,16.93235869,False,False,42.04942569,0.08175920463,10573733.0,10.574,Negara lain,Low Income,1.0,World Average,,,,
KNA,Saint Kitts and Nevis,2011,63.20000076,16760.0,,100.0,109.1163025,31.20006484,False,False,164.2281278,26.87369364,46886.0,0.047,Negara lain,High Income,4.0,World Average,,,,
LCA,Saint Lucia,2011,34.0,8890.0,,95.4,96.60208893,18.47434796,False,False,126.0353549,12.42134795,171801.0,0.172,Negara lain,Upper-Middle Income,3.0,World Average,3.67,Cellular basket 30calls+100sms (2010-2017),5.632499999999999,0.6515756768752775
VCT,Saint Vincent and the Grenadines,2011,36.70000076,6390.0,,94.1,108.3060837,46.18402928,False,False,120.5397397,12.11625163,109349.0,0.109,Negara lain,Upper-Middle Income,3.0,World Average,3.32,Cellular basket 30calls+100sms (2010-2017),5.632499999999999,0.5894363071460276
WSM,Samoa,2011,11.0,3570.0,,96.7,82.7630729,19.61742737,False,False,,,194713.0,0.195,Negara lain,Lower-Middle Income,2.0,World Average,6.12,Cellular basket 30calls+100sms (2010-2017),5.632499999999999,1.0865512649800269
SMR,San Marino,2011,49.6,,,100.0,65.92533875,97.09999847,False,False,,,,,,,,,,,,
STP,Sao Tome and Principe,2011,20.16119957,1140.0,,62.6,48.83702087,66.72759776,False,False,61.96532166,0.3969857096,185649.0,0.186,Negara lain,Lower-Middle Income,2.0,World Average,12.31,Cellular basket 30calls+100sms (2010-2017),5.632499999999999,2.1855304039059034
SAU,Saudi Arabia,2011,47.5,24110.0,,100.0,,82.25438762,False,False,206.8518131,7.475229974,25091867.0,25.092,Negara lain,High Income,4.0,World Average,0.8,Cellular basket 30calls+100sms (2010-2017),5.632499999999999,0.14203284509542835
SEN,Senegal,2011,9.800000191,1310.0,,56.5,42.63689832,44.06896685,False,False,72.17333389,0.715438976,12958897.0,12.959,Negara lain,Lower-Middle Income,2.0,World Average,15.94,Cellular basket 30calls+100sms (2010-2017),5.632499999999999,2.8300044385264096
SRB,Serbia,2011,42.2,6380.0,,99.7,93.63105011,59.43491878,False,False,141.0434365,13.44227351,7236519.0,7.237,Negara lain,Upper-Middle Income,3.0,World Average,1.99,Cellular basket 30calls+100sms (2010-2017),5.632499999999999,0.353306702174878
SYC,Seychelles,2011,43.16400146,11150.0,,98.1,74.4660804,42.67398449,False,False,130.4769954,9.700692612,87441.0,0.087,Negara lain,Upper-Middle Income,3.0,World Average,1.84,Cellular basket 30calls+100sms (2010-2017),5.632499999999999,0.3266755437194852
SLE,Sierra Leone,2011,0.899999976,710.0,,14.2,40.42356873,39.04721535,False,False,33.45727293,,6387251.0,6.387,Negara lain,Low Income,1.0,World Average,,,,
SGP,Singapore,2011,71.0,48250.0,,100.0,,100.0,False,True,150.4041014,27.17358269,5183688.0,5.184,ASEAN lain,High Income,4.0,World Average,0.2,Cellular basket 30calls+100sms (2010-2017),5.632499999999999,0.03550821127385709
SXM,Sint Maarten (Dutch part),2011,,26550.0,,100.0,,100.0,False,False,,,,,,,,,,,,
SVK,Slovak Republic,2011,74.43999717,17560.0,,100.0,94.99941254,54.4167388,False,False,110.8362021,17.65614588,5398384.0,5.398,Negara lain,High Income,4.0,World Average,2.81,Cellular basket 30calls+100sms (2010-2017),5.632499999999999,0.498890368397692
SVN,Slovenia,2011,67.33999481,24340.0,,100.0,98.47821808,49.94638187,False,False,105.8445805,24.12978499,2052843.0,2.053,Negara lain,High Income,4.0,World Average,1.17,Cellular basket 30calls+100sms (2010-2017),5.632499999999999,0.20772303595206393
SLB,Solomon Islands,2011,6.0,1690.0,,39.1,49.32389069,20.7284893,False,False,49.71054987,0.4394650463,552945.0,0.553,Negara lain,Lower-Middle Income,2.0,World Average,,,,
SOM,Somalia,2011,1.25,250.0,,52.0,,39.38031828,False,False,14.5762797,,12348830.0,12.349,Negara lain,Low Income,1.0,World Average,,,,
ZAF,South Africa,2011,33.97,7620.0,,83.6,88.94422913,62.85062775,False,False,120.7656429,1.711475595,52995205.0,52.995,Negara lain,Upper-Middle Income,3.0,World Average,3.8,Cellular basket 30calls+100sms (2010-2017),5.632499999999999,0.6746560142032846
SSD,South Sudan,2011,,770.0,,2.8,10.80231953,17.78176781,False,False,,,,,,,,,,,,
ESP,Spain,2011,67.08999939,31170.0,,100.0,126.1527863,78.69539796,False,False,111.899355,23.76228517,46742697.0,46.743,Negara lain,High Income,4.0,World Average,1.81,Cellular basket 30calls+100sms (2010-2017),5.632499999999999,0.3213493120284066
LKA,Sri Lanka,2011,7.956399918,2830.0,,87.8,94.10864258,17.78811928,False,False,87.19789207,1.708787566,21009048.0,21.009,Negara lain,Lower-Middle Income,2.0,World Average,0.51,Cellular basket 30calls+100sms (2010-2017),5.632499999999999,0.09054593874833557
MAF,St. Martin (French part),2011,,,,100.0,,100.0,False,False,,,,,,,,,,,,
PSE,State of Palestine,2011,41.08000183,2880.0,,99.7,88.28084144,84.23409506,False,False,70.09301471,3.789297526,3882986.0,3.883,Negara lain,Lower-Middle Income,2.0,World Average,,,,
SDN,Sudan,2011,,1250.0,,38.3,35.21297836,32.90597601,False,False,,,,,,,,,5.12,Cellular basket 30calls+100sms (2010-2017),5.632499999999999,0.9090102086107413
SUR,Suriname,2011,32.0,7620.0,,94.6,68.22170836,66.36752273,False,False,95.91079136,4.163453293,556269.0,0.556,Negara lain,Upper-Middle Income,3.0,World Average,2.07,Cellular basket 30calls+100sms (2010-2017),5.632499999999999,0.3675099866844208
SWE,Sweden,2011,92.76998606,56450.0,,100.0,102.1403732,85.36007489,False,False,121.2185209,32.03911545,9449213.0,9.449,Negara lain,High Income,4.0,World Average,0.31,Cellular basket 30calls+100sms (2010-2017),5.632499999999999,0.05503772747447848
CHE,Switzerland,2011,85.19302818,82540.0,,100.0,97.19515991,73.65058749,False,False,127.3965389,38.89554345,7912398.0,7.912,Negara lain,High Income,4.0,World Average,0.68,Cellular basket 30calls+100sms (2010-2017),5.632499999999999,0.1207279183311141
SYR,Syrian Arab Republic,2011,22.5,2600.0,,91.5,72.30000305,58.48177042,False,False,56.46011307,0.530201418,22878098.0,22.878,Negara lain,Lower-Middle Income,2.0,World Average,,,,
TJK,Tajikistan,2011,13.02999973,1000.0,,98.9,85.02062988,26.47922134,False,False,80.82011199,0.06415511736,7824785.0,7.825,Negara lain,Low Income,1.0,World Average,,,,
TZA,Tanzania,2011,3.200000048,760.0,,14.2,,28.86572641,False,False,55.76104273,0.06141296707,46029367.0,46.029,Negara lain,Low Income,1.0,World Average,16.38,Cellular basket 30calls+100sms (2010-2017),5.632499999999999,2.908122503328895
THA,Thailand,2011,23.66992562,4840.0,,99.3,86.98947906,44.80487236,False,True,112.2332032,5.644337907,69007208.0,69.007,ASEAN lain,Upper-Middle Income,3.0,World Average,2.26,Cellular basket 30calls+100sms (2010-2017),5.632499999999999,0.401242787394585
TLS,Timor-Leste,2011,4.0,3740.0,,52.7,70.16406026,29.63335231,False,True,55.31860275,0.04954031095,1110207.0,1.11,ASEAN lain,Lower-Middle Income,2.0,World Average,,,,
TGO,Togo,2011,3.5,850.0,,39.7,52.77062988,37.98723056,False,False,38.96978431,0.4921438294,6500582.0,6.501,Negara lain,Low Income,1.0,World Average,50.0,Cellular basket 30calls+100sms (2010-2017),5.632499999999999,8.877052818464271
TON,Tonga,2011,25.0,3660.0,,92.2,107.0533981,23.46075468,False,False,51.12949707,1.208515385,107570.0,0.108,Negara lain,Lower-Middle Income,2.0,World Average,,,,
TTO,Trinidad and Tobago,2011,55.2,15060.0,,97.5,,53.92536155,False,False,130.9119896,12.35269534,1328019.0,1.328,Negara lain,High Income,4.0,World Average,1.19,Cellular basket 30calls+100sms (2010-2017),5.632499999999999,0.21127385707944962
TUN,Tunisia,2011,39.1,4060.0,,99.5,89.34146881,66.91918862,False,False,113.7940122,5.138307933,10886035.0,10.886,Negara lain,Lower-Middle Income,2.0,World Average,2.95,Cellular basket 30calls+100sms (2010-2017),5.632499999999999,0.523746116289392
TUR,Turkiye,2011,43.06571043,11260.0,,100.0,87.80322266,71.00287235,False,False,88.01666284,10.22885702,74223629.0,74.224,Negara lain,Upper-Middle Income,3.0,World Average,3.86,Cellular basket 30calls+100sms (2010-2017),5.632499999999999,0.6853084775854417
TKM,Turkmenistan,2011,5.0,4300.0,,99.8,,46.93975379,False,False,93.25375914,0.01935455378,5683417.0,5.683,Negara lain,Lower-Middle Income,2.0,World Average,,,,
TCA,Turks & Caicos Is.,2011,,,,100.0,,90.73129508,False,False,,,,,,,,,,,,
TUV,Tuvalu,2011,16.5,4740.0,,97.0,,56.04287704,False,False,19.75881262,4.174397032,10780.0,0.011,Negara lain,Upper-Middle Income,3.0,World Average,,,,
UGA,Uganda,2011,4.599999905,860.0,,14.6,,20.05610287,False,False,50.05912388,0.1064742515,33354543.0,33.355,Negara lain,Low Income,1.0,World Average,22.84,Cellular basket 30calls+100sms (2010-2017),5.632499999999999,4.055037727474479
UKR,Ukraine,2011,28.70826284,3100.0,,100.0,96.11718264,68.72342998,False,False,121.9416066,6.956210822,46307853.0,46.308,Negara lain,Lower-Middle Income,2.0,World Average,2.49,Cellular basket 30calls+100sms (2010-2017),5.632499999999999,0.44207723035952073
ARE,United Arab Emirates,2011,78.0,45610.0,,100.0,,83.56950078,False,False,162.8936236,12.04218727,7104538.0,7.105,Negara lain,High Income,4.0,World Average,0.32,Cellular basket 30calls+100sms (2010-2017),5.632499999999999,0.05681313803817133
GBR,United Kingdom,2011,85.37999855,41240.0,,100.0,94.16452026,81.13596856,False,False,121.4976645,32.41872586,63258810.0,63.259,Negara lain,High Income,4.0,World Average,1.14,Cellular basket 30calls+100sms (2010-2017),5.632499999999999,0.20239680426098536
USA,United States,2011,69.72946076,50620.0,,100.0,,80.69575543,False,False,94.68296466,28.11702395,311839461.0,311.839,Negara lain,High Income,4.0,World Average,0.85,Cellular basket 30calls+100sms (2010-2017),5.632499999999999,0.1509098979138926
URY,Uruguay,2011,51.40466106,12730.0,,99.2,101.5601807,94.60368248,False,False,143.0019613,14.2140329,3326825.0,3.327,Negara lain,Upper-Middle Income,3.0,World Average,2.17,Cellular basket 30calls+100sms (2010-2017),5.632499999999999,0.38526409232134934
UZB,Uzbekistan,2011,18.6,1880.0,,99.7,89.78317261,51.33955002,False,False,88.26845226,0.5126426646,28823196.0,28.823,Negara lain,Lower-Middle Income,2.0,World Average,,,,
VUT,Vanuatu,2011,9.199999809,2790.0,,42.0,,24.7861634,False,False,56.2507701,0.1384131365,243474.0,0.243,Negara lain,Lower-Middle Income,2.0,World Average,10.71,Cellular basket 30calls+100sms (2010-2017),5.632499999999999,1.9014647137150469
VEN,Venezuela,2011,40.22,11850.0,,98.8,81.67828369,88.80792789,False,False,98.61843388,6.221088954,29185212.0,29.185,Negara lain,Upper-Middle Income,3.0,World Average,2.51,Cellular basket 30calls+100sms (2010-2017),5.632499999999999,0.4456280514869064
VNM,Viet Nam,2011,35.07,1630.0,,99.0,,30.69960417,False,True,143.9137237,4.338509266,88468314.0,88.468,ASEAN lain,Lower-Middle Income,2.0,World Average,4.12,Cellular basket 30calls+100sms (2010-2017),5.632499999999999,0.7314691522414559
VIR,Virgin Islands (U.S.),2011,35.6,,,100.0,,94.65535789,False,False,,,,,,,,,,,,
YEM,Yemen,2011,14.90499973,930.0,,62.0,40.66952896,30.92373895,False,False,42.3015755,0.3951724143,27582897.0,27.583,Negara lain,Low Income,1.0,World Average,12.52,Cellular basket 30calls+100sms (2010-2017),5.632499999999999,2.222814025743453
ZMB,Zambia,2011,3.5,1380.0,,28.3,,40.36844918,False,False,56.54985706,0.1136946387,14437796.0,14.438,Negara lain,Lower-Middle Income,2.0,World Average,16.3,Cellular basket 30calls+100sms (2010-2017),5.632499999999999,2.8939192188193523
ZWE,Zimbabwe,2011,8.399999619,960.0,,36.9,,32.75672958,False,False,67.66982773,0.250084146,13595424.0,13.595,Negara lain,Low Income,1.0,World Average,,,,
AFG,Afghanistan,2012,5.454500198,640.0,,69.1,54.37285995,23.34343913,False,False,50.19665554,0.004908371502,30560034.0,30.56,Negara lain,Low Income,1.0,World Average,,,,
ALB,Albania,2012,49.40000153,4430.0,,99.9,97.60861206,53.86375537,False,False,120.2747488,5.50129828,2860708.0,2.861,Negara lain,Lower-Middle Income,2.0,World Average,6.63,Cellular basket 30calls+100sms (2010-2017),4.950571428571429,1.339239337450222
DZA,Algeria,2012,18.20000076,5630.0,,98.8,,68.34212586,False,False,99.68532519,3.06737212,37646166.0,37.646,Negara lain,Upper-Middle Income,3.0,World Average,3.18,Cellular basket 30calls+100sms (2010-2017),4.950571428571429,0.6423500894557627
ASM,American Samoa,2012,,,,,,85.71611743,False,False,,,,,,,,,,,,
AND,Andorra,2012,82.69999695,,,100.0,86.87036133,88.62909671,False,False,,,,,,,,,,,,
AGO,Angola,2012,7.699999809,4750.0,,37.3,,61.51142239,False,False,50.78011251,0.08146990908,25177394.0,25.177,Negara lain,Upper-Middle Income,3.0,World Average,5.22,Cellular basket 30calls+100sms (2010-2017),4.950571428571429,1.0544237317481386
ATG,Antigua and Barbuda,2012,58.0,14530.0,,100.0,117.228363,25.45556186,False,False,145.9786844,14.97822599,87260.0,0.087,Negara lain,High Income,4.0,World Average,,,,
ARG,Argentina,2012,55.79999924,11770.0,,99.1,102.7099915,91.20412172,False,False,152.5735797,12.21151053,42161721.0,42.162,Negara lain,Upper-Middle Income,3.0,World Average,,,,
ARM,Armenia,2012,37.5,3700.0,,99.5,,64.32683795,False,False,113.6973538,7.255807301,3024100.0,3.024,Negara lain,Lower-Middle Income,2.0,World Average,2.65,Cellular basket 30calls+100sms (2010-2017),4.950571428571429,0.5352917412131355
ABW,Aruba,2012,74.0,23970.0,,100.0,108.9761887,63.82520852,False,False,132.6611833,,104110.0,0.104,Negara lain,High Income,4.0,World Average,,,,
AUS,Australia,2012,79.0,60500.0,,100.0,,86.44512591,False,False,106.4997118,25.09556443,22733465.0,22.733,Negara lain,High Income,4.0,World Average,0.41,Cellular basket 30calls+100sms (2010-2017),4.950571428571429,0.0828187222254285
AUT,Austria,2012,80.02999392,49760.0,,100.0,100.1087265,67.20859098,False,False,161.1556334,25.26447824,8429991.0,8.43,Negara lain,High Income,4.0,World Average,0.32,Cellular basket 30calls+100sms (2010-2017),4.950571428571429,0.06463900271252958
AZE,Azerbaijan,2012,54.20000076,6440.0,,100.0,82.76227492,53.80764423,False,False,107.9885297,14.60716255,9295784.0,9.296,Negara lain,Upper-Middle Income,3.0,World Average,2.0,Cellular basket 30calls+100sms (2010-2017),4.950571428571429,0.4039937669533098
BHS,Bahamas,2012,71.74819946,27910.0,,100.0,92.18076285,82.39474853,False,False,79.90007164,20.75537528,375469.0,0.375,Negara lain,High Income,4.0,World Average,,,,
BHR,Bahrain,2012,88.0,24670.0,,100.0,98.47329148,100.0,False,False,174.6195644,24.28564264,1208964.0,1.209,Negara lain,High Income,4.0,World Average,0.91,Cellular basket 30calls+100sms (2010-2017),4.950571428571429,0.18381716396375597
BGD,Bangladesh,2012,5.0,950.0,,65.5,51.6718483,28.47879729,False,False,62.66843149,0.3872190681,155070101.0,155.07,Negara lain,Low Income,1.0,World Average,1.86,Cellular basket 30calls+100sms (2010-2017),4.950571428571429,0.3757142032665782
BRB,Barbados,2012,71.19999695,19080.0,,100.0,,59.23721511,False,False,126.1278698,24.15125407,276938.0,0.277,Negara lain,High Income,4.0,World Average,1.96,Cellular basket 30calls+100sms (2010-2017),4.950571428571429,0.3959138916142436
BLR,Belarus,2012,46.91,6630.0,,95.6,107.6577864,75.52810669,False,False,112.8224163,26.7549579,9446836.0,9.447,Negara lain,Upper-Middle Income,3.0,World Average,0.94,Cellular basket 30calls+100sms (2010-2017),4.950571428571429,0.1898770704680556
BEL,Belgium,2012,80.71999055,47170.0,,100.0,160.1105347,85.49154038,False,False,110.8562237,33.23882977,11106932.0,11.107,Negara lain,High Income,4.0,World Average,0.94,Cellular basket 30calls+100sms (2010-2017),4.950571428571429,0.1898770704680556
BLZ,Belize,2012,31.0,5330.0,,90.9,78.80953972,44.6903068,False,False,51.55974331,2.982231605,334414.0,0.334,Negara lain,Upper-Middle Income,3.0,World Average,8.5,Cellular basket 30calls+100sms (2010-2017),4.950571428571429,1.7169735095515668
BEN,Benin,2012,4.5,1050.0,,38.4,,44.04750658,False,False,80.86289055,0.4016385615,10397657.0,10.398,Negara lain,Low Income,1.0,World Average,21.32,Cellular basket 30calls+100sms (2010-2017),4.950571428571429,4.306573555722283
BMU,Bermuda,2012,91.29930452,101910.0,,100.0,86.2392807,100.0,False,False,142.978349,,63646.0,0.064,Negara lain,High Income,4.0,World Average,,,,
BTN,Bhutan,2012,15.60000038,2620.0,,91.5,72.13021851,35.01886442,False,False,78.19690804,2.337444704,717279.0,0.717,Negara lain,Lower-Middle Income,2.0,World Average,1.59,Cellular basket 30calls+100sms (2010-2017),4.950571428571429,0.32117504472788133
BOL,Bolivia,2012,35.34,2220.0,,90.4,87.01085122,67.25814448,False,False,90.27559178,1.109833986,10515807.0,10.516,Negara lain,Lower-Middle Income,2.0,World Average,6.18,Cellular basket 30calls+100sms (2010-2017),4.950571428571429,1.2483407398857274
BIH,Bosnia and Herzegovina,2012,45.0644989,4900.0,,99.7,90.78530884,46.3655656,False,False,91.483314,12.78971519,3670113.0,3.67,Negara lain,Upper-Middle Income,3.0,World Average,3.71,Cellular basket 30calls+100sms (2010-2017),4.950571428571429,0.7494084376983897
BWA,Botswana,2012,16.0,6680.0,,56.0,,64.39932478,False,False,146.1491584,1.054530055,2108617.0,2.109,Negara lain,Upper-Middle Income,3.0,World Average,1.81,Cellular basket 30calls+100sms (2010-2017),4.950571428571429,0.3656143590927454
BRA,Brazil,2012,48.56,12460.0,,99.5,94.58294678,84.89738742,False,False,126.1319628,9.711511418,196876111.0,196.876,Negara lain,Upper-Middle Income,3.0,World Average,5.32,Cellular basket 30calls+100sms (2010-2017),4.950571428571429,1.0746234200958042
VGB,British Virgin Islands,2012,37.6,,,98.9,97.99498747,47.53524965,False,False,,,,,,,,,,,,
BRN,Brunei Darussalam,2012,60.27310181,41690.0,,100.0,105.2297592,75.27142335,False,True,115.8258888,4.894256541,405557.0,0.406,ASEAN lain,High Income,4.0,World Average,0.77,Cellular basket 30calls+100sms (2010-2017),4.950571428571429,0.1555376002770243
BGR,Bulgaria,2012,51.89998767,7400.0,,94.7,95.39035034,72.76848602,False,False,147.3378621,18.20067585,7305888.0,7.306,Negara lain,Upper-Middle Income,3.0,World Average,5.46,Cellular basket 30calls+100sms (2010-2017),4.950571428571429,1.1029029837825357
BFA,Burkina Faso,2012,3.724999905,710.0,,15.1,25.2399681,24.80019121,False,False,58.09421308,0.08343676064,17172287.0,17.172,Negara lain,Low Income,1.0,World Average,19.64,Cellular basket 30calls+100sms (2010-2017),4.950571428571429,3.9672187914815025
BDI,Burundi,2012,1.220000029,230.0,,6.5,29.57328987,12.22445968,False,False,22.31277681,0.006970490004,10071028.0,10.071,Negara lain,Low Income,1.0,World Average,,,,
CPV,Cabo Verde,2012,34.74,3730.0,,83.2,89.96340826,63.72604545,False,False,83.07566095,3.877879892,511955.0,0.512,Negara lain,Lower-Middle Income,2.0,World Average,10.33,Cellular basket 30calls+100sms (2010-2017),4.950571428571429,2.086627806313845
KHM,Cambodia,2012,4.94,1110.0,,42.3,,23.94110476,False,True,127.8354389,0.1989550411,14945085.0,14.945,ASEAN lain,Low Income,1.0,World Average,10.27,Cellular basket 30calls+100sms (2010-2017),4.950571428571429,2.0745079933052457
CMR,Cameroon,2012,7.5,1470.0,,55.2,53.10208872,51.588712,False,False,62.99065202,0.06653682551,20809529.0,20.81,Negara lain,Lower-Middle Income,2.0,World Average,,,,
CAN,Canada,2012,83.0,51080.0,,100.0,110.8738327,81.15134832,False,False,79.37572425,33.47385967,34713395.0,34.713,Negara lain,High Income,4.0,World Average,0.97,Cellular basket 30calls+100sms (2010-2017),4.950571428571429,0.19593697697235526
CYM,Cayman Islands,2012,69.7,51150.0,,100.0,89.14686825,100.0,False,False,172.9802576,33.82280874,57136.0,0.057,Negara lain,High Income,4.0,World Average,,,,
CAF,Central African Rep.,2012,2.400000095,540.0,,11.0,15.61975956,39.0301696,False,False,24.79183872,0.01312123063,4610848.0,4.611,Negara lain,Low Income,1.0,World Average,,,,
TCD,Chad,2012,2.099999905,1310.0,,7.8,22.10879034,22.10619041,False,False,33.32285721,0.1472560968,13210998.0,13.211,Negara lain,Lower-Middle Income,2.0,World Average,,,,
CHI,Channel Islands,2012,,,,100.0,,32.44143346,False,False,,,,,,,,,,,,
CHL,Chile,2012,55.04999924,14170.0,,100.0,89.50314331,87.08249437,False,False,136.6562611,12.36551907,17519119.0,17.519,Negara lain,High Income,4.0,World Average,1.9,Cellular basket 30calls+100sms (2010-2017),4.950571428571429,0.3837940786056443
CHN,China,2012,42.30009842,6010.0,,99.9,92.2603063,53.10031128,False,False,81.20759816,12.79155394,1354190000.0,1354.19,Negara lain,Upper-Middle Income,3.0,World Average,0.49,Cellular basket 30calls+100sms (2010-2017),4.950571428571429,0.0989784729035609
COL,Colombia,2012,48.98,7340.0,,97.0,97.2326889,76.9422112,False,False,107.3290816,8.615524914,45715810.0,45.716,Negara lain,Upper-Middle Income,3.0,World Average,3.98,Cellular basket 30calls+100sms (2010-2017),4.950571428571429,0.8039475962370866
COM,Comoros,2012,5.975299835,1510.0,,69.3,,29.39795069,False,False,41.59309303,0.1808899256,681630.0,0.682,Negara lain,Lower-Middle Income,2.0,World Average,,,,
COG,Congo (Rep. of the),2012,6.106699944,3330.0,,41.6,50.52032089,62.71871691,False,False,90.35289899,0.02936430086,4740450.0,4.74,Negara lain,Lower-Middle Income,2.0,World Average,,,,
COD,"Congo, Dem. Rep.",2012,1.679999948,370.0,,15.4,38.80123138,40.17703856,False,False,27.42854792,,73254618.0,73.255,Negara lain,Low Income,1.0,World Average,,,,
CRI,Costa Rica,2012,47.5,9330.0,,99.5,103.2673035,73.38950207,False,False,115.3121378,9.618360809,4663934.0,4.664,Negara lain,Upper-Middle Income,3.0,World Average,0.51,Cellular basket 30calls+100sms (2010-2017),4.950571428571429,0.10301841057309401
CIV,Cote d'Ivoire,2012,4.400000095,1140.0,,55.8,,48.12425076,False,False,77.12733558,0.1967309266,23467078.0,23.467,Negara lain,Lower-Middle Income,2.0,World Average,16.66,Cellular basket 30calls+100sms (2010-2017),4.950571428571429,3.365268078721071
HRV,Croatia,2012,61.93997315,13540.0,,100.0,99.34638977,55.30428886,False,False,116.719313,21.58185177,4260368.0,4.26,Negara lain,Upper-Middle Income,3.0,World Average,1.44,Cellular basket 30calls+100sms (2010-2017),4.950571428571429,0.2908755122063831
CUB,Cuba,2012,21.20000076,6090.0,,98.3,90.92685663,76.77769201,False,False,14.87763394,0.04435037058,11303175.0,11.303,Negara lain,Upper-Middle Income,3.0,World Average,4.94,Cellular basket 30calls+100sms (2010-2017),4.950571428571429,0.9978646043746754
CUW,Curacao,2012,,19330.0,,100.0,,91.27913006,False,False,,,,,,,,,,,,
CYP,Cyprus,2012,60.6898684,29760.0,,100.0,95.29985046,67.30102891,False,False,128.7443504,25.56263762,1165397.0,1.165,Negara lain,High Income,4.0,World Average,0.35,Cellular basket 30calls+100sms (2010-2017),4.950571428571429,0.07069890921682921
CZE,Czech Republic,2012,73.43000782,19650.0,,100.0,99.77496338,73.22492396,False,False,128.6901008,25.28690672,10510785.0,10.511,Negara lain,High Income,4.0,World Average,1.56,Cellular basket 30calls+100sms (2010-2017),4.950571428571429,0.31511513822358167
DNK,Denmark,2012,92.26001172,61570.0,,100.0,124.5771866,87.23361969,False,False,130.4160273,38.97670513,5591572.0,5.592,Negara lain,High Income,4.0,World Average,0.19,Cellular basket 30calls+100sms (2010-2017),4.950571428571429,0.038379407860564436
DJI,Djibouti,2012,9.399999619,,,54.6,,70.72663113,False,False,,,,,,,,,,,,
DMA,Dominica,2012,49.79999924,7530.0,,93.5,102.7834008,68.75460934,False,False,158.1353627,12.29780954,69118.0,0.069,Negara lain,Upper-Middle Income,3.0,World Average,2.71,Cellular basket 30calls+100sms (2010-2017),4.950571428571429,0.5474115542217348
DOM,Dominican Rep.,2012,42.32,5700.0,,97.9,77.98610639,74.239868,False,False,88.71729267,4.802435571,10070411.0,10.07,Negara lain,Upper-Middle Income,3.0,World Average,3.12,Cellular basket 30calls+100sms (2010-2017),4.950571428571429,0.6302302764471633
ECU,Ecuador,2012,35.13514645,5320.0,,97.2,98.55480194,62.84087328,False,False,105.6802914,5.418016241,15572194.0,15.572,Negara lain,Upper-Middle Income,3.0,World Average,,,,
EGY,Egypt,2012,26.4,2630.0,,99.7,73.01824951,42.81185141,False,False,103.9048528,2.456793052,93161001.0,93.161,Negara lain,Lower-Middle Income,2.0,World Average,2.47,Cellular basket 30calls+100sms (2010-2017),4.950571428571429,0.4989323021873377
SLV,El Salvador,2012,20.32138772,3280.0,,93.7,70.83097815,67.2232667,False,False,141.4627963,3.959780666,6113975.0,6.114,Negara lain,Lower-Middle Income,2.0,World Average,4.91,Cellular basket 30calls+100sms (2010-2017),4.950571428571429,0.9918046978703756
GNQ,Equatorial Guinea,2012,13.94320011,11430.0,,65.7,,59.01069407,False,False,38.73858412,0.1144197488,1293483.0,1.293,Negara lain,Upper-Middle Income,3.0,World Average,,,,
ERI,Eritrea,2012,0.800000012,,,42.3,52.70793152,35.68242645,False,False,,,,,,,,,,,,
EST,Estonia,2012,78.38992593,16910.0,,100.0,112.5360031,67.96295933,False,False,151.196568,26.42543263,1322696.0,1.323,Negara lain,High Income,4.0,World Average,1.65,Cellular basket 30calls+100sms (2010-2017),4.950571428571429,0.3332948577364806
SWZ,Eswatini,2012,20.78179932,4010.0,,54.3,69.20192719,22.62377159,False,False,71.62794753,0.3051083629,1123863.0,1.124,Negara lain,Lower-Middle Income,2.0,World Average,7.7,Cellular basket 30calls+100sms (2010-2017),4.950571428571429,1.5553760027702428
ETH,Ethiopia,2012,2.900000095,400.0,,29.0,36.21934891,18.2061367,False,False,21.42395945,0.008909300471,95798767.0,95.799,Negara lain,Low Income,1.0,World Average,10.33,Cellular basket 30calls+100sms (2010-2017),4.950571428571429,2.086627806313845
FRO,Faroe Islands,2012,85.33518924,56500.0,,100.0,,37.32449722,False,False,122.1060074,33.9439812,48290.0,0.048,Negara lain,High Income,4.0,World Average,,,,
FJI,Fiji,2012,33.74240112,3910.0,,92.6,82.1471405,53.03832113,False,False,93.86731926,1.477290861,914918.0,0.915,Negara lain,Lower-Middle Income,2.0,World Average,6.31,Cellular basket 30calls+100sms (2010-2017),4.950571428571429,1.2746003347376924
FIN,Finland,2012,89.87999797,48820.0,,100.0,109.962677,70.36613632,False,False,172.1472095,30.43237579,5413971.0,5.414,Negara lain,High Income,4.0,World Average,0.32,Cellular basket 30calls+100sms (2010-2017),4.950571428571429,0.06463900271252958
FRA,France,2012,81.44,43500.0,,100.0,105.8135834,77.16694649,False,False,97.19246317,37.43455295,65657659.0,65.658,Negara lain,High Income,4.0,World Average,1.08,Cellular basket 30calls+100sms (2010-2017),4.950571428571429,0.2181566341547873
PYF,French Polynesia,2012,52.87663059,24050.0,,100.0,,61.52865396,False,False,83.34468515,14.72074527,273084.0,0.273,Negara lain,High Income,4.0,World Average,,,,
GAB,Gabon,2012,24.0,8610.0,,89.3,,86.88386358,False,False,138.4884527,0.2707255282,1846889.0,1.847,Negara lain,Upper-Middle Income,3.0,World Average,,,,
GMB,Gambia,2012,12.44919968,710.0,,49.9,,57.32073042,False,False,74.69998933,0.02447268701,2043094.0,2.043,Negara lain,Low Income,1.0,World Average,,,,
GEO,Georgia,2012,36.93999863,4250.0,,100.0,,56.16835268,False,False,122.384148,12.06113344,3728874.0,3.729,Negara lain,Lower-Middle Income,2.0,World Average,2.24,Cellular basket 30calls+100sms (2010-2017),4.950571428571429,0.45247301898770703
DEU,Germany,2012,82.34999847,47480.0,,100.0,104.4422379,80.39344752,False,False,114.1919455,34.55010783,80425823.0,80.426,Negara lain,High Income,4.0,World Average,0.45,Cellular basket 30calls+100sms (2010-2017),4.950571428571429,0.09089859756449471
GHA,Ghana,2012,10.6,1490.0,,56.5,56.73260178,51.91979184,False,False,95.8261771,0.2548489452,26734268.0,26.734,Negara lain,Lower-Middle Income,2.0,World Average,4.24,Cellular basket 30calls+100sms (2010-2017),4.950571428571429,0.8564667859410169
GIB,Gibraltar,2012,65.017,,,99.9,,100.0,False,False,,,,,,,,,,,,
GRC,Greece,2012,55.06999344,22750.0,,100.0,106.2905502,76.86797974,False,False,120.9261372,24.34246433,11045011.0,11.045,Negara lain,High Income,4.0,World Average,2.03,Cellular basket 30calls+100sms (2010-2017),4.950571428571429,0.41005367345760946
GRL,Greenland,2012,64.8960101,,,100.0,,84.88645935,False,False,,,,,,,,,,,,
GRD,Grenada,2012,32.0,6700.0,,90.2,,35.86527558,False,False,115.1957437,14.18754157,112775.0,0.113,Negara lain,Upper-Middle Income,3.0,World Average,2.46,Cellular basket 30calls+100sms (2010-2017),4.950571428571429,0.49691233335257107
GUM,Guam,2012,61.53415931,,,100.0,,94.07772767,False,False,,,,,,,,,,,,
GTM,Guatemala,2012,16.0,3090.0,,86.8,53.11784933,52.35233852,False,False,137.7572318,1.857578246,15089647.0,15.09,Negara lain,Lower-Middle Income,2.0,World Average,7.55,Cellular basket 30calls+100sms (2010-2017),4.950571428571429,1.5250764702487445
GIN,Guinea,2012,3.099999905,680.0,,26.2,36.87668991,34.33139369,False,False,51.13453812,0.006409328466,10921581.0,10.922,Negara lain,Low Income,1.0,World Average,,,,
GNB,Guinea-Bissau,2012,2.894000053,630.0,,14.9,,40.86860275,False,False,63.53289327,0.07284653119,1651417.0,1.651,Negara lain,Low Income,1.0,World Average,,,,
GUY,Guyana,2012,30.5,5350.0,,85.1,102.622467,26.39999962,False,False,73.302398,4.01734987,746288.0,0.746,Negara lain,Upper-Middle Income,3.0,World Average,3.12,Cellular basket 30calls+100sms (2010-2017),4.950571428571429,0.6302302764471633
HTI,Haiti,2012,9.800000191,1320.0,,37.9,,47.43148435,False,False,60.52716591,0.0,10069771.0,10.07,Negara lain,Lower-Middle Income,2.0,World Average,,,,
HND,Honduras,2012,18.12,1950.0,,83.6,64.53279114,52.66415571,False,False,84.56649145,0.7031149241,8715076.0,8.715,Negara lain,Lower-Middle Income,2.0,World Average,8.61,Cellular basket 30calls+100sms (2010-2017),4.950571428571429,1.7391931667339986
HKG,"Hong Kong SAR, China",2012,72.9,36340.0,,100.0,108.2574478,100.0,False,False,227.5711315,31.31537144,7150100.0,7.15,Negara lain,High Income,4.0,World Average,0.19,Cellular basket 30calls+100sms (2010-2017),4.950571428571429,0.038379407860564436
HUN,Hungary,2012,70.57999815,13080.0,,100.0,101.2340469,69.57723267,False,False,116.7678251,24.16180387,9920362.0,9.92,Negara lain,Upper-Middle Income,3.0,World Average,2.33,Cellular basket 30calls+100sms (2010-2017),4.950571428571429,0.47065273850060596
ISL,Iceland,2012,96.20979955,43190.0,,100.0,113.5176697,93.51489258,False,False,109.7471957,35.35084356,320716.0,0.321,Negara lain,High Income,4.0,World Average,0.6,Cellular basket 30calls+100sms (2010-2017),4.950571428571429,0.12119813008599294
IND,India,2012,11.10000038,1460.0,,79.9,69.80895996,31.58989356,False,False,67.62635179,1.171696001,1278674502.0,1278.675,Negara lain,Lower-Middle Income,2.0,World Average,2.37,Cellular basket 30calls+100sms (2010-2017),4.950571428571429,0.47873261383967214
IDN,Indonesia,2012,14.52,3520.0,,96.0,80.09268188,51.15939331,True,True,111.581049,1.180458018,252698525.0,252.699,Indonesia,Lower-Middle Income,2.0,Indonesia,2.6,Cellular basket 30calls+100sms (2010-2017),4.950571428571429,0.5251918970393028
IRN,Iran (Islamic Republic of),2012,22.73,7310.0,,99.5,82.70593262,71.7633634,False,False,73.27342071,4.792319774,79370580.0,79.371,Negara lain,Upper-Middle Income,3.0,World Average,,,,
IRQ,Iraq,2012,7.099999905,5980.0,,99.3,,69.22222137,False,False,79.50119035,,33654842.0,33.655,Negara lain,Upper-Middle Income,3.0,World Average,,,,
IRL,Ireland,2012,76.91999254,41070.0,,100.0,117.7521896,62.25293185,False,False,108.989829,24.17500193,4599533.0,4.6,Negara lain,High Income,4.0,World Average,1.23,Cellular basket 30calls+100sms (2010-2017),4.950571428571429,0.24845616667628553
IMN,Isle of Man,2012,,82400.0,,100.0,,52.05553173,False,False,,,,,,,,,,,,
ISR,Israel,2012,70.8,33500.0,,100.0,98.07214355,91.72765028,False,False,121.2574496,25.46077831,7910500.0,7.91,Negara lain,High Income,4.0,World Average,,,,
ITA,Italy,2012,55.82999799,35970.0,,100.0,100.4498367,68.76087942,False,False,160.5587172,22.7375145,60191247.0,60.191,Negara lain,High Income,4.0,World Average,0.97,Cellular basket 30calls+100sms (2010-2017),4.950571428571429,0.19593697697235526
JAM,Jamaica,2012,33.79,5100.0,,93.1,,54.24788177,False,False,97.9262957,4.438200423,2772430.0,2.772,Negara lain,Upper-Middle Income,3.0,World Average,2.35,Cellular basket 30calls+100sms (2010-2017),4.950571428571429,0.47469267617013905
JPN,Japan,2012,79.4964,50540.0,,100.0,,91.02652773,False,False,110.3190588,28.24426592,127629000.0,127.629,Negara lain,High Income,4.0,World Average,1.69,Cellular basket 30calls+100sms (2010-2017),4.950571428571429,0.3413747330755468
JOR,Jordan,2012,37.0,4400.0,,99.5,87.23175812,84.95926296,False,False,118.4144143,3.957940865,7587127.0,7.587,Negara lain,Lower-Middle Income,2.0,World Average,2.0,Cellular basket 30calls+100sms (2010-2017),4.950571428571429,0.4039937669533098
KAZ,Kazakhstan,2012,61.90662747,9640.0,,100.0,99.01801874,54.69208193,False,False,174.7094349,9.460822671,17306106.0,17.306,Negara lain,Upper-Middle Income,3.0,World Average,,,,
KEN,Kenya,2012,10.5,1060.0,,38.1,,31.85581301,False,False,70.02265273,0.1238325392,43888303.0,43.888,Negara lain,Low Income,1.0,World Average,4.35,Cellular basket 30calls+100sms (2010-2017),4.950571428571429,0.8786864431234488
KIR,Kiribati,2012,10.74680042,2630.0,,76.7,,49.58007867,False,False,16.0307791,0.7124790709,112284.0,0.112,Negara lain,Lower-Middle Income,2.0,World Average,,,,
KOR,Korea (Rep. of),2012,84.07,26780.0,,100.0,97.36741638,81.90878982,False,False,108.1146818,36.80003211,50199853.0,50.2,Negara lain,High Income,4.0,World Average,0.88,Cellular basket 30calls+100sms (2010-2017),4.950571428571429,0.17775725745945634
PRK,"Korea, Dem. People's Rep.",2012,,,,33.6,,60.67811408,False,False,,,,,,,,,,,,
XKX,Kosovo,2012,,3540.0,,,,38.22969592,False,False,,,,,,,,,,,,
KWT,Kuwait,2012,70.44999695,50830.0,,100.0,98.69523121,100.0,False,False,152.83074,1.408440153,3337109.0,3.337,Negara lain,High Income,4.0,World Average,,,,
KGZ,Kyrgyz Republic,2012,19.79999924,1030.0,,99.8,87.28706629,35.21891622,False,False,119.3334385,0.9587258464,5652076.0,5.652,Negara lain,Low Income,1.0,World Average,,,,
LAO,Lao P.D.R.,2012,10.74769974,1350.0,,76.4,49.03501892,31.7422801,False,True,65.96125957,0.1162452151,6518978.0,6.519,ASEAN lain,Lower-Middle Income,2.0,World Average,6.65,Cellular basket 30calls+100sms (2010-2017),4.950571428571429,1.3432792751197553
LVA,Latvia,2012,73.11994377,13430.0,,100.0,106.3448029,67.83316389,False,False,129.3045478,23.40181251,2034319.0,2.034,Negara lain,Upper-Middle Income,3.0,World Average,1.04,Cellular basket 30calls+100sms (2010-2017),4.950571428571429,0.2100767588157211
LBN,Lebanon,2012,61.24980164,8000.0,,99.5,72.21227746,88.01950668,False,False,71.72181135,9.094890466,5235742.0,5.236,Negara lain,Upper-Middle Income,3.0,World Average,2.56,Cellular basket 30calls+100sms (2010-2017),4.950571428571429,0.5171120217002366
LSO,Lesotho,2012,10.0,1490.0,,20.6,59.07720184,29.89703401,False,False,75.93639062,0.08041864887,2034354.0,2.034,Negara lain,Lower-Middle Income,2.0,World Average,14.16,Cellular basket 30calls+100sms (2010-2017),4.950571428571429,2.8602758700294335
LBR,Liberia,2012,2.599999905,540.0,,9.3,,49.17732476,False,False,54.42205805,0.0119825028,4373043.0,4.373,Negara lain,Low Income,1.0,World Average,,,,
LBY,Libya,2012,15.19999981,13310.0,,78.7,,88.07279205,False,False,155.1463201,1.089115192,6179328.0,6.179,Negara lain,Upper-Middle Income,3.0,World Average,,,,
LIE,Liechtenstein,2012,89.40769958,,,100.0,110.3738632,14.41245454,False,False,,,,,,,,,,,,
LTU,Lithuania,2012,67.22998933,14040.0,,100.0,106.1735077,66.85367584,False,False,167.2260651,25.72879358,2989139.0,2.989,Negara lain,High Income,4.0,World Average,0.86,Cellular basket 30calls+100sms (2010-2017),4.950571428571429,0.17371731978992322
LUX,Luxembourg,2012,91.94992374,87950.0,,100.0,100.60952,89.4405768,False,False,143.3879464,31.96175889,530946.0,0.531,Negara lain,High Income,4.0,World Average,0.44,Cellular basket 30calls+100sms (2010-2017),4.950571428571429,0.08887862872972817
MAC,"Macao SAR, China",2012,61.31,60370.0,,100.0,97.42834547,100.0,False,False,274.6562237,24.61434753,567900.0,0.568,Negara lain,High Income,4.0,World Average,0.11,Cellular basket 30calls+100sms (2010-2017),4.950571428571429,0.022219657182432042
MDG,Madagascar,2012,2.299999952,470.0,,18.7,35.39201511,28.39880329,False,False,37.41554906,0.1324542658,23462438.0,23.462,Negara lain,Low Income,1.0,World Average,45.45,Cellular basket 30calls+100sms (2010-2017),4.950571428571429,9.180758354013966
MWI,Malawi,2012,4.350599766,650.0,,7.4,34.8210141,15.6253133,False,False,29.58000715,0.007880543187,15709577.0,15.71,Negara lain,Low Income,1.0,World Average,,,,
MYS,Malaysia,2012,65.8,9980.0,,99.8,81.23719788,71.96801279,False,True,139.3147539,9.847003477,29662831.0,29.663,ASEAN lain,Upper-Middle Income,3.0,World Average,0.89,Cellular basket 30calls+100sms (2010-2017),4.950571428571429,0.17977722629422288
MDV,Maldives,2012,38.93009949,6810.0,,99.2,71.97600426,37.47596343,False,False,144.912336,4.66860384,386818.0,0.387,Negara lain,Upper-Middle Income,3.0,World Average,1.27,Cellular basket 30calls+100sms (2010-2017),4.950571428571429,0.25653604201535174
MLI,Mali,2012,2.799999952,830.0,,25.6,,24.16061688,False,False,86.17565939,0.02547615494,16957033.0,16.957,Negara lain,Low Income,1.0,World Average,26.07,Cellular basket 30calls+100sms (2010-2017),4.950571428571429,5.266058752236393
MLT,Malta,2012,68.19987429,22450.0,,100.0,95.51699829,94.36262565,False,False,124.7572144,31.82243308,420028.0,0.42,Negara lain,High Income,4.0,World Average,1.15,Cellular basket 30calls+100sms (2010-2017),4.950571428571429,0.23229641599815312
MHL,Marshall Islands,2012,12.5,3860.0,,90.4,,74.27051325,False,False,,,51419.0,0.051,Negara lain,Lower-Middle Income,2.0,World Average,,,,
MRT,Mauritania,2012,5.0,1800.0,,36.4,27.06389644,48.27324474,False,False,111.2307317,0.1850493806,3619034.0,3.619,Negara lain,Lower-Middle Income,2.0,World Average,15.99,Cellular basket 30calls+100sms (2010-2017),4.950571428571429,3.229930166791712
MUS,Mauritius,2012,35.42,9700.0,,99.4,92.10943897,40.03695116,False,False,115.2524493,10.92175586,1255882.0,1.256,Negara lain,Upper-Middle Income,3.0,World Average,0.83,Cellular basket 30calls+100sms (2010-2017),4.950571428571429,0.16765741328562356
MEX,Mexico,2012,39.75,10500.0,,99.1,90.69361877,76.65851991,False,False,86.22562332,11.19455282,116818208.0,116.818,Negara lain,Upper-Middle Income,3.0,World Average,2.72,Cellular basket 30calls+100sms (2010-2017),4.950571428571429,0.5494315230565014
FSM,Micronesia,2012,25.97439957,3030.0,,67.8,,22.29425688,False,False,28.93039207,,107890.0,0.108,Negara lain,Lower-Middle Income,2.0,World Average,5.06,Cellular basket 30calls+100sms (2010-2017),4.950571428571429,1.0221042303918737
MDA,Moldova,2012,34.65000153,3140.0,,99.5,88.19586867,39.36141968,False,False,102.9189755,12.01733979,2860324.0,2.86,Negara lain,Lower-Middle Income,2.0,World Average,7.16,Cellular basket 30calls+100sms (2010-2017),4.950571428571429,1.446297685692849
MCO,Monaco,2012,87.0,,,100.0,,100.0,False,False,,,,,,,,,,,,
MNG,Mongolia,2012,16.4,3630.0,,83.7,,67.95227825,False,False,120.7388483,3.940855509,2839705.0,2.84,Negara lain,Lower-Middle Income,2.0,World Average,,,,
MNE,Montenegro,2012,56.83878255,6980.0,,99.3,92.61306,64.52440087,False,False,156.4019636,13.85358462,621418.0,0.621,Negara lain,Upper-Middle Income,3.0,World Average,2.79,Cellular basket 30calls+100sms (2010-2017),4.950571428571429,0.5635713048998672
MAR,Morocco,2012,55.41605319,3230.0,,96.4,68.73587263,59.4348556,False,False,116.9721304,2.067264332,33355241.0,33.355,Negara lain,Lower-Middle Income,2.0,World Average,8.96,Cellular basket 30calls+100sms (2010-2017),4.950571428571429,1.8098920759508281
MOZ,Mozambique,2012,5.0,630.0,,21.2,25.64461651,31.43152517,False,False,36.17816466,0.1209556507,24337846.0,24.338,Negara lain,Low Income,1.0,World Average,30.78,Cellular basket 30calls+100sms (2010-2017),4.950571428571429,6.217464073411438
MMR,Myanmar,2012,1.399999976,1170.0,,55.3,,29.39562894,False,True,7.483563664,,49837446.0,49.837,ASEAN lain,Lower-Middle Income,2.0,World Average,,,,
NAM,Namibia,2012,12.94139957,5730.0,,46.4,74.24655746,43.38040792,False,False,97.82102327,1.095981417,2194654.0,2.195,Negara lain,Upper-Middle Income,3.0,World Average,3.04,Cellular basket 30calls+100sms (2010-2017),4.950571428571429,0.614070525769031
NRU,Naoero,2012,,9650.0,,99.4,83.11345673,100.0,False,False,,,,,,,,,,,,
NPL,Nepal,2012,11.14929962,750.0,,75.2,63.14147949,63.65584062,False,False,60.31840665,0.8375475283,27534915.0,27.535,Negara lain,Low Income,1.0,World Average,5.19,Cellular basket 30calls+100sms (2010-2017),4.950571428571429,1.048363825243839
NLD,Netherlands,2012,92.85999236,52070.0,,100.0,111.4482498,88.53424624,False,False,116.563842,39.33741463,16754962.0,16.755,Negara lain,High Income,4.0,World Average,0.93,Cellular basket 30calls+100sms (2010-2017),4.950571428571429,0.1878571016332891
NCL,New Caledonia,2012,58.0,,,100.0,,66.74170599,False,False,,,,,,,,,,,,
NZL,New Zealand,2012,81.64447018,36770.0,,100.0,116.8264771,85.77770068,False,False,111.5675766,28.83257973,4408100.0,4.408,Negara lain,High Income,4.0,World Average,1.77,Cellular basket 30calls+100sms (2010-2017),4.950571428571429,0.3575344837536792
NIC,Nicaragua,2012,13.5,1700.0,,81.3,,57.23168422,False,False,99.16011541,1.716778052,5901287.0,5.901,Negara lain,Lower-Middle Income,2.0,World Average,18.77,Cellular basket 30calls+100sms (2010-2017),4.950571428571429,3.7914815028568127
NER,Niger,2012,1.049999952,550.0,,14.4,14.80378672,16.2141284,False,False,30.24953679,0.0205698689,17836769.0,17.837,Negara lain,Low Income,1.0,World Average,,,,
NGA,Nigeria,2012,16.10000038,2360.0,,53.0,44.45579147,53.3021149,False,False,64.00532631,0.008103830506,176200625.0,176.201,Negara lain,Lower-Middle Income,2.0,World Average,4.68,Cellular basket 30calls+100sms (2010-2017),4.950571428571429,0.945345414670745
MKD,North Macedonia,2012,57.44994731,5090.0,,99.6,85.83001709,58.39242178,False,False,110.2684422,15.40342793,1929821.0,1.93,Negara lain,Upper-Middle Income,3.0,World Average,3.13,Cellular basket 30calls+100sms (2010-2017),4.950571428571429,0.6322502452819299
MNP,Northern Mariana Islands,2012,,,,100.0,,91.10119276,False,False,,,,,,,,,,,,
NOR,Norway,2012,94.64997805,99780.0,,100.0,112.1765366,79.49059254,False,False,115.5235732,37.017825,5018573.0,5.019,Negara lain,High Income,4.0,World Average,0.3,Cellular basket 30calls+100sms (2010-2017),4.950571428571429,0.06059906504299647
OMN,Oman,2012,60.0,21960.0,,100.0,110.7503506,76.08815662,False,False,150.8732775,3.239652959,3547106.0,3.547,Negara lain,High Income,4.0,World Average,0.42,Cellular basket 30calls+100sms (2010-2017),4.950571428571429,0.08483869106019507
PAK,Pakistan,2012,8.100000381,1110.0,,88.6,30.63002014,35.21602294,False,False,57.85761083,0.7304040059,207667125.0,207.667,Negara lain,Low Income,1.0,World Average,3.06,Cellular basket 30calls+100sms (2010-2017),4.950571428571429,0.618110463438564
PLW,Palau,2012,,11170.0,,97.6,,81.12856636,False,False,,,,,,,,,,,,
PAN,Panama,2012,40.30189522,9870.0,,89.3,,65.28294683,False,False,165.2870674,7.840354581,3759256.0,3.759,Negara lain,Upper-Middle Income,3.0,World Average,1.67,Cellular basket 30calls+100sms (2010-2017),4.950571428571429,0.3373347954060137
PNG,Papua New Guinea,2012,3.5,2150.0,,17.5,37.0596555,13.01437961,False,False,33.52146104,0.113841802,8081390.0,8.081,Negara lain,Lower-Middle Income,2.0,World Average,22.33,Cellular basket 30calls+100sms (2010-2017),4.950571428571429,4.510590408033704
PRY,Paraguay,2012,29.34,5160.0,,97.8,82.80020905,59.92129095,False,False,115.2059316,2.308831869,5897008.0,5.897,Negara lain,Upper-Middle Income,3.0,World Average,3.04,Cellular basket 30calls+100sms (2010-2017),4.950571428571429,0.614070525769031
PER,Peru,2012,38.2,5780.0,,91.1,96.43811035,78.64880615,False,False,99.45080545,4.882457293,29550366.0,29.55,Negara lain,Upper-Middle Income,3.0,World Average,2.82,Cellular basket 30calls+100sms (2010-2017),4.950571428571429,0.5696312114041668
PHL,Philippines,2012,30.79999924,2780.0,,87.1,,47.91827848,False,True,101.7996744,2.14283906,100175512.0,100.176,ASEAN lain,Lower-Middle Income,2.0,World Average,4.36,Cellular basket 30calls+100sms (2010-2017),4.950571428571429,0.8807064119582155
POL,Poland,2012,62.30999727,13170.0,,100.0,100.5648575,60.63416328,False,False,141.4097356,18.00799982,38063164.0,38.063,Negara lain,Upper-Middle Income,3.0,World Average,0.95,Cellular basket 30calls+100sms (2010-2017),4.950571428571429,0.19189703930282215
PRT,Portugal,2012,60.33999749,21220.0,,100.0,110.2533722,61.14097939,False,False,113.3586508,22.7408341,10514844.0,10.515,Negara lain,High Income,4.0,World Average,1.32,Cellular basket 30calls+100sms (2010-2017),4.950571428571429,0.2666358861891845
PRI,Puerto Rico,2012,68.9999826,18550.0,,100.0,86.54071808,93.76307444,False,False,83.635328,15.72020463,3661045.0,3.661,Negara lain,High Income,4.0,World Average,,,,
QAT,Qatar,2012,69.3,92750.0,,100.0,98.61398083,98.74280105,False,False,136.394883,9.707165318,1722438.0,1.722,Negara lain,High Income,4.0,World Average,0.28,Cellular basket 30calls+100sms (2010-2017),4.950571428571429,0.05655912737346338
ROU,Romania,2012,45.87999425,9260.0,,97.8,97.45037079,53.95630925,False,False,113.3023508,17.56751957,20058035.0,20.058,Negara lain,Upper-Middle Income,3.0,World Average,2.53,Cellular basket 30calls+100sms (2010-2017),4.950571428571429,0.5110521151959369
RUS,Russian Federation,2012,66.0,13470.0,,100.0,95.53848268,73.97265625,False,False,144.1981975,14.50076013,143378447.0,143.378,Negara lain,Upper-Middle Income,3.0,World Average,0.83,Cellular basket 30calls+100sms (2010-2017),4.950571428571429,0.16765741328562356
RWA,Rwanda,2012,8.023900032,680.0,,17.5,39.66276932,16.94102489,False,False,52.54665763,0.05076685373,10829901.0,10.83,Negara lain,Low Income,1.0,World Average,,,,
KNA,Saint Kitts and Nevis,2012,64.0,17010.0,,100.0,92.21691895,31.20351388,False,False,161.5886718,27.64016754,47033.0,0.047,Negara lain,High Income,4.0,World Average,,,,
LCA,Saint Lucia,2012,45.865,9000.0,,95.3,93.34812927,18.61930813,False,False,125.15427,14.23803647,172587.0,0.173,Negara lain,Upper-Middle Income,3.0,World Average,3.75,Cellular basket 30calls+100sms (2010-2017),4.950571428571429,0.7574883130374559
VCT,Saint Vincent and the Grenadines,2012,40.0,6720.0,,95.4,105.8518677,46.30631148,False,False,116.7892878,12.52207181,108736.0,0.109,Negara lain,Upper-Middle Income,3.0,World Average,4.65,Cellular basket 30calls+100sms (2010-2017),4.950571428571429,0.9392855081664454
WSM,Samoa,2012,12.92249966,3590.0,,96.8,82.3821349,19.47871837,False,False,51.04479435,0.5516595589,196498.0,0.196,Negara lain,Lower-Middle Income,2.0,World Average,5.79,Cellular basket 30calls+100sms (2010-2017),4.950571428571429,1.169561955329832
SMR,San Marino,2012,,,,100.0,64.13983154,97.09999847,False,False,,,,,,,,,,,,
STP,Sao Tome and Principe,2012,21.57239914,1170.0,,57.9,56.33864975,67.03358894,False,False,64.49147219,0.4106862895,189439.0,0.189,Negara lain,Lower-Middle Income,2.0,World Average,11.2,Cellular basket 30calls+100sms (2010-2017),4.950571428571429,2.2623650949385348
SAU,Saudi Arabia,2012,54.0,27610.0,,100.0,,82.4311918,False,False,195.8433686,9.386259031,26168861.0,26.169,Negara lain,High Income,4.0,World Average,0.69,Cellular basket 30calls+100sms (2010-2017),4.950571428571429,0.13937784959889188
SEN,Senegal,2012,10.80000019,1320.0,,56.5,46.41586771,44.53597725,False,False,86.17745621,0.7179372367,13310495.0,13.31,Negara lain,Lower-Middle Income,2.0,World Average,21.0,Cellular basket 30calls+100sms (2010-2017),4.950571428571429,4.241934553009753
SRB,Serbia,2012,48.09999847,6310.0,,99.8,94.1696167,59.34684372,False,False,127.1991843,14.81052489,7201497.0,7.201,Negara lain,Upper-Middle Income,3.0,World Average,2.83,Cellular basket 30calls+100sms (2010-2017),4.950571428571429,0.5716511802389335
SYC,Seychelles,2012,47.07600021,12540.0,,98.3,84.50092316,42.72617585,False,False,137.1065771,10.6255588,88303.0,0.088,Negara lain,Upper-Middle Income,3.0,World Average,1.42,Cellular basket 30calls+100sms (2010-2017),4.950571428571429,0.28683557453684994
SLE,Sierra Leone,2012,2.5,830.0,,17.2,44.55229187,39.46440949,False,False,33.73489562,,6551080.0,6.551,Negara lain,Low Income,1.0,World Average,,,,
SGP,Singapore,2012,72.0,51710.0,,100.0,,100.0,False,True,152.4103874,27.06797598,5312437.0,5.312,ASEAN lain,High Income,4.0,World Average,0.2,Cellular basket 30calls+100sms (2010-2017),4.950571428571429,0.04039937669533099
SXM,Sint Maarten (Dutch part),2012,,26910.0,,100.0,118.2936508,100.0,False,False,,,,,,,,,,,,
SVK,Slovak Republic,2012,76.70999012,17830.0,,100.0,95.049263,54.27645283,False,False,112.7587689,19.34347739,5407579.0,5.408,Negara lain,High Income,4.0,World Average,1.12,Cellular basket 30calls+100sms (2010-2017),4.950571428571429,0.22623650949385352
SVN,Slovenia,2012,68.34997453,23010.0,,100.0,98.11373138,49.76194763,False,False,109.1480582,24.80547367,2057159.0,2.057,Negara lain,High Income,4.0,World Average,1.2,Cellular basket 30calls+100sms (2010-2017),4.950571428571429,0.24239626017198587
SLB,Solomon Islands,2012,6.997399807,1820.0,,42.9,49.04985046,21.39069642,False,False,52.67500689,0.3716836993,573606.0,0.574,Negara lain,Lower-Middle Income,2.0,World Average,,,,
SOM,Somalia,2012,1.376700044,280.0,,51.8,,40.27227301,False,False,18.45735068,0.3209974031,12461160.0,12.461,Negara lain,Low Income,1.0,World Average,,,,
ZAF,South Africa,2012,41.0,8220.0,,85.2,92.16251373,62.96165603,False,False,127.1676006,2.05865964,53782567.0,53.783,Negara lain,Upper-Middle Income,3.0,World Average,4.53,Cellular basket 30calls+100sms (2010-2017),4.950571428571429,0.9150458821492468
SSD,South Sudan,2012,1.5,800.0,,3.3,,18.03218854,False,False,21.38293679,0.0001580477937,10756240.0,10.756,Negara lain,Low Income,1.0,World Average,,,,
ESP,Spain,2012,69.80999994,29710.0,,100.0,127.7867126,78.84556803,False,False,107.7560742,24.51074871,46773055.0,46.773,Negara lain,High Income,4.0,World Average,1.47,Cellular basket 30calls+100sms (2010-2017),4.950571428571429,0.29693541871068274
LKA,Sri Lanka,2012,9.00039959,3340.0,,87.0,94.67446899,18.26176867,False,False,91.32422757,1.672220422,21169458.0,21.169,Negara lain,Lower-Middle Income,2.0,World Average,0.39,Cellular basket 30calls+100sms (2010-2017),4.950571428571429,0.07877878455589542
MAF,St. Martin (French part),2012,,,,100.0,,100.0,False,False,,,,,,,,,,,,
PSE,State of Palestine,2012,43.4,3210.0,,99.8,88.0041467,84.54651359,False,False,74.36458455,4.421498475,3979998.0,3.98,Negara lain,Lower-Middle Income,2.0,World Average,,,,
SDN,Sudan,2012,,1120.0,,40.7,38.72726059,33.14255616,False,False,,,,,,,,,3.2,Cellular basket 30calls+100sms (2010-2017),4.950571428571429,0.6463900271252958
SUR,Suriname,2012,34.68119812,8220.0,,94.6,68.47634061,66.31325627,False,False,101.1439073,5.201970023,562633.0,0.563,Negara lain,Upper-Middle Income,3.0,World Average,1.89,Cellular basket 30calls+100sms (2010-2017),4.950571428571429,0.3817741097708778
SWE,Sweden,2012,93.17998801,58840.0,,100.0,103.1068726,85.62506689,False,False,124.4652049,32.28297911,9519374.0,9.519,Negara lain,High Income,4.0,World Average,0.4,Cellular basket 30calls+100sms (2010-2017),4.950571428571429,0.08079875339066198
CHE,Switzerland,2012,85.2,88060.0,,100.0,98.3727417,73.75226296,False,False,132.0311627,40.16002898,7996861.0,7.997,Negara lain,High Income,4.0,World Average,0.27,Cellular basket 30calls+100sms (2010-2017),4.950571428571429,0.05453915853869683
SYR,Syrian Arab Republic,2012,24.30010033,1980.0,,90.7,73.13697052,65.08966628,False,False,57.03047084,1.063956597,22759763.0,22.76,Negara lain,Lower-Middle Income,2.0,World Average,,,,
TJK,Tajikistan,2012,14.51000023,1130.0,,99.1,86.34693146,26.41022491,False,False,81.45659566,0.06738137509,8014084.0,8.014,Negara lain,Low Income,1.0,World Average,,,,
TZA,Tanzania,2012,3.950000048,810.0,,15.3,,29.48787646,False,False,57.45584839,0.087230914,47374260.0,47.374,Negara lain,Low Income,1.0,World Average,11.83,Cellular basket 30calls+100sms (2010-2017),4.950571428571429,2.3896231315288277
THA,Thailand,2012,26.46,5400.0,,99.1,85.53652954,45.37356581,False,True,122.431995,6.508142206,69436098.0,69.436,ASEAN lain,Upper-Middle Income,3.0,World Average,2.11,Cellular basket 30calls+100sms (2010-2017),4.950571428571429,0.4262134241357418
TLS,Timor-Leste,2012,7.0,3570.0,,56.0,70.0278422,29.61360823,False,True,54.71920062,0.05286879287,1134885.0,1.135,ASEAN lain,Lower-Middle Income,2.0,World Average,,,,
TGO,Togo,2012,4.0,840.0,,39.1,,38.41943596,False,False,46.64641806,0.5843478761,6653718.0,6.654,Negara lain,Low Income,1.0,World Average,40.27,Cellular basket 30calls+100sms (2010-2017),4.950571428571429,8.134414497604894
TON,Tonga,2012,30.0,4130.0,,92.8,94.51477051,23.45890626,False,False,52.11241392,1.39586823,107460.0,0.107,Negara lain,Lower-Middle Income,2.0,World Average,,,,
TTO,Trinidad and Tobago,2012,57.5,17960.0,,100.0,,53.92540534,False,False,134.1837102,14.34739341,1335194.0,1.335,Negara lain,High Income,4.0,World Average,1.22,Cellular basket 30calls+100sms (2010-2017),4.950571428571429,0.246436197841519
TUN,Tunisia,2012,41.4416008,4250.0,,99.5,,67.20989227,False,False,116.6603162,4.789508692,11009647.0,11.01,Negara lain,Lower-Middle Income,2.0,World Average,2.75,Cellular basket 30calls+100sms (2010-2017),4.950571428571429,0.555491429560801
TUR,Turkiye,2012,45.13,11950.0,,100.0,85.02043152,73.77886802,False,False,90.004081,10.4644431,75175827.0,75.176,Negara lain,Upper-Middle Income,3.0,World Average,3.25,Cellular basket 30calls+100sms (2010-2017),4.950571428571429,0.6564898712991285
TKM,Turkmenistan,2012,7.195799828,5040.0,,99.9,,46.96030231,False,False,101.5744732,0.02410241737,5808546.0,5.809,Negara lain,Upper-Middle Income,3.0,World Average,,,,
TCA,Turks & Caicos Is.,2012,,,,93.1,,91.03526676,False,False,,,,,,,,,,,,
TUV,Tuvalu,2012,18.70000076,4460.0,,97.7,,56.89649033,False,False,25.60819462,4.115602707,10934.0,0.011,Negara lain,Lower-Middle Income,2.0,World Average,,,,
UGA,Uganda,2012,4.800000191,830.0,,20.5,,21.37236932,False,False,47.6342673,0.1118312904,34337438.0,34.337,Negara lain,Low Income,1.0,World Average,18.44,Cellular basket 30calls+100sms (2010-2017),4.950571428571429,3.724822531309517
UKR,Ukraine,2012,35.27,3600.0,,99.9,99.47754931,68.82419831,False,False,130.8590206,8.037551512,46210056.0,46.21,Negara lain,Lower-Middle Income,2.0,World Average,2.56,Cellular basket 30calls+100sms (2010-2017),4.950571428571429,0.5171120217002366
ARE,United Arab Emirates,2012,84.9999915,51180.0,,100.0,,83.76432448,False,False,183.7406321,12.73806815,7391448.0,7.391,Negara lain,High Income,4.0,World Average,0.28,Cellular basket 30calls+100sms (2010-2017),4.950571428571429,0.05655912737346338
GBR,United Kingdom,2012,87.47999842,41940.0,,100.0,92.52729034,81.29056678,False,False,122.4652318,33.90479034,63711000.0,63.711,Negara lain,High Income,4.0,World Average,1.39,Cellular basket 30calls+100sms (2010-2017),4.950571428571429,0.28077566803255033
USA,United States,2012,74.7,52610.0,,100.0,,80.68374934,False,False,96.1284262,29.17361097,314339099.0,314.339,Negara lain,High Income,4.0,World Average,0.82,Cellular basket 30calls+100sms (2010-2017),4.950571428571429,0.165637444450857
URY,Uruguay,2012,54.45376868,14230.0,,99.6,102.9772263,94.76065975,False,False,149.7708671,17.40927103,3335401.0,3.335,Negara lain,High Income,4.0,World Average,1.87,Cellular basket 30calls+100sms (2010-2017),4.950571428571429,0.3777341721013447
UZB,Uzbekistan,2012,23.60000038,2460.0,,99.7,92.0473723,51.33596802,False,False,69.28493338,0.7537958143,29261903.0,29.262,Negara lain,Lower-Middle Income,2.0,World Average,,,,
VUT,Vanuatu,2012,10.59799957,2840.0,,43.9,,24.81835514,False,False,58.69585307,0.1245565185,248883.0,0.249,Negara lain,Lower-Middle Income,2.0,World Average,10.21,Cellular basket 30calls+100sms (2010-2017),4.950571428571429,2.062388180296647
VEN,Venezuela,2012,49.05008307,12480.0,,99.3,83.82169342,88.84018685,False,False,103.4352473,6.89152396,29553826.0,29.554,Negara lain,Upper-Middle Income,3.0,World Average,1.44,Cellular basket 30calls+100sms (2010-2017),4.950571428571429,0.2908755122063831
VNM,Viet Nam,2012,36.79999924,1980.0,,97.9,,31.12227794,False,True,147.1044579,5.334989395,89510356.0,89.51,ASEAN lain,Lower-Middle Income,2.0,World Average,2.78,Cellular basket 30calls+100sms (2010-2017),4.950571428571429,0.5615513360651007
VIR,Virgin Islands (U.S.),2012,40.5479,,,100.0,,94.73535911,False,False,,,,,,,,,,,,
YEM,Yemen,2012,17.44650078,1080.0,,52.4,40.97475052,31.20318399,False,False,48.88574441,0.588387413,28433647.0,28.434,Negara lain,Low Income,1.0,World Average,10.93,Cellular basket 30calls+100sms (2010-2017),4.950571428571429,2.2078259363998383
ZMB,Zambia,2012,4.099999905,1640.0,,29.2,,40.76985568,False,False,70.57085837,0.1005724361,14913629.0,14.914,Negara lain,Lower-Middle Income,2.0,World Average,10.8,Cellular basket 30calls+100sms (2010-2017),4.950571428571429,2.181566341547873
ZWE,Zimbabwe,2012,12.0,1150.0,,44.0,75.86481098,32.79317521,False,False,91.28700358,0.5203762341,13817887.0,13.818,Negara lain,Lower-Middle Income,2.0,World Average,,,,
AFG,Afghanistan,2013,5.900000095,670.0,,68.0,54.88336945,23.80771367,False,False,53.14901597,0.004743427381,31622704.0,31.623,Negara lain,Low Income,1.0,World Average,9.68,Cellular basket 30calls+100sms (2010-2017),6.354395604395604,1.5233549502810204
ALB,Albania,2013,51.79999924,4690.0,,99.9,102.9032095,54.29796781,False,False,126.7718128,6.278638576,2816902.0,2.817,Negara lain,Upper-Middle Income,3.0,World Average,8.5,Cellular basket 30calls+100sms (2010-2017),6.354395604395604,1.3376567228707308
DZA,Algeria,2013,22.5,5970.0,,99.2,,68.94638361,False,False,102.8710082,3.332103666,38414171.0,38.414,Negara lain,Upper-Middle Income,3.0,World Average,2.83,Cellular basket 30calls+100sms (2010-2017),6.354395604395604,0.4453610030263727
ASM,American Samoa,2013,,,,,,85.38464652,False,False,,,,,,,,,,,,
AND,Andorra,2013,84.40000153,,,100.0,86.40440369,88.58093991,False,False,,,,,,,,,,,,
AGO,Angola,2013,13.0,5330.0,,38.4,,62.13330752,False,False,50.77348826,0.08515754643,26165620.0,26.166,Negara lain,Upper-Middle Income,3.0,World Average,4.11,Cellular basket 30calls+100sms (2010-2017),6.354395604395604,0.6467963683527886
ATG,Antigua and Barbuda,2013,63.40000153,14500.0,,100.0,,25.24756677,False,False,129.8578307,17.76775981,88064.0,0.088,Negara lain,High Income,4.0,World Average,1.76,Cellular basket 30calls+100sms (2010-2017),6.354395604395604,0.2769736273238219
ARG,Argentina,2013,59.90000153,12760.0,,99.3,104.540863,91.30145077,False,False,158.1907736,14.67980181,42582455.0,42.582,Negara lain,Upper-Middle Income,3.0,World Average,2.81,Cellular basket 30calls+100sms (2010-2017),6.354395604395604,0.4422135754431475
ARM,Armenia,2013,41.9,3940.0,,99.4,86.87219238,64.35840611,False,False,114.4997225,8.316732352,3022000.0,3.022,Negara lain,Lower-Middle Income,2.0,World Average,2.51,Cellular basket 30calls+100sms (2010-2017),6.354395604395604,0.3950021616947687
ABW,Aruba,2013,78.9,24830.0,,100.0,,63.63829144,False,False,135.3380526,18.72111391,105675.0,0.106,Negara lain,High Income,4.0,World Average,,,,
AUS,Australia,2013,83.45349717,66360.0,,100.0,,86.57405158,False,False,107.3322009,25.73993158,23128129.0,23.128,Negara lain,High Income,4.0,World Average,0.35,Cellular basket 30calls+100sms (2010-2017),6.354395604395604,0.05507998270644185
AUT,Austria,2013,80.6188,50260.0,,100.0,101.1732101,67.29813088,False,False,156.4834887,26.32228666,8479823.0,8.48,Negara lain,High Income,4.0,World Average,0.32,Cellular basket 30calls+100sms (2010-2017),6.354395604395604,0.05035884133160398
AZE,Azerbaijan,2013,73.00000137,7450.0,,100.0,83.13765536,54.18210874,False,False,106.5831868,18.01455514,9416801.0,9.417,Negara lain,Upper-Middle Income,3.0,World Average,1.71,Cellular basket 30calls+100sms (2010-2017),6.354395604395604,0.26910505836575876
BHS,Bahamas,2013,72.0,26870.0,,100.0,84.65954078,82.36357911,False,False,75.73498561,19.12902128,378953.0,0.379,Negara lain,High Income,4.0,World Average,0.99,Cellular basket 30calls+100sms (2010-2017),6.354395604395604,0.1557976653696498
BHR,Bahrain,2013,90.0000397,25970.0,,100.0,107.6104726,100.0,False,False,175.8021576,23.86694909,1253191.0,1.253,Negara lain,High Income,4.0,World Average,0.69,Cellular basket 30calls+100sms (2010-2017),6.354395604395604,0.10858625162127107
BGD,Bangladesh,2013,6.63,1010.0,,61.5,55.62143322,28.84070361,False,False,74.45951691,0.9744484361,156532141.0,156.532,Negara lain,Low Income,1.0,World Average,1.67,Cellular basket 30calls+100sms (2010-2017),6.354395604395604,0.26281020319930826
BRB,Barbados,2013,71.80000305,19410.0,,100.0,,59.23853708,False,False,110.8198729,24.41719338,277665.0,0.278,Negara lain,High Income,4.0,World Average,1.68,Cellular basket 30calls+100sms (2010-2017),6.354395604395604,0.2643839169909209
BLR,Belarus,2013,54.17,7030.0,,96.2,104.5231241,75.94970703,False,False,117.4335168,29.43479142,9443211.0,9.443,Negara lain,Upper-Middle Income,3.0,World Average,1.24,Cellular basket 30calls+100sms (2010-2017),6.354395604395604,0.19514051015996542
BEL,Belgium,2013,82.1702,47950.0,,100.0,161.8458862,85.74154102,False,False,110.3486778,34.30845259,11159407.0,11.159,Negara lain,High Income,4.0,World Average,0.87,Cellular basket 30calls+100sms (2010-2017),6.354395604395604,0.13691309987029832
BLZ,Belize,2013,33.59999847,5580.0,,91.1,80.66943037,44.43805424,False,False,51.11276334,2.897897414,341627.0,0.342,Negara lain,Upper-Middle Income,3.0,World Average,8.63,Cellular basket 30calls+100sms (2010-2017),6.354395604395604,1.358115002161695
BEN,Benin,2013,4.900000095,1140.0,,34.7,52.03784943,44.65028837,False,False,89.90191649,0.396653828,10708834.0,10.709,Negara lain,Lower-Middle Income,2.0,World Average,19.21,Cellular basket 30calls+100sms (2010-2017),6.354395604395604,3.0231041936878515
BMU,Bermuda,2013,95.3,104040.0,,100.0,85.06520081,100.0,False,False,148.3310787,63.07610029,63574.0,0.064,Negara lain,High Income,4.0,World Average,,,,
BTN,Bhutan,2013,22.39999962,2630.0,,87.4,76.68079376,35.57400032,False,False,75.05270429,2.823902172,725273.0,0.725,Negara lain,Lower-Middle Income,2.0,World Average,1.44,Cellular basket 30calls+100sms (2010-2017),6.354395604395604,0.2266147859922179
BOL,Bolivia,2013,36.99,2550.0,,89.5,88.76505571,67.66970555,False,False,97.59511909,1.442512914,10682608.0,10.683,Negara lain,Lower-Middle Income,2.0,World Average,5.24,Cellular basket 30calls+100sms (2010-2017),6.354395604395604,0.8246260268050152
BIH,Bosnia and Herzegovina,2013,48.52130127,5170.0,,99.5,92.29839325,46.69542247,False,False,96.60634769,14.29310865,3610859.0,3.611,Negara lain,Upper-Middle Income,3.0,World Average,3.68,Cellular basket 30calls+100sms (2010-2017),6.354395604395604,0.5791266753134457
BWA,Botswana,2013,30.0,6950.0,,58.0,,64.75797355,False,False,151.6706825,1.008557086,2140682.0,2.141,Negara lain,Upper-Middle Income,3.0,World Average,1.72,Cellular basket 30calls+100sms (2010-2017),6.354395604395604,0.2706787721573714
BRA,Brazil,2013,51.04,12950.0,,99.6,104.0862198,85.16765854,False,False,136.5891386,10.76220177,198478299.0,198.478,Negara lain,Upper-Middle Income,3.0,World Average,4.71,Cellular basket 30calls+100sms (2010-2017),6.354395604395604,0.7412191958495461
VGB,British Virgin Islands,2013,,,,99.1,96.7221135,48.16398037,False,False,,,,,,,,,,,,
BRN,Brunei Darussalam,2013,64.5,44580.0,,100.0,102.3926926,75.17569151,False,True,114.0106322,6.701572463,411202.0,0.411,ASEAN lain,High Income,4.0,World Average,0.63,Cellular basket 30calls+100sms (2010-2017),6.354395604395604,0.09914396887159534
BGR,Bulgaria,2013,53.0615,7580.0,,95.3,100.7858124,72.96328216,False,False,144.3551469,19.56820747,7160005.0,7.16,Negara lain,Upper-Middle Income,3.0,World Average,5.32,Cellular basket 30calls+100sms (2010-2017),6.354395604395604,0.8372157371379162
BFA,Burkina Faso,2013,5.0,750.0,,15.4,27.60088807,25.10611615,False,False,63.52430735,0.07325063806,17695409.0,17.695,Negara lain,Low Income,1.0,World Average,20.3,Cellular basket 30calls+100sms (2010-2017),6.354395604395604,3.1946389969736275
BDI,Burundi,2013,1.264218111,240.0,,6.9,34.21245073,12.96709627,False,False,24.30068143,0.01469441414,10439341.0,10.439,Negara lain,Low Income,1.0,World Average,40.95,Cellular basket 30calls+100sms (2010-2017),6.354395604395604,6.444357976653698
CPV,Cabo Verde,2013,37.5,3840.0,,84.3,94.75260925,64.74862075,False,False,97.50754063,4.139196642,512225.0,0.512,Negara lain,Lower-Middle Income,2.0,World Average,10.67,Cellular basket 30calls+100sms (2010-2017),6.354395604395604,1.6791526156506702
KHM,Cambodia,2013,6.0,1230.0,,50.9,,25.76447351,False,True,133.5809898,0.2152112878,15170208.0,15.17,ASEAN lain,Lower-Middle Income,2.0,World Average,7.74,Cellular basket 30calls+100sms (2010-2017),6.354395604395604,1.2180544747081714
CMR,Cameroon,2013,10.0,1530.0,,56.3,54.90127849,51.94755919,False,False,73.19124755,0.07896319549,21402376.0,21.402,Negara lain,Lower-Middle Income,2.0,World Average,16.44,Cellular basket 30calls+100sms (2010-2017),6.354395604395604,2.5871854734111546
CAN,Canada,2013,85.80000305,52800.0,,100.0,111.407608,81.18343996,False,False,80.35489208,34.26830425,35080992.0,35.081,Negara lain,High Income,4.0,World Average,0.32,Cellular basket 30calls+100sms (2010-2017),6.354395604395604,0.05035884133160398
CYM,Cayman Islands,2013,71.4,44990.0,,100.0,88.64171683,100.0,False,False,167.1400563,34.66882619,58655.0,0.059,Negara lain,High Income,4.0,World Average,,,,
CAF,Central African Rep.,2013,2.5,360.0,,11.5,,39.30429635,False,False,29.30153439,,4642419.0,4.642,Negara lain,Low Income,1.0,World Average,53.3,Cellular basket 30calls+100sms (2010-2017),6.354395604395604,8.387894509295288
TCD,Chad,2013,2.5,1310.0,,8.1,24.53260355,22.29759299,False,False,33.31543847,0.1072888411,13691079.0,13.691,Negara lain,Lower-Middle Income,2.0,World Average,22.67,Cellular basket 30calls+100sms (2010-2017),6.354395604395604,3.5676091655858198
CHI,Channel Islands,2013,,,,100.0,,32.54322518,False,False,,,,,,,,,,,,
CHL,Chile,2013,58.0,15080.0,,99.6,99.15207672,87.18277777,False,False,133.7780911,12.97658292,17687006.0,17.687,Negara lain,High Income,4.0,World Average,1.98,Cellular basket 30calls+100sms (2010-2017),6.354395604395604,0.3115953307392996
CHN,China,2013,45.79999924,6860.0,,100.0,,54.49000168,False,False,89.13022726,13.6989049,1363240000.0,1363.24,Negara lain,Upper-Middle Income,3.0,World Average,0.73,Cellular basket 30calls+100sms (2010-2017),6.354395604395604,0.11488110678772158
COL,Colombia,2013,51.7,8010.0,,97.8,98.10150146,77.03159882,False,False,108.9780884,9.831994065,46151584.0,46.152,Negara lain,Upper-Middle Income,3.0,World Average,3.26,Cellular basket 30calls+100sms (2010-2017),6.354395604395604,0.5130306960657155
COM,Comoros,2013,6.5,1590.0,,69.4,58.99858084,29.70434825,False,False,49.91439143,0.1867300974,696192.0,0.696,Negara lain,Lower-Middle Income,2.0,World Average,20.68,Cellular basket 30calls+100sms (2010-2017),6.354395604395604,3.254440121054907
COG,Congo (Rep. of the),2013,6.599999905,3560.0,,42.5,,62.86828172,False,False,95.93714273,0.009017728484,4857099.0,4.857,Negara lain,Lower-Middle Income,2.0,World Average,6.78,Cellular basket 30calls+100sms (2010-2017),6.354395604395604,1.0669779507133594
COD,"Congo, Dem. Rep.",2013,2.200000048,420.0,,15.2,38.5140419,40.56752632,False,False,37.25046228,0.0005937506164,75789395.0,75.789,Negara lain,Low Income,1.0,World Average,,,,
CRI,Costa Rica,2013,45.96,9990.0,,99.6,108.5341263,73.94317762,False,False,150.8006642,10.28133771,4716147.0,4.716,Negara lain,Upper-Middle Income,3.0,World Average,0.5,Cellular basket 30calls+100sms (2010-2017),6.354395604395604,0.07868568958063121
CIV,Cote d'Ivoire,2013,6.599999905,1240.0,,61.5,,48.57023322,False,False,80.99868107,0.2350941059,23939775.0,23.94,Negara lain,Lower-Middle Income,2.0,World Average,14.32,Cellular basket 30calls+100sms (2010-2017),6.354395604395604,2.2535581495892782
HRV,Croatia,2013,66.7476,13940.0,,100.0,101.800499,55.36594797,False,False,111.2817562,22.50425349,4233922.0,4.234,Negara lain,High Income,4.0,World Average,1.47,Cellular basket 30calls+100sms (2010-2017),6.354395604395604,0.23133592736705577
CUB,Cuba,2013,27.93,6640.0,,98.5,91.33100394,76.81640625,False,False,17.66390955,0.04744132389,11298167.0,11.298,Negara lain,Upper-Middle Income,3.0,World Average,4.3,Cellular basket 30calls+100sms (2010-2017),6.354395604395604,0.6766969303934285
CUW,Curacao,2013,,19020.0,,100.0,86.30663897,91.29387859,False,False,,,,,,,,,,,,
CYP,Cyprus,2013,65.4548,27820.0,,100.0,97.97264099,67.21023336,False,False,127.862907,26.6505814,1183895.0,1.184,Negara lain,High Income,4.0,World Average,0.35,Cellular basket 30calls+100sms (2010-2017),6.354395604395604,0.05507998270644185
CZE,Czech Republic,2013,74.1104,19600.0,,100.0,106.8750687,73.16221869,False,False,130.5212373,27.17271153,10514272.0,10.514,Negara lain,High Income,4.0,World Average,1.57,Cellular basket 30calls+100sms (2010-2017),6.354395604395604,0.24707306528318204
DNK,Denmark,2013,94.6297,63400.0,,100.0,131.6923065,87.54365248,False,False,125.2134468,40.46778704,5614932.0,5.615,Negara lain,High Income,4.0,World Average,0.19,Cellular basket 30calls+100sms (2010-2017),6.354395604395604,0.029900562040639865
DJI,Djibouti,2013,12.69999981,,,58.6,,70.79693313,False,False,,,,,,,,,,,,
DMA,Dominica,2013,51.0,7440.0,,94.6,,69.1197042,False,False,134.2250592,15.30086782,69715.0,0.07,Negara lain,Upper-Middle Income,3.0,World Average,2.99,Cellular basket 30calls+100sms (2010-2017),6.354395604395604,0.47054042369217475
DOM,Dominican Rep.,2013,45.9,5940.0,,98.4,79.1714978,74.225136,False,False,90.25466672,5.166898457,10193833.0,10.194,Negara lain,Upper-Middle Income,3.0,World Average,2.79,Cellular basket 30calls+100sms (2010-2017),6.354395604395604,0.4390661478599222
ECU,Ecuador,2013,40.27912194,5880.0,,98.0,100.6592102,62.88372866,False,False,105.181656,6.69604877,15807128.0,15.807,Negara lain,Upper-Middle Income,3.0,World Average,3.55,Cellular basket 30calls+100sms (2010-2017),6.354395604395604,0.5586683960224816
EGY,Egypt,2013,29.4,2810.0,,99.9,73.89544662,42.75142772,False,False,104.5853982,2.807262413,95333553.0,95.334,Negara lain,Lower-Middle Income,2.0,World Average,2.21,Cellular basket 30calls+100sms (2010-2017),6.354395604395604,0.34779074794639
SLV,El Salvador,2013,23.1093,3420.0,,95.0,72.24528601,68.0878512,False,False,146.4755632,4.633253943,6138839.0,6.139,Negara lain,Lower-Middle Income,2.0,World Average,5.59,Cellular basket 30calls+100sms (2010-2017),6.354395604395604,0.879706009511457
GNQ,Equatorial Guinea,2013,16.39999962,12400.0,,65.9,,62.21200736,False,False,37.94207179,0.2613246889,1346218.0,1.346,Negara lain,Upper-Middle Income,3.0,World Average,2.96,Cellular basket 30calls+100sms (2010-2017),6.354395604395604,0.4658192823173368
ERI,Eritrea,2013,0.899999976,,,43.5,51.34619141,35.67133331,False,False,,,,,,,,,31.82,Cellular basket 30calls+100sms (2010-2017),6.354395604395604,5.007557284911371
EST,Estonia,2013,80.0043,18370.0,,100.0,110.5217133,68.09234583,False,False,146.2474553,27.38772261,1317997.0,1.318,Negara lain,High Income,4.0,World Average,1.52,Cellular basket 30calls+100sms (2010-2017),6.354395604395604,0.23920449632511892
SWZ,Eswatini,2013,24.70000076,4120.0,,57.5,70.80808258,22.81216444,False,False,79.02724803,0.3716847052,1129990.0,1.13,Negara lain,Lower-Middle Income,2.0,World Average,5.52,Cellular basket 30calls+100sms (2010-2017),6.354395604395604,0.8686900129701686
ETH,Ethiopia,2013,4.599999905,450.0,,30.8,,18.61551476,False,False,26.05362699,0.2418427678,98438751.0,98.439,Negara lain,Low Income,1.0,World Average,8.82,Cellular basket 30calls+100sms (2010-2017),6.354395604395604,1.3880155642023349
FRO,Faroe Islands,2013,90.0,59530.0,,100.0,,37.74148178,False,False,119.6192962,34.59060875,48245.0,0.048,Negara lain,High Income,4.0,World Average,,,,
FJI,Fiji,2013,35.20000076,4460.0,,91.8,,53.55527263,False,False,101.5336901,1.192445698,916352.0,0.916,Negara lain,Lower-Middle Income,2.0,World Average,5.29,Cellular basket 30calls+100sms (2010-2017),6.354395604395604,0.8324945957630783
FIN,Finland,2013,91.5144,49390.0,,100.0,145.6534424,70.67421182,False,False,136.2590142,31.62682916,5438972.0,5.439,Negara lain,High Income,4.0,World Average,0.34,Cellular basket 30calls+100sms (2010-2017),6.354395604395604,0.053506268914829236
FRA,France,2013,81.9198,43950.0,,100.0,104.3766022,77.24407215,False,False,98.34792447,38.73408559,65997932.0,65.998,Negara lain,High Income,4.0,World Average,1.11,Cellular basket 30calls+100sms (2010-2017),6.354395604395604,0.1746822308690013
PYF,French Polynesia,2013,56.8,24290.0,,100.0,,61.61304867,False,False,88.59490114,16.34343787,274728.0,0.275,Negara lain,High Income,4.0,World Average,,,,
GAB,Gabon,2013,30.53800011,8870.0,,86.4,,87.14824807,False,False,143.4994425,0.4652234981,1913059.0,1.913,Negara lain,Upper-Middle Income,3.0,World Average,2.42,Cellular basket 30calls+100sms (2010-2017),6.354395604395604,0.3808387375702551
GMB,Gambia,2013,14.0,680.0,,51.5,,57.97030561,False,False,87.88080729,0.02081927161,2103820.0,2.104,Negara lain,Low Income,1.0,World Average,13.62,Cellular basket 30calls+100sms (2010-2017),6.354395604395604,2.1433981841763945
GEO,Georgia,2013,43.3,4680.0,,100.0,107.0388323,56.6182119,False,False,131.0830965,13.57085945,3717668.0,3.718,Negara lain,Upper-Middle Income,3.0,World Average,2.06,Cellular basket 30calls+100sms (2010-2017),6.354395604395604,0.32418504107220064
DEU,Germany,2013,84.17,48160.0,,100.0,103.9353333,80.47323184,False,False,123.4353989,35.34230242,80645605.0,80.646,Negara lain,High Income,4.0,World Average,0.46,Cellular basket 30calls+100sms (2010-2017),6.354395604395604,0.07239083441418072
GHA,Ghana,2013,15.0,1790.0,,70.7,68.19914246,52.49857945,False,False,102.3379993,0.2512032249,27386193.0,27.386,Negara lain,Lower-Middle Income,2.0,World Average,3.54,Cellular basket 30calls+100sms (2010-2017),6.354395604395604,0.557094682230869
GIB,Gibraltar,2013,,,,99.9,,100.0,False,False,,,,,,,,,,,,
GRC,Greece,2013,59.8663,22030.0,,100.0,107.4143066,77.09519997,False,False,114.1426883,26.56193641,10965211.0,10.965,Negara lain,High Income,4.0,World Average,2.2,Cellular basket 30calls+100sms (2010-2017),6.354395604395604,0.3462170341547774
GRL,Greenland,2013,65.8,,,100.0,,85.37258911,False,False,,,,,,,,,,,,
GRD,Grenada,2013,35.0,7040.0,,90.6,106.7838126,35.87922426,False,False,117.1940398,15.8608475,113487.0,0.113,Negara lain,Upper-Middle Income,3.0,World Average,3.54,Cellular basket 30calls+100sms (2010-2017),6.354395604395604,0.557094682230869
GUM,Guam,2013,65.4,,,100.0,,94.07827514,False,False,,,,,,,,,,,,
GTM,Guatemala,2013,19.70000076,3300.0,,88.1,53.32331583,52.78098228,False,False,141.1313537,2.292963363,15387337.0,15.387,Negara lain,Lower-Middle Income,2.0,World Average,7.87,Cellular basket 30calls+100sms (2010-2017),6.354395604395604,1.2385127539991354
GIN,Guinea,2013,4.5,680.0,,32.2,,34.5812742,False,False,66.44527685,0.007148043942,11191873.0,11.192,Negara lain,Low Income,1.0,World Average,,,,
GNB,Guinea-Bissau,2013,3.099999905,660.0,,16.3,,41.29763794,False,False,55.42004501,0.08561457051,1695973.0,1.696,Negara lain,Low Income,1.0,World Average,31.09,Cellular basket 30calls+100sms (2010-2017),6.354395604395604,4.892676178123649
GUY,Guyana,2013,31.0,5610.0,,86.0,,26.40038914,False,False,74.00259459,4.919862244,750021.0,0.75,Negara lain,Upper-Middle Income,3.0,World Average,3.05,Cellular basket 30calls+100sms (2010-2017),6.354395604395604,0.4799827064418504
HTI,Haiti,2013,10.60000038,1410.0,,38.9,,48.10494302,False,False,70.044477,0.0,10222362.0,10.222,Negara lain,Lower-Middle Income,2.0,World Average,14.62,Cellular basket 30calls+100sms (2010-2017),6.354395604395604,2.300769563337657
HND,Honduras,2013,17.8,1990.0,,87.2,61.92071152,53.35637913,False,False,87.3775688,0.7761147756,8889278.0,8.889,Negara lain,Lower-Middle Income,2.0,World Average,8.13,Cellular basket 30calls+100sms (2010-2017),6.354395604395604,1.2794293125810638
HKG,"Hong Kong SAR, China",2013,74.2,38570.0,,100.0,102.7793911,100.0,False,False,233.6501965,30.7698227,7178900.0,7.179,Negara lain,High Income,4.0,World Average,0.18,Cellular basket 30calls+100sms (2010-2017),6.354395604395604,0.028326848249027238
HUN,Hungary,2013,72.6439,13560.0,,100.0,107.2175369,69.92776363,False,False,117.2001263,26.26219166,9872734.0,9.873,Negara lain,Upper-Middle Income,3.0,World Average,2.03,Cellular basket 30calls+100sms (2010-2017),6.354395604395604,0.3194638996973627
ISL,Iceland,2013,96.5468,49540.0,,100.0,122.0335693,93.61667252,False,False,109.9970669,36.26811986,323764.0,0.324,Negara lain,High Income,4.0,World Average,0.57,Cellular basket 30calls+100sms (2010-2017),6.354395604395604,0.08970168612191959
IND,India,2013,12.30000019,1500.0,,83.1,69.47712708,31.90967892,False,False,68.39667082,1.151977932,1295829511.0,1295.83,Negara lain,Lower-Middle Income,2.0,World Average,2.29,Cellular basket 30calls+100sms (2010-2017),6.354395604395604,0.360380458279291
IDN,Indonesia,2013,14.94,3670.0,,96.5,81.88969748,51.83074951,True,True,122.4248168,1.270966834,255852467.0,255.852,Indonesia,Lower-Middle Income,2.0,Indonesia,1.52,Cellular basket 30calls+100sms (2010-2017),6.354395604395604,0.23920449632511892
IRN,Iran (Islamic Republic of),2013,29.95,7220.0,,99.8,81.58455658,72.30308735,False,False,81.13719302,6.418175904,80414686.0,80.415,Negara lain,Upper-Middle Income,3.0,World Average,0.38,Cellular basket 30calls+100sms (2010-2017),6.354395604395604,0.05980112408127973
IRQ,Iraq,2013,9.199999809,6620.0,,99.0,,69.44445038,False,False,91.97327282,,35281989.0,35.282,Negara lain,Upper-Middle Income,3.0,World Average,1.8,Cellular basket 30calls+100sms (2010-2017),6.354395604395604,0.2832684824902724
IRL,Ireland,2013,78.2477,44170.0,,100.0,,62.40471578,False,False,105.537803,25.71443769,4623816.0,4.624,Negara lain,High Income,4.0,World Average,1.19,Cellular basket 30calls+100sms (2010-2017),6.354395604395604,0.1872719412019023
IMN,Isle of Man,2013,,87680.0,,100.0,,52.08041071,False,False,,,,,,,,,,,,
ISR,Israel,2013,70.25031195,35470.0,,100.0,98.76661682,91.72278315,False,False,122.5904682,25.8472324,8059500.0,8.06,Negara lain,High Income,4.0,World Average,1.24,Cellular basket 30calls+100sms (2010-2017),6.354395604395604,0.19514051015996542
ITA,Italy,2013,58.4593,35700.0,,100.0,100.9731216,69.30739899,False,False,159.6981531,23.1031861,60311613.0,60.312,Negara lain,High Income,4.0,World Average,1.19,Cellular basket 30calls+100sms (2010-2017),6.354395604395604,0.1872719412019023
JAM,Jamaica,2013,37.1,5150.0,,93.9,85.40178705,54.54881981,False,False,102.245547,5.058614708,2783687.0,2.784,Negara lain,Upper-Middle Income,3.0,World Average,2.07,Cellular basket 30calls+100sms (2010-2017),6.354395604395604,0.3257587548638132
JPN,Japan,2013,88.21942891,49350.0,,100.0,101.0494385,91.15165957,False,False,115.7871692,28.90510211,127445000.0,127.445,Negara lain,High Income,4.0,World Average,0.59,Cellular basket 30calls+100sms (2010-2017),6.354395604395604,0.09284911370514483
JOR,Jordan,2013,41.4,4510.0,,99.7,87.30279197,86.46271102,False,False,129.0568381,4.108982084,7991809.0,7.992,Negara lain,Upper-Middle Income,3.0,World Average,1.9,Cellular basket 30calls+100sms (2010-2017),6.354395604395604,0.2990056204063986
KAZ,Kazakhstan,2013,63.30422443,11490.0,,100.0,97.65003126,55.07797648,False,False,172.955296,11.15725103,17556502.0,17.557,Negara lain,Upper-Middle Income,3.0,World Average,1.13,Cellular basket 30calls+100sms (2010-2017),6.354395604395604,0.17782965845222654
KEN,Kenya,2013,13.0,1130.0,,40.1,,31.83244544,False,False,70.75410869,0.1648128225,44986791.0,44.987,Negara lain,Low Income,1.0,World Average,3.91,Cellular basket 30calls+100sms (2010-2017),6.354395604395604,0.6153220925205362
KIR,Kiribati,2013,11.5,3040.0,,78.8,,49.96870433,False,False,17.56882588,0.6149089056,113838.0,0.114,Negara lain,Lower-Middle Income,2.0,World Average,8.02,Cellular basket 30calls+100sms (2010-2017),6.354395604395604,1.2621184608733247
KOR,Korea (Rep. of),2013,84.77,28210.0,,100.0,97.82875061,81.82693835,False,False,109.2062489,37.42176635,50428893.0,50.429,Negara lain,High Income,4.0,World Average,0.35,Cellular basket 30calls+100sms (2010-2017),6.354395604395604,0.05507998270644185
PRK,"Korea, Dem. People's Rep.",2013,,,,35.7,,60.88430632,False,False,,,,,,,,,,,,
XKX,Kosovo,2013,,3800.0,,,,38.62517495,False,False,,,,,,,,,,,,
KWT,Kuwait,2013,75.45999908,53530.0,,100.0,95.5615387,100.0,False,False,182.7384309,1.339891771,3507844.0,3.508,Negara lain,High Income,4.0,World Average,0.35,Cellular basket 30calls+100sms (2010-2017),6.354395604395604,0.05507998270644185
KGZ,Kyrgyz Republic,2013,23.0,1180.0,,98.9,87.72403511,35.18505292,False,False,116.2178908,2.349373992,5777150.0,5.777,Negara lain,Lower-Middle Income,2.0,World Average,5.34,Cellular basket 30calls+100sms (2010-2017),6.354395604395604,0.8403631647211414
LAO,Lao P.D.R.,2013,12.5,1590.0,,79.3,52.67593594,32.22640334,False,True,69.7677113,0.1365069498,6611385.0,6.611,ASEAN lain,Lower-Middle Income,2.0,World Average,5.71,Cellular basket 30calls+100sms (2010-2017),6.354395604395604,0.8985905750108085
LVA,Latvia,2013,75.2344,14340.0,,100.0,114.7768097,67.84733448,False,False,127.0733876,24.63971863,2012647.0,2.013,Negara lain,High Income,4.0,World Average,0.96,Cellular basket 30calls+100sms (2010-2017),6.354395604395604,0.15107652399481195
LBN,Lebanon,2013,70.5,7880.0,,99.6,71.22311897,88.21654785,False,False,67.63820473,8.357366566,5743436.0,5.743,Negara lain,Upper-Middle Income,3.0,World Average,3.09,Cellular basket 30calls+100sms (2010-2017),6.354395604395604,0.48627756160830093
LSO,Lesotho,2013,15.0,1440.0,,26.9,57.75907135,31.24074609,False,False,87.05526466,0.1106246329,2056504.0,2.057,Negara lain,Lower-Middle Income,2.0,World Average,11.93,Cellular basket 30calls+100sms (2010-2017),6.354395604395604,1.877440553393861
LBR,Liberia,2013,3.200000048,610.0,,9.8,,49.69779862,False,False,57.06126675,0.1136404564,4470239.0,4.47,Negara lain,Low Income,1.0,World Average,41.94,Cellular basket 30calls+100sms (2010-2017),6.354395604395604,6.6001556420233465
LBY,Libya,2013,16.5,11960.0,,77.1,,88.04514313,False,False,162.3458196,1.026230255,6304628.0,6.305,Negara lain,Upper-Middle Income,3.0,World Average,0.79,Cellular basket 30calls+100sms (2010-2017),6.354395604395604,0.12432338953739733
LIE,Liechtenstein,2013,93.80000305,,,100.0,,14.4201756,False,False,,,,,,,,,0.23,Cellular basket 30calls+100sms (2010-2017),6.354395604395604,0.03619541720709036
LTU,Lithuania,2013,68.4529,15310.0,,100.0,108.8118362,67.00920868,False,False,154.3414595,28.2656607,2961250.0,2.961,Negara lain,High Income,4.0,World Average,0.69,Cellular basket 30calls+100sms (2010-2017),6.354395604395604,0.10858625162127107
LUX,Luxembourg,2013,93.7765,85160.0,,100.0,103.4694138,89.94137467,False,False,145.0934382,32.48342701,543360.0,0.543,Negara lain,High Income,4.0,World Average,0.44,Cellular basket 30calls+100sms (2010-2017),6.354395604395604,0.06924340683095548
MAC,"Macao SAR, China",2013,65.8,67830.0,,100.0,98.60755814,100.0,False,False,287.6434464,25.35244671,591900.0,0.592,Negara lain,High Income,4.0,World Average,0.1,Cellular basket 30calls+100sms (2010-2017),6.354395604395604,0.015737137916126246
MDG,Madagascar,2013,3.0,490.0,,12.9,,28.66046371,False,False,35.09485348,0.157565818,24109290.0,24.109,Negara lain,Low Income,1.0,World Average,52.55,Cellular basket 30calls+100sms (2010-2017),6.354395604395604,8.269865974924342
MWI,Malawi,2013,5.050000191,590.0,,9.0,37.84729585,15.69661735,False,False,32.73174252,0.05430701599,16161816.0,16.162,Negara lain,Low Income,1.0,World Average,54.88,Cellular basket 30calls+100sms (2010-2017),6.354395604395604,8.636541288370083
MYS,Malaysia,2013,57.05751226,10590.0,,99.6,80.93836212,72.48827171,False,True,142.5221128,9.739425302,30174265.0,30.174,ASEAN lain,Upper-Middle Income,3.0,World Average,0.79,Cellular basket 30calls+100sms (2010-2017),6.354395604395604,0.12432338953739733
MDV,Maldives,2013,44.09999847,7050.0,,99.4,68.38726932,37.82570752,False,False,156.262904,5.0868598,400070.0,0.4,Negara lain,Upper-Middle Income,3.0,World Average,1.15,Cellular basket 30calls+100sms (2010-2017),6.354395604395604,0.1809770860354518
MLI,Mali,2013,3.5,880.0,,32.4,39.27581214,24.70336269,False,False,113.1145847,0.01666130668,17459615.0,17.46,Negara lain,Low Income,1.0,World Average,28.68,Cellular basket 30calls+100sms (2010-2017),6.354395604395604,4.513411154345007
MLT,Malta,2013,68.9138,23330.0,,100.0,96.43079376,94.39065679,False,False,129.9216715,33.37830142,424810.0,0.425,Negara lain,High Income,4.0,World Average,1.54,Cellular basket 30calls+100sms (2010-2017),6.354395604395604,0.24235192390834417
MHL,Marshall Islands,2013,14.0,4350.0,,90.9,,74.67906018,False,False,,2.533493814,50681.0,0.051,Negara lain,Lower-Middle Income,2.0,World Average,6.27,Cellular basket 30calls+100sms (2010-2017),6.354395604395604,0.9867185473411154
MRT,Mauritania,2013,6.199999809,1890.0,,37.6,30.26204191,49.35539732,False,False,106.7984837,0.2016968025,3734318.0,3.734,Negara lain,Lower-Middle Income,2.0,World Average,12.7,Cellular basket 30calls+100sms (2010-2017),6.354395604395604,1.9986165153480329
MUS,Mauritius,2013,40.11682513,10360.0,,99.4,93.79828644,39.91088486,False,False,118.7931067,12.57955172,1258927.0,1.259,Negara lain,Upper-Middle Income,3.0,World Average,0.76,Cellular basket 30calls+100sms (2010-2017),6.354395604395604,0.11960224816255946
MEX,Mexico,2013,43.46,10710.0,,99.1,93.26230621,76.79557681,False,False,90.20124228,10.7719183,118343573.0,118.344,Negara lain,Upper-Middle Income,3.0,World Average,1.43,Cellular basket 30calls+100sms (2010-2017),6.354395604395604,0.2250410722006053
FSM,Micronesia,2013,27.79999924,3090.0,,69.4,,22.2986324,False,False,29.03506257,1.908047465,108121.0,0.108,Negara lain,Lower-Middle Income,2.0,World Average,4.99,Cellular basket 30calls+100sms (2010-2017),6.354395604395604,0.7852831820146996
MDA,Moldova,2013,37.43999863,3620.0,,99.6,88.33604943,39.42755127,False,False,108.4516909,13.76952409,2859558.0,2.86,Negara lain,Lower-Middle Income,2.0,World Average,4.95,Cellular basket 30calls+100sms (2010-2017),6.354395604395604,0.7789883268482491
MCO,Monaco,2013,90.69999695,,,100.0,,100.0,False,False,,,,,,,,,,,,
MNG,Mongolia,2013,17.69998424,4310.0,,81.2,,67.97767501,False,False,100.9012648,4.899538235,2899011.0,2.899,Negara lain,Lower-Middle Income,2.0,World Average,1.31,Cellular basket 30calls+100sms (2010-2017),6.354395604395604,0.2061565067012538
MNE,Montenegro,2013,60.31,7260.0,,99.7,,64.6252988,False,False,156.9644442,15.11697689,622587.0,0.623,Negara lain,Upper-Middle Income,3.0,World Average,1.9,Cellular basket 30calls+100sms (2010-2017),6.354395604395604,0.2990056204063986
MAR,Morocco,2013,56.0,3350.0,,97.2,,59.90834993,False,False,125.5603547,2.497782395,33787571.0,33.788,Negara lain,Lower-Middle Income,2.0,World Average,1.76,Cellular basket 30calls+100sms (2010-2017),6.354395604395604,0.2769736273238219
MOZ,Mozambique,2013,5.5,690.0,,22.4,34.44390869,31.6619154,False,False,49.5029641,0.115170238,25051611.0,25.052,Negara lain,Low Income,1.0,World Average,24.63,Cellular basket 30calls+100sms (2010-2017),6.354395604395604,3.876057068741894
MMR,Myanmar,2013,1.799999952,1260.0,,56.5,,29.51039462,False,True,13.59335195,,50262658.0,50.263,ASEAN lain,Lower-Middle Income,2.0,World Average,,,,
NAM,Namibia,2013,13.89999962,5900.0,,47.4,76.14248,44.11067691,False,False,121.1055854,1.58667583,2252508.0,2.253,Negara lain,Upper-Middle Income,3.0,World Average,2.52,Cellular basket 30calls+100sms (2010-2017),6.354395604395604,0.39657587548638135
NRU,Naoero,2013,,11330.0,,99.4,,100.0,False,False,,,,,,,,,,,,
NPL,Nepal,2013,13.30000019,840.0,,77.4,65.49353027,64.13145702,False,False,77.42766255,1.128876568,27589996.0,27.59,Negara lain,Low Income,1.0,World Average,4.39,Cellular basket 30calls+100sms (2010-2017),6.354395604395604,0.690860354517942
NLD,Netherlands,2013,93.9564,52460.0,,100.0,,89.17499924,False,False,114.7340586,40.03049909,16804432.0,16.804,Negara lain,High Income,4.0,World Average,0.95,Cellular basket 30calls+100sms (2010-2017),6.354395604395604,0.1495028102031993
NCL,New Caledonia,2013,66.0,,,100.0,,66.75841279,False,False,,,,,,,,,,,,
NZL,New Zealand,2013,82.77999878,39940.0,,100.0,115.650528,85.70801298,False,False,107.0085191,29.54746353,4442100.0,4.442,Negara lain,High Income,4.0,World Average,0.62,Cellular basket 30calls+100sms (2010-2017),6.354395604395604,0.09757025507998271
NIC,Nicaragua,2013,15.5,1760.0,,81.9,,57.42742795,False,False,113.7885423,2.200708742,5983845.0,5.984,Negara lain,Lower-Middle Income,2.0,World Average,18.47,Cellular basket 30calls+100sms (2010-2017),6.354395604395604,2.9066493731085172
NER,Niger,2013,1.149999976,570.0,,15.2,15.95965103,16.21625957,False,False,37.83120188,0.03455742575,18519898.0,18.52,Negara lain,Low Income,1.0,World Average,35.23,Cellular basket 30calls+100sms (2010-2017),6.354395604395604,5.544193687851275
NGA,Nigeria,2013,19.10000038,2600.0,,55.6,52.79673004,54.11308552,False,False,70.28250951,0.00830988472,181049443.0,181.049,Negara lain,Lower-Middle Income,2.0,World Average,2.85,Cellular basket 30calls+100sms (2010-2017),6.354395604395604,0.44850843060959794
MKD,North Macedonia,2013,65.24,5400.0,,99.7,83.8025589,58.57869443,False,False,111.1246324,16.81266391,1922716.0,1.923,Negara lain,Upper-Middle Income,3.0,World Average,2.72,Cellular basket 30calls+100sms (2010-2017),6.354395604395604,0.4280501513186339
MNP,Northern Mariana Islands,2013,,,,100.0,,91.17649419,False,False,,,,,,,,,,,,
NOR,Norway,2013,95.0534,104810.0,,100.0,114.5153809,79.97239805,False,False,112.0455327,37.61168034,5079623.0,5.08,Negara lain,High Income,4.0,World Average,0.29,Cellular basket 30calls+100sms (2010-2017),6.354395604395604,0.0456376999567661
OMN,Oman,2013,66.45,22920.0,,100.0,109.1684881,76.49142342,False,False,149.2089101,4.098219138,3833913.0,3.834,Negara lain,High Income,4.0,World Average,0.64,Cellular basket 30calls+100sms (2010-2017),6.354395604395604,0.10071768266320796
PAK,Pakistan,2013,9.0,1210.0,,89.3,31.54481913,35.43153525,False,False,60.51778017,0.771343306,211073978.0,211.074,Negara lain,Lower-Middle Income,2.0,World Average,3.22,Cellular basket 30calls+100sms (2010-2017),6.354395604395604,0.506735840899265
PLW,Palau,2013,,11800.0,,99.2,106.1587296,81.07568953,False,False,,,,,,,,,1.89,Cellular basket 30calls+100sms (2010-2017),6.354395604395604,0.29743190661478597
PAN,Panama,2013,44.03,10950.0,,89.1,76.40412903,65.37097701,False,False,162.1987547,8.032407147,3825329.0,3.825,Negara lain,Upper-Middle Income,3.0,World Average,1.39,Cellular basket 30calls+100sms (2010-2017),6.354395604395604,0.21874621703415478
PNG,Papua New Guinea,2013,5.099999905,2340.0,,17.8,,13.05824757,False,False,36.13283297,0.1361003375,8302698.0,8.303,Negara lain,Lower-Middle Income,2.0,World Average,15.85,Cellular basket 30calls+100sms (2010-2017),6.354395604395604,2.4943363597060095
PRY,Paraguay,2013,36.9,5970.0,,99.0,,60.23753156,False,False,117.8999055,2.61725766,5982445.0,5.982,Negara lain,Upper-Middle Income,3.0,World Average,3.49,Cellular basket 30calls+100sms (2010-2017),6.354395604395604,0.5492261132728059
PER,Peru,2013,39.2,6410.0,,92.1,101.5838699,79.31055278,False,False,99.91742549,5.408868406,29817919.0,29.818,Negara lain,Upper-Middle Income,3.0,World Average,2.49,Cellular basket 30calls+100sms (2010-2017),6.354395604395604,0.3918547341115435
PHL,Philippines,2013,32.70000076,3060.0,,87.5,,49.13136888,False,True,100.7320335,2.520466644,102076336.0,102.076,ASEAN lain,Lower-Middle Income,2.0,World Average,3.65,Cellular basket 30calls+100sms (2010-2017),6.354395604395604,0.5744055339386079
POL,Poland,2013,62.8492,13290.0,,100.0,111.5169601,60.53331875,False,False,148.9124464,18.37739317,38040196.0,38.04,Negara lain,Upper-Middle Income,3.0,World Average,0.97,Cellular basket 30calls+100sms (2010-2017),6.354395604395604,0.15265023778642456
PRT,Portugal,2013,62.0956,21380.0,,100.0,118.9329605,61.14053152,False,False,114.6553005,24.5102597,10457295.0,10.457,Negara lain,High Income,4.0,World Average,0.9,Cellular basket 30calls+100sms (2010-2017),6.354395604395604,0.1416342412451362
PRI,Puerto Rico,2013,68.99999,18960.0,,100.0,89.43058777,93.76983169,False,False,85.53766543,16.67891678,3631427.0,3.631,Negara lain,High Income,4.0,World Average,1.67,Cellular basket 30calls+100sms (2010-2017),6.354395604395604,0.26281020319930826
QAT,Qatar,2013,85.3,96070.0,,100.0,97.36637788,98.83576218,False,False,162.8596983,10.60133098,1916426.0,1.916,Negara lain,High Income,4.0,World Average,0.25,Cellular basket 30calls+100sms (2010-2017),6.354395604395604,0.039342844790315606
ROU,Romania,2013,49.7645,9390.0,,98.1,95.69889832,53.9101758,False,False,114.1907502,18.89191509,19983693.0,19.984,Negara lain,Upper-Middle Income,3.0,World Average,,,,
RUS,Russian Federation,2013,67.97,15160.0,,100.0,95.9993762,74.07629498,False,False,150.964167,16.42093573,143805638.0,143.806,Negara lain,High Income,4.0,World Average,0.64,Cellular basket 30calls+100sms (2010-2017),6.354395604395604,0.10071768266320796
RWA,Rwanda,2013,9.0,700.0,,15.2,30.20928649,17.07422061,False,False,60.298864,0.02506909551,11093340.0,11.093,Negara lain,Low Income,1.0,World Average,10.41,Cellular basket 30calls+100sms (2010-2017),6.354395604395604,1.638236057068742
KNA,Saint Kitts and Nevis,2013,64.59999847,18460.0,,100.0,121.3779068,31.21314856,False,False,163.5896237,28.25638956,47069.0,0.047,Negara lain,High Income,4.0,World Average,1.96,Cellular basket 30calls+100sms (2010-2017),6.354395604395604,0.3084479031560744
LCA,Saint Lucia,2013,49.3871994,8710.0,,97.2,91.48603821,18.9258371,False,False,122.318869,14.24937561,173369.0,0.173,Negara lain,Upper-Middle Income,3.0,World Average,4.2,Cellular basket 30calls+100sms (2010-2017),6.354395604395604,0.6609597924773023
VCT,Saint Vincent and the Grenadines,2013,43.5,6980.0,,96.8,108.7238464,46.4319347,False,False,115.9458085,13.50534055,108135.0,0.108,Negara lain,Upper-Middle Income,3.0,World Average,4.51,Cellular basket 30calls+100sms (2010-2017),6.354395604395604,0.7097449200172936
WSM,Samoa,2013,15.30000019,3750.0,,97.0,,19.38659496,False,False,50.37978897,0.6244073678,198268.0,0.198,Negara lain,Lower-Middle Income,2.0,World Average,5.51,Cellular basket 30calls+100sms (2010-2017),6.354395604395604,0.867116299178556
SMR,San Marino,2013,,,,100.0,,97.09999847,False,False,,,,,,,,,,,,
STP,Sao Tome and Principe,2013,23.0,1330.0,,65.0,63.3046608,67.13066864,False,False,64.88754737,0.5063474641,193148.0,0.193,Negara lain,Lower-Middle Income,2.0,World Average,9.85,Cellular basket 30calls+100sms (2010-2017),6.354395604395604,1.550108084738435
SAU,Saudi Arabia,2013,60.5,28620.0,,100.0,93.01689052,82.60718846,False,False,189.4756184,,27624004.0,27.624,Negara lain,High Income,4.0,World Average,0.67,Cellular basket 30calls+100sms (2010-2017),6.354395604395604,0.10543882403804584
SEN,Senegal,2013,13.10000038,1350.0,,57.0,49.07765949,45.03987505,False,False,95.79109215,0.7784565347,13710849.0,13.711,Negara lain,Lower-Middle Income,2.0,World Average,19.12,Cellular basket 30calls+100sms (2010-2017),6.354395604395604,3.008940769563338
SRB,Serbia,2013,53.45036417,6630.0,,99.9,94.40921021,59.61110687,False,False,128.668141,16.41635824,7166553.0,7.167,Negara lain,Upper-Middle Income,3.0,World Average,3.01,Cellular basket 30calls+100sms (2010-2017),6.354395604395604,0.4736878512753999
SYC,Seychelles,2013,50.40000153,12350.0,,98.0,84.69742639,42.81506963,False,False,133.9856797,12.15656313,89949.0,0.09,Negara lain,Upper-Middle Income,3.0,World Average,1.39,Cellular basket 30calls+100sms (2010-2017),6.354395604395604,0.21874621703415478
SLE,Sierra Leone,2013,4.0,970.0,,13.5,39.22378922,39.89164228,False,False,59.57655073,,6714051.0,6.714,Negara lain,Low Income,1.0,World Average,0.0,Cellular basket 30calls+100sms (2010-2017),6.354395604395604,0.0
SGP,Singapore,2013,80.90209961,54470.0,,100.0,,100.0,False,True,156.6792707,27.72956268,5399162.0,5.399,ASEAN lain,High Income,4.0,World Average,0.19,Cellular basket 30calls+100sms (2010-2017),6.354395604395604,0.029900562040639865
SXM,Sint Maarten (Dutch part),2013,,27400.0,,100.0,,100.0,False,False,,,,,,,,,,,,
SVK,Slovak Republic,2013,77.8826,18280.0,,100.0,93.52967072,54.13840241,False,False,114.7491268,20.49858588,5413393.0,5.413,Negara lain,High Income,4.0,World Average,1.08,Cellular basket 30calls+100sms (2010-2017),6.354395604395604,0.16996108949416344
SVN,Slovenia,2013,72.6756,23040.0,,100.0,110.5589294,50.04665808,False,False,111.0449072,25.51111362,2059953.0,2.06,Negara lain,High Income,4.0,World Average,1.25,Cellular basket 30calls+100sms (2010-2017),6.354395604395604,0.19671422395157806
SLB,Solomon Islands,2013,8.0,2090.0,,44.7,,22.10272625,False,False,54.30838145,0.3166679273,594945.0,0.595,Negara lain,Lower-Middle Income,2.0,World Average,11.63,Cellular basket 30calls+100sms (2010-2017),6.354395604395604,1.8302291396454824
SOM,Somalia,2013,1.5,340.0,,51.5,,41.25934743,False,False,40.27322074,0.4662151735,12869594.0,12.87,Negara lain,Low Income,1.0,World Average,,,,
ZAF,South Africa,2013,46.5,7930.0,,85.2,,63.05240241,False,False,140.576038,2.953997282,54678791.0,54.679,Negara lain,Upper-Middle Income,3.0,World Average,3.3,Cellular basket 30calls+100sms (2010-2017),6.354395604395604,0.5193255512321661
SSD,South Sudan,2013,2.200000048,1080.0,,3.8,,18.28689965,False,False,25.55219176,0.0008955537993,11166275.0,11.166,Negara lain,Low Income,1.0,World Average,,,,
ESP,Spain,2013,71.635,29400.0,,100.0,126.8144989,78.98580869,False,False,107.0385673,26.14587984,46604197.0,46.604,Negara lain,High Income,4.0,World Average,1.54,Cellular basket 30calls+100sms (2010-2017),6.354395604395604,0.24235192390834417
LKA,Sri Lanka,2013,10.04440022,3630.0,,90.2,95.14426362,18.43231365,False,False,95.11360338,1.986799181,20585000.0,20.585,Negara lain,Lower-Middle Income,2.0,World Average,0.36,Cellular basket 30calls+100sms (2010-2017),6.354395604395604,0.056653696498054476
MAF,St. Martin (French part),2013,,,,100.0,,100.0,False,False,,,,,,,,,,,,
PSE,State of Palestine,2013,46.59999847,3470.0,,99.9,87.74198517,84.81784599,False,False,73.92908563,4.937476551,4076708.0,4.077,Negara lain,Lower-Middle Income,2.0,World Average,,,,
SDN,Sudan,2013,,1060.0,,43.1,40.94340897,33.4264778,False,False,,,,,,,,,2.54,Cellular basket 30calls+100sms (2010-2017),6.354395604395604,0.39972330306960663
SUR,Suriname,2013,37.40000153,8610.0,,94.6,68.5071439,66.26835751,False,False,152.6484131,6.519103019,569020.0,0.569,Negara lain,Upper-Middle Income,3.0,World Average,1.79,Cellular basket 30calls+100sms (2010-2017),6.354395604395604,0.2816947686986598
SWE,Sweden,2013,94.7836,61530.0,,100.0,132.713501,85.92497713,False,False,125.1415846,32.78553885,9600379.0,9.6,Negara lain,High Income,4.0,World Average,0.4,Cellular basket 30calls+100sms (2010-2017),6.354395604395604,0.06294855166450498
CHE,Switzerland,2013,86.34,92160.0,,100.0,101.2213821,74.11213848,False,False,136.5512442,42.49175833,8089346.0,8.089,Negara lain,High Income,4.0,World Average,0.67,Cellular basket 30calls+100sms (2010-2017),6.354395604395604,0.10543882403804584
SYR,Syrian Arab Republic,2013,26.20000076,1270.0,,90.4,47.5814209,73.06204919,False,False,56.72772919,1.597578465,21666917.0,21.667,Negara lain,Lower-Middle Income,2.0,World Average,,,,
TJK,Tajikistan,2013,16.0,1300.0,,99.0,86.98735046,26.48831558,False,False,91.72877171,0.07058774275,8216724.0,8.217,Negara lain,Lower-Middle Income,2.0,World Average,7.43,Cellular basket 30calls+100sms (2010-2017),6.354395604395604,1.1692693471681799
TZA,Tanzania,2013,4.400000095,880.0,,16.4,32.38574462,30.07251088,False,False,56.20750257,0.1155678602,48824128.0,48.824,Negara lain,Low Income,1.0,World Average,20.31,Cellular basket 30calls+100sms (2010-2017),6.354395604395604,3.19621271076524
THA,Thailand,2013,28.94,5580.0,,99.4,83.85485077,45.83213438,False,True,134.3673088,7.433590845,69845114.0,69.845,ASEAN lain,Upper-Middle Income,3.0,World Average,1.1,Cellular basket 30calls+100sms (2010-2017),6.354395604395604,0.1731085170773887
TLS,Timor-Leste,2013,11.0,3190.0,,59.2,67.8276666,29.58369063,False,True,56.09759255,0.06041279198,1158695.0,1.159,ASEAN lain,Lower-Middle Income,2.0,World Average,,,,
TGO,Togo,2013,4.5,890.0,,41.0,,38.85167679,False,False,58.51385544,0.09491531193,6798848.0,6.799,Negara lain,Low Income,1.0,World Average,39.21,Cellular basket 30calls+100sms (2010-2017),6.354395604395604,6.1705317769131005
TON,Tonga,2013,32.75400162,4330.0,,95.1,95.45864105,23.4170795,False,False,53.69917257,1.587627711,107078.0,0.107,Negara lain,Lower-Middle Income,2.0,World Average,3.28,Cellular basket 30calls+100sms (2010-2017),6.354395604395604,0.5161781236489408
TTO,Trinidad and Tobago,2013,59.90000153,20110.0,,100.0,,53.925579,False,False,137.6044223,15.04247681,1340557.0,1.341,Negara lain,High Income,4.0,World Average,1.06,Cellular basket 30calls+100sms (2010-2017),6.354395604395604,0.1668136619109382
TUN,Tunisia,2013,43.79999924,4300.0,,99.7,87.23570251,67.49995422,False,False,114.1006471,4.667149732,11141361.0,11.141,Negara lain,Lower-Middle Income,2.0,World Average,1.68,Cellular basket 30calls+100sms (2010-2017),6.354395604395604,0.2643839169909209
TUR,Turkiye,2013,46.25,12640.0,,100.0,102.2097015,78.52183684,False,False,91.17584353,11.64010234,76147624.0,76.148,Negara lain,Upper-Middle Income,3.0,World Average,2.9,Cellular basket 30calls+100sms (2010-2017),6.354395604395604,0.45637699956766103
TKM,Turkmenistan,2013,9.600000381,5880.0,,99.9,,46.97884512,False,False,103.1309703,0.03030639258,5939341.0,5.939,Negara lain,Upper-Middle Income,3.0,World Average,1.2,Cellular basket 30calls+100sms (2010-2017),6.354395604395604,0.1888456549935149
TCA,Turks & Caicos Is.,2013,,,,100.0,,91.31689279,False,False,,,,,,,,,,,,
TUV,Tuvalu,2013,21.20000076,5580.0,,97.6,,57.63143368,False,False,30.90628125,4.090537224,11001.0,0.011,Negara lain,Upper-Middle Income,3.0,World Average,6.99,Cellular basket 30calls+100sms (2010-2017),6.354395604395604,1.1000259403372246
UGA,Uganda,2013,5.099999905,810.0,,13.9,,22.73676592,False,False,51.13231606,0.1174405034,35337042.0,35.337,Negara lain,Low Income,1.0,World Average,17.94,Cellular basket 30calls+100sms (2010-2017),6.354395604395604,2.8232425421530483
UKR,Ukraine,2013,40.954129,3900.0,,100.0,99.43038011,68.93262881,False,False,138.4411243,8.858429483,46126770.0,46.127,Negara lain,Lower-Middle Income,2.0,World Average,2.29,Cellular basket 30calls+100sms (2010-2017),6.354395604395604,0.360380458279291
ARE,United Arab Emirates,2013,88.0,53780.0,,100.0,,83.95581358,False,False,205.1054751,13.30380943,7693031.0,7.693,Negara lain,High Income,4.0,World Average,0.25,Cellular basket 30calls+100sms (2010-2017),6.354395604395604,0.039342844790315606
GBR,United Kingdom,2013,89.8441,42960.0,,100.0,126.0643387,81.45737687,False,False,122.184696,35.78198786,64138000.0,64.138,Negara lain,High Income,4.0,World Average,1.22,Cellular basket 30calls+100sms (2010-2017),6.354395604395604,0.19199308257674016
USA,United States,2013,71.4,53750.0,,100.0,96.18649292,80.66088928,False,False,97.05953057,29.99961648,316726282.0,316.726,Negara lain,High Income,4.0,World Average,0.8,Cellular basket 30calls+100sms (2010-2017),6.354395604395604,0.12589710332900997
URY,Uruguay,2013,57.69,16480.0,,99.6,104.6645203,94.88447351,False,False,157.47134,22.03299697,3345337.0,3.345,Negara lain,High Income,4.0,World Average,1.62,Cellular basket 30calls+100sms (2010-2017),6.354395604395604,0.25494163424124516
UZB,Uzbekistan,2013,26.79999924,2780.0,,99.8,92.06266764,51.12769699,False,False,72.33196402,1.030478166,29724065.0,29.724,Negara lain,Lower-Middle Income,2.0,World Average,1.29,Cellular basket 30calls+100sms (2010-2017),6.354395604395604,0.20300907911802854
VUT,Vanuatu,2013,11.30000019,3160.0,,31.7,,24.84073628,False,False,50.00117887,0.1218160813,254482.0,0.254,Negara lain,Lower-Middle Income,2.0,World Average,9.41,Cellular basket 30calls+100sms (2010-2017),6.354395604395604,1.4808646779074797
VEN,Venezuela,2013,54.90000153,10330.0,,99.4,91.47254944,88.8786817,False,False,103.28923,7.466622814,29912198.0,29.912,Negara lain,Upper-Middle Income,3.0,World Average,1.01,Cellular basket 30calls+100sms (2010-2017),6.354395604395604,0.15894509295287507
VNM,Viet Nam,2013,38.5,2200.0,,98.5,,31.53342017,False,True,136.6140184,5.688858803,90573104.0,90.573,ASEAN lain,Lower-Middle Income,2.0,World Average,3.09,Cellular basket 30calls+100sms (2010-2017),6.354395604395604,0.48627756160830093
VIR,Virgin Islands (U.S.),2013,45.3,,,100.0,,94.81059582,False,False,,,,,,,,,,,,
YEM,Yemen,2013,20.0,1230.0,,75.6,42.70846176,31.44271879,False,False,57.46504139,0.8760632501,29312952.0,29.313,Negara lain,Lower-Middle Income,2.0,World Average,9.97,Cellular basket 30calls+100sms (2010-2017),6.354395604395604,1.5689926502377867
ZMB,Zambia,2013,4.8,1710.0,,30.1,,41.16822662,False,False,67.50959819,0.08732386921,15398997.0,15.399,Negara lain,Lower-Middle Income,2.0,World Average,12.45,Cellular basket 30calls+100sms (2010-2017),6.354395604395604,1.9592736705577172
ZWE,Zimbabwe,2013,15.5,1220.0,,40.6,52.41585159,32.90193432,False,False,97.28381465,0.7415257866,14013808.0,14.014,Negara lain,Lower-Middle Income,2.0,World Average,29.38,Cellular basket 30calls+100sms (2010-2017),6.354395604395604,4.62357111975789
AFG,Afghanistan,2014,7.0,640.0,,89.5,54.29365158,24.19101664,False,False,56.13221038,0.004574213457,32792523.0,32.793,Negara lain,Low Income,1.0,World Average,10.0,Cellular basket 30calls+100sms (2010-2017),6.097297297297297,1.6400709219858156
ALB,Albania,2014,54.29999924,4750.0,,100.0,103.3213775,54.73258132,False,False,115.700565,7.161913788,2773767.0,2.774,Negara lain,Upper-Middle Income,3.0,World Average,8.1,Cellular basket 30calls+100sms (2010-2017),6.097297297297297,1.3284574468085106
DZA,Algeria,2014,29.5,6030.0,,99.3,,69.54687652,False,False,110.4403514,4.080323263,39205031.0,39.205,Negara lain,Upper-Middle Income,3.0,World Average,2.8,Cellular basket 30calls+100sms (2010-2017),6.097297297297297,0.45921985815602834
ASM,American Samoa,2014,,,,,,85.0351448,False,False,,,,,,,,,,,,
AND,Andorra,2014,86.09999847,,,100.0,88.97815704,88.54404292,False,False,,,,,,,,,1.0,Cellular basket 30calls+100sms (2010-2017),6.097297297297297,0.16400709219858156
AGO,Angola,2014,21.36234076,5430.0,,32.0,,62.72311579,False,False,51.73843936,0.3230762723,27160769.0,27.161,Negara lain,Upper-Middle Income,3.0,World Average,4.1,Cellular basket 30calls+100sms (2010-2017),6.097297297297297,0.6724290780141844
ATG,Antigua and Barbuda,2014,67.77999878,14830.0,,100.0,115.2704391,25.08997261,False,False,135.2346082,12.11513547,88765.0,0.089,Negara lain,High Income,4.0,World Average,2.1,Cellular basket 30calls+100sms (2010-2017),6.097297297297297,0.3444148936170213
ARG,Argentina,2014,64.69999695,12240.0,,100.0,106.0389023,91.39753455,False,False,142.325481,15.1530477,43024071.0,43.024,Negara lain,Upper-Middle Income,3.0,World Average,2.6,Cellular basket 30calls+100sms (2010-2017),6.097297297297297,0.4264184397163121
ARM,Armenia,2014,54.62280586,4000.0,,99.7,86.520401,64.41429342,False,False,118.3654175,9.337631595,3013800.0,3.014,Negara lain,Lower-Middle Income,2.0,World Average,2.4,Cellular basket 30calls+100sms (2010-2017),6.097297297297297,0.39361702127659576
ABW,Aruba,2014,83.78,25260.0,,100.0,,63.43925313,False,False,135.1416714,18.57351533,106807.0,0.107,Negara lain,High Income,4.0,World Average,,,,
AUS,Australia,2014,84.0,65500.0,,100.0,,86.72212893,False,False,106.2062373,27.7000785,23475686.0,23.476,Negara lain,High Income,4.0,World Average,0.3,Cellular basket 30calls+100sms (2010-2017),6.097297297297297,0.04920212765957447
AUT,Austria,2014,80.99582496,49960.0,,100.0,101.3048096,67.41543276,False,False,151.5311453,27.59768956,8546356.0,8.546,Negara lain,High Income,4.0,World Average,0.3,Cellular basket 30calls+100sms (2010-2017),6.097297297297297,0.04920212765957447
AZE,Azerbaijan,2014,75.00001564,7740.0,,100.0,83.43866002,54.63191759,False,False,109.5666992,19.70763995,9535079.0,9.535,Negara lain,Upper-Middle Income,3.0,World Average,1.7,Cellular basket 30calls+100sms (2010-2017),6.097297297297297,0.27881205673758863
BHS,Bahamas,2014,76.91999817,27220.0,,100.0,91.62184048,82.3180931,False,False,82.35512611,20.18530047,382298.0,0.382,Negara lain,High Income,4.0,World Average,1.0,Cellular basket 30calls+100sms (2010-2017),6.097297297297297,0.16400709219858156
BHR,Bahrain,2014,90.50313348,25480.0,,100.0,104.2038469,100.0,False,False,177.4001255,21.90443981,1314562.0,1.315,Negara lain,High Income,4.0,World Average,0.6,Cellular basket 30calls+100sms (2010-2017),6.097297297297297,0.09840425531914894
BGD,Bangladesh,2014,9.052900314,1080.0,,62.4,,29.19444423,False,False,80.31282121,1.958137809,157964929.0,157.965,Negara lain,Low Income,1.0,World Average,1.6,Cellular basket 30calls+100sms (2010-2017),6.097297297297297,0.26241134751773054
BRB,Barbados,2014,71.92459869,19620.0,,100.0,108.1863098,59.24103134,False,False,109.738888,27.92547459,278348.0,0.278,Negara lain,High Income,4.0,World Average,1.9,Cellular basket 30calls+100sms (2010-2017),6.097297297297297,0.311613475177305
BLR,Belarus,2014,59.01631871,7620.0,,96.8,103.5103512,76.34052277,False,False,120.3660769,28.33769393,9448515.0,9.449,Negara lain,Upper-Middle Income,3.0,World Average,1.1,Cellular basket 30calls+100sms (2010-2017),6.097297297297297,0.18040780141843973
BEL,Belgium,2014,85.00123795,48050.0,,100.0,162.4219818,85.98483367,False,False,113.6002571,35.78196628,11209057.0,11.209,Negara lain,High Income,4.0,World Average,0.9,Cellular basket 30calls+100sms (2010-2017),6.097297297297297,0.14760638297872342
BLZ,Belize,2014,38.70000076,5670.0,,91.5,80.35830337,44.18501618,False,False,49.38052235,2.837302213,348923.0,0.349,Negara lain,Upper-Middle Income,3.0,World Average,8.6,Cellular basket 30calls+100sms (2010-2017),6.097297297297297,1.4104609929078014
BEN,Benin,2014,6.0,1180.0,,34.1,52.59526825,45.28805292,False,False,78.51703408,0.4117768226,11030004.0,11.03,Negara lain,Lower-Middle Income,2.0,World Average,18.6,Cellular basket 30calls+100sms (2010-2017),6.097297297297297,3.050531914893617
BMU,Bermuda,2014,96.8,102450.0,,100.0,85.48454285,100.0,False,False,93.64384769,54.66952101,63529.0,0.064,Negara lain,High Income,4.0,World Average,,,,
BTN,Bhutan,2014,30.29999924,2670.0,,91.4,84.14041901,36.13266061,False,False,85.18657444,3.407130162,733139.0,0.733,Negara lain,Lower-Middle Income,2.0,World Average,1.5,Cellular basket 30calls+100sms (2010-2017),6.097297297297297,0.24601063829787234
BOL,Bolivia,2014,34.60162023,2800.0,,90.0,89.45648198,68.03742541,False,False,96.32637926,1.592633273,10848888.0,10.849,Negara lain,Lower-Middle Income,2.0,World Average,4.8,Cellular basket 30calls+100sms (2010-2017),6.097297297297297,0.7872340425531915
BIH,Bosnia and Herzegovina,2014,49.91770172,5180.0,,99.9,90.2868576,47.13078348,False,False,97.93423471,15.21545634,3564829.0,3.565,Negara lain,Upper-Middle Income,3.0,World Average,3.7,Cellular basket 30calls+100sms (2010-2017),6.097297297297297,0.6068262411347518
BWA,Botswana,2014,36.74474744,6990.0,,60.0,,65.09651224,False,False,157.0183201,1.532657718,2172044.0,2.172,Negara lain,Upper-Middle Income,3.0,World Average,1.6,Cellular basket 30calls+100sms (2010-2017),6.097297297297297,0.26241134751773054
BRA,Brazil,2014,54.55100188,12280.0,,99.7,102.7803116,85.43313679,False,False,140.3046794,11.97907729,200085127.0,200.085,Negara lain,Upper-Middle Income,3.0,World Average,2.3,Cellular basket 30calls+100sms (2010-2017),6.097297297297297,0.37721631205673756
VGB,British Virgin Islands,2014,,,,99.2,96.87957094,48.81436536,False,False,,,,,,,,,,,,
BRN,Brunei Darussalam,2014,68.76999664,42370.0,,100.0,96.28486633,75.05726398,False,True,108.4712657,7.260707858,416750.0,0.417,ASEAN lain,High Income,4.0,World Average,0.6,Cellular basket 30calls+100sms (2010-2017),6.097297297297297,0.09840425531914894
BGR,Bulgaria,2014,55.49037663,7780.0,,95.9,104.9421997,73.08448792,False,False,131.335142,20.50113457,7073572.0,7.074,Negara lain,Upper-Middle Income,3.0,World Average,5.2,Cellular basket 30calls+100sms (2010-2017),6.097297297297297,0.8528368794326242
BFA,Burkina Faso,2014,6.0,730.0,,19.2,29.56687444,25.3814156,False,False,68.53955254,0.02966626386,18229461.0,18.229,Negara lain,Low Income,1.0,World Average,20.0,Cellular basket 30calls+100sms (2010-2017),6.097297297297297,3.280141843971631
BDI,Burundi,2014,1.042392126,240.0,,7.0,40.26412587,13.78397817,False,False,29.56778306,0.0157410541,10799785.0,10.8,Negara lain,Low Income,1.0,World Average,33.4,Cellular basket 30calls+100sms (2010-2017),6.097297297297297,5.4778368794326235
CPV,Cabo Verde,2014,40.25999832,3750.0,,85.3,93.60746648,65.80851127,False,False,119.72416,3.723410485,512326.0,0.512,Negara lain,Lower-Middle Income,2.0,World Average,10.9,Cellular basket 30calls+100sms (2010-2017),6.097297297297297,1.7876773049645391
KHM,Cambodia,2014,14.0,1330.0,,56.1,,27.81795578,False,True,132.8329211,0.4293822108,15396772.0,15.397,ASEAN lain,Lower-Middle Income,2.0,World Average,8.0,Cellular basket 30calls+100sms (2010-2017),6.097297297297297,1.3120567375886525
CMR,Cameroon,2014,16.21487223,1570.0,,56.8,59.12535636,52.29939444,False,False,77.23998933,0.07629683426,22059893.0,22.06,Negara lain,Lower-Middle Income,2.0,World Average,14.4,Cellular basket 30calls+100sms (2010-2017),6.097297297297297,2.3617021276595747
CAN,Canada,2014,87.12000275,52200.0,,100.0,111.6815567,81.21118316,False,False,80.79021921,35.26942496,35434066.0,35.434,Negara lain,High Income,4.0,World Average,0.7,Cellular basket 30calls+100sms (2010-2017),6.097297297297297,0.11480496453900708
CYM,Cayman Islands,2014,74.1,43420.0,,100.0,,100.0,False,False,151.3613697,39.01097074,60160.0,0.06,Negara lain,High Income,4.0,World Average,,,,
CAF,Central African Rep.,2014,2.700000048,380.0,,12.0,,39.62265219,False,False,24.99620391,,4623182.0,4.623,Negara lain,Low Income,1.0,World Average,51.6,Cellular basket 30calls+100sms (2010-2017),6.097297297297297,8.462765957446809
TCD,Chad,2014,2.900000095,1260.0,,8.4,22.84857941,22.52945135,False,False,37.01232772,0.07140200095,14188678.0,14.189,Negara lain,Lower-Middle Income,2.0,World Average,21.2,Cellular basket 30calls+100sms (2010-2017),6.097297297297297,3.476950354609929
CHI,Channel Islands,2014,,,,100.0,,32.62755953,False,False,,,,,,,,,,,,
CHL,Chile,2014,61.11000061,14690.0,,100.0,99.86544037,87.31337015,False,False,132.5596703,13.93691124,17864195.0,17.864,Negara lain,High Income,4.0,World Average,1.8,Cellular basket 30calls+100sms (2010-2017),6.097297297297297,0.29521276595744683
CHN,China,2014,47.90000153,7600.0,,100.0,,55.75025558,False,False,92.66120341,14.44451999,1371860000.0,1371.86,Negara lain,Upper-Middle Income,3.0,World Average,0.7,Cellular basket 30calls+100sms (2010-2017),6.097297297297297,0.11480496453900708
COL,Colombia,2014,52.56813654,8280.0,,97.8,97.36328888,77.10584494,False,False,118.8226399,10.79898781,46565429.0,46.565,Negara lain,Upper-Middle Income,3.0,World Average,3.0,Cellular basket 30calls+100sms (2010-2017),6.097297297297297,0.4920212765957447
COM,Comoros,2014,6.980000019,1590.0,,71.8,61.50787743,30.03029066,False,False,53.82970978,0.2224867639,711503.0,0.712,Negara lain,Lower-Middle Income,2.0,World Average,20.7,Cellular basket 30calls+100sms (2010-2017),6.097297297297297,3.3949468085106385
COG,Congo (Rep. of the),2014,7.110000134,3800.0,,43.4,,63.00754156,False,False,99.07996174,0.01004847384,4975880.0,4.976,Negara lain,Lower-Middle Income,2.0,World Average,6.5,Cellular basket 30calls+100sms (2010-2017),6.097297297297297,1.06604609929078
COD,"Congo, Dem. Rep.",2014,3.0,450.0,,13.5,41.1783905,40.95638735,False,False,47.32324462,0.0006377287307,78403242.0,78.403,Negara lain,Low Income,1.0,World Average,,,,
CRI,Costa Rica,2014,53.0,10410.0,,99.4,114.2898636,74.48669632,False,False,147.2673957,10.83121693,4767119.0,4.767,Negara lain,Upper-Middle Income,3.0,World Average,0.5,Cellular basket 30calls+100sms (2010-2017),6.097297297297297,0.08200354609929078
CIV,Cote d'Ivoire,2014,10.0,1860.0,,61.9,40.4629922,49.01731446,False,False,90.12198401,0.5172053534,24527395.0,24.527,Negara lain,Lower-Middle Income,2.0,World Average,14.0,Cellular basket 30calls+100sms (2010-2017),6.097297297297297,2.296099290780142
HRV,Croatia,2014,68.56789925,13820.0,,100.0,102.528923,55.45918349,False,False,105.7322954,23.33190899,4201598.0,4.202,Negara lain,Upper-Middle Income,3.0,World Average,1.8,Cellular basket 30calls+100sms (2010-2017),6.097297297297297,0.29521276595744683
CUB,Cuba,2014,29.07018437,6850.0,,98.7,95.98679902,76.84424591,False,False,22.42426417,0.06905152725,11285775.0,11.286,Negara lain,Upper-Middle Income,3.0,World Average,4.3,Cellular basket 30calls+100sms (2010-2017),6.097297297297297,0.7052304964539007
CUW,Curacao,2014,,18980.0,,100.0,,91.30820308,False,False,,,,,,,,,,,,
CYP,Cyprus,2014,69.32869671,26350.0,,100.0,97.83583832,67.12305588,False,False,129.0429833,28.30053439,1201801.0,1.202,Negara lain,High Income,4.0,World Average,0.4,Cellular basket 30calls+100sms (2010-2017),6.097297297297297,0.06560283687943264
CZE,Czech Republic,2014,74.23171164,19080.0,,100.0,106.1185074,73.0995921,False,False,132.2886852,28.47536033,10525347.0,10.525,Negara lain,High Income,4.0,World Average,1.0,Cellular basket 30calls+100sms (2010-2017),6.097297297297297,0.16400709219858156
DNK,Denmark,2014,95.99350538,63650.0,,100.0,132.451355,87.68239857,False,False,126.8691416,41.49263775,5643475.0,5.643,Negara lain,High Income,4.0,World Average,0.2,Cellular basket 30calls+100sms (2010-2017),6.097297297297297,0.03280141843971632
DJI,Djibouti,2014,17.0,,,58.9,,70.88990322,False,False,,,,,,,,,,,,
DMA,Dominica,2014,57.5,7670.0,,95.7,93.3871994,69.49078471,False,False,104.9919714,15.32547994,70373.0,0.07,Negara lain,Upper-Middle Income,3.0,World Average,2.9,Cellular basket 30calls+100sms (2010-2017),6.097297297297297,0.47562056737588654
DOM,Dominican Rep.,2014,49.58000183,6230.0,,98.5,80.11454425,74.19315338,False,False,80.49550154,5.816435184,10315528.0,10.316,Negara lain,Upper-Middle Income,3.0,World Average,2.9,Cellular basket 30calls+100sms (2010-2017),6.097297297297297,0.47562056737588654
ECU,Ecuador,2014,45.59039067,6190.0,,99.0,102.5903397,62.92324322,False,False,103.5585194,8.229602715,16035124.0,16.035,Negara lain,Upper-Middle Income,3.0,World Average,3.4,Cellular basket 30calls+100sms (2010-2017),6.097297297297297,0.5576241134751773
EGY,Egypt,2014,33.89460391,3000.0,,99.8,73.37234211,42.68255223,False,False,97.73131289,3.145617082,97528654.0,97.529,Negara lain,Lower-Middle Income,2.0,World Average,2.1,Cellular basket 30calls+100sms (2010-2017),6.097297297297297,0.3444148936170213
SLV,El Salvador,2014,24.76171215,3480.0,,95.1,71.38583491,68.91666643,False,False,149.1710064,5.17470921,6162955.0,6.163,Negara lain,Lower-Middle Income,2.0,World Average,4.5,Cellular basket 30calls+100sms (2010-2017),6.097297297297297,0.7380319148936171
GNQ,Equatorial Guinea,2014,18.86000061,12620.0,,66.0,,65.55932402,False,False,36.90024774,0.2772483477,1399828.0,1.4,Negara lain,Upper-Middle Income,3.0,World Average,2.9,Cellular basket 30calls+100sms (2010-2017),6.097297297297297,0.47562056737588654
ERI,Eritrea,2014,0.99000001,,,44.6,50.66537857,35.63972092,False,False,,,,,,,,,,,,
EST,Estonia,2014,84.24152803,19210.0,,100.0,107.6858215,68.26683828,False,False,144.3606157,28.22537453,1314545.0,1.315,Negara lain,High Income,4.0,World Average,1.5,Cellular basket 30calls+100sms (2010-2017),6.097297297297297,0.24601063829787234
SWZ,Eswatini,2014,25.0,3890.0,,65.0,73.70523834,23.02685045,False,False,80.68298925,0.4488255292,1136299.0,1.136,Negara lain,Lower-Middle Income,2.0,World Average,5.1,Cellular basket 30calls+100sms (2010-2017),6.097297297297297,0.836436170212766
ETH,Ethiopia,2014,7.699999809,530.0,,27.2,,19.02628708,False,False,30.15360339,0.4660853057,101115610.0,101.116,Negara lain,Low Income,1.0,World Average,7.2,Cellular basket 30calls+100sms (2010-2017),6.097297297297297,1.1808510638297873
FRO,Faroe Islands,2014,93.3,60440.0,,100.0,,37.9093895,False,False,120.1938544,35.80738297,48427.0,0.048,Negara lain,High Income,4.0,World Average,,,,
FJI,Fiji,2014,37.40000153,4740.0,,93.0,88.18496869,54.08382875,False,False,95.48717558,1.354315949,917585.0,0.918,Negara lain,Upper-Middle Income,3.0,World Average,4.9,Cellular basket 30calls+100sms (2010-2017),6.097297297297297,0.8036347517730498
FIN,Finland,2014,86.53039275,49210.0,,100.0,147.4133148,70.98791689,False,False,139.1988259,32.19702934,5461512.0,5.462,Negara lain,High Income,4.0,World Average,0.3,Cellular basket 30calls+100sms (2010-2017),6.097297297297297,0.04920212765957447
FRA,France,2014,83.75109967,43470.0,,100.0,103.425827,77.35242968,False,False,101.1322906,40.14221557,66312067.0,66.312,Negara lain,High Income,4.0,World Average,1.1,Cellular basket 30calls+100sms (2010-2017),6.097297297297297,0.18040780141843973
PYF,French Polynesia,2014,60.68,23990.0,,100.0,,61.68248074,False,False,92.30643988,17.9965049,276387.0,0.276,Negara lain,High Income,4.0,World Average,,,,
GAB,Gabon,2014,38.07120132,8880.0,,87.1,,87.6236018,False,False,148.2375901,0.5458959492,1978399.0,1.978,Negara lain,Upper-Middle Income,3.0,World Average,2.5,Cellular basket 30calls+100sms (2010-2017),6.097297297297297,0.4100177304964539
GMB,Gambia,2014,15.56000042,600.0,,53.0,,58.61417997,False,False,105.5052649,0.1267250874,2164528.0,2.165,Negara lain,Low Income,1.0,World Average,12.7,Cellular basket 30calls+100sms (2010-2017),6.097297297297297,2.0828900709219855
GEO,Georgia,2014,49.10245471,4850.0,,100.0,105.7570889,57.0237613,False,False,142.3908676,15.840741,3719414.0,3.719,Negara lain,Upper-Middle Income,3.0,World Average,1.9,Cellular basket 30calls+100sms (2010-2017),6.097297297297297,0.311613475177305
DEU,Germany,2014,86.19370066,48610.0,,100.0,103.3038712,80.57574024,False,False,122.3086686,36.3409223,80982500.0,80.982,Negara lain,High Income,4.0,World Average,0.5,Cellular basket 30calls+100sms (2010-2017),6.097297297297297,0.08200354609929078
GHA,Ghana,2014,19.0,1830.0,,78.3,63.97456998,53.06633988,False,False,108.2704969,0.250235436,28041592.0,28.042,Negara lain,Lower-Middle Income,2.0,World Average,2.7,Cellular basket 30calls+100sms (2010-2017),6.097297297297297,0.44281914893617025
GIB,Gibraltar,2014,,,,99.9,,100.0,False,False,,,,,,,,,,,,
GRC,Greece,2014,63.20734048,21670.0,,100.0,103.4685898,77.31304863,False,False,111.4882303,28.97294506,10892413.0,10.892,Negara lain,High Income,4.0,World Average,0.5,Cellular basket 30calls+100sms (2010-2017),6.097297297297297,0.08200354609929078
GRL,Greenland,2014,66.7,,,100.0,,85.67723846,False,False,,,,,,,,,,,,
GRD,Grenada,2014,51.6,7170.0,,91.0,106.9938516,35.90146243,False,False,102.6451828,16.48179301,114132.0,0.114,Negara lain,Upper-Middle Income,3.0,World Average,3.5,Cellular basket 30calls+100sms (2010-2017),6.097297297297297,0.5740248226950355
GUM,Guam,2014,69.27,,,100.0,,94.07874768,False,False,,,,,,,,,,,,
GTM,Guatemala,2014,23.39999962,3460.0,,85.5,52.96680237,53.1458479,False,False,107.8440733,2.765856435,15681725.0,15.682,Negara lain,Lower-Middle Income,2.0,World Average,7.7,Cellular basket 30calls+100sms (2010-2017),6.097297297297297,1.262854609929078
GIN,Guinea,2014,6.400000095,730.0,,33.5,38.55487823,34.81779208,False,False,75.68689551,0.007844556453,11472924.0,11.473,Negara lain,Low Income,1.0,World Average,14.3,Cellular basket 30calls+100sms (2010-2017),6.097297297297297,2.3453014184397163
GNB,Guinea-Bissau,2014,3.319999933,660.0,,17.2,,41.72719955,False,False,63.65418391,0.08012074972,1741122.0,1.741,Negara lain,Low Income,1.0,World Average,32.2,Cellular basket 30calls+100sms (2010-2017),6.097297297297297,5.281028368794327
GUY,Guyana,2014,32.0,5640.0,,86.9,,26.4018152,False,False,75.16351135,5.996189486,754229.0,0.754,Negara lain,Upper-Middle Income,3.0,World Average,4.0,Cellular basket 30calls+100sms (2010-2017),6.097297297297297,0.6560283687943262
HTI,Haiti,2014,11.39999962,1460.0,,39.6,,48.77239162,False,False,65.25748236,0.0,10373235.0,10.373,Negara lain,Lower-Middle Income,2.0,World Average,13.7,Cellular basket 30calls+100sms (2010-2017),6.097297297297297,2.2468971631205674
HND,Honduras,2014,23.0,1980.0,,88.7,49.47668218,53.87680891,False,False,85.23654432,1.741695632,9063122.0,9.063,Negara lain,Lower-Middle Income,2.0,World Average,8.3,Cellular basket 30calls+100sms (2010-2017),6.097297297297297,1.3612588652482271
HKG,"Hong Kong SAR, China",2014,79.86627043,40240.0,,100.0,105.5552171,100.0,False,False,231.7023387,31.16708366,7229500.0,7.23,Negara lain,High Income,4.0,World Average,0.2,Cellular basket 30calls+100sms (2010-2017),6.097297297297297,0.03280141843971632
HUN,Hungary,2014,75.65319745,13630.0,,100.0,106.0269699,70.30710535,False,False,118.8956591,26.16423339,9833038.0,9.833,Negara lain,Upper-Middle Income,3.0,World Average,2.2,Cellular basket 30calls+100sms (2010-2017),6.097297297297297,0.36081560283687947
ISL,Iceland,2014,98.15802331,50800.0,,100.0,120.6325684,93.61967163,False,False,112.9873104,36.53209653,327386.0,0.327,Negara lain,High Income,4.0,World Average,0.6,Cellular basket 30calls+100sms (2010-2017),6.097297297297297,0.09840425531914894
IND,India,2014,13.5,1540.0,,85.1,74.88870239,32.22882334,False,False,71.93668254,1.200203746,1312277191.0,1312.277,Negara lain,Lower-Middle Income,2.0,World Average,2.1,Cellular basket 30calls+100sms (2010-2017),6.097297297297297,0.3444148936170213
IDN,Indonesia,2014,17.14315984,3570.0,,97.0,83.55599493,52.50021362,True,True,125.7671856,1.31336301,258877399.0,258.877,Indonesia,Lower-Middle Income,2.0,Indonesia,1.8,Cellular basket 30calls+100sms (2010-2017),6.097297297297297,0.29521276595744683
IRN,Iran (Islamic Republic of),2014,39.35361451,6660.0,,100.0,82.58693695,72.83240704,False,False,84.52689868,7.539958046,81502045.0,81.502,Negara lain,Upper-Middle Income,3.0,World Average,0.3,Cellular basket 30calls+100sms (2010-2017),6.097297297297297,0.04920212765957447
IRQ,Iraq,2014,11.64532673,6440.0,,99.2,,69.66666412,False,False,90.28713196,,36550059.0,36.55,Negara lain,Upper-Middle Income,3.0,World Average,1.9,Cellular basket 30calls+100sms (2010-2017),6.097297297297297,0.311613475177305
IRL,Ireland,2014,83.49172234,47580.0,,100.0,116.7390976,62.53540173,False,False,105.4608834,27.02218585,4657740.0,4.658,Negara lain,High Income,4.0,World Average,1.0,Cellular basket 30calls+100sms (2010-2017),6.097297297297297,0.16400709219858156
IMN,Isle of Man,2014,,88570.0,,100.0,,52.09979134,False,False,,,,,,,,,,,,
ISR,Israel,2014,75.01775316,37000.0,,100.0,98.52570343,91.71519809,False,False,120.2961209,26.98431934,8215700.0,8.216,Negara lain,High Income,4.0,World Average,1.2,Cellular basket 30calls+100sms (2010-2017),6.097297297297297,0.19680851063829788
ITA,Italy,2014,55.63846022,35370.0,,100.0,101.121727,69.58076386,False,False,148.2169912,23.70837145,60320707.0,60.321,Negara lain,High Income,4.0,World Average,0.6,Cellular basket 30calls+100sms (2010-2017),6.097297297297297,0.09840425531914894
JAM,Jamaica,2014,40.4027351,5060.0,,93.3,86.3705618,54.86603957,False,False,107.5790989,5.42475362,2793749.0,2.794,Negara lain,Upper-Middle Income,3.0,World Average,2.0,Cellular basket 30calls+100sms (2010-2017),6.097297297297297,0.3280141843971631
JPN,Japan,2014,89.10683302,45180.0,,100.0,101.0364227,91.25489451,False,False,123.8220996,29.64148979,127276000.0,127.276,Negara lain,High Income,4.0,World Average,1.0,Cellular basket 30calls+100sms (2010-2017),6.097297297297297,0.16400709219858156
JOR,Jordan,2014,46.2,4380.0,,99.8,88.87030341,88.03717543,False,False,126.1689023,4.001303501,8791710.0,8.792,Negara lain,Lower-Middle Income,2.0,World Average,1.2,Cellular basket 30calls+100sms (2010-2017),6.097297297297297,0.19680851063829788
KAZ,Kazakhstan,2014,66.0,11720.0,,100.0,98.52238889,55.55243618,False,False,160.5025964,12.05638549,17816285.0,17.816,Negara lain,Upper-Middle Income,3.0,World Average,0.9,Cellular basket 30calls+100sms (2010-2017),6.097297297297297,0.14760638297872342
KEN,Kenya,2014,16.5,1250.0,,36.0,,31.79315453,False,False,73.03274556,0.2210853776,46051440.0,46.051,Negara lain,Lower-Middle Income,2.0,World Average,3.5,Cellular basket 30calls+100sms (2010-2017),6.097297297297297,0.5740248226950355
KIR,Kiribati,2014,12.25,3260.0,,83.4,,50.39093089,False,False,26.01321471,0.4335535786,115326.0,0.115,Negara lain,Lower-Middle Income,2.0,World Average,10.2,Cellular basket 30calls+100sms (2010-2017),6.097297297297297,1.672872340425532
KOR,Korea (Rep. of),2014,87.55682649,29480.0,,100.0,98.58067322,81.73156828,False,False,113.3585796,37.98831146,50746659.0,50.747,Negara lain,High Income,4.0,World Average,0.9,Cellular basket 30calls+100sms (2010-2017),6.097297297297297,0.14760638297872342
PRK,"Korea, Dem. People's Rep.",2014,,,,37.8,,61.09409475,False,False,,,,,,,,,,,,
XKX,Kosovo,2014,,3900.0,,,,39.19389228,False,False,,,,,,,,,,,,
KWT,Kuwait,2014,78.69999695,51350.0,,100.0,93.06600189,100.0,False,False,207.3236535,1.309412548,3665876.0,3.666,Negara lain,High Income,4.0,World Average,0.4,Cellular basket 30calls+100sms (2010-2017),6.097297297297297,0.06560283687943264
KGZ,Kyrgyz Republic,2014,28.29999924,1230.0,,99.8,89.41640905,35.1455493,False,False,128.2305009,2.89414662,5905848.0,5.906,Negara lain,Lower-Middle Income,2.0,World Average,4.7,Cellular basket 30calls+100sms (2010-2017),6.097297297297297,0.7708333333333334
LAO,Lao P.D.R.,2014,14.26000023,1810.0,,82.5,58.02473831,32.66382352,False,True,68.90149917,0.240468244,6703172.0,6.703,ASEAN lain,Lower-Middle Income,2.0,World Average,2.7,Cellular basket 30calls+100sms (2010-2017),6.097297297297297,0.44281914893617025
LVA,Latvia,2014,75.82610414,14810.0,,100.0,113.7069321,67.86860354,False,False,119.5497428,25.32408561,1993782.0,1.994,Negara lain,High Income,4.0,World Average,0.8,Cellular basket 30calls+100sms (2010-2017),6.097297297297297,0.13120567375886527
LBN,Lebanon,2014,73.0,7440.0,,99.7,59.2622758,88.41825748,False,False,69.12371061,17.83741585,6346990.0,6.347,Negara lain,Upper-Middle Income,3.0,World Average,1.9,Cellular basket 30calls+100sms (2010-2017),6.097297297297297,0.311613475177305
LSO,Lesotho,2014,22.0,1330.0,,27.8,58.25756294,32.64044091,False,False,102.8219946,0.07220844877,2080089.0,2.08,Negara lain,Lower-Middle Income,2.0,World Average,12.4,Cellular basket 30calls+100sms (2010-2017),6.097297297297297,2.0336879432624113
LBR,Liberia,2014,5.409999847,620.0,,9.4,36.76956177,50.21981532,False,False,70.66281678,0.1314551892,4564293.0,4.564,Negara lain,Low Income,1.0,World Average,44.3,Cellular basket 30calls+100sms (2010-2017),6.097297297297297,7.265514184397163
LBY,Libya,2014,17.76000023,9130.0,,75.5,,88.01420593,False,False,132.2039341,0.9770894311,6427252.0,6.427,Negara lain,Upper-Middle Income,3.0,World Average,1.1,Cellular basket 30calls+100sms (2010-2017),6.097297297297297,0.18040780141843973
LIE,Liechtenstein,2014,95.20999908,,,100.0,115.5578308,14.43369851,False,False,,,,,,,,,0.3,Cellular basket 30calls+100sms (2010-2017),6.097297297297297,0.04920212765957447
LTU,Lithuania,2014,72.13353786,16020.0,,100.0,107.7464294,67.15149376,False,False,145.4942915,27.33777949,2937253.0,2.937,Negara lain,High Income,4.0,World Average,0.7,Cellular basket 30calls+100sms (2010-2017),6.097297297297297,0.11480496453900708
LUX,Luxembourg,2014,94.67020528,86760.0,,100.0,104.5969772,90.45778077,False,False,144.2441652,33.58027177,556319.0,0.556,Negara lain,High Income,4.0,World Average,0.3,Cellular basket 30calls+100sms (2010-2017),6.097297297297297,0.04920212765957447
MAC,"Macao SAR, China",2014,69.78094922,68530.0,,100.0,101.7587302,100.0,False,False,304.1849636,26.4618944,621700.0,0.622,Negara lain,High Income,4.0,World Average,0.1,Cellular basket 30calls+100sms (2010-2017),6.097297297297297,0.01640070921985816
MDG,Madagascar,2014,3.700000048,500.0,,23.0,35.81487023,28.91858943,False,False,39.22527256,0.1002852972,24764348.0,24.764,Negara lain,Low Income,1.0,World Average,50.4,Cellular basket 30calls+100sms (2010-2017),6.097297297297297,8.26595744680851
MWI,Malawi,2014,5.829999924,530.0,,11.9,39.54356595,15.76615419,False,False,33.88684007,0.05150546237,16621538.0,16.622,Negara lain,Low Income,1.0,World Average,52.7,Cellular basket 30calls+100sms (2010-2017),6.097297297297297,8.643173758865249
MYS,Malaysia,2014,63.66542588,10840.0,,99.7,83.28363037,72.98022069,False,True,146.3656486,9.971938814,30696137.0,30.696,ASEAN lain,Upper-Middle Income,3.0,World Average,0.7,Cellular basket 30calls+100sms (2010-2017),6.097297297297297,0.11480496453900708
MDV,Maldives,2014,49.27999878,7720.0,,100.0,72.91108941,38.19388599,False,False,160.9745247,4.797191605,413617.0,0.414,Negara lain,Upper-Middle Income,3.0,World Average,1.1,Cellular basket 30calls+100sms (2010-2017),6.097297297297297,0.18040780141843973
MLI,Mali,2014,7.0,910.0,,34.2,41.23491147,25.26567287,False,False,130.4395712,,18020267.0,18.02,Negara lain,Low Income,1.0,World Average,27.3,Cellular basket 30calls+100sms (2010-2017),6.097297297297297,4.477393617021277
MLT,Malta,2014,73.11411578,24590.0,,100.0,95.61917114,94.41251277,False,False,125.7187245,34.88198672,433481.0,0.433,Negara lain,High Income,4.0,World Average,1.3,Cellular basket 30calls+100sms (2010-2017),6.097297297297297,0.21320921985815605
MHL,Marshall Islands,2014,16.79999924,4560.0,,91.5,,75.07905554,False,False,31.12699815,2.755241385,49796.0,0.05,Negara lain,Upper-Middle Income,3.0,World Average,6.1,Cellular basket 30calls+100sms (2010-2017),6.097297297297297,1.0004432624113475
MRT,Mauritania,2014,11.80000019,1790.0,,38.8,30.69882329,50.46947912,False,False,97.5267337,0.2078724412,3848514.0,3.849,Negara lain,Lower-Middle Income,2.0,World Average,13.2,Cellular basket 30calls+100sms (2010-2017),6.097297297297297,2.1648936170212765
MUS,Mauritius,2014,44.80327537,10720.0,,99.5,97.07535326,39.7887572,False,False,127.8632823,14.08663279,1261208.0,1.261,Negara lain,Upper-Middle Income,3.0,World Average,0.8,Cellular basket 30calls+100sms (2010-2017),6.097297297297297,0.13120567375886527
MEX,Mexico,2014,44.38569627,10950.0,,99.2,97.31968689,76.97413671,False,False,87.61446464,10.87999282,119784261.0,119.784,Negara lain,Upper-Middle Income,3.0,World Average,1.4,Cellular basket 30calls+100sms (2010-2017),6.097297297297297,0.22960992907801417
FSM,Micronesia,2014,29.64999962,3090.0,,71.2,,22.30461931,False,False,,2.852503782,108396.0,0.108,Negara lain,Lower-Middle Income,2.0,World Average,6.6,Cellular basket 30calls+100sms (2010-2017),6.097297297297297,1.0824468085106382
MDA,Moldova,2014,66.9999982,3730.0,,99.8,104.382597,39.62984848,False,False,111.829208,15.23300413,2857815.0,2.858,Negara lain,Lower-Middle Income,2.0,World Average,4.3,Cellular basket 30calls+100sms (2010-2017),6.097297297297297,0.7052304964539007
MCO,Monaco,2014,92.40000153,,,100.0,,100.0,False,False,,,,,,,,,,,,
MNG,Mongolia,2014,19.94244743,4180.0,,86.0,,67.99413572,False,False,103.9204418,6.771176081,2963113.0,2.963,Negara lain,Lower-Middle Income,2.0,World Average,0.9,Cellular basket 30calls+100sms (2010-2017),6.097297297297297,0.14760638297872342
MNE,Montenegro,2014,63.88688401,7280.0,,97.7,,64.72321438,False,False,160.4903583,16.45028707,623744.0,0.624,Negara lain,Upper-Middle Income,3.0,World Average,1.9,Cellular basket 30calls+100sms (2010-2017),6.097297297297297,0.311613475177305
MAR,Morocco,2014,56.77463792,3330.0,,97.3,,60.30304862,False,False,128.9718396,2.904421546,34204780.0,34.205,Negara lain,Lower-Middle Income,2.0,World Average,4.6,Cellular basket 30calls+100sms (2010-2017),6.097297297297297,0.7544326241134751
MOZ,Mozambique,2014,6.0,710.0,,24.8,33.95458984,31.89722458,False,False,71.67014723,0.1434167782,25788475.0,25.788,Negara lain,Low Income,1.0,World Average,23.3,Cellular basket 30calls+100sms (2010-2017),6.097297297297297,3.8213652482269507
MMR,Myanmar,2014,7.400000095,1260.0,,52.0,57.11785126,29.61643421,False,True,57.27783362,,50681634.0,50.682,ASEAN lain,Lower-Middle Income,2.0,World Average,4.6,Cellular basket 30calls+100sms (2010-2017),6.097297297297297,0.7544326241134751
NAM,Namibia,2014,14.84000015,5690.0,,48.4,76.75956466,44.82142482,False,False,115.5200012,1.782418791,2312139.0,2.312,Negara lain,Upper-Middle Income,3.0,World Average,2.0,Cellular basket 30calls+100sms (2010-2017),6.097297297297297,0.3280141843971631
NRU,Naoero,2014,,12530.0,,99.5,83.91837311,100.0,False,False,,,,,,,,,,,,
NPL,Nepal,2014,15.43999958,860.0,,84.9,67.53182983,64.56408471,False,False,83.19251297,0.9056036762,27672370.0,27.672,Negara lain,Low Income,1.0,World Average,4.1,Cellular basket 30calls+100sms (2010-2017),6.097297297297297,0.6724290780141844
NLD,Netherlands,2014,91.66666667,52220.0,,100.0,,89.83647871,False,False,114.8672799,40.2287974,16865008.0,16.865,Negara lain,High Income,4.0,World Average,1.0,Cellular basket 30calls+100sms (2010-2017),6.097297297297297,0.16400709219858156
NCL,New Caledonia,2014,70.0,,,100.0,,66.78463871,False,False,,,,,,,,,,,,
NZL,New Zealand,2014,84.0,41700.0,,100.0,116.0843124,85.50766595,False,False,112.7574435,31.17411673,4516500.0,4.516,Negara lain,High Income,4.0,World Average,0.5,Cellular basket 30calls+100sms (2010-2017),6.097297297297297,0.08200354609929078
NIC,Nicaragua,2014,17.60000038,1850.0,,81.9,,57.62226537,False,False,116.5065412,1.836464962,6066492.0,6.066,Negara lain,Lower-Middle Income,2.0,World Average,19.6,Cellular basket 30calls+100sms (2010-2017),6.097297297297297,3.214539007092199
NER,Niger,2014,1.248675689,590.0,,15.7,17.84595055,16.24504246,False,False,42.86240115,0.1558812544,19215909.0,19.216,Negara lain,Low Income,1.0,World Average,38.6,Cellular basket 30calls+100sms (2010-2017),6.097297297297297,6.330673758865249
NGA,Nigeria,2014,21.0,2870.0,,54.2,42.78215027,54.92324353,False,False,74.75127815,0.008467058208,185896915.0,185.897,Negara lain,Lower-Middle Income,2.0,World Average,2.6,Cellular basket 30calls+100sms (2010-2017),6.097297297297297,0.4264184397163121
MKD,North Macedonia,2014,68.05848154,5630.0,,99.8,83.69497681,58.80336706,False,False,111.3425897,17.72390385,1917557.0,1.918,Negara lain,Upper-Middle Income,3.0,World Average,3.0,Cellular basket 30calls+100sms (2010-2017),6.097297297297297,0.4920212765957447
MNP,Northern Mariana Islands,2014,,,,100.0,,91.25123444,False,False,,,,,,,,,,,,
NOR,Norway,2014,96.30050982,105010.0,,100.0,113.4482269,80.61171595,False,False,111.6900881,38.48504933,5137232.0,5.137,Negara lain,High Income,4.0,World Average,0.3,Cellular basket 30calls+100sms (2010-2017),6.097297297297297,0.04920212765957447
OMN,Oman,2014,70.22000122,22060.0,,100.0,,76.88925767,False,False,153.8060369,4.396612089,4002439.0,4.002,Negara lain,High Income,4.0,World Average,0.6,Cellular basket 30calls+100sms (2010-2017),6.097297297297297,0.09840425531914894
PAK,Pakistan,2014,10.0,1250.0,,90.1,32.65734273,35.65955498,False,False,63.36184382,0.9374780339,214264647.0,214.265,Negara lain,Lower-Middle Income,2.0,World Average,1.8,Cellular basket 30calls+100sms (2010-2017),6.097297297297297,0.29521276595744683
PLW,Palau,2014,,12730.0,,99.8,108.3783784,80.73386404,False,False,,,,,,,,,,,,
PAN,Panama,2014,44.92381526,11520.0,,90.8,76.04062653,65.45311648,False,False,177.4386122,7.966519882,3892101.0,3.892,Negara lain,Upper-Middle Income,3.0,World Average,1.4,Cellular basket 30calls+100sms (2010-2017),6.097297297297297,0.22960992907801417
PNG,Papua New Guinea,2014,6.5,2790.0,,18.1,,13.1316404,False,False,39.40779317,0.1548670308,8523441.0,8.523,Negara lain,Lower-Middle Income,2.0,World Average,13.0,Cellular basket 30calls+100sms (2010-2017),6.097297297297297,2.13209219858156
PRY,Paraguay,2014,43.00737501,6280.0,,99.0,,60.71019659,False,False,120.3542746,3.04993022,6069811.0,6.07,Negara lain,Upper-Middle Income,3.0,World Average,3.2,Cellular basket 30calls+100sms (2010-2017),6.097297297297297,0.5248226950354611
PER,Peru,2014,40.24465601,6520.0,,92.9,99.87338257,79.99454657,False,False,105.858106,5.867536225,30115826.0,30.116,Negara lain,Upper-Middle Income,3.0,World Average,2.3,Cellular basket 30calls+100sms (2010-2017),6.097297297297297,0.37721631205673756
PHL,Philippines,2014,34.70000076,3220.0,,89.8,81.56403143,50.23924002,False,True,107.2844985,2.794719291,103767130.0,103.767,ASEAN lain,Lower-Middle Income,2.0,World Average,3.5,Cellular basket 30calls+100sms (2010-2017),6.097297297297297,0.5740248226950355
POL,Poland,2014,66.59873606,13540.0,,100.0,110.0310211,60.43400633,False,False,148.7132836,18.9045672,38011735.0,38.012,Negara lain,Upper-Middle Income,3.0,World Average,0.8,Cellular basket 30calls+100sms (2010-2017),6.097297297297297,0.13120567375886527
PRT,Portugal,2014,64.59242006,21210.0,,100.0,114.9012909,61.13945374,False,False,114.3128918,27.4622463,10401062.0,10.401,Negara lain,High Income,4.0,World Average,0.9,Cellular basket 30calls+100sms (2010-2017),6.097297297297297,0.14760638297872342
PRI,Puerto Rico,2014,76.13385972,19010.0,,100.0,91.33558655,93.78130718,False,False,89.9998233,17.11840604,3585017.0,3.585,Negara lain,High Income,4.0,World Average,,,,
QAT,Qatar,2014,91.48999786,91410.0,,100.0,97.88453113,98.90162784,False,False,149.0201824,10.16384989,2151745.0,2.152,Negara lain,High Income,4.0,World Average,0.2,Cellular basket 30calls+100sms (2010-2017),6.097297297297297,0.03280141843971632
ROU,Romania,2014,54.07832066,9760.0,,98.4,93.53399658,53.82671876,False,False,114.7826536,20.11395233,19908979.0,19.909,Negara lain,Upper-Middle Income,3.0,World Average,2.9,Cellular basket 30calls+100sms (2010-2017),6.097297297297297,0.47562056737588654
RUS,Russian Federation,2014,70.51756826,14590.0,,100.0,95.60563227,74.17764767,False,False,152.5129412,17.21610499,144237223.0,144.237,Negara lain,High Income,4.0,World Average,0.6,Cellular basket 30calls+100sms (2010-2017),6.097297297297297,0.09840425531914894
RWA,Rwanda,2014,10.60000038,710.0,,19.8,41.82186549,17.50207165,False,False,68.16704484,0.02566706882,11364757.0,11.365,Negara lain,Low Income,1.0,World Average,10.5,Cellular basket 30calls+100sms (2010-2017),6.097297297297297,1.7220744680851063
KNA,Saint Kitts and Nevis,2014,65.38179779,18850.0,,100.0,113.1245117,31.22900153,False,False,138.0364841,29.76916053,47089.0,0.047,Negara lain,High Income,4.0,World Average,1.5,Cellular basket 30calls+100sms (2010-2017),6.097297297297297,0.24601063829787234
LCA,Saint Lucia,2014,53.17969894,9040.0,,98.1,90.74855042,19.39154459,False,False,108.1619176,16.19347874,174138.0,0.174,Negara lain,Upper-Middle Income,3.0,World Average,4.3,Cellular basket 30calls+100sms (2010-2017),6.097297297297297,0.7052304964539007
VCT,Saint Vincent and the Grenadines,2014,47.4,6860.0,,98.1,111.3719635,46.55799305,False,False,106.9577347,13.68484679,107535.0,0.108,Negara lain,Upper-Middle Income,3.0,World Average,4.5,Cellular basket 30calls+100sms (2010-2017),6.097297297297297,0.7380319148936171
WSM,Samoa,2014,21.20000076,3830.0,,97.9,87.4514118,19.31266795,False,False,53.25214835,1.010313092,200037.0,0.2,Negara lain,Lower-Middle Income,2.0,World Average,6.1,Cellular basket 30calls+100sms (2010-2017),6.097297297297297,1.0004432624113475
SMR,San Marino,2014,,,,100.0,,97.09999847,False,False,,,,,,,,,,,,
STP,Sao Tome and Principe,2014,24.40999985,1440.0,,68.6,74.28154755,67.26067352,False,False,65.30566609,0.5590368304,196767.0,0.197,Negara lain,Lower-Middle Income,2.0,World Average,10.0,Cellular basket 30calls+100sms (2010-2017),6.097297297297297,1.6400709219858156
SAU,Saudi Arabia,2014,64.71365737,29080.0,,100.0,98.84960915,82.78225713,False,False,181.8565667,,28309273.0,28.309,Negara lain,High Income,4.0,World Average,0.7,Cellular basket 30calls+100sms (2010-2017),6.097297297297297,0.11480496453900708
SEN,Senegal,2014,17.70000076,1370.0,,61.0,50.54693138,45.60209053,False,False,101.6084324,0.7303650016,14152102.0,14.152,Negara lain,Lower-Middle Income,2.0,World Average,18.9,Cellular basket 30calls+100sms (2010-2017),6.097297297297297,3.0997340425531914
SRB,Serbia,2014,62.07508046,6450.0,,99.7,94.34441376,59.87793732,False,False,131.3531175,16.74180777,7131787.0,7.132,Negara lain,Upper-Middle Income,3.0,World Average,3.0,Cellular basket 30calls+100sms (2010-2017),6.097297297297297,0.4920212765957447
SYC,Seychelles,2014,51.25469971,13340.0,,100.0,89.3980344,42.93862562,False,False,144.6060351,11.30104917,91359.0,0.091,Negara lain,Upper-Middle Income,3.0,World Average,1.2,Cellular basket 30calls+100sms (2010-2017),6.097297297297297,0.19680851063829788
SLE,Sierra Leone,2014,6.057300091,970.0,,18.8,,40.32724069,False,False,69.17588239,,6876385.0,6.876,Negara lain,Low Income,1.0,World Average,20.6,Cellular basket 30calls+100sms (2010-2017),6.097297297297297,3.3785460992907805
SGP,Singapore,2014,79.02923586,56380.0,,100.0,,100.0,False,True,148.4783525,27.0067242,5469724.0,5.47,ASEAN lain,High Income,4.0,World Average,0.2,Cellular basket 30calls+100sms (2010-2017),6.097297297297297,0.03280141843971632
SXM,Sint Maarten (Dutch part),2014,,29620.0,,100.0,111.3711002,100.0,False,False,,,,,,,,,,,,
SVK,Slovak Republic,2014,79.98430177,18380.0,,100.0,92.75710297,54.00291255,False,False,117.7806852,21.99751442,5418649.0,5.419,Negara lain,High Income,4.0,World Average,1.1,Cellular basket 30calls+100sms (2010-2017),6.097297297297297,0.18040780141843973
SVN,Slovenia,2014,71.58625159,23400.0,,100.0,110.1827469,50.98347092,False,False,113.0190862,27.00227021,2061980.0,2.062,Negara lain,High Income,4.0,World Average,1.2,Cellular basket 30calls+100sms (2010-2017),6.097297297297297,0.19680851063829788
SLB,Solomon Islands,2014,9.0,2090.0,,50.5,,22.86127783,False,False,61.06194116,0.2164017974,616908.0,0.617,Negara lain,Lower-Middle Income,2.0,World Average,11.5,Cellular basket 30calls+100sms (2010-2017),6.097297297297297,1.886081560283688
SOM,Somalia,2014,1.629999995,410.0,,51.4,,42.35151672,False,False,41.23095851,0.5247576538,13339491.0,13.339,Negara lain,Low Income,1.0,World Average,,,,
ZAF,South Africa,2014,49.0,7230.0,,85.9,101.1632004,63.13523271,False,False,142.6044825,3.069193223,55594838.0,55.595,Negara lain,Upper-Middle Income,3.0,World Average,1.8,Cellular basket 30calls+100sms (2010-2017),6.097297297297297,0.29521276595744683
SSD,South Sudan,2014,2.599999905,1170.0,,4.3,,18.54591837,False,False,25.59927292,0.0008900698732,11235073.0,11.235,Negara lain,Lower-Middle Income,2.0,World Average,9.7,Cellular basket 30calls+100sms (2010-2017),6.097297297297297,1.590868794326241
ESP,Spain,2014,76.18670898,29350.0,,100.0,125.5377579,79.11967138,False,False,108.7458188,27.83586616,46460733.0,46.461,Negara lain,High Income,4.0,World Average,1.5,Cellular basket 30calls+100sms (2010-2017),6.097297297297297,0.24601063829787234
LKA,Sri Lanka,2014,10.50000262,3810.0,,92.7,93.4926278,18.61538772,False,False,102.6710531,2.634190319,20778000.0,20.778,Negara lain,Lower-Middle Income,2.0,World Average,0.3,Cellular basket 30calls+100sms (2010-2017),6.097297297297297,0.04920212765957447
MAF,St. Martin (French part),2014,,,,100.0,,100.0,False,False,,,,,,,,,,,,
PSE,State of Palestine,2014,53.66519979,3560.0,,99.9,87.61804282,85.04333352,False,False,72.41022292,5.324915838,4173398.0,4.173,Negara lain,Lower-Middle Income,2.0,World Average,6.2,Cellular basket 30calls+100sms (2010-2017),6.097297297297297,1.0168439716312057
SDN,Sudan,2014,,1130.0,,44.9,42.04698944,33.76245824,False,False,,,,,,,,,2.5,Cellular basket 30calls+100sms (2010-2017),6.097297297297297,0.4100177304964539
SUR,Suriname,2014,40.08000183,8900.0,,94.6,67.30438995,66.22492662,False,False,161.2519183,8.064333919,575373.0,0.575,Negara lain,Upper-Middle Income,3.0,World Average,2.0,Cellular basket 30calls+100sms (2010-2017),6.097297297297297,0.3280141843971631
SWE,Sweden,2014,92.5236065,61350.0,,100.0,133.6602478,86.25638387,False,False,126.9800245,33.84139302,9696110.0,9.696,Negara lain,High Income,4.0,World Average,0.3,Cellular basket 30calls+100sms (2010-2017),6.097297297297297,0.04920212765957447
CHE,Switzerland,2014,83.61725126,90030.0,,100.0,,74.74026791,False,False,136.1377299,43.17319344,8188649.0,8.189,Negara lain,High Income,4.0,World Average,0.5,Cellular basket 30calls+100sms (2010-2017),6.097297297297297,0.08200354609929078
SYR,Syrian Arab Republic,2014,28.09000015,1070.0,,90.2,,76.0,False,False,69.2511845,2.47214378,20273659.0,20.274,Negara lain,Low Income,1.0,World Average,,,,
TJK,Tajikistan,2014,17.48999977,1320.0,,99.1,,26.56337357,False,False,94.93858681,0.07239881731,8425552.0,8.426,Negara lain,Lower-Middle Income,2.0,World Average,5.8,Cellular basket 30calls+100sms (2010-2017),6.097297297297297,0.9512411347517731
TZA,Tanzania,2014,7.0,970.0,,23.5,29.63108063,30.64430772,False,False,63.28043535,0.1680187876,50351512.0,50.352,Negara lain,Low Income,1.0,World Average,10.4,Cellular basket 30calls+100sms (2010-2017),6.097297297297297,1.7056737588652484
THA,Thailand,2014,34.88605358,5620.0,,99.5,123.5254593,46.31387995,False,True,138.2811503,7.747481438,70216367.0,70.216,ASEAN lain,Upper-Middle Income,3.0,World Average,1.6,Cellular basket 30calls+100sms (2010-2017),6.097297297297297,0.26241134751773054
TLS,Timor-Leste,2014,17.5,2700.0,,62.4,69.37394642,29.5463092,False,True,116.4011767,0.08697837301,1181903.0,1.182,ASEAN lain,Lower-Middle Income,2.0,World Average,,,,
TGO,Togo,2014,5.699999809,910.0,,45.7,,39.28395065,False,False,60.43685806,0.1687532202,6937644.0,6.938,Negara lain,Low Income,1.0,World Average,35.7,Cellular basket 30calls+100sms (2010-2017),6.097297297297297,5.855053191489362
TON,Tonga,2014,35.95439911,4360.0,,95.9,96.77147488,23.34310409,False,False,63.78448349,1.688412798,106609.0,0.107,Negara lain,Lower-Middle Income,2.0,World Average,3.7,Cellular basket 30calls+100sms (2010-2017),6.097297297297297,0.6068262411347518
TTO,Trinidad and Tobago,2014,62.40000153,20620.0,,100.0,,53.92596995,False,False,139.3654772,17.45848905,1345343.0,1.345,Negara lain,High Income,4.0,World Average,1.0,Cellular basket 30calls+100sms (2010-2017),6.097297297297297,0.16400709219858156
TUN,Tunisia,2014,46.15999985,4310.0,,99.8,84.96634674,67.75246434,False,False,126.6921069,5.033923207,11274288.0,11.274,Negara lain,Lower-Middle Income,2.0,World Average,1.2,Cellular basket 30calls+100sms (2010-2017),6.097297297297297,0.19680851063829788
TUR,Turkiye,2014,51.03736655,12670.0,,100.0,105.975502,83.60248507,False,False,92.1219362,11.36186312,77181884.0,77.182,Negara lain,Upper-Middle Income,3.0,World Average,2.5,Cellular basket 30calls+100sms (2010-2017),6.097297297297297,0.4100177304964539
TKM,Turkmenistan,2014,12.19999981,6480.0,,100.0,,46.99540854,False,False,118.6134045,0.0378583187,6075283.0,6.075,Negara lain,Upper-Middle Income,3.0,World Average,1.0,Cellular basket 30calls+100sms (2010-2017),6.097297297297297,0.16400709219858156
TCA,Turks & Caicos Is.,2014,,25350.0,,100.0,72.68632269,91.59712005,False,False,,,,,,,,,,,,
TUV,Tuvalu,2014,24.10000038,4790.0,,97.9,79.64190674,58.29995966,False,False,34.59577567,4.096868172,10984.0,0.011,Negara lain,Upper-Middle Income,3.0,World Average,9.6,Cellular basket 30calls+100sms (2010-2017),6.097297297297297,1.574468085106383
UGA,Uganda,2014,5.400000095,830.0,,20.4,,24.19385034,False,False,55.9572452,0.151661444,36395539.0,36.396,Negara lain,Low Income,1.0,World Average,17.8,Cellular basket 30calls+100sms (2010-2017),6.097297297297297,2.919326241134752
UKR,Ukraine,2014,46.23597546,3500.0,,100.0,98.29632493,69.05543393,False,False,144.2788474,9.30621027,45972380.0,45.972,Negara lain,Lower-Middle Income,2.0,World Average,1.2,Cellular basket 30calls+100sms (2010-2017),6.097297297297297,0.19680851063829788
ARE,United Arab Emirates,2014,90.40001071,53360.0,,100.0,,84.14388068,False,False,204.191833,13.25457935,8059440.0,8.059,Negara lain,High Income,4.0,World Average,0.3,Cellular basket 30calls+100sms (2010-2017),6.097297297297297,0.04920212765957447
GBR,United Kingdom,2014,91.61330092,44780.0,,100.0,128.8224945,81.63557508,False,False,120.958261,36.58284884,64619000.0,64.619,Negara lain,High Income,4.0,World Average,0.5,Cellular basket 30calls+100sms (2010-2017),6.097297297297297,0.08200354609929078
USA,United States,2014,73.0,55520.0,,100.0,96.92453766,80.62422318,False,False,99.83956907,30.27092084,319257560.0,319.258,Negara lain,High Income,4.0,World Average,0.8,Cellular basket 30calls+100sms (2010-2017),6.097297297297297,0.13120567375886527
URY,Uruguay,2014,61.46249517,17140.0,,99.7,106.469368,94.98978212,False,False,163.7826867,25.03508292,3356334.0,3.356,Negara lain,High Income,4.0,World Average,1.5,Cellular basket 30calls+100sms (2010-2017),6.097297297297297,0.24601063829787234
UZB,Uzbekistan,2014,35.5,3000.0,,99.8,91.74183719,50.88687134,False,False,71.59846572,2.714654941,30222994.0,30.223,Negara lain,Lower-Middle Income,2.0,World Average,2.6,Cellular basket 30calls+100sms (2010-2017),6.097297297297297,0.4264184397163121
VUT,Vanuatu,2014,18.79999924,3330.0,,49.1,,24.85496377,False,False,59.96426376,1.755687058,260240.0,0.26,Negara lain,Lower-Middle Income,2.0,World Average,8.9,Cellular basket 30calls+100sms (2010-2017),6.097297297297297,1.459663120567376
VEN,Venezuela,2014,57.0,8380.0,,100.0,90.80812073,88.91639135,False,False,100.9054746,7.933088956,30254079.0,30.254,Negara lain,Upper-Middle Income,3.0,World Average,1.2,Cellular basket 30calls+100sms (2010-2017),6.097297297297297,0.19680851063829788
VNM,Viet Nam,2014,41.0,2390.0,,99.2,,31.94802699,False,True,148.5043092,6.54510757,91679578.0,91.68,ASEAN lain,Lower-Middle Income,2.0,World Average,2.9,Cellular basket 30calls+100sms (2010-2017),6.097297297297297,0.47562056737588654
VIR,Virgin Islands (U.S.),2014,50.07,,,100.0,,94.87970707,False,False,,,,,,,,,,,,
YEM,Yemen,2014,22.54999924,1250.0,,66.1,,31.86261622,False,False,56.57323228,1.124847893,30226309.0,30.226,Negara lain,Lower-Middle Income,2.0,World Average,7.8,Cellular basket 30calls+100sms (2010-2017),6.097297297297297,1.2792553191489362
ZMB,Zambia,2014,6.5,1740.0,,27.9,,41.56347417,False,False,63.63426582,0.1291009332,15895315.0,15.895,Negara lain,Lower-Middle Income,2.0,World Average,8.0,Cellular basket 30calls+100sms (2010-2017),6.097297297297297,1.3120567375886525
ZWE,Zimbabwe,2014,16.36473996,1270.0,,32.3,,33.1628076,False,False,83.04606085,1.071515121,14207359.0,14.207,Negara lain,Lower-Middle Income,2.0,World Average,28.7,Cellular basket 30calls+100sms (2010-2017),6.097297297297297,4.7070035460992905
AFG,Afghanistan,2015,8.260000229,590.0,,71.5,53.15010834,24.46491184,False,False,58.25601645,0.02088865363,33831764.0,33.832,Negara lain,Low Income,1.0,World Average,9.6,Cellular basket 30calls+100sms (2010-2017),5.223243243243243,1.8379385284073269
ALB,Albania,2015,56.90000153,4660.0,,100.0,102.4407293,55.15792914,False,False,117.3296576,8.378780059,2731293.0,2.731,Negara lain,Upper-Middle Income,3.0,World Average,1.7,Cellular basket 30calls+100sms (2010-2017),5.223243243243243,0.32546828107213077
DZA,Algeria,2015,38.20000076,5390.0,,99.4,,70.14330709,False,False,108.0163712,5.670601471,40019529.0,40.02,Negara lain,Upper-Middle Income,3.0,World Average,2.2,Cellular basket 30calls+100sms (2010-2017),5.223243243243243,0.42119424609334577
ASM,American Samoa,2015,,,,,,84.66867065,False,False,,,,,,,,,,,,
AND,Andorra,2015,87.90000153,,,100.0,91.29621887,88.51808501,False,False,,,,,,,,,0.8,Cellular basket 30calls+100sms (2010-2017),5.223243243243243,0.1531615440339439
AGO,Angola,2015,22.0,4450.0,,42.0,,63.51567833,False,False,49.3097223,0.5453942102,28157798.0,28.158,Negara lain,Lower-Middle Income,2.0,World Average,3.4,Cellular basket 30calls+100sms (2010-2017),5.223243243243243,0.6509365621442615
ATG,Antigua and Barbuda,2015,70.0,14550.0,,100.0,117.5577011,25.0,False,False,196.848192,11.18455636,89409.0,0.089,Negara lain,High Income,4.0,World Average,2.1,Cellular basket 30calls+100sms (2010-2017),5.223243243243243,0.40204905308910277
ARG,Argentina,2015,68.04306411,12500.0,,99.7,107.5048676,91.49230191,False,False,142.240711,15.76887805,43477012.0,43.477,Negara lain,Upper-Middle Income,3.0,World Average,2.7,Cellular basket 30calls+100sms (2010-2017),5.223243243243243,0.5169202111145608
ARM,Armenia,2015,59.10083377,3910.0,,100.0,86.44213867,64.49296234,False,False,118.5991126,9.801494398,3004600.0,3.005,Negara lain,Lower-Middle Income,2.0,World Average,2.1,Cellular basket 30calls+100sms (2010-2017),5.223243243243243,0.40204905308910277
ABW,Aruba,2015,88.66122693,25430.0,,100.0,,63.2288374,False,False,135.3374798,18.23696537,107906.0,0.108,Negara lain,High Income,4.0,World Average,,,,
AUS,Australia,2015,84.56051491,60780.0,,100.0,159.1107635,86.87786425,False,False,107.608142,28.51177313,23815995.0,23.816,Negara lain,High Income,4.0,World Average,0.3,Cellular basket 30calls+100sms (2010-2017),5.223243243243243,0.057435579012728964
AUT,Austria,2015,83.94014193,47190.0,,100.0,101.4115829,67.55761755,False,False,155.8371382,28.40685934,8642699.0,8.643,Negara lain,High Income,4.0,World Average,0.2,Cellular basket 30calls+100sms (2010-2017),5.223243243243243,0.03829038600848598
AZE,Azerbaijan,2015,77.0,6610.0,,100.0,84.80985864,55.15704863,False,False,109.6821134,19.47590704,9649341.0,9.649,Negara lain,Upper-Middle Income,3.0,World Average,1.3,Cellular basket 30calls+100sms (2010-2017),5.223243243243243,0.24888750905515886
BHS,Bahamas,2015,78.0,27620.0,,100.0,76.04403388,82.25685714,False,False,80.7521033,21.0247414,385346.0,0.385,Negara lain,High Income,4.0,World Average,1.0,Cellular basket 30calls+100sms (2010-2017),5.223243243243243,0.19145193004242989
BHR,Bahrain,2015,93.4783008,23640.0,,100.0,100.3039148,100.0,False,False,183.9196145,18.47486584,1370322.0,1.37,Negara lain,High Income,4.0,World Average,0.6,Cellular basket 30calls+100sms (2010-2017),5.223243243243243,0.11487115802545793
BGD,Bangladesh,2015,12.36880016,1200.0,,74.0,59.42174149,29.53950995,False,False,82.4275967,3.069922454,159383179.0,159.383,Negara lain,Lower-Middle Income,2.0,World Average,1.7,Cellular basket 30calls+100sms (2010-2017),5.223243243243243,0.32546828107213077
BRB,Barbados,2015,72.04940033,19280.0,,100.0,108.1960297,59.24507009,False,False,120.0014337,28.05441055,278990.0,0.279,Negara lain,High Income,4.0,World Average,2.2,Cellular basket 30calls+100sms (2010-2017),5.223243243243243,0.42119424609334577
BLR,Belarus,2015,62.23036091,6740.0,,97.4,102.895731,76.62638855,False,False,120.6696262,30.60406166,9461076.0,9.461,Negara lain,Upper-Middle Income,3.0,World Average,0.7,Cellular basket 30calls+100sms (2010-2017),5.223243243243243,0.13401635102970091
BEL,Belgium,2015,85.05294175,45520.0,,100.0,164.0798187,86.22128935,False,False,113.2923323,36.54923778,11274196.0,11.274,Negara lain,High Income,4.0,World Average,0.7,Cellular basket 30calls+100sms (2010-2017),5.223243243243243,0.13401635102970091
BLZ,Belize,2015,41.59000015,5790.0,,91.8,81.29361995,43.93118459,False,False,59.4797563,4.877179492,356333.0,0.356,Negara lain,Upper-Middle Income,3.0,World Average,8.6,Cellular basket 30calls+100sms (2010-2017),5.223243243243243,1.6464865983648969
BEN,Benin,2015,11.25500011,1100.0,,29.6,55.13330841,45.94074033,False,False,82.01933493,0.6448821158,11360681.0,11.361,Negara lain,Low Income,1.0,World Average,11.4,Cellular basket 30calls+100sms (2010-2017),5.223243243243243,2.1825520024837006
BMU,Bermuda,2015,98.32360965,103940.0,,100.0,86.80705261,100.0,False,False,59.8764654,47.27089374,63464.0,0.063,Negara lain,High Income,4.0,World Average,,,,
BTN,Bhutan,2015,39.79999924,2740.0,,95.4,85.23130798,36.69833757,False,False,91.24096363,3.763613631,740618.0,0.741,Negara lain,Lower-Middle Income,2.0,World Average,1.3,Cellular basket 30calls+100sms (2010-2017),5.223243243243243,0.24888750905515886
BOL,Bolivia,2015,37.48681763,2920.0,,91.5,90.6139032,68.39580513,False,False,92.26601166,1.642812949,11014705.0,11.015,Negara lain,Lower-Middle Income,2.0,World Average,4.5,Cellular basket 30calls+100sms (2010-2017),5.223243243243243,0.8615336851909344
BIH,Bosnia and Herzegovina,2015,52.59999847,5140.0,,99.7,85.71617889,47.57116451,False,False,97.86783783,18.04688364,3518541.0,3.519,Negara lain,Upper-Middle Income,3.0,World Average,3.2,Cellular basket 30calls+100sms (2010-2017),5.223243243243243,0.6126461761357757
BWA,Botswana,2015,38.89379883,6140.0,,62.1,,65.41035843,False,False,157.7347428,1.672284824,2203273.0,2.203,Negara lain,Upper-Middle Income,3.0,World Average,1.5,Cellular basket 30calls+100sms (2010-2017),5.223243243243243,0.28717789506364483
BRA,Brazil,2015,58.32795173,10330.0,,99.7,101.0862274,85.69356971,False,False,127.836169,12.63538405,201675532.0,201.676,Negara lain,Upper-Middle Income,3.0,World Average,1.2,Cellular basket 30calls+100sms (2010-2017),5.223243243243243,0.22974231605091586
VGB,British Virgin Islands,2015,,,,100.0,99.21683798,49.48639554,False,False,,,,,,,,,,,,
BRN,Brunei Darussalam,2015,71.19999695,38180.0,,100.0,92.81616974,74.94846206,False,True,109.7514992,8.153486874,422212.0,0.422,ASEAN lain,High Income,4.0,World Average,0.3,Cellular basket 30calls+100sms (2010-2017),5.223243243243243,0.057435579012728964
BGR,Bulgaria,2015,56.65625161,7530.0,,96.6,103.8893433,73.10305786,False,False,128.1032563,22.49442251,6984225.0,6.984,Negara lain,Upper-Middle Income,3.0,World Average,3.4,Cellular basket 30calls+100sms (2010-2017),5.223243243243243,0.6509365621442615
BFA,Burkina Faso,2015,6.545700073,680.0,,16.2,32.89313436,25.62143265,False,False,76.93732926,0.04981497258,18777487.0,18.777,Negara lain,Low Income,1.0,World Average,16.7,Cellular basket 30calls+100sms (2010-2017),5.223243243243243,3.197247231708579
BDI,Burundi,2015,2.0,240.0,,7.9,43.93519298,14.66950855,False,False,45.23792541,0.02508241624,11047580.0,11.048,Negara lain,Low Income,1.0,World Average,35.6,Cellular basket 30calls+100sms (2010-2017),5.223243243243243,6.815688709510504
CPV,Cabo Verde,2015,42.68301416,3620.0,,86.4,96.60122863,66.90450948,False,False,119.3355113,3.23344926,512394.0,0.512,Negara lain,Lower-Middle Income,2.0,World Average,8.3,Cellular basket 30calls+100sms (2010-2017),5.223243243243243,1.589051019352168
KHM,Cambodia,2015,6.43319107,1430.0,,62.7,,30.06692225,False,True,133.458414,0.5344854282,15623251.0,15.623,ASEAN lain,Lower-Middle Income,2.0,World Average,8.0,Cellular basket 30calls+100sms (2010-2017),5.223243243243243,1.531615440339439
CMR,Cameroon,2015,18.29999924,1530.0,,58.6,60.49608836,52.64408631,False,False,79.78006726,0.0898239605,22763414.0,22.763,Negara lain,Lower-Middle Income,2.0,World Average,9.2,Cellular basket 30calls+100sms (2010-2017),5.223243243243243,1.7613577563903549
CAN,Canada,2015,90.0,47580.0,,100.0,111.7372818,81.24656703,False,False,82.76738314,36.46985891,35704498.0,35.704,Negara lain,High Income,4.0,World Average,0.6,Cellular basket 30calls+100sms (2010-2017),5.223243243243243,0.11487115802545793
CYM,Cayman Islands,2015,77.0,44430.0,,100.0,,100.0,False,False,151.2669933,44.42263392,61642.0,0.062,Negara lain,High Income,4.0,World Average,,,,
CAF,Central African Rep.,2015,2.900000095,390.0,,12.7,,39.98244213,False,False,26.83966544,0.04013548426,4629320.0,4.629,Negara lain,Low Income,1.0,World Average,43.1,Cellular basket 30calls+100sms (2010-2017),5.223243243243243,8.251578184828729
TCD,Chad,2015,3.5,1130.0,,7.7,22.24542488,22.80112588,False,False,37.31525413,0.07739823416,14647621.0,14.648,Negara lain,Low Income,1.0,World Average,19.3,Cellular basket 30calls+100sms (2010-2017),5.223243243243243,3.695022249818897
CHI,Channel Islands,2015,,,,100.0,,32.69077843,False,False,,,,,,,,,,,,
CHL,Chile,2015,76.62959195,14080.0,,99.7,100.9216766,87.46533203,False,False,128.5839716,15.06812669,18047625.0,18.048,Negara lain,High Income,4.0,World Average,1.6,Cellular basket 30calls+100sms (2010-2017),5.223243243243243,0.3063230880678878
CHN,China,2015,50.29999924,8040.0,,100.0,,57.32978439,False,False,92.54011714,19.84379476,1379860000.0,1379.86,Negara lain,Upper-Middle Income,3.0,World Average,0.7,Cellular basket 30calls+100sms (2010-2017),5.223243243243243,0.13401635102970091
COL,Colombia,2015,55.90497251,7420.0,,98.2,97.67411804,77.16362805,False,False,122.0514014,11.76446681,46969940.0,46.97,Negara lain,Upper-Middle Income,3.0,World Average,2.0,Cellular basket 30calls+100sms (2010-2017),5.223243243243243,0.38290386008485977
COM,Comoros,2015,7.459199905,1480.0,,74.1,,30.37320086,False,False,58.45555552,0.2201788403,726682.0,0.727,Negara lain,Lower-Middle Income,2.0,World Average,13.6,Cellular basket 30calls+100sms (2010-2017),5.223243243243243,2.603746248577046
COG,Congo (Rep. of the),2015,7.616000175,3080.0,,44.3,,63.13559276,False,False,102.323043,,5097581.0,5.098,Negara lain,Lower-Middle Income,2.0,World Average,3.6,Cellular basket 30calls+100sms (2010-2017),5.223243243243243,0.6892269481527475
COD,"Congo, Dem. Rep.",2015,3.799999952,460.0,,16.6,42.18046188,41.34357644,False,False,46.58793684,0.00123402659,81035531.0,81.036,Negara lain,Low Income,1.0,World Average,,,,
CRI,Costa Rica,2015,59.76295014,10770.0,,99.4,115.720871,75.01981958,False,False,156.403893,11.59509327,4818038.0,4.818,Negara lain,Upper-Middle Income,3.0,World Average,0.5,Cellular basket 30calls+100sms (2010-2017),5.223243243243243,0.09572596502121494
CIV,Cote d'Ivoire,2015,38.44000017,1880.0,,62.6,43.98656473,49.46948947,False,False,100.6387777,0.4345461216,25246342.0,25.246,Negara lain,Lower-Middle Income,2.0,World Average,11.7,Cellular basket 30calls+100sms (2010-2017),5.223243243243243,2.2399875814964294
HRV,Croatia,2015,69.84503592,13570.0,,100.0,102.9813309,55.58125945,False,False,105.543643,23.57263102,4151725.0,4.152,Negara lain,Upper-Middle Income,3.0,World Average,0.9,Cellular basket 30calls+100sms (2010-2017),5.223243243243243,0.17230673703818689
CUB,Cuba,2015,37.30509742,7270.0,,99.0,96.09290991,76.87028503,False,False,29.58161217,0.07234548094,11275065.0,11.275,Negara lain,Upper-Middle Income,3.0,World Average,4.3,Cellular basket 30calls+100sms (2010-2017),5.223243243243243,0.8232432991824484
CUW,Curacao,2015,,18780.0,,100.0,,91.32204716,False,False,,,,,,,,,,,,
CYP,Cyprus,2015,71.71574092,25650.0,,100.0,98.95780945,67.04024779,False,False,128.631975,30.17365131,1219502.0,1.22,Negara lain,High Income,4.0,World Average,0.3,Cellular basket 30calls+100sms (2010-2017),5.223243243243243,0.057435579012728964
CZE,Czech Republic,2015,75.6688387,18340.0,,100.0,104.8105164,73.03704429,False,False,118.3398206,27.99800008,10546059.0,10.546,Negara lain,High Income,4.0,World Average,0.9,Cellular basket 30calls+100sms (2010-2017),5.223243243243243,0.17230673703818689
DNK,Denmark,2015,96.33050162,60350.0,,100.0,133.7954712,87.72540566,False,False,124.5535084,42.31330958,5683483.0,5.683,Negara lain,High Income,4.0,World Average,0.7,Cellular basket 30calls+100sms (2010-2017),5.223243243243243,0.13401635102970091
DJI,Djibouti,2015,22.89999962,2280.0,,59.1,,71.00688539,False,False,30.80917326,2.368390876,1020313.0,1.02,Negara lain,Lower-Middle Income,2.0,World Average,,,,
DMA,Dominica,2015,65.0,7510.0,,96.7,95.94548035,69.86791535,False,False,109.7202102,21.52961227,70410.0,0.07,Negara lain,Upper-Middle Income,3.0,World Average,3.7,Cellular basket 30calls+100sms (2010-2017),5.223243243243243,0.7083721411569905
DOM,Dominican Rep.,2015,54.21576634,6470.0,,98.6,79.93788964,74.1372306,False,False,84.3065756,6.575162851,10434829.0,10.435,Negara lain,Upper-Middle Income,3.0,World Average,2.8,Cellular basket 30calls+100sms (2010-2017),5.223243243243243,0.5360654041188037
ECU,Ecuador,2015,48.94043379,5970.0,,98.8,100.7917862,62.95918868,False,False,79.57464624,9.145281096,16266225.0,16.266,Negara lain,Upper-Middle Income,3.0,World Average,3.4,Cellular basket 30calls+100sms (2010-2017),5.223243243243243,0.6509365621442615
EGY,Egypt,2015,37.81938343,3100.0,,99.3,,42.60563141,False,False,94.39624604,3.841879636,99597342.0,99.597,Negara lain,Lower-Middle Income,2.0,World Average,1.1,Cellular basket 30calls+100sms (2010-2017),5.223243243243243,0.21059712304667288
SLV,El Salvador,2015,26.80260496,3520.0,,95.4,70.72582538,69.69821167,False,False,150.9479475,5.708594694,6183676.0,6.184,Negara lain,Lower-Middle Income,2.0,World Average,4.2,Cellular basket 30calls+100sms (2010-2017),5.223243243243243,0.8040981061782055
GNQ,Equatorial Guinea,2015,21.31999969,9920.0,,66.1,,68.95127062,False,False,36.68254784,0.2612930671,1453923.0,1.454,Negara lain,Upper-Middle Income,3.0,World Average,2.4,Cellular basket 30calls+100sms (2010-2017),5.223243243243243,0.4594846321018317
ERI,Eritrea,2015,1.083699942,,,45.8,46.17150116,35.59100723,False,False,,,,,,,,,,,,
EST,Estonia,2015,88.4097035,18900.0,,100.0,108.188797,68.47966097,False,False,144.8029631,29.68827972,1315407.0,1.315,Negara lain,High Income,4.0,World Average,0.2,Cellular basket 30calls+100sms (2010-2017),5.223243243243243,0.03829038600848598
SWZ,Eswatini,2015,25.64299965,3540.0,,64.1,76.28727722,23.26602618,False,False,82.34068041,0.5250202789,1142813.0,1.143,Negara lain,Lower-Middle Income,2.0,World Average,4.1,Cellular basket 30calls+100sms (2010-2017),5.223243243243243,0.7849529131739624
ETH,Ethiopia,2015,13.85517556,570.0,,29.0,33.9114222,19.4515667,False,False,40.73630124,0.4602033165,103867135.0,103.867,Negara lain,Low Income,1.0,World Average,6.7,Cellular basket 30calls+100sms (2010-2017),5.223243243243243,1.2827279312842803
FRO,Faroe Islands,2015,94.2,57670.0,,100.0,,38.14315033,False,False,108.8333947,36.38892298,48898.0,0.049,Negara lain,High Income,4.0,World Average,,,,
FJI,Fiji,2015,42.5,4820.0,,93.2,87.83676982,54.62341881,False,False,105.1571015,1.386273131,918578.0,0.919,Negara lain,Upper-Middle Income,3.0,World Average,4.2,Cellular basket 30calls+100sms (2010-2017),5.223243243243243,0.8040981061782055
FIN,Finland,2015,86.42213333,46860.0,,100.0,150.8192139,71.305493,False,False,134.9741237,31.56909381,5479531.0,5.48,Negara lain,High Income,4.0,World Average,0.3,Cellular basket 30calls+100sms (2010-2017),5.223243243243243,0.057435579012728964
FRA,France,2015,78.00603771,41130.0,,100.0,103.3960419,77.76109192,False,False,102.7183666,41.3871171,66548272.0,66.548,Negara lain,High Income,4.0,World Average,0.9,Cellular basket 30calls+100sms (2010-2017),5.223243243243243,0.17230673703818689
PYF,French Polynesia,2015,64.56020975,23060.0,,100.0,,61.73747422,False,False,96.5695695,18.68094693,277866.0,0.278,Negara lain,High Income,4.0,World Average,,,,
GAB,Gabon,2015,45.78450012,7610.0,,87.3,,88.08530838,False,False,138.2444981,0.5429720591,2040989.0,2.041,Negara lain,Upper-Middle Income,3.0,World Average,2.1,Cellular basket 30calls+100sms (2010-2017),5.223243243243243,0.40204905308910277
GMB,Gambia,2015,17.59950066,590.0,,54.7,,59.24584994,False,False,122.0785164,0.1606182702,2224529.0,2.225,Negara lain,Low Income,1.0,World Average,12.2,Cellular basket 30calls+100sms (2010-2017),5.223243243243243,2.3357135465176446
GEO,Georgia,2015,47.56975964,4500.0,,100.0,106.7641555,57.38038005,False,False,146.3964956,16.7646515,3725276.0,3.725,Negara lain,Upper-Middle Income,3.0,World Average,1.4,Cellular basket 30calls+100sms (2010-2017),5.223243243243243,0.26803270205940183
DEU,Germany,2015,87.58979935,46590.0,,100.0,102.1924133,80.69743716,False,False,117.4011651,37.41270177,81686611.0,81.687,Negara lain,High Income,4.0,World Average,0.3,Cellular basket 30calls+100sms (2010-2017),5.223243243243243,0.057435579012728964
GHA,Ghana,2015,23.0,1880.0,,74.0,67.04865665,53.62264152,False,False,121.9971565,0.2548502464,28696068.0,28.696,Negara lain,Lower-Middle Income,2.0,World Average,2.2,Cellular basket 30calls+100sms (2010-2017),5.223243243243243,0.42119424609334577
GIB,Gibraltar,2015,,,,100.0,,100.0,False,False,,,,,,,,,,,,
GRC,Greece,2015,66.83495949,19920.0,,100.0,103.3777008,77.51944263,False,False,116.1330898,31.78139569,10820883.0,10.821,Negara lain,High Income,4.0,World Average,0.4,Cellular basket 30calls+100sms (2010-2017),5.223243243243243,0.07658077201697196
GRL,Greenland,2015,67.60044348,,,100.0,,86.04625702,False,False,,,,,,,,,,,,
GRD,Grenada,2015,52.5,7410.0,,91.4,105.4026619,35.93194911,False,False,104.4394642,17.22853954,114676.0,0.115,Negara lain,Upper-Middle Income,3.0,World Average,4.0,Cellular basket 30calls+100sms (2010-2017),5.223243243243243,0.7658077201697195
GUM,Guam,2015,73.13999995,,,100.0,,94.07914511,False,False,,,,,,,,,,,,
GTM,Guatemala,2015,28.80590057,3610.0,,90.5,54.88641882,53.44110503,False,False,113.4590633,2.879128471,15971743.0,15.972,Negara lain,Lower-Middle Income,2.0,World Average,9.6,Cellular basket 30calls+100sms (2010-2017),5.223243243243243,1.8379385284073269
GIN,Guinea,2015,9.199999809,740.0,,34.9,,35.03731918,False,False,91.47561797,0.008498292268,11767070.0,11.767,Negara lain,Low Income,1.0,World Average,13.9,Cellular basket 30calls+100sms (2010-2017),5.223243243243243,2.6611818275897754
GNB,Guinea-Bissau,2015,6.099999905,670.0,,20.1,,42.15681458,False,False,69.32677361,0.05883153079,1786457.0,1.786,Negara lain,Low Income,1.0,World Average,26.9,Cellular basket 30calls+100sms (2010-2017),5.223243243243243,5.150056918141363
GUY,Guyana,2015,34.0,5530.0,,88.0,,26.40439183,False,False,71.50917063,7.075427561,758781.0,0.759,Negara lain,Upper-Middle Income,3.0,World Average,4.0,Cellular basket 30calls+100sms (2010-2017),5.223243243243243,0.7658077201697195
HTI,Haiti,2015,14.19999981,1430.0,,40.8,,49.43347078,False,False,69.37025681,0.01280974057,10523242.0,10.523,Negara lain,Lower-Middle Income,2.0,World Average,13.6,Cellular basket 30calls+100sms (2010-2017),5.223243243243243,2.603746248577046
HND,Honduras,2015,27.13954548,2030.0,,90.0,50.35110851,54.38284738,False,False,87.12917891,2.136759585,9237305.0,9.237,Negara lain,Lower-Middle Income,2.0,World Average,7.4,Cellular basket 30calls+100sms (2010-2017),5.223243243243243,1.416744282313981
HKG,"Hong Kong SAR, China",2015,84.94835296,41180.0,,100.0,107.3877829,100.0,False,False,227.0365384,31.872151,7291300.0,7.291,Negara lain,High Income,4.0,World Average,0.2,Cellular basket 30calls+100sms (2010-2017),5.223243243243243,0.03829038600848598
HUN,Hungary,2015,72.83473703,13310.0,,100.0,104.6330185,70.48477173,False,False,100.623739,27.63223596,9797755.0,9.798,Negara lain,Upper-Middle Income,3.0,World Average,1.9,Cellular basket 30calls+100sms (2010-2017),5.223243243243243,0.36375866708061677
ISL,Iceland,2015,98.19999695,53170.0,,100.0,119.8073578,93.72791977,False,False,116.0044357,37.59941019,330815.0,0.331,Negara lain,High Income,4.0,World Average,0.6,Cellular basket 30calls+100sms (2010-2017),5.223243243243243,0.11487115802545793
IND,India,2015,14.89999962,1580.0,,88.0,74.61136627,32.547299,False,False,75.37933235,1.275785953,1328024498.0,1328.024,Negara lain,Lower-Middle Income,2.0,World Average,2.1,Cellular basket 30calls+100sms (2010-2017),5.223243243243243,0.40204905308910277
IDN,Indonesia,2015,22.0627426,3390.0,,97.5,87.84232079,53.17207718,True,True,129.4687977,1.521394739,261799249.0,261.799,Indonesia,Lower-Middle Income,2.0,Indonesia,1.8,Cellular basket 30calls+100sms (2010-2017),5.223243243243243,0.34461347407637377
IRN,Iran (Islamic Republic of),2015,45.33497615,5460.0,,100.0,82.73052216,73.35614036,False,False,89.83222964,7.99892645,82619362.0,82.619,Negara lain,Upper-Middle Income,3.0,World Average,0.3,Cellular basket 30calls+100sms (2010-2017),5.223243243243243,0.057435579012728964
IRQ,Iraq,2015,15.21440029,5460.0,,99.4,,69.9205246,False,False,89.34643769,,37560535.0,37.561,Negara lain,Upper-Middle Income,3.0,World Average,1.9,Cellular basket 30calls+100sms (2010-2017),5.223243243243243,0.36375866708061677
IRL,Ireland,2015,83.49479167,52340.0,,100.0,116.9898682,62.63921235,False,False,104.2429038,27.84626518,4701957.0,4.702,Negara lain,High Income,4.0,World Average,0.9,Cellular basket 30calls+100sms (2010-2017),5.223243243243243,0.17230673703818689
IMN,Isle of Man,2015,,83630.0,,100.0,,52.11648405,False,False,,,,,,,,,,,,
ISR,Israel,2015,77.35208966,36900.0,,100.0,98.46497345,91.70429216,False,False,131.2569323,26.98404104,8380100.0,8.38,Negara lain,High Income,4.0,World Average,1.1,Cellular basket 30calls+100sms (2010-2017),5.223243243243243,0.21059712304667288
ITA,Italy,2015,58.14173496,33460.0,,100.0,101.2280884,69.61000061,False,False,144.7639794,24.59776025,60229605.0,60.23,Negara lain,High Income,4.0,World Average,0.6,Cellular basket 30calls+100sms (2010-2017),5.223243243243243,0.11487115802545793
JAM,Jamaica,2015,42.22122119,4940.0,,94.9,85.3548254,55.1995248,False,False,111.9420139,8.167251495,2802534.0,2.803,Negara lain,Upper-Middle Income,3.0,World Average,2.0,Cellular basket 30calls+100sms (2010-2017),5.223243243243243,0.38290386008485977
JPN,Japan,2015,91.05802839,40140.0,,100.0,101.7245178,91.35326441,False,False,126.1509597,30.54198599,127141000.0,127.141,Negara lain,High Income,4.0,World Average,0.8,Cellular basket 30calls+100sms (2010-2017),5.223243243243243,0.1531615440339439
JOR,Jordan,2015,54.22000122,4220.0,,99.9,,89.88813919,False,False,144.561129,3.244995222,9544729.0,9.545,Negara lain,Lower-Middle Income,2.0,World Average,1.2,Cellular basket 30calls+100sms (2010-2017),5.223243243243243,0.22974231605091586
KAZ,Kazakhstan,2015,70.8299336,11040.0,,100.0,98.21206016,56.11060489,False,False,145.4824936,12.72383597,18084169.0,18.084,Negara lain,Upper-Middle Income,3.0,World Average,0.6,Cellular basket 30calls+100sms (2010-2017),5.223243243243243,0.11487115802545793
KEN,Kenya,2015,16.58785485,1320.0,,41.6,72.57508607,31.7338026,False,False,80.09582632,0.2869212767,47088526.0,47.089,Negara lain,Lower-Middle Income,2.0,World Average,3.4,Cellular basket 30calls+100sms (2010-2017),5.223243243243243,0.6509365621442615
KIR,Kiribati,2015,14.89999962,3490.0,,90.6,,50.95419704,False,False,35.09823225,0.1001583701,116815.0,0.117,Negara lain,Lower-Middle Income,2.0,World Average,8.5,Cellular basket 30calls+100sms (2010-2017),5.223243243243243,1.627341405360654
KOR,Korea (Rep. of),2015,89.8962558,30130.0,,100.0,98.59319305,81.63948986,False,False,115.5954471,39.27595631,51014947.0,51.015,Negara lain,High Income,4.0,World Average,0.8,Cellular basket 30calls+100sms (2010-2017),5.223243243243243,0.1531615440339439
PRK,"Korea, Dem. People's Rep.",2015,,,,40.0,94.25154114,61.32475712,False,False,,,,,,,,,,,,
XKX,Kosovo,2015,,3930.0,,,,39.91768115,False,False,,,,,,,,,,,,
KWT,Kuwait,2015,82.0,41830.0,,100.0,95.3934021,100.0,False,False,199.8913796,1.434363276,3834574.0,3.835,Negara lain,High Income,4.0,World Average,0.3,Cellular basket 30calls+100sms (2010-2017),5.223243243243243,0.057435579012728964
KGZ,Kyrgyz Republic,2015,30.24699974,1160.0,,98.7,88.95917241,35.10089377,False,False,126.2843721,3.524244562,6040036.0,6.04,Negara lain,Lower-Middle Income,2.0,World Average,3.1,Cellular basket 30calls+100sms (2010-2017),5.223243243243243,0.5935009831315327
LAO,Lao P.D.R.,2015,18.20000076,1960.0,,89.7,62.29679366,33.12402044,False,True,54.79794961,0.2139188388,6801645.0,6.802,ASEAN lain,Lower-Middle Income,2.0,World Average,4.9,Cellular basket 30calls+100sms (2010-2017),5.223243243243243,0.9381144572079065
LVA,Latvia,2015,79.20058292,14580.0,,100.0,112.3566513,67.89653957,False,False,130.9491488,25.45686843,1977527.0,1.978,Negara lain,High Income,4.0,World Average,0.3,Cellular basket 30calls+100sms (2010-2017),5.223243243243243,0.057435579012728964
LBN,Lebanon,2015,74.0,7360.0,,99.7,58.10750649,88.6246882,False,False,71.96096266,,6472469.0,6.472,Negara lain,Upper-Middle Income,3.0,World Average,1.9,Cellular basket 30calls+100sms (2010-2017),5.223243243243243,0.36375866708061677
LSO,Lesotho,2015,25.0,1280.0,,31.8,59.39850963,34.09038758,False,False,101.688198,0.09797535031,2104611.0,2.105,Negara lain,Lower-Middle Income,2.0,World Average,7.9,Cellular basket 30calls+100sms (2010-2017),5.223243243243243,1.512470247335196
LBR,Liberia,2015,10.0,620.0,,15.2,36.37284851,50.7434383,False,False,78.37866898,0.1502329362,4659431.0,4.659,Negara lain,Low Income,1.0,World Average,45.7,Cellular basket 30calls+100sms (2010-2017),5.223243243243243,8.749353202939046
LBY,Libya,2015,25.0,8370.0,,73.8,,87.81591034,False,False,149.2245881,0.9338899317,6531819.0,6.532,Negara lain,Upper-Middle Income,3.0,World Average,1.0,Cellular basket 30calls+100sms (2010-2017),5.223243243243243,0.19145193004242989
LIE,Liechtenstein,2015,96.6411972,,,100.0,116.1234436,14.45355878,False,False,,,,,,,,,0.3,Cellular basket 30calls+100sms (2010-2017),5.223243243243243,0.057435579012728964
LTU,Lithuania,2015,71.37805901,15220.0,,100.0,106.9559021,67.2282486,False,False,143.9914941,28.67741496,2911109.0,2.911,Negara lain,High Income,4.0,World Average,0.3,Cellular basket 30calls+100sms (2010-2017),5.223243243243243,0.057435579012728964
LUX,Luxembourg,2015,96.37671417,73530.0,,100.0,104.3791885,90.98936794,False,False,141.6591752,34.29107203,569604.0,0.57,Negara lain,High Income,4.0,World Average,0.4,Cellular basket 30calls+100sms (2010-2017),5.223243243243243,0.07658077201697196
MAC,"Macao SAR, China",2015,77.60013186,57990.0,,100.0,100.966443,100.0,False,False,304.7510443,27.31352231,642900.0,0.643,Negara lain,High Income,4.0,World Average,0.1,Cellular basket 30calls+100sms (2010-2017),5.223243243243243,0.01914519300424299
MDG,Madagascar,2015,4.173999786,470.0,,23.8,36.1207695,29.17310792,False,False,42.05722394,0.09318550239,25426702.0,25.427,Negara lain,Low Income,1.0,World Average,41.5,Cellular basket 30calls+100sms (2010-2017),5.223243243243243,7.94525509676084
MWI,Malawi,2015,6.0,510.0,,10.8,39.72914618,15.83385049,False,False,38.43419017,0.03426864994,17085587.0,17.086,Negara lain,Low Income,1.0,World Average,52.5,Cellular basket 30calls+100sms (2010-2017),5.223243243243243,10.05122632722757
MYS,Malaysia,2015,71.06406781,10350.0,,99.9,81.51158142,73.438787,False,True,141.2105313,9.80955981,31232798.0,31.233,ASEAN lain,Upper-Middle Income,3.0,World Average,0.6,Cellular basket 30calls+100sms (2010-2017),5.223243243243243,0.11487115802545793
MDV,Maldives,2015,54.4620018,8210.0,,99.8,73.44138021,38.57715107,False,False,172.7859602,5.41277204,428154.0,0.428,Negara lain,Upper-Middle Income,3.0,World Average,1.1,Cellular basket 30calls+100sms (2010-2017),5.223243243243243,0.21059712304667288
MLI,Mali,2015,10.32999992,890.0,,37.6,38.98922386,25.84701549,False,False,122.0829782,0.01881888808,18593022.0,18.593,Negara lain,Low Income,1.0,World Average,22.9,Cellular basket 30calls+100sms (2010-2017),5.223243243243243,4.384249197971644
MLT,Malta,2015,75.96001898,25470.0,,100.0,93.43237305,94.43876963,False,False,117.7940182,36.67684688,444220.0,0.444,Negara lain,High Income,4.0,World Average,1.1,Cellular basket 30calls+100sms (2010-2017),5.223243243243243,0.21059712304667288
MHL,Marshall Islands,2015,19.28240013,4980.0,,92.1,83.16559927,75.47025682,False,False,31.76229508,2.049180328,48800.0,0.049,Negara lain,Upper-Middle Income,3.0,World Average,6.1,Cellular basket 30calls+100sms (2010-2017),5.223243243243243,1.1678567732588223
MRT,Mauritania,2015,17.60000038,1680.0,,39.5,31.19630754,51.668035,False,False,91.89411691,0.2430181452,3965959.0,3.966,Negara lain,Lower-Middle Income,2.0,World Average,14.2,Cellular basket 30calls+100sms (2010-2017),5.223243243243243,2.718617406602504
MUS,Mauritius,2015,50.13931848,10660.0,,99.6,93.96819847,39.67096106,False,False,136.3719023,15.27538643,1262879.0,1.263,Negara lain,Upper-Middle Income,3.0,World Average,0.6,Cellular basket 30calls+100sms (2010-2017),5.223243243243243,0.11487115802545793
MEX,Mexico,2015,57.43104299,10580.0,,99.0,100.9822693,77.19038542,False,False,88.94542902,12.18915084,121072306.0,121.072,Negara lain,Upper-Middle Income,3.0,World Average,1.0,Cellular basket 30calls+100sms (2010-2017),5.223243243243243,0.19145193004242989
FSM,Micronesia,2015,31.50110054,3460.0,,73.0,,22.31223361,False,False,20.70072482,3.014275728,108716.0,0.109,Negara lain,Lower-Middle Income,2.0,World Average,9.7,Cellular basket 30calls+100sms (2010-2017),5.223243243243243,1.8570837214115696
MDA,Moldova,2015,69.00000447,3290.0,,99.9,105.0697056,39.69540405,False,False,112.9586781,16.25696193,2835978.0,2.836,Negara lain,Lower-Middle Income,2.0,World Average,3.2,Cellular basket 30calls+100sms (2010-2017),5.223243243243243,0.6126461761357757
MCO,Monaco,2015,93.36329651,,,100.0,,100.0,False,False,,,,,,,,,,,,
MNG,Mongolia,2015,22.50000413,3770.0,,88.0,,67.99999999,False,False,103.078421,6.989591221,3026864.0,3.027,Negara lain,Lower-Middle Income,2.0,World Average,0.8,Cellular basket 30calls+100sms (2010-2017),5.223243243243243,0.1531615440339439
MNE,Montenegro,2015,68.11978601,7150.0,,99.5,91.86341095,64.81816529,False,False,160.4549905,17.89300241,624651.0,0.625,Negara lain,Upper-Middle Income,3.0,World Average,1.6,Cellular basket 30calls+100sms (2010-2017),5.223243243243243,0.3063230880678878
MAR,Morocco,2015,57.07999935,3300.0,,97.3,,60.64171247,False,False,124.4804925,3.315842179,34607588.0,34.608,Negara lain,Lower-Middle Income,2.0,World Average,4.0,Cellular basket 30calls+100sms (2010-2017),5.223243243243243,0.7658077201697195
MOZ,Mozambique,2015,6.5,670.0,,24.0,34.52856064,32.13728363,False,False,75.84472132,0.1603536474,26547572.0,26.548,Negara lain,Low Income,1.0,World Average,16.2,Cellular basket 30calls+100sms (2010-2017),5.223243243243243,3.1015212666873637
MMR,Myanmar,2015,10.89999962,1230.0,,60.5,,29.71668212,False,True,80.23972297,0.06443845821,51089056.0,51.089,ASEAN lain,Lower-Middle Income,2.0,World Average,1.8,Cellular basket 30calls+100sms (2010-2017),5.223243243243243,0.34461347407637377
NAM,Namibia,2015,25.68790054,5180.0,,51.6,78.26080123,45.51035544,False,False,107.3923683,2.965421387,2374300.0,2.374,Negara lain,Upper-Middle Income,3.0,World Average,0.9,Cellular basket 30calls+100sms (2010-2017),5.223243243243243,0.17230673703818689
NRU,Naoero,2015,,12220.0,,99.0,,100.0,False,False,,,,,,,,,,,,
NPL,Nepal,2015,17.58160019,870.0,,82.0,68.61312103,64.95100942,False,False,98.89455829,1.087942195,27823629.0,27.824,Negara lain,Low Income,1.0,World Average,4.0,Cellular basket 30calls+100sms (2010-2017),5.223243243243243,0.7658077201697195
NLD,Netherlands,2015,91.72413793,49670.0,,100.0,114.1379166,90.27877372,False,False,121.6375011,41.08797036,16939923.0,16.94,Negara lain,High Income,4.0,World Average,0.6,Cellular basket 30calls+100sms (2010-2017),5.223243243243243,0.11487115802545793
NCL,New Caledonia,2015,74.00175279,,,100.0,,66.82780455,False,False,,,,,,,,,,,,
NZL,New Zealand,2015,85.19999695,40660.0,,100.0,114.8899918,85.15187638,False,False,121.3689814,31.44540271,4609400.0,4.609,Negara lain,High Income,4.0,World Average,0.4,Cellular basket 30calls+100sms (2010-2017),5.223243243243243,0.07658077201697196
NIC,Nicaragua,2015,19.70429993,1910.0,,83.2,,57.81498819,False,False,118.1274745,1.891366287,6149417.0,6.149,Negara lain,Lower-Middle Income,2.0,World Average,17.3,Cellular basket 30calls+100sms (2010-2017),5.223243243243243,3.312118389734037
NER,Niger,2015,2.476200104,560.0,,16.6,19.69220125,16.30356066,False,False,44.93092053,0.1363524799,19939498.0,19.939,Negara lain,Low Income,1.0,World Average,27.8,Cellular basket 30calls+100sms (2010-2017),5.223243243243243,5.322363655179551
NGA,Nigeria,2015,22.51420021,2760.0,,52.5,43.82469177,55.73256821,False,False,79.10452794,0.008227747146,190671878.0,190.672,Negara lain,Lower-Middle Income,2.0,World Average,2.1,Cellular basket 30calls+100sms (2010-2017),5.223243243243243,0.40204905308910277
MKD,North Macedonia,2015,70.38020308,5550.0,,99.9,84.98362732,59.07003838,False,False,105.2120164,18.40169948,1912430.0,1.912,Negara lain,Upper-Middle Income,3.0,World Average,2.5,Cellular basket 30calls+100sms (2010-2017),5.223243243243243,0.4786298251060747
MNP,Northern Mariana Islands,2015,,,,100.0,,91.32540685,False,False,,,,,,,,,,,,
NOR,Norway,2015,96.81032569,93290.0,,100.0,115.2101212,81.2378241,False,False,110.1183463,39.5096431,5188607.0,5.189,Negara lain,High Income,4.0,World Average,0.2,Cellular basket 30calls+100sms (2010-2017),5.223243243243243,0.03829038600848598
OMN,Oman,2015,73.52999878,20560.0,,100.0,101.9326992,77.3025363,False,False,155.7561043,5.465549095,4184895.0,4.185,Negara lain,High Income,4.0,World Average,0.6,Cellular basket 30calls+100sms (2010-2017),5.223243243243243,0.11487115802545793
PAK,Pakistan,2015,11.0,1280.0,,91.0,34.67414665,35.90173257,False,False,57.94059846,0.8252527558,217290883.0,217.291,Negara lain,Lower-Middle Income,2.0,World Average,1.8,Cellular basket 30calls+100sms (2010-2017),5.223243243243243,0.34461347407637377
PLW,Palau,2015,,14180.0,,99.5,,80.38824627,False,False,,,,,,,,,,,,
PAN,Panama,2015,51.20542499,12570.0,,91.6,76.59468079,65.52872329,False,False,144.9969255,7.983969839,3960035.0,3.96,Negara lain,Upper-Middle Income,3.0,World Average,1.4,Cellular basket 30calls+100sms (2010-2017),5.223243243243243,0.26803270205940183
PNG,Papua New Guinea,2015,7.900000095,2520.0,,18.4,,13.23413598,False,False,40.71714327,0.1715609969,8743246.0,8.743,Negara lain,Lower-Middle Income,2.0,World Average,12.0,Cellular basket 30calls+100sms (2010-2017),5.223243243243243,2.2974231605091586
PRY,Paraguay,2015,49.71630466,6100.0,,99.3,,61.33027685,False,False,120.3419719,3.492959933,6159103.0,6.159,Negara lain,Upper-Middle Income,3.0,World Average,1.3,Cellular basket 30calls+100sms (2010-2017),5.223243243243243,0.24888750905515886
PER,Peru,2015,40.85260091,6340.0,,93.9,100.2515717,80.69827766,False,False,112.4048185,6.564729329,30457600.0,30.458,Negara lain,Upper-Middle Income,3.0,World Average,2.1,Cellular basket 30calls+100sms (2010-2017),5.223243243243243,0.40204905308910277
PHL,Philippines,2015,36.90000153,3280.0,,89.1,82.00852548,51.15490477,False,True,111.8931974,2.753696334,105312992.0,105.313,ASEAN lain,Lower-Middle Income,2.0,World Average,3.4,Cellular basket 30calls+100sms (2010-2017),5.223243243243243,0.6509365621442615
POL,Poland,2015,67.99698716,13320.0,,100.0,109.4147873,60.33628868,False,False,142.5202072,18.98679345,37986412.0,37.986,Negara lain,Upper-Middle Income,3.0,World Average,0.7,Cellular basket 30calls+100sms (2010-2017),5.223243243243243,0.13401635102970091
PRT,Portugal,2015,68.63286148,20450.0,,100.0,116.8045883,61.13746921,False,False,112.9642371,30.29997203,10358076.0,10.358,Negara lain,High Income,4.0,World Average,0.8,Cellular basket 30calls+100sms (2010-2017),5.223243243243243,0.1531615440339439
PRI,Puerto Rico,2015,63.46633538,19080.0,,100.0,99.05863953,93.79871614,False,False,91.00411692,20.00138565,3535167.0,3.535,Negara lain,High Income,4.0,World Average,,,,
QAT,Qatar,2015,92.88482645,80090.0,,100.0,101.9468307,98.93824077,False,False,154.0980196,9.795697414,2344557.0,2.345,Negara lain,High Income,4.0,World Average,0.2,Cellular basket 30calls+100sms (2010-2017),5.223243243243243,0.03829038600848598
ROU,Romania,2015,55.76315563,9610.0,,98.8,91.33770752,53.70718395,False,False,116.3503492,21.44898558,19815616.0,19.816,Negara lain,Upper-Middle Income,3.0,World Average,0.8,Cellular basket 30calls+100sms (2010-2017),5.223243243243243,0.1531615440339439
RUS,Russian Federation,2015,70.09924123,11740.0,,95.5,96.3292563,74.27591907,False,False,156.4185651,18.49969309,144640716.0,144.641,Negara lain,Upper-Middle Income,3.0,World Average,0.3,Cellular basket 30calls+100sms (2010-2017),5.223243243243243,0.057435579012728964
RWA,Rwanda,2015,12.45600033,720.0,,22.8,39.40990429,18.19531499,False,False,75.25431653,0.1814859113,11640022.0,11.64,Negara lain,Low Income,1.0,World Average,10.0,Cellular basket 30calls+100sms (2010-2017),5.223243243243243,1.9145193004242989
KNA,Saint Kitts and Nevis,2015,66.17310333,18670.0,,100.0,115.4854202,31.25139297,False,False,155.051288,34.77817657,47087.0,0.047,Negara lain,High Income,4.0,World Average,1.5,Cellular basket 30calls+100sms (2010-2017),5.223243243243243,0.28717789506364483
LCA,Saint Lucia,2015,57.26330185,9020.0,,99.0,90.94976044,20.02042882,False,False,107.3388411,16.25225122,174905.0,0.175,Negara lain,Upper-Middle Income,3.0,World Average,4.5,Cellular basket 30calls+100sms (2010-2017),5.223243243243243,0.8615336851909344
VCT,Saint Vincent and the Grenadines,2015,49.40000153,7110.0,,99.4,114.0228424,46.68456387,False,False,105.9938295,15.85639491,106960.0,0.107,Negara lain,Upper-Middle Income,3.0,World Average,4.7,Cellular basket 30calls+100sms (2010-2017),5.223243243243243,0.8998240711994204
WSM,Samoa,2015,,3970.0,,98.2,87.56021073,19.23401054,False,False,,,,,,,,,4.9,Cellular basket 30calls+100sms (2010-2017),5.223243243243243,0.9381144572079065
SMR,San Marino,2015,,,,100.0,,97.09999847,False,False,,,,,,,,,,,,
STP,Sao Tome and Principe,2015,25.81999969,1400.0,,67.3,82.40091705,67.39157104,False,False,92.35112911,0.6560454539,200291.0,0.2,Negara lain,Lower-Middle Income,2.0,World Average,8.4,Cellular basket 30calls+100sms (2010-2017),5.223243243243243,1.608196212356411
SAU,Saudi Arabia,2015,69.6162358,26580.0,,100.0,102.9792006,82.95627734,False,False,176.134029,21.1361805,29816382.0,29.816,Negara lain,High Income,4.0,World Average,0.7,Cellular basket 30calls+100sms (2010-2017),5.223243243243243,0.13401635102970091
SEN,Senegal,2015,21.70000076,1320.0,,60.5,50.53805161,46.27476696,False,False,102.5089954,0.6894313574,14593331.0,14.593,Negara lain,Lower-Middle Income,2.0,World Average,15.8,Cellular basket 30calls+100sms (2010-2017),5.223243243243243,3.024940494670392
SRB,Serbia,2015,65.3170254,6210.0,,99.9,96.66960907,60.1388092,False,False,129.3835881,18.65687672,7095383.0,7.095,Negara lain,Upper-Middle Income,3.0,World Average,2.9,Cellular basket 30calls+100sms (2010-2017),5.223243243243243,0.5552105971230467
SYC,Seychelles,2015,54.25960159,14750.0,,100.0,92.09116951,43.09480357,False,False,138.2486245,12.51515434,93419.0,0.093,Negara lain,High Income,4.0,World Average,1.1,Cellular basket 30calls+100sms (2010-2017),5.223243243243243,0.21059712304667288
SLE,Sierra Leone,2015,6.344399929,950.0,,19.7,39.8463707,40.76695652,False,False,80.38188857,,7037655.0,7.038,Negara lain,Low Income,1.0,World Average,20.6,Cellular basket 30calls+100sms (2010-2017),5.223243243243243,3.9439097588740557
SGP,Singapore,2015,79.012957,53160.0,,100.0,,100.0,False,True,149.006215,26.89789226,5535002.0,5.535,ASEAN lain,High Income,4.0,World Average,0.2,Cellular basket 30calls+100sms (2010-2017),5.223243243243243,0.03829038600848598
SXM,Sint Maarten (Dutch part),2015,,31890.0,,100.0,,100.0,False,False,,,,,,,,,,,,
SVK,Slovak Republic,2015,77.63468203,17800.0,,100.0,91.89572906,53.8700628,False,False,123.1588675,23.50086103,5423801.0,5.424,Negara lain,High Income,4.0,World Average,0.9,Cellular basket 30calls+100sms (2010-2017),5.223243243243243,0.17230673703818689
SVN,Slovenia,2015,73.09865997,22080.0,,100.0,109.65522,53.66121603,False,False,114.2711924,27.62333206,2063531.0,2.064,Negara lain,High Income,4.0,World Average,0.4,Cellular basket 30calls+100sms (2010-2017),5.223243243243243,0.07658077201697196
SLB,Solomon Islands,2015,10.00049973,2010.0,,55.1,,23.66305021,False,False,66.42196383,0.2220779932,639415.0,0.639,Negara lain,Lower-Middle Income,2.0,World Average,10.3,Cellular basket 30calls+100sms (2010-2017),5.223243243243243,1.9719548794370279
SOM,Somalia,2015,1.75999999,440.0,,51.2,,43.86181074,False,False,42.26852784,0.5939032356,13806963.0,13.807,Negara lain,Low Income,1.0,World Average,,,,
ZAF,South Africa,2015,51.91910172,6450.0,,85.3,104.622813,63.20963499,False,False,155.1375261,2.484589422,56723537.0,56.724,Negara lain,Upper-Middle Income,3.0,World Average,1.2,Cellular basket 30calls+100sms (2010-2017),5.223243243243243,0.22974231605091586
SSD,South Sudan,2015,3.0,1050.0,,4.8,11.53481007,18.80926196,False,False,26.099339,0.001350431476,11107561.0,11.108,Negara lain,Low Income,1.0,World Average,8.7,Cellular basket 30calls+100sms (2010-2017),5.223243243243243,1.6656317913691399
ESP,Spain,2015,78.68963187,28700.0,,100.0,125.1707993,79.24548927,False,False,109.3910408,29.00993293,46422303.0,46.422,Negara lain,High Income,4.0,World Average,1.3,Cellular basket 30calls+100sms (2010-2017),5.223243243243243,0.24888750905515886
LKA,Sri Lanka,2015,15.26249981,3920.0,,94.3,94.4516929,18.79625661,False,False,109.9846935,2.880431824,20970000.0,20.97,Negara lain,Lower-Middle Income,2.0,World Average,0.3,Cellular basket 30calls+100sms (2010-2017),5.223243243243243,0.057435579012728964
MAF,St. Martin (French part),2015,,,,100.0,,100.0,False,False,,,,,,,,,,,,
PSE,State of Palestine,2015,56.70000076,3670.0,,99.9,88.39092191,85.21821745,False,False,78.09243039,6.070906865,4270092.0,4.27,Negara lain,Lower-Middle Income,2.0,World Average,5.7,Cellular basket 30calls+100sms (2010-2017),5.223243243243243,1.0912760012418503
SDN,Sudan,2015,12.0,1180.0,,48.0,42.52307129,34.09143946,False,False,69.80363319,0.07018962993,40024431.0,40.024,Negara lain,Lower-Middle Income,2.0,World Average,2.3,Cellular basket 30calls+100sms (2010-2017),5.223243243243243,0.4403394390975887
SUR,Suriname,2015,42.76380157,8550.0,,95.0,70.15602875,66.18288151,False,False,129.0273663,9.059242435,581627.0,0.582,Negara lain,Upper-Middle Income,3.0,World Average,2.1,Cellular basket 30calls+100sms (2010-2017),5.223243243243243,0.40204905308910277
SWE,Sweden,2015,90.61019664,57900.0,,100.0,137.4629669,86.61586541,False,False,128.9744528,35.67780783,9799186.0,9.799,Negara lain,High Income,4.0,World Average,0.2,Cellular basket 30calls+100sms (2010-2017),5.223243243243243,0.03829038600848598
CHE,Switzerland,2015,87.4790556,88150.0,,100.0,103.9133911,75.60449601,False,False,135.7230755,44.67156547,8282396.0,8.282,Negara lain,High Income,4.0,World Average,0.5,Cellular basket 30calls+100sms (2010-2017),5.223243243243243,0.09572596502121494
SYR,Syrian Arab Republic,2015,29.97979927,900.0,,90.0,,75.75290672,False,False,73.68109375,3.754313212,19424618.0,19.425,Negara lain,Low Income,1.0,World Average,,,,
TJK,Tajikistan,2015,18.97999954,1230.0,,98.0,,26.47883224,False,False,98.20866652,0.06941359396,8643840.0,8.644,Negara lain,Lower-Middle Income,2.0,World Average,4.7,Cellular basket 30calls+100sms (2010-2017),5.223243243243243,0.8998240711994204
TZA,Tanzania,2015,10.0,970.0,,26.2,26.09066963,31.20615666,False,False,76.24926275,0.2037640134,52020962.0,52.021,Negara lain,Low Income,1.0,World Average,8.7,Cellular basket 30calls+100sms (2010-2017),5.223243243243243,1.6656317913691399
THA,Thailand,2015,39.31612674,5560.0,,99.6,124.3305969,46.95210438,False,True,145.932577,8.830351288,70540795.0,70.541,ASEAN lain,Upper-Middle Income,3.0,World Average,0.9,Cellular basket 30calls+100sms (2010-2017),5.223243243243243,0.17230673703818689
TLS,Timor-Leste,2015,18.60000038,2180.0,,67.3,72.98403256,29.5043315,False,True,114.2339712,0.08530192983,1205131.0,1.205,ASEAN lain,Lower-Middle Income,2.0,World Average,,,,
TGO,Togo,2015,7.119999886,910.0,,44.7,,39.71625513,False,False,63.35746383,0.8621991219,7071502.0,7.072,Negara lain,Low Income,1.0,World Average,28.1,Cellular basket 30calls+100sms (2010-2017),5.223243243243243,5.37979923419228
TON,Tonga,2015,38.65129852,4220.0,,100.0,103.2612248,23.24344228,False,False,69.27093642,2.316791555,106095.0,0.106,Negara lain,Lower-Middle Income,2.0,World Average,3.3,Cellular basket 30calls+100sms (2010-2017),5.223243243243243,0.6317913691400185
TTO,Trinidad and Tobago,2015,65.09999847,20650.0,,100.0,,53.92666524,False,False,148.5720563,19.48812892,1349667.0,1.35,Negara lain,High Income,4.0,World Average,1.0,Cellular basket 30calls+100sms (2010-2017),5.223243243243243,0.19145193004242989
TUN,Tunisia,2015,46.49999434,4130.0,,99.9,85.78160095,67.88079071,False,False,128.0085692,5.033886253,11402264.0,11.402,Negara lain,Lower-Middle Income,2.0,World Average,1.0,Cellular basket 30calls+100sms (2010-2017),5.223243243243243,0.19145193004242989
TUR,Turkiye,2015,53.74497914,12080.0,,100.0,107.243187,87.2167108,False,False,92.03271053,11.87863018,78218479.0,78.218,Negara lain,Upper-Middle Income,3.0,World Average,2.0,Cellular basket 30calls+100sms (2010-2017),5.223243243243243,0.38290386008485977
TKM,Turkmenistan,2015,14.99680042,6300.0,,100.0,,47.0100189,False,False,126.1629694,0.4536847406,6215770.0,6.216,Negara lain,Upper-Middle Income,3.0,World Average,0.7,Cellular basket 30calls+100sms (2010-2017),5.223243243243243,0.13401635102970091
TCA,Turks & Caicos Is.,2015,,26940.0,,100.0,81.02040816,91.87379372,False,False,,,,,,,,,,,,
TUV,Tuvalu,2015,27.29999924,5650.0,,98.1,87.62745667,58.91485027,False,False,60.20249932,4.104715862,10963.0,0.011,Negara lain,Upper-Middle Income,3.0,World Average,8.0,Cellular basket 30calls+100sms (2010-2017),5.223243243243243,1.531615440339439
UGA,Uganda,2015,5.699999809,850.0,,18.5,,24.97778566,False,False,53.87555012,0.2150836395,37531446.0,37.531,Negara lain,Low Income,1.0,World Average,10.9,Cellular basket 30calls+100sms (2010-2017),5.223243243243243,2.086826037462486
UKR,Ukraine,2015,48.88464368,2760.0,,100.0,90.50289611,69.15873172,False,False,142.0030379,11.64370424,45784896.0,45.785,Negara lain,Lower-Middle Income,2.0,World Average,1.0,Cellular basket 30calls+100sms (2010-2017),5.223243243243243,0.19145193004242989
ARE,United Arab Emirates,2015,90.5,49990.0,,100.0,,84.32843835,False,False,206.8394133,14.23053863,8505237.0,8.505,Negara lain,High Income,4.0,World Average,0.2,Cellular basket 30calls+100sms (2010-2017),5.223243243243243,0.03829038600848598
GBR,United Kingdom,2015,92.00029987,44630.0,,100.0,126.1108704,81.82437723,False,False,121.2117397,37.72149446,65087000.0,65.087,Negara lain,High Income,4.0,World Average,0.4,Cellular basket 30calls+100sms (2010-2017),5.223243243243243,0.07658077201697196
USA,United States,2015,74.55420245,56320.0,,100.0,97.65254974,80.57079895,False,False,101.8319588,31.34121298,321815121.0,321.815,Negara lain,High Income,4.0,World Average,0.8,Cellular basket 30calls+100sms (2010-2017),5.223243243243243,0.1531615440339439
URY,Uruguay,2015,64.5707871,17070.0,,99.7,108.0432968,95.08000023,False,False,153.3684064,26.74965714,3368017.0,3.368,Negara lain,High Income,4.0,World Average,1.3,Cellular basket 30calls+100sms (2010-2017),5.223243243243243,0.24888750905515886
UZB,Uzbekistan,2015,42.79999924,3170.0,,99.9,92.24281249,50.65973282,False,False,70.84150668,5.814061867,30749346.0,30.749,Negara lain,Lower-Middle Income,2.0,World Average,2.6,Cellular basket 30calls+100sms (2010-2017),5.223243243243243,0.4977750181103177
VUT,Vanuatu,2015,22.35140038,3400.0,,52.3,57.25101852,24.86269458,False,False,65.69610787,1.614800395,266101.0,0.266,Negara lain,Lower-Middle Income,2.0,World Average,8.3,Cellular basket 30calls+100sms (2010-2017),5.223243243243243,1.589051019352168
VEN,Venezuela,2015,58.0,5280.0,,100.0,88.83022308,88.95398041,False,False,95.15779304,8.470319133,30573972.0,30.574,Negara lain,Upper-Middle Income,3.0,World Average,1.2,Cellular basket 30calls+100sms (2010-2017),5.223243243243243,0.22974231605091586
VNM,Viet Nam,2015,45.0,2460.0,,99.3,89.45483413,32.38109454,False,True,129.6270566,8.249677392,92823254.0,92.823,ASEAN lain,Lower-Middle Income,2.0,World Average,2.8,Cellular basket 30calls+100sms (2010-2017),5.223243243243243,0.5360654041188037
VIR,Virgin Islands (U.S.),2015,54.8391373,,,100.0,,94.94133191,False,False,,,,,,,,,,,,
YEM,Yemen,2015,24.08539963,1030.0,,67.4,,32.38831787,False,False,48.21005258,1.267676098,31159379.0,31.159,Negara lain,Low Income,1.0,World Average,7.8,Cellular basket 30calls+100sms (2010-2017),5.223243243243243,1.493325054330953
ZMB,Zambia,2015,8.8,1530.0,,31.1,,41.95551047,False,False,70.47784789,0.1426298741,16399089.0,16.399,Negara lain,Lower-Middle Income,2.0,World Average,5.7,Cellular basket 30calls+100sms (2010-2017),5.223243243243243,1.0912760012418503
ZWE,Zimbabwe,2015,22.74279976,1330.0,,33.7,,33.56126418,False,False,88.59919774,1.138876672,14399013.0,14.399,Negara lain,Lower-Middle Income,2.0,World Average,18.4,Cellular basket 30calls+100sms (2010-2017),5.223243243243243,3.5227155127807097
AFG,Afghanistan,2016,11.0,560.0,,97.7,53.43503952,24.65883457,False,False,62.25533429,0.02536266507,34700612.0,34.701,Negara lain,Low Income,1.0,World Average,9.4,Cellular basket 30calls+100sms (2010-2017),5.134020618556701,1.8309236947791163
ALB,Albania,2016,59.59999847,4670.0,,99.9,99.17075505,55.57387345,False,False,116.2840117,9.192243812,2689469.0,2.689,Negara lain,Upper-Middle Income,3.0,World Average,1.8,Cellular basket 30calls+100sms (2010-2017),5.134020618556701,0.3506024096385542
DZA,Algeria,2016,42.94549942,4920.0,,99.4,,70.73537783,False,False,115.1542001,7.000040464,40850721.0,40.851,Negara lain,Upper-Middle Income,3.0,World Average,2.5,Cellular basket 30calls+100sms (2010-2017),5.134020618556701,0.4869477911646586
ASM,American Samoa,2016,,,,,,84.28628244,False,False,,,,,,,,,,,,
AND,Andorra,2016,89.69999695,,,100.0,94.65241241,88.50274546,False,False,,,,,,,,,0.9,Cellular basket 30calls+100sms (2010-2017),5.134020618556701,0.1753012048192771
AGO,Angola,2016,23.20000076,2960.0,,41.8,54.41679873,64.29923025,False,False,44.55022724,0.2903190103,29183070.0,29.183,Negara lain,Lower-Middle Income,2.0,World Average,3.2,Cellular basket 30calls+100sms (2010-2017),5.134020618556701,0.623293172690763
ATG,Antigua and Barbuda,2016,70.27159882,15080.0,,100.0,,24.92398075,False,False,200.0689126,10.29354555,89969.0,0.09,Negara lain,High Income,4.0,World Average,2.7,Cellular basket 30calls+100sms (2010-2017),5.134020618556701,0.5259036144578313
ARG,Argentina,2016,70.96898082,12130.0,,99.9,109.5983276,91.58568172,False,False,145.1465847,16.51849954,43900313.0,43.9,Negara lain,Upper-Middle Income,3.0,World Average,2.0,Cellular basket 30calls+100sms (2010-2017),5.134020618556701,0.38955823293172687
ARM,Armenia,2016,64.34602977,3690.0,,99.8,,64.59287533,False,False,117.6707975,10.24978476,2992300.0,2.992,Negara lain,Lower-Middle Income,2.0,World Average,0.9,Cellular basket 30calls+100sms (2010-2017),5.134020618556701,0.1753012048192771
ABW,Aruba,2016,93.54245387,25560.0,,100.0,,63.00778806,False,False,,,108727.0,0.109,Negara lain,High Income,4.0,World Average,1.4,Cellular basket 30calls+100sms (2010-2017),5.134020618556701,0.2726907630522088
AUS,Australia,2016,86.54000092,54330.0,,100.0,155.5943909,87.01662952,False,False,109.1288137,30.3083075,24190907.0,24.191,Negara lain,High Income,4.0,World Average,0.3,Cellular basket 30calls+100sms (2010-2017),5.134020618556701,0.05843373493975903
AUT,Austria,2016,84.32374257,45980.0,,100.0,100.2279892,67.72180619,False,False,126.7975255,28.87759837,8736668.0,8.737,Negara lain,High Income,4.0,World Average,0.2,Cellular basket 30calls+100sms (2010-2017),5.134020618556701,0.03895582329317269
AZE,Azerbaijan,2016,78.2,4790.0,,100.0,86.58569358,55.75747972,False,False,103.2484606,18.2770954,9757812.0,9.758,Negara lain,Upper-Middle Income,3.0,World Average,0.9,Cellular basket 30calls+100sms (2010-2017),5.134020618556701,0.1753012048192771
BHS,Bahamas,2016,80.0,27820.0,,100.0,85.06863274,82.17843786,False,False,92.8218938,21.93709655,388055.0,0.388,Negara lain,High Income,4.0,World Average,1.1,Cellular basket 30calls+100sms (2010-2017),5.134020618556701,0.2142570281124498
BHR,Bahrain,2016,97.9999807,22720.0,,100.0,100.5836493,100.0,False,False,209.4891313,16.25520074,1423726.0,1.424,Negara lain,High Income,4.0,World Average,0.6,Cellular basket 30calls+100sms (2010-2017),5.134020618556701,0.11686746987951806
BGD,Bangladesh,2016,16.89909935,1400.0,,75.9,64.16645461,29.87539155,False,False,84.55954997,4.099444561,160811932.0,160.812,Negara lain,Lower-Middle Income,2.0,World Average,1.8,Cellular basket 30calls+100sms (2010-2017),5.134020618556701,0.3506024096385542
BRB,Barbados,2016,71.57299805,19300.0,,100.0,108.3107376,59.25102553,False,False,118.8163005,31.07568724,279598.0,0.28,Negara lain,High Income,4.0,World Average,2.3,Cellular basket 30calls+100sms (2010-2017),5.134020618556701,0.4479919678714859
BLR,Belarus,2016,71.11304576,5640.0,,98.0,102.9690059,76.84587097,False,False,120.4315078,32.29296065,9469379.0,9.469,Negara lain,Upper-Middle Income,3.0,World Average,0.7,Cellular basket 30calls+100sms (2010-2017),5.134020618556701,0.1363453815261044
BEL,Belgium,2016,86.51647666,43240.0,,100.0,160.68927,86.4507791,False,False,110.7487174,37.68129945,11331422.0,11.331,Negara lain,High Income,4.0,World Average,0.8,Cellular basket 30calls+100sms (2010-2017),5.134020618556701,0.15582329317269075
BLZ,Belize,2016,44.57569885,5640.0,,93.3,87.73137263,43.67655143,False,False,61.12556724,5.038044447,364705.0,0.365,Negara lain,Upper-Middle Income,3.0,World Average,7.4,Cellular basket 30calls+100sms (2010-2017),5.134020618556701,1.4413654618473895
BEN,Benin,2016,14.5,1040.0,,37.0,55.29459,46.6094559,False,False,76.01820917,0.1906163547,11697842.0,11.698,Negara lain,Low Income,1.0,World Average,11.6,Cellular basket 30calls+100sms (2010-2017),5.134020618556701,2.259437751004016
BMU,Bermuda,2016,98.0,105430.0,,100.0,,100.0,False,False,100.6966225,35.92964428,63449.0,0.063,Negara lain,High Income,4.0,World Average,,,,
BTN,Bhutan,2016,46.50320053,2880.0,,99.3,85.67661285,37.27452346,False,False,93.38210321,2.204806743,747866.0,0.748,Negara lain,Lower-Middle Income,2.0,World Average,1.3,Cellular basket 30calls+100sms (2010-2017),5.134020618556701,0.2532128514056225
BOL,Bolivia,2016,39.69749832,3000.0,,91.8,90.61528528,68.74463279,False,False,90.39533024,2.572347813,11180020.0,11.18,Negara lain,Lower-Middle Income,2.0,World Average,4.1,Cellular basket 30calls+100sms (2010-2017),5.134020618556701,0.79859437751004
BIH,Bosnia and Herzegovina,2016,60.25653543,5070.0,,100.0,83.16995239,48.02488458,False,False,98.01439849,19.07478917,3473003.0,3.473,Negara lain,Upper-Middle Income,3.0,World Average,2.4,Cellular basket 30calls+100sms (2010-2017),5.134020618556701,0.46746987951807223
BWA,Botswana,2016,41.16859818,6060.0,,64.2,,65.69492969,False,False,147.1729605,2.642636219,2234776.0,2.235,Negara lain,Upper-Middle Income,3.0,World Average,1.3,Cellular basket 30calls+100sms (2010-2017),5.134020618556701,0.2532128514056225
BRA,Brazil,2016,60.87254007,9050.0,,99.7,102.6929016,85.94870484,False,False,120.1011815,13.21770903,203218114.0,203.218,Negara lain,Upper-Middle Income,3.0,World Average,1.4,Cellular basket 30calls+100sms (2010-2017),5.134020618556701,0.2726907630522088
VGB,British Virgin Islands,2016,77.70142968,,,100.0,98.64209505,50.18006186,False,False,,,,,,,,,,,,
BRN,Brunei Darussalam,2016,90.0,32570.0,,100.0,90.09861755,74.88160706,False,True,122.426818,8.447858098,427564.0,0.428,ASEAN lain,High Income,4.0,World Average,0.3,Cellular basket 30calls+100sms (2010-2017),5.134020618556701,0.05843373493975903
BGR,Bulgaria,2016,59.82554766,7490.0,,97.3,103.0039215,73.17500305,False,False,125.9060273,23.8176881,6894139.0,6.894,Negara lain,Upper-Middle Income,3.0,World Average,4.1,Cellular basket 30calls+100sms (2010-2017),5.134020618556701,0.79859437751004
BFA,Burkina Faso,2016,7.140999794,650.0,,16.6,34.93362808,25.82151037,False,False,79.66979428,0.06405012791,19334856.0,19.335,Negara lain,Low Income,1.0,World Average,18.2,Cellular basket 30calls+100sms (2010-2017),5.134020618556701,3.5449799196787146
BDI,Burundi,2016,2.200000048,240.0,,8.5,47.47153428,15.61809056,False,False,47.66973049,0.02887151695,11239451.0,11.239,Negara lain,Low Income,1.0,World Average,35.0,Cellular basket 30calls+100sms (2010-2017),5.134020618556701,6.81726907630522
CPV,Cabo Verde,2016,50.32281787,3580.0,,87.5,98.25284581,68.03540784,False,False,117.4424548,3.032070767,512554.0,0.513,Negara lain,Lower-Middle Income,2.0,World Average,8.7,Cellular basket 30calls+100sms (2010-2017),5.134020618556701,1.6945783132530117
KHM,Cambodia,2016,32.39845171,1550.0,,68.8,,32.4767436,False,True,125.6276445,0.6159226226,15852803.0,15.853,ASEAN lain,Lower-Middle Income,2.0,World Average,7.7,Cellular basket 30calls+100sms (2010-2017),5.134020618556701,1.4997991967871485
CMR,Cameroon,2016,20.60000038,1470.0,,59.8,61.40370451,52.98150338,False,False,79.80461548,1.555293323,23454161.0,23.454,Negara lain,Lower-Middle Income,2.0,World Average,12.2,Cellular basket 30calls+100sms (2010-2017),5.134020618556701,2.376305220883534
CAN,Canada,2016,91.16000366,43900.0,,100.0,111.6073303,81.30230111,False,False,84.59194523,36.82328748,36110803.0,36.111,Negara lain,High Income,4.0,World Average,0.7,Cellular basket 30calls+100sms (2010-2017),5.134020618556701,0.1363453815261044
CYM,Cayman Islands,2016,79.0,47830.0,,100.0,,100.0,False,False,151.5942948,38.88272583,63100.0,0.063,Negara lain,High Income,4.0,World Average,0.7,Cellular basket 30calls+100sms (2010-2017),5.134020618556701,0.1363453815261044
CAF,Central African Rep.,2016,3.099999905,400.0,,13.4,13.94655037,40.38087117,False,False,26.4835649,0.0156141837,4713663.0,4.714,Negara lain,Low Income,1.0,World Average,41.7,Cellular basket 30calls+100sms (2010-2017),5.134020618556701,8.122289156626506
TCD,Chad,2016,5.800000191,940.0,,9.2,22.53049085,23.11197347,False,False,36.95558384,0.03391410522,15114655.0,15.115,Negara lain,Low Income,1.0,World Average,21.4,Cellular basket 30calls+100sms (2010-2017),5.134020618556701,4.1682730923694775
CHI,Channel Islands,2016,,,,100.0,,32.74262597,False,False,,,,,,,,,,,,
CHL,Chile,2016,83.55858602,13310.0,,100.0,101.4881363,87.63062906,False,False,127.5651233,15.90050287,18267221.0,18.267,Negara lain,Upper-Middle Income,3.0,World Average,1.6,Cellular basket 30calls+100sms (2010-2017),5.134020618556701,0.3116465863453815
CHN,China,2016,53.2,8360.0,,100.0,,58.83992386,False,False,97.21387709,22.97613299,1387790000.0,1387.79,Negara lain,Upper-Middle Income,3.0,World Average,0.6,Cellular basket 30calls+100sms (2010-2017),5.134020618556701,0.11686746987951806
COL,Colombia,2016,58.13649357,6560.0,,98.4,98.41562653,77.20362664,False,False,123.7099534,12.46475152,47437512.0,47.438,Negara lain,Upper-Middle Income,3.0,World Average,2.1,Cellular basket 30calls+100sms (2010-2017),5.134020618556701,0.4090361445783132
COM,Comoros,2016,7.938300133,1410.0,,76.4,,30.73050182,False,False,61.25979284,0.220292528,741741.0,0.742,Negara lain,Lower-Middle Income,2.0,World Average,14.0,Cellular basket 30calls+100sms (2010-2017),5.134020618556701,2.726907630522088
COG,Congo (Rep. of the),2016,8.121899605,2260.0,,45.3,,63.25153165,False,False,103.8575895,,5222536.0,5.223,Negara lain,Lower-Middle Income,2.0,World Average,5.3,Cellular basket 30calls+100sms (2010-2017),5.134020618556701,1.0323293172690762
COD,"Congo, Dem. Rep.",2016,10.1,460.0,,17.3,,41.72904838,False,False,34.40989828,0.001191094212,83956415.0,83.956,Negara lain,Low Income,1.0,World Average,27.6,Cellular basket 30calls+100sms (2010-2017),5.134020618556701,5.375903614457831
CRI,Costa Rica,2016,65.88044919,11170.0,,99.5,118.2037125,75.54230881,False,False,171.166374,13.13103067,4866998.0,4.867,Negara lain,Upper-Middle Income,3.0,World Average,0.5,Cellular basket 30calls+100sms (2010-2017),5.134020618556701,0.09738955823293172
CIV,Cote d'Ivoire,2016,41.20781493,1880.0,,64.3,46.24250699,49.92999103,False,False,105.6247729,0.5247522981,25989405.0,25.989,Negara lain,Lower-Middle Income,2.0,World Average,11.9,Cellular basket 30calls+100sms (2010-2017),5.134020618556701,2.317871485943775
HRV,Croatia,2016,72.69726967,13090.0,,100.0,103.7194366,55.72943986,False,False,106.7184035,25.23411413,4106867.0,4.107,Negara lain,Upper-Middle Income,3.0,World Average,0.9,Cellular basket 30calls+100sms (2010-2017),5.134020618556701,0.1753012048192771
CUB,Cuba,2016,42.97867519,7530.0,,99.2,97.80056411,76.91158295,False,False,35.3988758,0.1280711603,11265612.0,11.266,Negara lain,Upper-Middle Income,3.0,World Average,3.4,Cellular basket 30calls+100sms (2010-2017),5.134020618556701,0.6622489959839357
CUW,Curacao,2016,61.85551074,18260.0,,100.0,,91.33535446,False,False,111.2419687,25.45743882,159664.0,0.16,Negara lain,High Income,4.0,World Average,2.1,Cellular basket 30calls+100sms (2010-2017),5.134020618556701,0.4090361445783132
CYP,Cyprus,2016,75.9002054,24400.0,,100.0,98.83094025,66.96256041,False,False,130.3345212,32.01321991,1237112.0,1.237,Negara lain,High Income,4.0,World Average,0.3,Cellular basket 30calls+100sms (2010-2017),5.134020618556701,0.05843373493975903
CZE,Czech Republic,2016,76.4811987,17660.0,,100.0,103.0150833,72.97457534,False,False,118.5444991,29.14911847,10566332.0,10.566,Negara lain,High Income,4.0,World Average,1.1,Cellular basket 30calls+100sms (2010-2017),5.134020618556701,0.2142570281124498
DNK,Denmark,2016,96.96778525,57830.0,,100.0,131.4412994,87.69999695,False,False,121.9411644,42.96991324,5728010.0,5.728,Negara lain,High Income,4.0,World Average,0.7,Cellular basket 30calls+100sms (2010-2017),5.134020618556701,0.1363453815261044
DJI,Djibouti,2016,30.79999924,2370.0,,59.8,,71.14922363,False,False,33.2718163,2.339414043,1037653.0,1.038,Negara lain,Lower-Middle Income,2.0,World Average,,,,
DMA,Dominica,2016,67.02999878,8000.0,,97.8,,70.25116057,False,False,112.6971813,22.24951872,69606.0,0.07,Negara lain,Upper-Middle Income,3.0,World Average,3.7,Cellular basket 30calls+100sms (2010-2017),5.134020618556701,0.7206827309236947
DOM,Dominican Rep.,2016,63.87086474,6750.0,,98.9,80.09447287,74.05067807,False,False,82.53033949,7.214709286,10551430.0,10.551,Negara lain,Upper-Middle Income,3.0,World Average,2.6,Cellular basket 30calls+100sms (2010-2017),5.134020618556701,0.506425702811245
ECU,Ecuador,2016,54.06292473,5750.0,,98.7,98.08037649,62.99133676,False,False,84.10883422,9.752029353,16505139.0,16.505,Negara lain,Upper-Middle Income,3.0,World Average,3.5,Cellular basket 30calls+100sms (2010-2017),5.134020618556701,0.681726907630522
EGY,Egypt,2016,41.24806709,3200.0,,100.0,75.75240867,42.52107173,False,False,96.20919516,4.396853826,101644589.0,101.645,Negara lain,Lower-Middle Income,2.0,World Average,0.8,Cellular basket 30calls+100sms (2010-2017),5.134020618556701,0.15582329317269075
SLV,El Salvador,2016,28.99710083,3600.0,,96.0,68.29660956,70.39901733,False,False,155.4196071,6.375096762,6200800.0,6.201,Negara lain,Lower-Middle Income,2.0,World Average,4.1,Cellular basket 30calls+100sms (2010-2017),5.134020618556701,0.79859437751004
GNQ,Equatorial Guinea,2016,23.78000069,6970.0,,66.2,,69.25326985,False,False,38.16836915,0.2242428984,1508186.0,1.508,Negara lain,Upper-Middle Income,3.0,World Average,,,,
ERI,Eritrea,2016,1.177099943,,,46.9,,35.52542877,False,False,,,,,,,,,,,,
EST,Estonia,2016,87.24023275,18640.0,,100.0,111.596199,68.72403818,False,False,144.2354708,31.49890299,1315790.0,1.316,Negara lain,High Income,4.0,World Average,0.2,Cellular basket 30calls+100sms (2010-2017),5.134020618556701,0.03895582329317269
SWZ,Eswatini,2016,28.56999969,3270.0,,63.4,82.02393577,23.52788817,False,False,86.55884653,0.6089567093,1149507.0,1.15,Negara lain,Lower-Middle Income,2.0,World Average,3.8,Cellular basket 30calls+100sms (2010-2017),5.134020618556701,0.740160642570281
ETH,Ethiopia,2016,15.36692386,620.0,,42.9,,19.87636185,False,False,47.99932742,0.5238096211,106718162.0,106.718,Negara lain,Low Income,1.0,World Average,6.5,Cellular basket 30calls+100sms (2010-2017),5.134020618556701,1.2660642570281124
FRO,Faroe Islands,2016,95.10868167,57410.0,,100.0,,38.32002258,False,False,110.0236254,36.29222785,49463.0,0.049,Negara lain,High Income,4.0,World Average,,,,
FJI,Fiji,2016,49.41999817,5010.0,,93.4,89.18202295,55.1734721,False,False,113.6557488,1.341651018,919166.0,0.919,Negara lain,Upper-Middle Income,3.0,World Average,4.3,Cellular basket 30calls+100sms (2010-2017),5.134020618556701,0.8375502008032127
FIN,Finland,2016,87.70364996,45160.0,,100.0,152.4714355,71.61583834,False,False,131.382781,31.15293708,5495303.0,5.495,Negara lain,High Income,4.0,World Average,0.3,Cellular basket 30calls+100sms (2010-2017),5.134020618556701,0.05843373493975903
FRA,France,2016,79.26981132,39020.0,,100.0,103.3080978,78.59991147,False,False,103.8166616,42.52778845,66724104.0,66.724,Negara lain,High Income,4.0,World Average,1.0,Cellular basket 30calls+100sms (2010-2017),5.134020618556701,0.19477911646586343
PYF,French Polynesia,2016,68.44041949,22170.0,,100.0,,61.77443814,False,False,100.3341954,19.85937287,279178.0,0.279,Negara lain,High Income,4.0,World Average,,,,
GAB,Gabon,2016,48.0522995,7180.0,,88.1,,88.54458834,False,False,141.0502089,0.7150386658,2100306.0,2.1,Negara lain,Upper-Middle Income,3.0,World Average,2.2,Cellular basket 30calls+100sms (2010-2017),5.134020618556701,0.4285140562248996
GMB,Gambia,2016,19.90640068,590.0,,56.4,,59.86524725,False,False,124.273821,0.1642022464,2283769.0,2.284,Negara lain,Low Income,1.0,World Average,15.8,Cellular basket 30calls+100sms (2010-2017),5.134020618556701,3.0775100401606426
GEO,Georgia,2016,58.45928961,4180.0,,100.0,107.7799018,57.6984032,False,False,145.8805867,17.95959291,3727505.0,3.728,Negara lain,Lower-Middle Income,2.0,World Average,1.4,Cellular basket 30calls+100sms (2010-2017),5.134020618556701,0.2726907630522088
DEU,Germany,2016,84.16520664,45340.0,,100.0,100.8523102,80.83478707,False,False,125.0240122,38.49910673,82348669.0,82.349,Negara lain,High Income,4.0,World Average,0.3,Cellular basket 30calls+100sms (2010-2017),5.134020618556701,0.05843373493975903
GHA,Ghana,2016,28.0,1760.0,,79.3,67.26441013,54.16705276,False,False,130.4813661,0.294978237,29356742.0,29.357,Negara lain,Lower-Middle Income,2.0,World Average,2.4,Cellular basket 30calls+100sms (2010-2017),5.134020618556701,0.46746987951807223
GIB,Gibraltar,2016,94.44447158,,,100.0,132.3251418,100.0,False,False,,,,,,,,,,,,
GRC,Greece,2016,69.08791547,18500.0,,100.0,103.9520721,77.71229888,False,False,116.3651092,33.5485839,10775971.0,10.776,Negara lain,High Income,4.0,World Average,0.4,Cellular basket 30calls+100sms (2010-2017),5.134020618556701,0.07791164658634538
GRL,Greenland,2016,68.50087368,,,100.0,,86.22610474,False,False,,,,,,,,,,,,
GRD,Grenada,2016,53.29999924,8000.0,,91.8,105.2242256,35.97060142,False,False,103.3379658,18.08477373,115130.0,0.115,Negara lain,Upper-Middle Income,3.0,World Average,3.0,Cellular basket 30calls+100sms (2010-2017),5.134020618556701,0.5843373493975903
GUM,Guam,2016,77.00999989,,,100.0,,94.07946726,False,False,,,,,,,,,,,,
GTM,Guatemala,2016,34.50930023,3760.0,,91.8,54.42525562,53.66092329,False,False,112.2674377,3.110255484,16268760.0,16.269,Negara lain,Lower-Middle Income,2.0,World Average,10.2,Cellular basket 30calls+100sms (2010-2017),5.134020618556701,1.986746987951807
GIN,Guinea,2016,13.10000038,760.0,,33.5,,35.31002808,False,False,92.0232949,0.009111217317,12073030.0,12.073,Negara lain,Low Income,1.0,World Average,13.3,Cellular basket 30calls+100sms (2010-2017),5.134020618556701,2.590562248995984
GNB,Guinea-Bissau,2016,13.80000019,670.0,,22.9,,42.58610916,False,False,70.19159962,0.04836527024,1831893.0,1.832,Negara lain,Low Income,1.0,World Average,34.5,Cellular basket 30calls+100sms (2010-2017),5.134020618556701,6.719879518072289
GUY,Guyana,2016,35.65999985,5610.0,,89.0,,26.40808929,False,False,76.57134849,7.491735948,763548.0,0.764,Negara lain,Upper-Middle Income,3.0,World Average,3.9,Cellular basket 30calls+100sms (2010-2017),5.134020618556701,0.7596385542168674
HTI,Haiti,2016,22.79999924,1380.0,,40.4,,50.08782115,False,False,60.94772251,0.01263182713,10671457.0,10.671,Negara lain,Lower-Middle Income,2.0,World Average,11.6,Cellular basket 30calls+100sms (2010-2017),5.134020618556701,2.259437751004016
HND,Honduras,2016,29.52821808,2090.0,,91.6,51.04664868,54.88684146,False,False,83.21808087,2.341448178,9412380.0,9.412,Negara lain,Lower-Middle Income,2.0,World Average,7.4,Cellular basket 30calls+100sms (2010-2017),5.134020618556701,1.4413654618473895
HKG,"Hong Kong SAR, China",2016,87.47941467,42970.0,,100.0,107.7507246,100.0,False,False,237.3777708,35.44849426,7336600.0,7.337,Negara lain,High Income,4.0,World Average,0.2,Cellular basket 30calls+100sms (2010-2017),5.134020618556701,0.03895582329317269
HUN,Hungary,2016,79.25941213,13230.0,,100.0,103.9664993,70.47338104,False,False,101.4420115,28.68879078,9759755.0,9.76,Negara lain,Upper-Middle Income,3.0,World Average,2.0,Cellular basket 30calls+100sms (2010-2017),5.134020618556701,0.38955823293172687
ISL,Iceland,2016,98.23999786,59210.0,,100.0,117.1227722,93.78226471,False,False,119.679415,38.15045266,335439.0,0.335,Negara lain,High Income,4.0,World Average,0.3,Cellular basket 30calls+100sms (2010-2017),5.134020618556701,0.05843373493975903
IND,India,2016,16.5,1670.0,,89.6,75.93728638,32.8650781,False,False,83.91783821,1.387952764,1343944296.0,1343.944,Negara lain,Lower-Middle Income,2.0,World Average,1.8,Cellular basket 30calls+100sms (2010-2017),5.134020618556701,0.3506024096385542
IDN,Indonesia,2016,25.4473537,3370.0,,97.6,87.81917917,53.81255722,True,True,145.7042513,1.975378455,264627418.0,264.627,Indonesia,Lower-Middle Income,2.0,Indonesia,3.3,Cellular basket 30calls+100sms (2010-2017),5.134020618556701,0.6427710843373493
IRN,Iran (Islamic Republic of),2016,53.22677167,5530.0,,100.0,83.32756805,73.87961001,False,False,96.07219725,9.078102541,83812228.0,83.812,Negara lain,Upper-Middle Income,3.0,World Average,0.4,Cellular basket 30calls+100sms (2010-2017),5.134020618556701,0.07791164658634538
IRQ,Iraq,2016,19.87719917,5060.0,,99.7,,69.91237783,False,False,86.94391552,,38469627.0,38.47,Negara lain,Upper-Middle Income,3.0,World Average,2.1,Cellular basket 30calls+100sms (2010-2017),5.134020618556701,0.4090361445783132
IRL,Ireland,2016,83.5,52880.0,,100.0,117.028717,62.72293991,False,False,102.5583869,28.61477104,4762722.0,4.763,Negara lain,High Income,4.0,World Average,0.5,Cellular basket 30calls+100sms (2010-2017),5.134020618556701,0.09738955823293172
IMN,Isle of Man,2016,,78690.0,,100.0,,52.13315322,False,False,,,,,,,,,,,,
ISR,Israel,2016,79.65312418,37240.0,,100.0,99.27545166,91.68946236,False,False,128.745354,27.50302832,8546000.0,8.546,Negara lain,High Income,4.0,World Average,1.1,Cellular basket 30calls+100sms (2010-2017),5.134020618556701,0.2142570281124498
ITA,Italy,2016,61.32425277,32400.0,,100.0,100.7429581,69.59692325,False,False,142.1273073,25.73374031,60115223.0,60.115,Negara lain,High Income,4.0,World Average,0.5,Cellular basket 30calls+100sms (2010-2017),5.134020618556701,0.09738955823293172
JAM,Jamaica,2016,44.36685637,4990.0,,96.6,87.93982486,55.54925928,False,False,116.2791045,10.18066383,2809915.0,2.81,Negara lain,Upper-Middle Income,3.0,World Average,2.3,Cellular basket 30calls+100sms (2010-2017),5.134020618556701,0.4479919678714859
JPN,Japan,2016,93.18272128,39220.0,,100.0,101.2969284,91.45412549,False,False,131.214861,31.30355563,127076000.0,127.076,Negara lain,High Income,4.0,World Average,1.0,Cellular basket 30calls+100sms (2010-2017),5.134020618556701,0.19477911646586343
JOR,Jordan,2016,56.15000153,4200.0,,100.0,,90.56272795,False,False,98.12198573,2.971348143,10006367.0,10.006,Negara lain,Lower-Middle Income,2.0,World Average,1.6,Cellular basket 30calls+100sms (2010-2017),5.134020618556701,0.3116465863453815
KAZ,Kazakhstan,2016,74.58772647,8500.0,,100.0,97.04630033,56.7476265,False,False,139.0511664,12.79651049,18363600.0,18.364,Negara lain,Upper-Middle Income,3.0,World Average,0.4,Cellular basket 30calls+100sms (2010-2017),5.134020618556701,0.07791164658634538
KEN,Kenya,2016,16.6,1490.0,,53.1,74.46985949,31.65025201,False,False,80.9772361,0.2756602884,48139687.0,48.14,Negara lain,Lower-Middle Income,2.0,World Average,2.3,Cellular basket 30calls+100sms (2010-2017),5.134020618556701,0.4479919678714859
KIR,Kiribati,2016,19.41939926,2990.0,,92.6,,51.7710553,False,False,43.8900049,0.09284424112,118478.0,0.118,Negara lain,Lower-Middle Income,2.0,World Average,5.5,Cellular basket 30calls+100sms (2010-2017),5.134020618556701,1.071285140562249
KOR,Korea (Rep. of),2016,92.84302568,30850.0,,100.0,98.71795654,81.55592418,False,False,119.489513,40.0712455,51217803.0,51.218,Negara lain,High Income,4.0,World Average,1.2,Cellular basket 30calls+100sms (2010-2017),5.134020618556701,0.23373493975903611
PRK,"Korea, Dem. People's Rep.",2016,,,,42.1,,61.56813514,False,False,,,,,,,,,,,,
XKX,Kosovo,2016,,3930.0,,,,40.77837483,False,False,,,,,,,,,,,,
KWT,Kuwait,2016,85.59999847,34920.0,,100.0,,100.0,False,False,191.2942177,2.532236123,4004096.0,4.004,Negara lain,High Income,4.0,World Average,0.4,Cellular basket 30calls+100sms (2010-2017),5.134020618556701,0.07791164658634538
KGZ,Kyrgyz Republic,2016,40.52619934,1090.0,,99.7,90.48649982,35.05157472,False,False,124.6390335,3.943267552,6175338.0,6.175,Negara lain,Low Income,1.0,World Average,4.0,Cellular basket 30calls+100sms (2010-2017),5.134020618556701,0.7791164658634537
LAO,Lao P.D.R.,2016,21.87000084,2110.0,,89.0,64.7630027,33.82674555,False,True,57.29661959,0.3535489945,6908802.0,6.909,ASEAN lain,Lower-Middle Income,2.0,World Average,4.7,Cellular basket 30calls+100sms (2010-2017),5.134020618556701,0.9154618473895582
LVA,Latvia,2016,79.84209778,14300.0,,100.0,111.2968063,67.93071109,False,False,135.2274623,26.48930053,1959537.0,1.96,Negara lain,High Income,4.0,World Average,0.5,Cellular basket 30calls+100sms (2010-2017),5.134020618556701,0.09738955823293172
LBN,Lebanon,2016,76.11000061,7670.0,,99.8,59.46409163,88.83589263,False,False,67.64198031,,6323060.0,6.323,Negara lain,Upper-Middle Income,3.0,World Average,2.6,Cellular basket 30calls+100sms (2010-2017),5.134020618556701,0.506425702811245
LSO,Lesotho,2016,32.45385695,1240.0,,35.1,56.83869934,35.50779507,False,False,107.1579715,0.1046740974,2130422.0,2.13,Negara lain,Lower-Middle Income,2.0,World Average,7.1,Cellular basket 30calls+100sms (2010-2017),5.134020618556701,1.3829317269076304
LBR,Liberia,2016,15.69999981,610.0,,17.7,,51.26873102,False,False,65.54371176,0.1682224439,4755608.0,4.756,Negara lain,Low Income,1.0,World Average,51.1,Cellular basket 30calls+100sms (2010-2017),5.134020618556701,9.953212851405622
LBY,Libya,2016,35.0,7670.0,,72.2,,87.81600567,False,False,115.4994341,2.546996242,6632126.0,6.632,Negara lain,Upper-Middle Income,3.0,World Average,1.3,Cellular basket 30calls+100sms (2010-2017),5.134020618556701,0.2532128514056225
LIE,Liechtenstein,2016,98.09390259,,,100.0,116.0283737,14.48029187,False,False,,,,,,,,,0.2,Cellular basket 30calls+100sms (2010-2017),5.134020618556701,0.03895582329317269
LTU,Lithuania,2016,74.37664556,14890.0,,100.0,106.3977814,67.18942261,False,False,146.5503937,29.89641387,2877325.0,2.877,Negara lain,High Income,4.0,World Average,0.3,Cellular basket 30calls+100sms (2010-2017),5.134020618556701,0.05843373493975903
LUX,Luxembourg,2016,98.13669867,73730.0,,100.0,106.0851974,91.53570901,False,False,130.9326725,34.80684003,582014.0,0.582,Negara lain,High Income,4.0,World Average,0.4,Cellular basket 30calls+100sms (2010-2017),5.134020618556701,0.07791164658634538
MAC,"Macao SAR, China",2016,81.64298546,59680.0,,100.0,99.46366782,100.0,False,False,310.5683008,28.05543644,652500.0,0.652,Negara lain,High Income,4.0,World Average,0.1,Cellular basket 30calls+100sms (2010-2017),5.134020618556701,0.019477911646586344
MDG,Madagascar,2016,4.713699818,450.0,,22.9,36.07651138,29.42394663,False,False,30.64470387,0.1010921399,26099952.0,26.1,Negara lain,Low Income,1.0,World Average,44.9,Cellular basket 30calls+100sms (2010-2017),5.134020618556701,8.745582329317267
MWI,Malawi,2016,6.300000191,490.0,,11.0,38.18436813,15.89963294,False,False,40.88444418,0.04950523527,17557739.0,17.558,Negara lain,Low Income,1.0,World Average,26.4,Cellular basket 30calls+100sms (2010-2017),5.134020618556701,5.1421686746987945
MYS,Malaysia,2016,78.78830993,9800.0,,99.9,79.82839203,73.85889789,False,True,136.7251673,8.552459705,31789685.0,31.79,ASEAN lain,Upper-Middle Income,3.0,World Average,0.7,Cellular basket 30calls+100sms (2010-2017),5.134020618556701,0.1363453815261044
MDV,Maldives,2016,59.47750092,8720.0,,100.0,70.01408405,38.95608723,False,False,183.1972353,6.611430428,443308.0,0.443,Negara lain,Upper-Middle Income,3.0,World Average,1.0,Cellular basket 30calls+100sms (2010-2017),5.134020618556701,0.19477911646586343
MLI,Mali,2016,14.0,870.0,,38.8,40.09999486,26.44685861,False,False,105.3483015,0.1117381954,19191289.0,19.191,Negara lain,Low Income,1.0,World Average,19.5,Cellular basket 30calls+100sms (2010-2017),5.134020618556701,3.798192771084337
MLT,Malta,2016,78.0751488,23820.0,,100.0,92.22486115,94.48000336,False,False,128.5986966,37.6179797,454505.0,0.455,Negara lain,High Income,4.0,World Average,0.8,Cellular basket 30calls+100sms (2010-2017),5.134020618556701,0.15582329317269075
MHL,Marshall Islands,2016,29.78779984,5060.0,,92.7,84.96832999,75.85242153,False,False,,2.096040579,47709.0,0.048,Negara lain,Upper-Middle Income,3.0,World Average,5.6,Cellular basket 30calls+100sms (2010-2017),5.134020618556701,1.0907630522088352
MRT,Mauritania,2016,19.23279953,1550.0,,41.2,32.18758704,52.91856273,False,False,88.43834949,0.2726189157,4086657.0,4.087,Negara lain,Lower-Middle Income,2.0,World Average,16.3,Cellular basket 30calls+100sms (2010-2017),5.134020618556701,3.174899598393574
MUS,Mauritius,2016,52.19129944,10650.0,,99.7,94.43625456,39.55788933,False,False,140.4238882,16.45761776,1263747.0,1.264,Negara lain,Upper-Middle Income,3.0,World Average,0.6,Cellular basket 30calls+100sms (2010-2017),5.134020618556701,0.11686746987951806
MEX,Mexico,2016,59.540446,9740.0,,99.5,102.8713684,77.44050874,False,False,91.39419245,13.0255992,122251351.0,122.251,Negara lain,Upper-Middle Income,3.0,World Average,0.8,Cellular basket 30calls+100sms (2010-2017),5.134020618556701,0.15582329317269075
FSM,Micronesia,2016,33.35219955,3400.0,,74.8,,22.32148961,False,False,21.46413019,2.905340362,109075.0,0.109,Negara lain,Lower-Middle Income,2.0,World Average,9.4,Cellular basket 30calls+100sms (2010-2017),5.134020618556701,1.8309236947791163
MDA,Moldova,2016,70.99999911,3170.0,,99.9,106.0471549,39.73732376,False,False,117.0083705,17.21551773,2803186.0,2.803,Negara lain,Lower-Middle Income,2.0,World Average,3.7,Cellular basket 30calls+100sms (2010-2017),5.134020618556701,0.7206827309236947
MCO,Monaco,2016,95.20819855,,,100.0,153.5863037,100.0,False,False,,,,,,,,,0.3,Cellular basket 30calls+100sms (2010-2017),5.134020618556701,0.05843373493975903
MNG,Mongolia,2016,22.2657705,3460.0,,90.8,,67.97767548,False,False,110.7458468,7.437059575,3088856.0,3.089,Negara lain,Lower-Middle Income,2.0,World Average,0.8,Cellular basket 30calls+100sms (2010-2017),5.134020618556701,0.15582329317269075
MNE,Montenegro,2016,69.88164684,7020.0,,99.6,90.55751801,64.91016923,False,False,166.7198506,18.39778678,625353.0,0.625,Negara lain,Upper-Middle Income,3.0,World Average,1.6,Cellular basket 30calls+100sms (2010-2017),5.134020618556701,0.3116465863453815
MAR,Morocco,2016,58.27123642,3150.0,,97.8,,60.96576565,False,False,118.5317971,3.584534788,35023457.0,35.023,Negara lain,Lower-Middle Income,2.0,World Average,4.4,Cellular basket 30calls+100sms (2010-2017),5.134020618556701,0.8570281124497992
MOZ,Mozambique,2016,7.0,550.0,,26.2,,32.38192344,False,False,54.96411562,0.1704606249,27337105.0,27.337,Negara lain,Low Income,1.0,World Average,6.0,Cellular basket 30calls+100sms (2010-2017),5.134020618556701,1.1686746987951806
MMR,Myanmar,2016,16.0,1230.0,,55.6,67.7588501,29.81291656,False,True,98.2342602,0.174162128,51495696.0,51.496,ASEAN lain,Lower-Middle Income,2.0,World Average,1.9,Cellular basket 30calls+100sms (2010-2017),5.134020618556701,0.3700803212851405
NAM,Namibia,2016,31.0333004,4580.0,,49.7,79.26060972,46.17517256,False,False,109.0495582,2.637859014,2439213.0,2.439,Negara lain,Upper-Middle Income,3.0,World Average,0.8,Cellular basket 30calls+100sms (2010-2017),5.134020618556701,0.15582329317269075
NRU,Naoero,2016,,11680.0,,99.7,78.66771698,100.0,False,False,,,,,,,,,2.0,Cellular basket 30calls+100sms (2010-2017),5.134020618556701,0.38955823293172687
NPL,Nepal,2016,20.70000076,860.0,,90.7,71.77449799,65.28951688,False,False,114.8981369,0.8019327314,27955462.0,27.955,Negara lain,Low Income,1.0,World Average,3.8,Cellular basket 30calls+100sms (2010-2017),5.134020618556701,0.740160642570281
NLD,Netherlands,2016,90.4109589,46960.0,,100.0,112.994278,90.58032395,False,False,121.420359,41.98139426,17030314.0,17.03,Negara lain,High Income,4.0,World Average,0.7,Cellular basket 30calls+100sms (2010-2017),5.134020618556701,0.1363453815261044
NCL,New Caledonia,2016,,,,100.0,,66.89020547,False,False,,,,,,,,,,,,
NZL,New Zealand,2016,86.5,39440.0,,100.0,113.687912,84.69136559,False,False,129.3806485,32.4618168,4714100.0,4.714,Negara lain,High Income,4.0,World Average,0.2,Cellular basket 30calls+100sms (2010-2017),5.134020618556701,0.03895582329317269
NIC,Nicaragua,2016,24.57180023,1980.0,,83.9,,58.00438808,False,False,124.2728553,2.840261294,6232666.0,6.233,Negara lain,Lower-Middle Income,2.0,World Average,19.2,Cellular basket 30calls+100sms (2010-2017),5.134020618556701,3.739759036144578
NER,Niger,2016,4.322800159,520.0,,17.0,22.67003951,16.38982805,False,False,36.12052218,0.03725752696,20685753.0,20.686,Negara lain,Low Income,1.0,World Average,33.4,Cellular basket 30calls+100sms (2010-2017),5.134020618556701,6.505622489959839
NGA,Nigeria,2016,24.13750076,2370.0,,59.3,39.30680847,56.54103879,False,False,78.9701423,0.05522357589,195443700.0,195.444,Negara lain,Lower-Middle Income,2.0,World Average,1.8,Cellular basket 30calls+100sms (2010-2017),5.134020618556701,0.3506024096385542
MKD,North Macedonia,2016,72.15681447,5440.0,,100.0,,59.3823071,False,False,104.5498835,19.45337153,1906313.0,1.906,Negara lain,Upper-Middle Income,3.0,World Average,2.5,Cellular basket 30calls+100sms (2010-2017),5.134020618556701,0.4869477911646586
MNP,Northern Mariana Islands,2016,,,,100.0,,91.39900479,False,False,,,,,,,,,,,,
NOR,Norway,2016,97.29820367,81840.0,,100.0,116.6112671,81.68000031,False,False,109.4268068,40.2402949,5234519.0,5.235,Negara lain,High Income,4.0,World Average,0.2,Cellular basket 30calls+100sms (2010-2017),5.134020618556701,0.03895582329317269
OMN,Oman,2016,76.84539047,18550.0,,100.0,102.3049021,77.75213623,False,False,153.2914555,6.354835519,4390877.0,4.391,Negara lain,High Income,4.0,World Average,0.6,Cellular basket 30calls+100sms (2010-2017),5.134020618556701,0.11686746987951806
PAK,Pakistan,2016,12.38544676,1360.0,,91.8,35.86432467,36.15971849,False,False,62.00132426,1.130347408,220138869.0,220.139,Negara lain,Lower-Middle Income,2.0,World Average,2.0,Cellular basket 30calls+100sms (2010-2017),5.134020618556701,0.38955823293172687
PLW,Palau,2016,,14970.0,,100.0,,80.10893358,False,False,,,,,,,,,1.6,Cellular basket 30calls+100sms (2010-2017),5.134020618556701,0.3116465863453815
PAN,Panama,2016,54.0,13180.0,,92.4,82.60144806,65.59715553,False,False,127.6162385,10.67068313,4029086.0,4.029,Negara lain,Upper-Middle Income,3.0,World Average,1.3,Cellular basket 30calls+100sms (2010-2017),5.134020618556701,0.2532128514056225
PNG,Papua New Guinea,2016,9.601499557,2410.0,,13.5,,13.36536519,False,False,42.20172962,0.1896957704,8961718.0,8.962,Negara lain,Lower-Middle Income,2.0,World Average,8.8,Cellular basket 30calls+100sms (2010-2017),5.134020618556701,1.7140562248995983
PRY,Paraguay,2016,53.40412748,5870.0,,98.4,81.86510465,62.08276132,False,False,119.8483436,3.947111964,6249126.0,6.249,Negara lain,Upper-Middle Income,3.0,World Average,1.7,Cellular basket 30calls+100sms (2010-2017),5.134020618556701,0.33112449799196786
PER,Peru,2016,45.46174069,6130.0,,94.2,102.1501236,81.41923622,False,False,119.6545387,6.870757657,30866494.0,30.866,Negara lain,Upper-Middle Income,3.0,World Average,2.0,Cellular basket 30calls+100sms (2010-2017),5.134020618556701,0.38955823293172687
PHL,Philippines,2016,39.20000076,3350.0,,92.0,82.78375743,51.91147482,False,True,112.5179988,2.797050536,106735719.0,106.736,ASEAN lain,Lower-Middle Income,2.0,World Average,3.2,Cellular basket 30calls+100sms (2010-2017),5.134020618556701,0.623293172690763
POL,Poland,2016,73.3007041,12740.0,,100.0,109.1172485,60.24022842,False,False,138.5186967,19.15131393,37970087.0,37.97,Negara lain,Upper-Middle Income,3.0,World Average,0.7,Cellular basket 30calls+100sms (2010-2017),5.134020618556701,0.1363453815261044
PRT,Portugal,2016,70.42356709,19950.0,,100.0,115.4884186,61.13430112,False,False,111.8467904,32.62590017,10325452.0,10.325,Negara lain,High Income,4.0,World Average,1.0,Cellular basket 30calls+100sms (2010-2017),5.134020618556701,0.19477911646586343
PRI,Puerto Rico,2016,68.6438072,19290.0,,100.0,86.82189178,93.8232738,False,False,93.56065924,19.75976465,3480432.0,3.48,Negara lain,High Income,4.0,World Average,2.1,Cellular basket 30calls+100sms (2010-2017),5.134020618556701,0.4090361445783132
QAT,Qatar,2016,95.12466217,69170.0,,100.0,97.44147524,98.98552653,False,False,140.5177481,9.76074221,2477113.0,2.477,Negara lain,High Income,4.0,World Average,0.3,Cellular basket 30calls+100sms (2010-2017),5.134020618556701,0.05843373493975903
ROU,Romania,2016,59.50395129,9460.0,,99.1,88.7795105,53.5528172,False,False,115.7907718,22.49829866,19702267.0,19.702,Negara lain,Upper-Middle Income,3.0,World Average,0.7,Cellular basket 30calls+100sms (2010-2017),5.134020618556701,0.1363453815261044
RUS,Russian Federation,2016,73.09143462,9680.0,,99.4,95.8434945,74.37031387,False,False,157.1739823,18.87978583,145015460.0,145.015,Negara lain,Upper-Middle Income,3.0,World Average,0.4,Cellular basket 30calls+100sms (2010-2017),5.134020618556701,0.07791164658634538
RWA,Rwanda,2016,14.63710022,720.0,,29.4,38.50623858,19.12139518,False,False,74.85020576,0.1822356448,11919183.0,11.919,Negara lain,Low Income,1.0,World Average,8.4,Cellular basket 30calls+100sms (2010-2017),5.134020618556701,1.6361445783132529
KNA,Saint Kitts and Nevis,2016,66.97389984,19640.0,,100.0,116.914032,31.28061719,False,False,162.6829527,30.11789697,47075.0,0.047,Negara lain,High Income,4.0,World Average,2.0,Cellular basket 30calls+100sms (2010-2017),5.134020618556701,0.38955823293172687
LCA,Saint Lucia,2016,58.22259903,9710.0,,99.8,89.67221832,20.816488,False,False,100.5704656,16.95797229,175646.0,0.176,Negara lain,Upper-Middle Income,3.0,World Average,4.5,Cellular basket 30calls+100sms (2010-2017),5.134020618556701,0.8765060240963854
VCT,Saint Vincent and the Grenadines,2016,51.5,7480.0,,99.7,,46.81165895,False,False,105.9238921,20.55966676,106349.0,0.106,Negara lain,Upper-Middle Income,3.0,World Average,4.8,Cellular basket 30calls+100sms (2010-2017),5.134020618556701,0.9349397590361445
WSM,Samoa,2016,,4120.0,,98.9,87.35322869,19.12646237,False,False,,,,,,,,,5.0,Cellular basket 30calls+100sms (2010-2017),5.134020618556701,0.9738955823293172
SMR,San Marino,2016,55.0,,,100.0,,97.09999847,False,False,,,,,,,,,0.4,Cellular basket 30calls+100sms (2010-2017),5.134020618556701,0.07791164658634538
STP,Sao Tome and Principe,2016,28.0,1420.0,,69.4,83.87911987,67.52188873,False,False,87.41120041,0.6995959527,203689.0,0.204,Negara lain,Lower-Middle Income,2.0,World Average,7.9,Cellular basket 30calls+100sms (2010-2017),5.134020618556701,1.5387550200803213
SAU,Saudi Arabia,2016,74.87927469,23940.0,,99.9,105.4915502,83.12912863,False,False,156.041476,20.82681486,30954198.0,30.954,Negara lain,High Income,4.0,World Average,0.7,Cellular basket 30calls+100sms (2010-2017),5.134020618556701,0.1363453815261044
SEN,Senegal,2016,25.66480064,1270.0,,64.5,,47.05535799,False,False,101.0107672,0.6541811342,15034521.0,15.035,Negara lain,Lower-Middle Income,2.0,World Average,17.3,Cellular basket 30calls+100sms (2010-2017),5.134020618556701,3.369678714859438
SRB,Serbia,2016,67.05684137,5920.0,,99.9,96.23473358,60.385387,False,False,129.1774948,20.60940259,7058322.0,7.058,Negara lain,Upper-Middle Income,3.0,World Average,3.0,Cellular basket 30calls+100sms (2010-2017),5.134020618556701,0.5843373493975903
SYC,Seychelles,2016,56.51470184,15630.0,,100.0,101.712798,43.28156325,False,False,138.2768323,12.77988727,94677.0,0.095,Negara lain,High Income,4.0,World Average,1.1,Cellular basket 30calls+100sms (2010-2017),5.134020618556701,0.2142570281124498
SLE,Sierra Leone,2016,7.680099964,930.0,,20.3,42.1386795,41.22941154,False,False,87.14759411,,7205328.0,7.205,Negara lain,Low Income,1.0,World Average,23.2,Cellular basket 30calls+100sms (2010-2017),5.134020618556701,4.518875502008032
SGP,Singapore,2016,84.45226789,53600.0,,100.0,107.7458686,100.0,False,True,151.6817171,28.53926098,5607283.0,5.607,ASEAN lain,High Income,4.0,World Average,0.2,Cellular basket 30calls+100sms (2010-2017),5.134020618556701,0.03895582329317269
SXM,Sint Maarten (Dutch part),2016,,35260.0,,100.0,,100.0,False,False,,,,,,,,,,,,
SVK,Slovak Republic,2016,80.47585728,16900.0,,100.0,91.45343781,53.73993271,False,False,128.7924899,24.62644587,5430798.0,5.431,Negara lain,High Income,4.0,World Average,0.9,Cellular basket 30calls+100sms (2010-2017),5.134020618556701,0.1753012048192771
SVN,Slovenia,2016,75.49850426,21610.0,,100.0,115.2169418,53.64727402,False,False,115.7363078,28.58890652,2065042.0,2.065,Negara lain,High Income,4.0,World Average,0.2,Cellular basket 30calls+100sms (2010-2017),5.134020618556701,0.03895582329317269
SLB,Solomon Islands,2016,11.00090027,2000.0,,58.2,,24.50474244,False,False,62.89027883,0.2474414195,662379.0,0.662,Negara lain,Lower-Middle Income,2.0,World Average,8.9,Cellular basket 30calls+100sms (2010-2017),5.134020618556701,1.7335341365461847
SOM,Somalia,2016,1.879999995,450.0,,51.1,,45.94284273,False,False,46.36671931,0.6411712805,14348740.0,14.349,Negara lain,Low Income,1.0,World Average,25.1,Cellular basket 30calls+100sms (2010-2017),5.134020618556701,4.8889558232931725
ZAF,South Africa,2016,54.0,5880.0,,83.9,103.8559875,63.27509734,False,False,143.9286173,2.009743318,57259551.0,57.26,Negara lain,Upper-Middle Income,3.0,World Average,1.5,Cellular basket 30calls+100sms (2010-2017),5.134020618556701,0.29216867469879515
SSD,South Sudan,2016,3.5,,,5.3,,19.07694766,False,False,,,,,,,,,2.2,Cellular basket 30calls+100sms (2010-2017),5.134020618556701,0.4285140562248996
ESP,Spain,2016,80.56133294,27760.0,,100.0,123.7365417,79.36159553,False,False,110.247062,30.19863085,46458139.0,46.458,Negara lain,High Income,4.0,World Average,1.3,Cellular basket 30calls+100sms (2010-2017),5.134020618556701,0.2532128514056225
LKA,Sri Lanka,2016,22.19,4020.0,,97.5,93.90372213,18.97476794,False,False,117.7375174,4.071896691,21209000.0,21.209,Negara lain,Lower-Middle Income,2.0,World Average,0.3,Cellular basket 30calls+100sms (2010-2017),5.134020618556701,0.05843373493975903
MAF,St. Martin (French part),2016,,,,100.0,,100.0,False,False,,,,,,,,,,,,
PSE,State of Palestine,2016,59.90000153,3900.0,,100.0,88.66128824,85.33773907,False,False,80.15107262,6.922125334,4367088.0,4.367,Negara lain,Lower-Middle Income,2.0,World Average,5.0,Cellular basket 30calls+100sms (2010-2017),5.134020618556701,0.9738955823293172
SDN,Sudan,2016,14.09999994,1140.0,,50.5,40.95560074,34.18819588,False,False,67.39545755,0.06392648822,41259892.0,41.26,Negara lain,Lower-Middle Income,2.0,World Average,1.9,Cellular basket 30calls+100sms (2010-2017),5.134020618556701,0.3700803212851405
SUR,Suriname,2016,45.40000153,6660.0,,95.8,71.62503186,66.1426467,False,False,137.2813935,12.11674212,587757.0,0.588,Negara lain,Upper-Middle Income,3.0,World Average,1.6,Cellular basket 30calls+100sms (2010-2017),5.134020618556701,0.3116465863453815
SWE,Sweden,2016,89.65094761,53850.0,,100.0,137.5611572,87.0,False,False,126.4016333,37.08217444,9923085.0,9.923,Negara lain,High Income,4.0,World Average,0.2,Cellular basket 30calls+100sms (2010-2017),5.134020618556701,0.03895582329317269
CHE,Switzerland,2016,89.13468774,84250.0,,100.0,104.0951309,76.67266758,False,False,134.2356763,45.08609714,8373338.0,8.373,Negara lain,High Income,4.0,World Average,0.4,Cellular basket 30calls+100sms (2010-2017),5.134020618556701,0.07791164658634538
SYR,Syrian Arab Republic,2016,31.8696003,750.0,,89.8,,75.15400963,False,False,69.55285744,5.260095508,19193834.0,19.194,Negara lain,Low Income,1.0,World Average,,,,
TJK,Tajikistan,2016,20.46999931,1090.0,,99.3,,26.37185097,False,False,106.0274221,0.06767707792,8865631.0,8.866,Negara lain,Low Income,1.0,World Average,3.7,Cellular basket 30calls+100sms (2010-2017),5.134020618556701,0.7206827309236947
TZA,Tanzania,2016,13.50423285,960.0,,32.8,25.64299926,31.75773032,False,False,74.39836565,0.591695,53824013.0,53.824,Negara lain,Low Income,1.0,World Average,6.4,Cellular basket 30calls+100sms (2010-2017),5.134020618556701,1.246586345381526
THA,Thailand,2016,47.50496562,5550.0,,99.9,122.5632172,47.88010956,False,True,168.8812708,10.1877169,70859841.0,70.86,ASEAN lain,Upper-Middle Income,3.0,World Average,0.9,Cellular basket 30calls+100sms (2010-2017),5.134020618556701,0.1753012048192771
TLS,Timor-Leste,2016,21.20000076,1730.0,,76.5,77.38569437,29.44629076,False,True,121.477605,,1228312.0,1.228,ASEAN lain,Lower-Middle Income,2.0,World Average,7.4,Cellular basket 30calls+100sms (2010-2017),5.134020618556701,1.4413654618473895
TGO,Togo,2016,11.31000042,870.0,,46.8,,40.14858783,False,False,70.05881306,0.6205294817,7200884.0,7.201,Negara lain,Low Income,1.0,World Average,22.3,Cellular basket 30calls+100sms (2010-2017),5.134020618556701,4.343574297188755
TON,Tonga,2016,39.95000076,4280.0,,97.0,,23.12770385,False,False,75.81213752,2.842955157,105524.0,0.106,Negara lain,Lower-Middle Income,2.0,World Average,2.7,Cellular basket 30calls+100sms (2010-2017),5.134020618556701,0.5259036144578313
TTO,Trinidad and Tobago,2016,67.80000305,17870.0,,100.0,,53.92775231,False,False,150.7173148,17.7852732,1353895.0,1.354,Negara lain,High Income,4.0,World Average,1.0,Cellular basket 30calls+100sms (2010-2017),5.134020618556701,0.19477911646586343
TUN,Tunisia,2016,49.59999484,3930.0,,100.0,90.32642365,68.06233565,False,False,123.8830936,5.553691604,11528674.0,11.529,Negara lain,Lower-Middle Income,2.0,World Average,0.9,Cellular basket 30calls+100sms (2010-2017),5.134020618556701,0.1753012048192771
TUR,Turkiye,2016,58.34773401,11350.0,,100.0,108.5475616,88.10209586,False,False,91.92869508,12.85906124,79277962.0,79.278,Negara lain,Upper-Middle Income,3.0,World Average,3.4,Cellular basket 30calls+100sms (2010-2017),5.134020618556701,0.6622489959839357
TKM,Turkmenistan,2016,17.99029922,5890.0,,100.0,,47.02270252,False,False,134.8261749,0.7343663351,6360041.0,6.36,Negara lain,Upper-Middle Income,3.0,World Average,0.8,Cellular basket 30calls+100sms (2010-2017),5.134020618556701,0.15582329317269075
TCA,Turks & Caicos Is.,2016,,28810.0,,100.0,73.97482745,92.14669045,False,False,,,,,,,,,,,,
TUV,Tuvalu,2016,31.0,5390.0,,97.3,77.93199158,59.47447683,False,False,69.53339433,4.117108875,10930.0,0.011,Negara lain,Upper-Middle Income,3.0,World Average,,,,
UGA,Uganda,2016,5.9,810.0,,26.7,,25.69535671,False,False,58.86336382,0.2374149827,38799152.0,38.799,Negara lain,Low Income,1.0,World Average,9.9,Cellular basket 30calls+100sms (2010-2017),5.134020618556701,1.9283132530120481
UKR,Ukraine,2016,53.0009696,2330.0,,100.0,88.54575087,69.21022416,False,False,133.1689539,12.03425849,45616832.0,45.617,Negara lain,Lower-Middle Income,2.0,World Average,1.2,Cellular basket 30calls+100sms (2010-2017),5.134020618556701,0.23373493975903611
ARE,United Arab Emirates,2016,90.60000732,46180.0,,100.0,,84.50939917,False,False,220.4116147,14.36832297,8935095.0,8.935,Negara lain,High Income,4.0,World Average,0.2,Cellular basket 30calls+100sms (2010-2017),5.134020618556701,0.03895582329317269
GBR,United Kingdom,2016,94.77580063,43310.0,,100.0,,82.02299917,False,False,119.7865588,38.65885694,65606000.0,65.606,Negara lain,High Income,4.0,World Average,0.4,Cellular basket 30calls+100sms (2010-2017),5.134020618556701,0.07791164658634538
USA,United States,2016,85.54442129,56830.0,,100.0,98.76992798,80.49766453,False,False,102.7518649,32.11440064,324353340.0,324.353,Negara lain,High Income,4.0,World Average,0.8,Cellular basket 30calls+100sms (2010-2017),5.134020618556701,0.15582329317269075
URY,Uruguay,2016,66.40000153,16490.0,,99.7,112.0325775,95.1585425,False,False,151.4148416,27.27433601,3379283.0,3.379,Negara lain,High Income,4.0,World Average,1.3,Cellular basket 30calls+100sms (2010-2017),5.134020618556701,0.2532128514056225
UZB,Uzbekistan,2016,46.79130173,3230.0,,99.9,92.81486579,50.65721893,False,False,74.36698183,8.778641278,31284568.0,31.285,Negara lain,Lower-Middle Income,2.0,World Average,2.3,Cellular basket 30calls+100sms (2010-2017),5.134020618556701,0.4479919678714859
VUT,Vanuatu,2016,,3390.0,,57.8,,24.86548756,False,False,,,,,,,,,9.8,Cellular basket 30calls+100sms (2010-2017),5.134020618556701,1.9088353413654617
VEN,Venezuela,2016,60.0,3680.0,,99.4,85.13294983,88.99144284,False,False,89.71313852,8.496440194,30765720.0,30.766,Negara lain,Lower-Middle Income,2.0,World Average,1.4,Cellular basket 30calls+100sms (2010-2017),5.134020618556701,0.2726907630522088
VNM,Viet Nam,2016,53.0,2560.0,,99.2,90.15833471,32.84761893,False,True,128.2979627,9.67901774,94000117.0,94.0,ASEAN lain,Lower-Middle Income,2.0,World Average,2.6,Cellular basket 30calls+100sms (2010-2017),5.134020618556701,0.506425702811245
VIR,Virgin Islands (U.S.),2016,59.6083158,,,100.0,,94.99410939,False,False,,,,,,,,,,,,
YEM,Yemen,2016,24.57920074,970.0,,68.9,43.69068909,32.9512008,False,False,51.17895257,0.8602538664,32109010.0,32.109,Negara lain,Low Income,1.0,World Average,6.2,Cellular basket 30calls+100sms (2010-2017),5.134020618556701,1.2076305220883534
ZMB,Zambia,2016,10.30000019,1320.0,,35.4,,42.34424769,False,False,71.04607707,0.187910637,16914423.0,16.914,Negara lain,Lower-Middle Income,2.0,World Average,5.7,Cellular basket 30calls+100sms (2010-2017),5.134020618556701,1.1102409638554216
ZWE,Zimbabwe,2016,23.12000084,1240.0,,42.5,,34.07994607,False,False,88.21004563,1.170099725,14600294.0,14.6,Negara lain,Lower-Middle Income,2.0,World Average,18.8,Cellular basket 30calls+100sms (2010-2017),5.134020618556701,3.6618473895582326
AFG,Afghanistan,2017,13.5,530.0,,97.7,55.53643036,24.83528212,False,False,67.05079039,0.02572786215,35688935.0,35.689,Negara lain,Low Income,1.0,World Average,10.09,Cellular basket 30calls+100sms (2010-2017),5.13696132596685,1.9641962163499287
ALB,Albania,2017,62.40000153,4700.0,,99.9,97.57436975,55.98027643,False,False,125.0999399,10.47572977,2648285.0,2.648,Negara lain,Upper-Middle Income,3.0,World Average,1.87,Cellular basket 30calls+100sms (2010-2017),5.13696132596685,0.36402843652867856
DZA,Algeria,2017,47.69110107,4440.0,,99.5,,71.32279124,False,False,109.969863,7.700458096,41689299.0,41.689,Negara lain,Lower-Middle Income,2.0,World Average,2.47,Cellular basket 30calls+100sms (2010-2017),5.13696132596685,0.48082900439884285
ASM,American Samoa,2017,,,,,,83.88903854,False,False,,,,,,,,,,,,
AND,Andorra,2017,91.56746703,,,100.0,95.10903931,88.49770355,False,False,,,,,,,,,1.02,Cellular basket 30calls+100sms (2010-2017),5.13696132596685,0.19856096537927923
AGO,Angola,2017,26.0,2440.0,,42.9,,65.08505251,False,False,44.06820886,0.3205540469,30234839.0,30.235,Negara lain,Lower-Middle Income,2.0,World Average,5.83,Cellular basket 30calls+100sms (2010-2017),5.13696132596685,1.1349121844717627
ATG,Antigua and Barbuda,2017,70.54419708,15860.0,,100.0,117.2099304,24.85002638,False,False,203.3868329,9.948269001,90468.0,0.09,Negara lain,High Income,4.0,World Average,2.55,Cellular basket 30calls+100sms (2010-2017),5.13696132596685,0.496402413448198
ARG,Argentina,2017,74.29490687,13070.0,,100.0,110.3778,91.67760284,False,False,139.7582405,17.70822726,44288894.0,44.289,Negara lain,Upper-Middle Income,3.0,World Average,1.99,Cellular basket 30calls+100sms (2010-2017),5.13696132596685,0.3873885501027114
ARM,Armenia,2017,64.74488433,3900.0,,99.7,,64.71249486,False,False,119.6764419,10.81725566,2979400.0,2.979,Negara lain,Lower-Middle Income,2.0,World Average,0.91,Cellular basket 30calls+100sms (2010-2017),5.13696132596685,0.17714752793641578
ABW,Aruba,2017,97.17,26460.0,,100.0,,62.77684889,False,False,,,108735.0,0.109,Negara lain,High Income,4.0,World Average,,,,
AUS,Australia,2017,86.54504885,51700.0,,100.0,153.5761261,87.12809266,False,False,107.7997616,32.03262233,24592588.0,24.593,Negara lain,High Income,4.0,World Average,0.54,Cellular basket 30calls+100sms (2010-2017),5.13696132596685,0.10512051108314782
AUT,Austria,2017,87.93558659,44800.0,,100.0,100.3378983,67.90511961,False,False,123.4148651,28.54259989,8797566.0,8.798,Negara lain,High Income,4.0,World Average,0.17,Cellular basket 30calls+100sms (2010-2017),5.13696132596685,0.03309349422987987
AZE,Azerbaijan,2017,79.0,4110.0,,100.0,89.26251647,56.43318871,False,False,101.5899066,18.10916576,9854033.0,9.854,Negara lain,Lower-Middle Income,2.0,World Average,0.94,Cellular basket 30calls+100sms (2010-2017),5.13696132596685,0.18298755632992397
BHS,Bahamas,2017,80.59999847,29570.0,,100.0,92.61825851,82.08140187,False,False,90.53868907,22.24618103,390485.0,0.39,Negara lain,High Income,4.0,World Average,0.77,Cellular basket 30calls+100sms (2010-2017),5.13696132596685,0.1498940621000441
BHR,Bahrain,2017,95.87813575,22360.0,,100.0,100.9234129,100.0,False,False,159.5468946,13.10146121,1501116.0,1.501,Negara lain,High Income,4.0,World Average,0.59,Cellular basket 30calls+100sms (2010-2017),5.13696132596685,0.11485389173899484
BGD,Bangladesh,2017,21.5,1640.0,,88.0,62.34086392,30.20157984,False,False,93.06898449,4.501309227,162186147.0,162.186,Negara lain,Lower-Middle Income,2.0,World Average,1.39,Cellular basket 30calls+100sms (2010-2017),5.13696132596685,0.27058798223254715
BRB,Barbados,2017,71.14849854,19570.0,,100.0,109.8042374,59.25926987,False,False,117.6299474,31.8876686,280171.0,0.28,Negara lain,High Income,4.0,World Average,2.64,Cellular basket 30calls+100sms (2010-2017),5.13696132596685,0.5139224986287227
BLR,Belarus,2017,74.43644541,5320.0,,98.7,102.4808505,77.02082062,False,False,120.2126521,33.31251007,9458989.0,9.459,Negara lain,Upper-Middle Income,3.0,World Average,0.92,Cellular basket 30calls+100sms (2010-2017),5.13696132596685,0.17909420406758517
BEL,Belgium,2017,87.67968082,42310.0,,100.0,158.6702881,86.67317395,False,False,99.8303972,38.49111609,11375158.0,11.375,Negara lain,High Income,4.0,World Average,0.88,Cellular basket 30calls+100sms (2010-2017),5.13696132596685,0.17130749954290755
BLZ,Belize,2017,48.8771019,5490.0,,94.2,86.3238932,43.42110867,False,False,64.1585522,5.092684391,373202.0,0.373,Negara lain,Upper-Middle Income,3.0,World Average,7.56,Cellular basket 30calls+100sms (2010-2017),5.13696132596685,1.4716871551640693
BEN,Benin,2017,18.7,1020.0,,34.5,,47.29427749,False,False,72.86714541,0.2376704558,12039780.0,12.04,Negara lain,Low Income,1.0,World Average,12.37,Cellular basket 30calls+100sms (2010-2017),5.13696132596685,2.4080383742565528
BMU,Bermuda,2017,98.37,113460.0,,100.0,,100.0,False,False,102.2319041,35.87404448,63578.0,0.064,Negara lain,High Income,4.0,World Average,,,,
BTN,Bhutan,2017,54.33549881,2960.0,,97.7,86.56004333,37.8645545,False,False,96.85656903,2.214798465,754335.0,0.754,Negara lain,Lower-Middle Income,2.0,World Average,0.97,Cellular basket 30calls+100sms (2010-2017),5.13696132596685,0.1888275847234322
BOL,Bolivia,2017,43.83229828,3250.0,,91.8,89.40002128,69.08380163,False,False,96.63837035,3.349579848,11344587.0,11.345,Negara lain,Lower-Middle Income,2.0,World Average,3.96,Cellular basket 30calls+100sms (2010-2017),5.13696132596685,0.770883747943084
BIH,Bosnia and Herzegovina,2017,64.89202051,5070.0,,100.0,83.66808319,48.49184018,False,False,100.3325768,20.42612876,3428682.0,3.429,Negara lain,Upper-Middle Income,3.0,World Average,2.8,Cellular basket 30calls+100sms (2010-2017),5.13696132596685,0.5450693167274331
BWA,Botswana,2017,43.57640076,6210.0,,67.4,,65.94564357,False,False,142.962095,1.430861053,2266747.0,2.267,Negara lain,Upper-Middle Income,3.0,World Average,1.61,Cellular basket 30calls+100sms (2010-2017),5.13696132596685,0.31341485711827405
BRA,Brazil,2017,67.47128452,8830.0,,99.8,102.9894867,86.19828976,False,False,108.0925702,14.12182731,204703445.0,204.703,Negara lain,Upper-Middle Income,3.0,World Average,1.58,Cellular basket 30calls+100sms (2010-2017),5.13696132596685,0.3075748287247659
VGB,British Virgin Islands,2017,77.70426829,,,100.0,88.77952756,50.89535528,False,False,,,,,,,,,,,,
BRN,Brunei Darussalam,2017,94.86669922,29230.0,,100.0,88.68147278,74.84764407,False,True,125.8704352,9.490447626,432772.0,0.433,ASEAN lain,High Income,4.0,World Average,0.36,Cellular basket 30calls+100sms (2010-2017),5.13696132596685,0.07008034072209854
BGR,Bulgaria,2017,63.41010138,7730.0,,98.1,103.4610214,73.39045715,False,False,120.5956327,25.39251595,6803468.0,6.803,Negara lain,Upper-Middle Income,3.0,World Average,4.0,Cellular basket 30calls+100sms (2010-2017),5.13696132596685,0.7786704524677616
BFA,Burkina Faso,2017,7.790400028,650.0,,17.0,37.16275108,25.97699187,False,False,90.20814242,0.06213304071,19894407.0,19.894,Negara lain,Low Income,1.0,World Average,19.49,Cellular basket 30calls+100sms (2010-2017),5.13696132596685,3.794071779649168
BDI,Burundi,2017,2.660748535,240.0,,9.3,48.22434873,16.62412739,False,False,51.45332805,0.03401478192,11506762.0,11.507,Negara lain,Low Income,1.0,World Average,30.03,Cellular basket 30calls+100sms (2010-2017),5.13696132596685,5.845868421901721
CPV,Cabo Verde,2017,57.16214635,3620.0,,88.6,99.46278226,69.19999882,False,False,119.3736315,2.923221803,512893.0,0.513,Negara lain,Lower-Middle Income,2.0,World Average,10.33,Cellular basket 30calls+100sms (2010-2017),5.13696132596685,2.0109164434979943
KHM,Cambodia,2017,32.90027854,1690.0,,89.1,48.94244587,35.01279051,False,True,115.5511924,0.8313936864,16073372.0,16.073,ASEAN lain,Lower-Middle Income,2.0,World Average,6.68,Cellular basket 30calls+100sms (2010-2017),5.13696132596685,1.3003796556211618
CMR,Cameroon,2017,23.20297197,1410.0,,60.9,,53.31151421,False,False,83.45029204,1.584667093,24128601.0,24.129,Negara lain,Lower-Middle Income,2.0,World Average,12.02,Cellular basket 30calls+100sms (2010-2017),5.13696132596685,2.3399047096656234
CAN,Canada,2017,92.70140076,42900.0,,100.0,111.9745178,81.40189458,False,False,86.10240184,37.82769234,36545075.0,36.545,Negara lain,High Income,4.0,World Average,0.74,Cellular basket 30calls+100sms (2010-2017),5.13696132596685,0.1440540337065359
CYM,Cayman Islands,2017,81.06769325,51890.0,,100.0,,100.0,False,False,149.7729914,48.39544433,64535.0,0.065,Negara lain,High Income,4.0,World Average,,,,
CAF,Central African Rep.,2017,4.0,420.0,,14.1,15.8074398,40.81514434,False,False,24.52041938,0.01291329049,4793511.0,4.794,Negara lain,Low Income,1.0,World Average,38.48,Cellular basket 30calls+100sms (2010-2017),5.13696132596685,7.4908097527398665
TCD,Chad,2017,6.351900101,830.0,,10.9,20.58556785,23.46134947,False,False,40.76488666,0.002118703873,15622759.0,15.623,Negara lain,Low Income,1.0,World Average,36.2,Cellular basket 30calls+100sms (2010-2017),5.13696132596685,7.0469675948332435
CHI,Channel Islands,2017,,,,100.0,,32.78532194,False,False,,,,,,,,,,,,
CHL,Chile,2017,82.32748693,13200.0,,99.7,102.2948227,87.80002958,False,False,124.0008119,16.50096331,18558868.0,18.559,Negara lain,Upper-Middle Income,3.0,World Average,1.1,Cellular basket 30calls+100sms (2010-2017),5.13696132596685,0.21413437442863445
CHN,China,2017,54.3,8830.0,,100.0,,60.24026871,False,False,104.0731816,27.91012714,1396215000.0,1396.215,Negara lain,Upper-Middle Income,3.0,World Average,0.4,Cellular basket 30calls+100sms (2010-2017),5.13696132596685,0.07786704524677616
COL,Colombia,2017,62.25988032,6030.0,,98.5,99.21932983,77.22451917,False,False,129.2720142,13.1537299,48131078.0,48.131,Negara lain,Upper-Middle Income,3.0,World Average,2.72,Cellular basket 30calls+100sms (2010-2017),5.13696132596685,0.529495907678078
COM,Comoros,2017,8.478199959,1380.0,,78.7,56.95021448,31.09965597,False,False,61.97082212,0.2172680525,756669.0,0.757,Negara lain,Lower-Middle Income,2.0,World Average,16.46,Cellular basket 30calls+100sms (2010-2017),5.13696132596685,3.2042289119048393
COG,Congo (Rep. of the),2017,8.649999619,1740.0,,46.2,,63.35445453,False,False,94.48681754,,5351011.0,5.351,Negara lain,Lower-Middle Income,2.0,World Average,,,,
COD,"Congo, Dem. Rep.",2017,,440.0,,18.0,,42.11275794,False,False,,,,,,,,,25.2,Cellular basket 30calls+100sms (2010-2017),5.13696132596685,4.905623850546898
CRI,Costa Rica,2017,71.58166462,11580.0,,99.6,121.5149612,76.05392543,False,False,179.9312746,15.14378578,4913177.0,4.913,Negara lain,Upper-Middle Income,3.0,World Average,0.45,Cellular basket 30calls+100sms (2010-2017),5.13696132596685,0.08760042590262318
CIV,Cote d'Ivoire,2017,43.83992085,1870.0,,65.6,49.08635558,50.39773097,False,False,118.7550639,0.534257332,26733372.0,26.733,Negara lain,Lower-Middle Income,2.0,World Average,11.21,Cellular basket 30calls+100sms (2010-2017),5.13696132596685,2.1822239430409023
HRV,Croatia,2017,67.09619204,13350.0,,100.0,104.2144165,55.90098874,False,False,105.7947637,26.8650961,4041407.0,4.041,Negara lain,Upper-Middle Income,3.0,World Average,0.64,Cellular basket 30calls+100sms (2010-2017),5.13696132596685,0.12458727239484187
CUB,Cuba,2017,57.14840432,8010.0,,99.4,98.89163814,76.96032715,False,False,41.01931137,0.2981553151,11247829.0,11.248,Negara lain,Upper-Middle Income,3.0,World Average,,,,
CUW,Curacao,2017,68.12721625,18230.0,,100.0,,91.34806859,False,False,111.0778798,29.28386622,160175.0,0.16,Negara lain,High Income,4.0,World Average,,,,
CYP,Cyprus,2017,80.74318897,24600.0,,100.0,99.51335907,66.89074506,False,False,133.9404735,33.65422263,1254275.0,1.254,Negara lain,High Income,4.0,World Average,0.35,Cellular basket 30calls+100sms (2010-2017),5.13696132596685,0.06813366459092914
CZE,Czech Republic,2017,78.71917285,18350.0,,100.0,102.2046967,72.91218536,False,False,119.8742911,29.84526069,10594438.0,10.594,Negara lain,High Income,4.0,World Average,1.1,Cellular basket 30calls+100sms (2010-2017),5.13696132596685,0.21413437442863445
DNK,Denmark,2017,97.09936216,56600.0,,100.0,130.3244324,88.01619438,False,False,123.8621147,43.56977975,5764980.0,5.765,Negara lain,High Income,4.0,World Average,0.78,Cellular basket 30calls+100sms (2010-2017),5.13696132596685,0.15184073823121352
DJI,Djibouti,2017,55.68140925,2450.0,,60.2,,71.31826193,False,False,35.36570914,2.312102013,1054841.0,1.055,Negara lain,Lower-Middle Income,2.0,World Average,11.32,Cellular basket 30calls+100sms (2010-2017),5.13696132596685,2.2036373804837655
DMA,Dominica,2017,69.61969757,8070.0,,98.9,,70.64058486,False,False,109.831231,22.51664331,68496.0,0.068,Negara lain,Upper-Middle Income,3.0,World Average,3.99,Cellular basket 30calls+100sms (2010-2017),5.13696132596685,0.7767237763365923
DOM,Dominican Rep.,2017,67.57124533,6920.0,,100.0,79.94068011,73.92680625,False,False,82.2092066,7.692791579,10666843.0,10.667,Negara lain,Upper-Middle Income,3.0,World Average,2.4,Cellular basket 30calls+100sms (2010-2017),5.13696132596685,0.46720227148065696
ECU,Ecuador,2017,55.79999924,5930.0,,99.2,96.16376518,63.01945918,False,False,87.42138721,10.61251818,16759519.0,16.76,Negara lain,Upper-Middle Income,3.0,World Average,3.07,Cellular basket 30calls+100sms (2010-2017),5.13696132596685,0.597629572269007
EGY,Egypt,2017,44.95020425,2880.0,,100.0,76.43376531,42.44860087,False,False,99.28843678,5.04732017,103696057.0,103.696,Negara lain,Lower-Middle Income,2.0,World Average,0.68,Cellular basket 30calls+100sms (2010-2017),5.13696132596685,0.1323739769195195
SLV,El Salvador,2017,33.8207289,3700.0,,96.8,66.1074424,71.08567047,False,False,152.5387247,7.262583139,6213533.0,6.214,Negara lain,Lower-Middle Income,2.0,World Average,5.27,Cellular basket 30calls+100sms (2010-2017),5.13696132596685,1.0258983211262758
GNQ,Equatorial Guinea,2017,26.23999977,6630.0,,66.4,,69.55160191,False,False,36.23364371,0.1214160815,1562396.0,1.562,Negara lain,Upper-Middle Income,3.0,World Average,,,,
ERI,Eritrea,2017,2.496099949,,,48.0,44.91106033,35.44271469,False,False,,,,,,,,,,,,
EST,Estonia,2017,88.10245687,19140.0,,100.0,113.2497864,68.99319419,False,False,144.5566161,32.52200315,1317384.0,1.317,Negara lain,High Income,4.0,World Average,0.22,Cellular basket 30calls+100sms (2010-2017),5.13696132596685,0.04282687488572689
SWZ,Eswatini,2017,35.33160019,3290.0,,73.5,,23.8052005,False,False,88.71304055,1.341915653,1158195.0,1.158,Negara lain,Lower-Middle Income,2.0,World Average,,,,
ETH,Ethiopia,2017,15.62440014,670.0,,44.3,,20.30848503,False,False,36.10948363,0.05740131299,109666481.0,109.666,Negara lain,Low Income,1.0,World Average,4.73,Cellular basket 30calls+100sms (2010-2017),5.13696132596685,0.9207778100431282
FRO,Faroe Islands,2017,97.58195894,57920.0,,100.0,,38.33246994,False,False,112.690325,35.9074896,50179.0,0.05,Negara lain,High Income,4.0,World Average,,,,
FJI,Fiji,2017,53.6473999,5120.0,,96.0,,55.74083434,False,False,112.5338636,1.320803388,918759.0,0.919,Negara lain,Upper-Middle Income,3.0,World Average,4.25,Cellular basket 30calls+100sms (2010-2017),5.13696132596685,0.8273373557469967
FIN,Finland,2017,87.46892907,44520.0,,100.0,153.5837097,71.95630383,False,False,129.9833926,31.04351975,5508214.0,5.508,Negara lain,High Income,4.0,World Average,0.3,Cellular basket 30calls+100sms (2010-2017),5.13696132596685,0.05840028393508212
FRA,France,2017,80.50245972,38120.0,,100.0,103.7560806,78.6467804,False,False,105.7183684,43.62425935,66918020.0,66.918,Negara lain,High Income,4.0,World Average,1.08,Cellular basket 30calls+100sms (2010-2017),5.13696132596685,0.21024102216629564
PYF,French Polynesia,2017,72.70389531,22220.0,,100.0,,61.78969411,False,False,102.7677115,20.5950294,280087.0,0.28,Negara lain,High Income,4.0,World Average,,,,
GAB,Gabon,2017,51.60490036,6240.0,,86.3,,89.00097333,False,False,123.4754972,0.6837127359,2156900.0,2.157,Negara lain,Upper-Middle Income,3.0,World Average,3.07,Cellular basket 30calls+100sms (2010-2017),5.13696132596685,0.597629572269007
GMB,Gambia,2017,22.5156002,620.0,,56.2,,60.47171266,False,False,126.6336747,0.170780411,2342189.0,2.342,Negara lain,Low Income,1.0,World Average,,,,
GEO,Georgia,2017,59.7055046,4130.0,,100.0,109.5232037,57.99968272,False,False,145.0724902,20.46443066,3728004.0,3.728,Negara lain,Lower-Middle Income,2.0,World Average,1.47,Cellular basket 30calls+100sms (2010-2017),5.13696132596685,0.2861613912819024
DEU,Germany,2017,84.3941537,44730.0,,100.0,101.0956421,80.9842544,False,False,132.0032619,39.98880463,82657002.0,82.657,Negara lain,High Income,4.0,World Average,0.31,Cellular basket 30calls+100sms (2010-2017),5.13696132596685,0.06034696006625152
GHA,Ghana,2017,37.88420105,1830.0,,79.0,66.63594502,54.69914198,False,False,122.4717657,0.189313949,30008354.0,30.008,Negara lain,Lower-Middle Income,2.0,World Average,2.03,Cellular basket 30calls+100sms (2010-2017),5.13696132596685,0.395175254627389
GIB,Gibraltar,2017,,,,100.0,132.4550898,100.0,False,False,,,,,,,,,,,,
GRC,Greece,2017,69.89297065,17890.0,,100.0,104.2287903,77.88953426,False,False,120.3056335,35.13513187,10754679.0,10.755,Negara lain,High Income,4.0,World Average,0.92,Cellular basket 30calls+100sms (2010-2017),5.13696132596685,0.17909420406758517
GRL,Greenland,2017,69.48246178,,,100.0,,86.39155579,False,False,,,,,,,,,,,,
GRD,Grenada,2017,54.20000076,8400.0,,92.2,104.4331481,36.01732964,False,False,98.04137286,19.26142172,115438.0,0.115,Negara lain,Upper-Middle Income,3.0,World Average,2.96,Cellular basket 30calls+100sms (2010-2017),5.13696132596685,0.5762161348261436
GUM,Guam,2017,80.50546556,,,100.0,,94.07971395,False,False,,,,,,,,,,,,
GTM,Guatemala,2017,37.90000153,3980.0,,93.3,54.04447732,53.79947231,False,False,120.6377215,3.205097832,16567357.0,16.567,Negara lain,Lower-Middle Income,2.0,World Average,9.34,Cellular basket 30calls+100sms (2010-2017),5.13696132596685,1.8181955065122233
GIN,Guinea,2017,18.70000076,800.0,,35.4,,35.58273315,False,False,94.46408948,0.009099233234,12385659.0,12.386,Negara lain,Low Income,1.0,World Average,6.9,Cellular basket 30calls+100sms (2010-2017),5.13696132596685,1.3432065305068888
GNB,Guinea-Bissau,2017,14.80000019,710.0,,26.0,,43.01557922,False,False,76.4393694,0.04544311566,1877072.0,1.877,Negara lain,Low Income,1.0,World Average,31.46,Cellular basket 30calls+100sms (2010-2017),5.13696132596685,6.124243108658946
GUY,Guyana,2017,42.6753006,5870.0,,90.0,,26.41290555,False,False,83.69909913,8.443822147,768479.0,0.768,Negara lain,Upper-Middle Income,3.0,World Average,3.6,Cellular basket 30calls+100sms (2010-2017),5.13696132596685,0.7008034072209854
HTI,Haiti,2017,27.20000076,1370.0,,43.3,,50.73508338,False,False,58.29178589,0.2763974851,10817754.0,10.818,Negara lain,Lower-Middle Income,2.0,World Average,9.3,Cellular basket 30calls+100sms (2010-2017),5.13696132596685,1.810408801987546
HND,Honduras,2017,31.73579247,2210.0,,86.5,51.01203918,55.38773223,False,False,85.87172878,2.485269036,9588137.0,9.588,Negara lain,Lower-Middle Income,2.0,World Average,7.49,Cellular basket 30calls+100sms (2010-2017),5.13696132596685,1.4580604222458837
HKG,"Hong Kong SAR, China",2017,89.41594465,46380.0,,100.0,106.7897098,100.0,False,False,247.0789969,35.70324938,7393200.0,7.393,Negara lain,High Income,4.0,World Average,0.15,Cellular basket 30calls+100sms (2010-2017),5.13696132596685,0.02920014196754106
HUN,Hungary,2017,76.75054712,13310.0,,100.0,104.1520004,70.45425415,False,False,101.6292607,30.21361788,9726756.0,9.727,Negara lain,Upper-Middle Income,3.0,World Average,1.28,Cellular basket 30calls+100sms (2010-2017),5.13696132596685,0.24917454478968373
ISL,Iceland,2017,98.25520119,62770.0,,100.0,115.7411423,93.77189823,False,False,116.7961552,39.18831197,343400.0,0.343,Negara lain,High Income,4.0,World Average,0.27,Cellular basket 30calls+100sms (2010-2017),5.13696132596685,0.05256025554157391
IND,India,2017,18.20000076,1790.0,,91.8,74.67437744,33.18213282,False,False,85.97035378,1.31327377,1359657400.0,1359.657,Negara lain,Lower-Middle Income,2.0,World Average,1.24,Cellular basket 30calls+100sms (2010-2017),5.13696132596685,0.2413878402650061
IDN,Indonesia,2017,32.33580625,3490.0,,98.1,90.94553912,54.45410156,True,True,162.7825118,2.325042343,267346658.0,267.347,Indonesia,Lower-Middle Income,2.0,Indonesia,2.03,Cellular basket 30calls+100sms (2010-2017),5.13696132596685,0.395175254627389
IRN,Iran (Islamic Republic of),2017,64.04397362,5640.0,,99.9,82.75643921,74.40118408,False,False,102.3759569,10.11440352,85026754.0,85.027,Negara lain,Upper-Middle Income,3.0,World Average,0.34,Cellular basket 30calls+100sms (2010-2017),5.13696132596685,0.06618698845975975
IRQ,Iraq,2017,25.96920013,4430.0,,99.9,,69.89445112,False,False,84.94646297,10.91052314,39337353.0,39.337,Negara lain,Lower-Middle Income,2.0,World Average,2.84,Cellular basket 30calls+100sms (2010-2017),5.13696132596685,0.5528560212521108
IRL,Ireland,2017,84.11400706,54410.0,,100.0,125.0271683,62.90351965,False,False,101.8421246,29.07946159,4827445.0,4.827,Negara lain,High Income,4.0,World Average,0.49,Cellular basket 30calls+100sms (2010-2017),5.13696132596685,0.09538713042730079
IMN,Isle of Man,2017,,77890.0,,100.0,,52.14984157,False,False,,,,,,,,,,,,
ISR,Israel,2017,81.58118359,38600.0,,100.0,98.08429718,91.67010575,False,False,126.0494604,28.00833362,8713300.0,8.713,Negara lain,High Income,4.0,World Average,1.13,Cellular basket 30calls+100sms (2010-2017),5.13696132596685,0.21997440282214265
ITA,Italy,2017,63.077347,31790.0,,100.0,101.0100174,69.51807843,False,False,138.8824331,27.4652917,60002252.0,60.002,Negara lain,High Income,4.0,World Average,0.56,Cellular basket 30calls+100sms (2010-2017),5.13696132596685,0.10901386334548664
JAM,Jamaica,2017,55.07206705,5300.0,,97.4,84.23694323,55.91522675,False,False,109.7827091,8.492188976,2815764.0,2.816,Negara lain,Upper-Middle Income,3.0,World Average,1.56,Cellular basket 30calls+100sms (2010-2017),5.13696132596685,0.30368147646242705
JPN,Japan,2017,91.72654724,39700.0,,100.0,100.2607498,91.54984197,False,False,135.9858431,31.89907912,126972000.0,126.972,Negara lain,High Income,4.0,World Average,0.84,Cellular basket 30calls+100sms (2010-2017),5.13696132596685,0.16352079501822994
JOR,Jordan,2017,64.5,4300.0,,100.0,88.87582889,90.87646097,False,False,94.81212355,3.243283859,10234226.0,10.234,Negara lain,Lower-Middle Income,2.0,World Average,1.16,Cellular basket 30calls+100sms (2010-2017),5.13696132596685,0.22581443121565084
KAZ,Kazakhstan,2017,76.42674823,7780.0,,100.0,96.50617093,57.45864487,False,False,143.1127962,13.81143861,18651931.0,18.652,Negara lain,Upper-Middle Income,3.0,World Average,0.7,Cellular basket 30calls+100sms (2010-2017),5.13696132596685,0.13626732918185827
KEN,Kenya,2017,17.82710075,1540.0,,55.8,,31.53836508,False,False,87.02653084,0.5860083159,49197766.0,49.198,Negara lain,Lower-Middle Income,2.0,World Average,2.11,Cellular basket 30calls+100sms (2010-2017),5.13696132596685,0.41074866367674423
KIR,Kiribati,2017,25.30960083,3130.0,,85.7,,52.97346973,False,False,38.34795261,0.09228850551,120275.0,0.12,Negara lain,Lower-Middle Income,2.0,World Average,6.96,Cellular basket 30calls+100sms (2010-2017),5.13696132596685,1.3548865872939053
KOR,Korea (Rep. of),2017,95.06942188,31940.0,,100.0,99.10558319,81.47103043,False,False,123.6420661,41.16809782,51361911.0,51.362,Negara lain,High Income,4.0,World Average,1.23,Cellular basket 30calls+100sms (2010-2017),5.13696132596685,0.2394411641338367
PRK,"Korea, Dem. People's Rep.",2017,,,,44.2,,61.82060761,False,False,,,,,,,,,,,,
XKX,Kosovo,2017,83.89359681,3950.0,,,,41.75780656,False,False,,,1791019.0,1.791,Negara lain,Lower-Middle Income,2.0,World Average,,,,
KWT,Kuwait,2017,97.99998933,30650.0,,100.0,,100.0,False,False,171.8260951,2.833403736,4154812.0,4.155,Negara lain,High Income,4.0,World Average,0.54,Cellular basket 30calls+100sms (2010-2017),5.13696132596685,0.10512051108314782
KGZ,Kyrgyz Republic,2017,50.80530167,1090.0,,100.0,89.9187539,34.99808057,False,False,136.1376494,4.148018938,6306696.0,6.307,Negara lain,Low Income,1.0,World Average,4.26,Cellular basket 30calls+100sms (2010-2017),5.13696132596685,0.8292840318781661
LAO,Lao P.D.R.,2017,25.51040077,2240.0,,93.6,66.04110735,34.51153464,False,True,52.88878959,0.3878089188,7018147.0,7.018,ASEAN lain,Lower-Middle Income,2.0,World Average,3.53,Cellular basket 30calls+100sms (2010-2017),5.13696132596685,0.6871766743027996
LVA,Latvia,2017,80.114077,14360.0,,100.0,110.7232513,67.97068661,False,False,126.8469891,27.0886248,1942248.0,1.942,Negara lain,High Income,4.0,World Average,0.46,Cellular basket 30calls+100sms (2010-2017),5.13696132596685,0.08954710203379258
LBN,Lebanon,2017,78.18080139,8260.0,,99.9,63.14007038,89.05192339,False,False,71.41223364,,6160128.0,6.16,Negara lain,Upper-Middle Income,3.0,World Average,2.32,Cellular basket 30calls+100sms (2010-2017),5.13696132596685,0.4516288624313017
LSO,Lesotho,2017,39.0,1160.0,,33.7,59.35865155,36.52836481,False,False,110.3700785,0.2234934704,2157110.0,2.157,Negara lain,Lower-Middle Income,2.0,World Average,7.81,Cellular basket 30calls+100sms (2010-2017),5.13696132596685,1.5203540584433044
LBR,Liberia,2017,16.29999924,620.0,,24.2,,51.79575696,False,False,54.85751997,0.1856081503,4848925.0,4.849,Negara lain,Low Income,1.0,World Average,58.14,Cellular basket 30calls+100sms (2010-2017),5.13696132596685,11.317975026618916
LBY,Libya,2017,47.5,9760.0,,70.6,,87.81667299,False,False,89.33381018,4.718962066,6738770.0,6.739,Negara lain,Upper-Middle Income,3.0,World Average,1.15,Cellular basket 30calls+100sms (2010-2017),5.13696132596685,0.22386775508448145
LIE,Liechtenstein,2017,99.54660034,,,100.0,117.0943298,14.51443328,False,False,,,,,,,,,,,,
LTU,Lithuania,2017,77.61525651,15260.0,,100.0,107.2233505,67.10129547,False,False,154.1479857,28.23190647,2842639.0,2.843,Negara lain,High Income,4.0,World Average,0.26,Cellular basket 30calls+100sms (2010-2017),5.13696132596685,0.05061357941040451
LUX,Luxembourg,2017,97.36296032,75800.0,,100.0,106.7843475,92.09637681,False,False,133.110923,35.97683132,596336.0,0.596,Negara lain,High Income,4.0,World Average,0.4,Cellular basket 30calls+100sms (2010-2017),5.13696132596685,0.07786704524677616
MAC,"Macao SAR, China",2017,83.17408907,66890.0,,100.0,97.42198582,100.0,False,False,316.6015522,28.76789874,648400.0,0.648,Negara lain,High Income,4.0,World Average,0.1,Cellular basket 30calls+100sms (2010-2017),5.13696132596685,0.01946676131169404
MDG,Madagascar,2017,6.406000137,450.0,,24.1,34.77094864,29.67103303,False,False,32.5906256,0.09355550682,26788375.0,26.788,Negara lain,Low Income,1.0,World Average,15.32,Cellular basket 30calls+100sms (2010-2017),5.13696132596685,2.982307832951527
MWI,Malawi,2017,7.0,480.0,,12.7,39.6154223,15.96342819,False,False,43.08550883,0.05995660131,18039715.0,18.04,Negara lain,Low Income,1.0,World Average,27.39,Cellular basket 30calls+100sms (2010-2017),5.13696132596685,5.331945923272998
MYS,Malaysia,2017,80.14047901,9560.0,,100.0,78.8863678,74.23548064,False,True,130.8535228,8.307051468,32355644.0,32.356,ASEAN lain,Upper-Middle Income,3.0,World Average,0.7,Cellular basket 30calls+100sms (2010-2017),5.13696132596685,0.13626732918185827
MDV,Maldives,2017,64.95500183,9400.0,,99.8,69.74191832,39.32787719,False,False,196.4096734,7.971860428,458287.0,0.458,Negara lain,Upper-Middle Income,3.0,World Average,0.71,Cellular basket 30calls+100sms (2010-2017),5.13696132596685,0.1382140053130277
MLI,Mali,2017,18.89999962,860.0,,34.8,38.54858057,27.06467029,False,False,111.2103052,0.07772670191,19813011.0,19.813,Negara lain,Low Income,1.0,World Average,19.6,Cellular basket 30calls+100sms (2010-2017),5.13696132596685,3.815485217092032
MLT,Malta,2017,81.01191108,26690.0,,100.0,99.5694809,94.56918063,False,False,129.2490735,38.75127698,467106.0,0.467,Negara lain,High Income,4.0,World Average,0.83,Cellular basket 30calls+100sms (2010-2017),5.13696132596685,0.16157411888706052
MHL,Marshall Islands,2017,38.70119858,5310.0,,93.8,,76.22530716,False,False,34.3871564,2.149197275,46529.0,0.047,Negara lain,Upper-Middle Income,3.0,World Average,5.56,Cellular basket 30calls+100sms (2010-2017),5.13696132596685,1.0823519289301886
MRT,Mauritania,2017,21.01720047,1560.0,,42.9,31.75656968,54.19704485,False,False,96.75953546,0.3001234978,4210600.0,4.211,Negara lain,Lower-Middle Income,2.0,World Average,19.11,Cellular basket 30calls+100sms (2010-2017),5.13696132596685,3.720098086664731
MUS,Mauritius,2017,55.4032403,11020.0,,99.6,92.5403345,39.44993487,False,False,142.5245321,19.06008964,1264887.0,1.265,Negara lain,Upper-Middle Income,3.0,World Average,0.61,Cellular basket 30calls+100sms (2010-2017),5.13696132596685,0.11874724400133364
MEX,Mexico,2017,53.03178861,9270.0,,100.0,105.1101837,77.72069246,False,False,92.64935186,13.77672135,123400057.0,123.4,Negara lain,Upper-Middle Income,3.0,World Average,0.91,Cellular basket 30calls+100sms (2010-2017),5.13696132596685,0.17714752793641578
FSM,Micronesia,2017,35.30410004,3430.0,,76.5,,22.33240119,False,False,21.11233913,3.449000283,109481.0,0.109,Negara lain,Lower-Middle Income,2.0,World Average,5.89,Cellular basket 30calls+100sms (2010-2017),5.13696132596685,1.146592241258779
MDA,Moldova,2017,71.76709747,3300.0,,100.0,94.35363671,39.9736557,False,False,117.3210434,18.29749644,2755189.0,2.755,Negara lain,Lower-Middle Income,2.0,World Average,4.06,Cellular basket 30calls+100sms (2010-2017),5.13696132596685,0.790350509254778
MCO,Monaco,2017,97.0530014,,,100.0,,100.0,False,False,,,,,,,,,,,,
MNG,Mongolia,2017,23.71430016,3200.0,,93.6,,67.92605832,False,False,125.183999,9.18362022,3148917.0,3.149,Negara lain,Lower-Middle Income,2.0,World Average,0.86,Cellular basket 30calls+100sms (2010-2017),5.13696132596685,0.16741414728056875
MNE,Montenegro,2017,71.27233254,7240.0,,100.0,90.60222626,64.99924387,False,False,168.4648307,22.16140903,625982.0,0.626,Negara lain,Upper-Middle Income,3.0,World Average,1.61,Cellular basket 30calls+100sms (2010-2017),5.13696132596685,0.31341485711827405
MAR,Morocco,2017,61.76221201,3160.0,,100.0,78.21572495,61.2761057,False,False,123.8943191,3.890006633,35446392.0,35.446,Negara lain,Lower-Middle Income,2.0,World Average,4.77,Cellular basket 30calls+100sms (2010-2017),5.13696132596685,0.9285645145678056
MOZ,Mozambique,2017,7.796326608,480.0,,24.3,37.24119186,32.62744115,False,False,42.16196941,0.2188459133,28166393.0,28.166,Negara lain,Low Income,1.0,World Average,8.32,Cellular basket 30calls+100sms (2010-2017),5.13696132596685,1.6196345411329442
MMR,Myanmar,2017,23.62108195,1230.0,,69.8,72.34574127,29.90517277,False,True,92.39179552,0.2149862863,51894938.0,51.895,ASEAN lain,Lower-Middle Income,2.0,World Average,1.61,Cellular basket 30calls+100sms (2010-2017),5.13696132596685,0.31341485711827405
NAM,Namibia,2017,36.83739853,4430.0,,52.5,79.53346064,46.81357997,False,False,106.9147652,2.623967181,2506853.0,2.507,Negara lain,Lower-Middle Income,2.0,World Average,1.28,Cellular basket 30calls+100sms (2010-2017),5.13696132596685,0.24917454478968373
NRU,Naoero,2017,62.38510132,11300.0,,99.8,,100.0,False,False,88.30801837,,11324.0,0.011,Negara lain,Upper-Middle Income,3.0,World Average,2.43,Cellular basket 30calls+100sms (2010-2017),5.13696132596685,0.47304229987416524
NPL,Nepal,2017,24.3,970.0,,86.6,74.41133118,65.57689281,False,False,128.8638875,1.796441988,28011258.0,28.011,Negara lain,Low Income,1.0,World Average,3.91,Cellular basket 30calls+100sms (2010-2017),5.13696132596685,0.7611503672872371
NLD,Netherlands,2017,93.19727891,46710.0,,100.0,115.2252274,91.12197007,False,False,118.5767327,42.09889826,17131296.0,17.131,Negara lain,High Income,4.0,World Average,0.74,Cellular basket 30calls+100sms (2010-2017),5.13696132596685,0.1440540337065359
NCL,New Caledonia,2017,82.0058408,,,100.0,,66.96833933,False,False,,,,,,,,,,,,
NZL,New Zealand,2017,87.69999695,38790.0,,100.0,112.9433136,84.17010259,False,False,132.9800497,32.89178416,4813600.0,4.814,Negara lain,High Income,4.0,World Average,0.55,Cellular basket 30calls+100sms (2010-2017),5.13696132596685,0.10706718721431722
NIC,Nicaragua,2017,30.39999962,2050.0,,84.6,,58.18925674,False,False,129.5056498,3.326730767,6316231.0,6.316,Negara lain,Lower-Middle Income,2.0,World Average,16.03,Cellular basket 30calls+100sms (2010-2017),5.13696132596685,3.1205218382645548
NER,Niger,2017,10.22431156,520.0,,17.6,23.76115057,16.50369879,False,False,40.95498643,0.04035372066,21435446.0,21.435,Negara lain,Low Income,1.0,World Average,36.82,Cellular basket 30calls+100sms (2010-2017),5.13696132596685,7.167661514965745
NGA,Nigeria,2017,25.87789917,2020.0,,54.4,,57.34863456,False,False,72.36796818,0.05534654965,200254579.0,200.255,Negara lain,Lower-Middle Income,2.0,World Average,4.87,Cellular basket 30calls+100sms (2010-2017),5.13696132596685,0.9480312758794998
MKD,North Macedonia,2017,74.51682418,5390.0,,100.0,84.6865387,59.74377194,False,False,103.4586906,20.41832592,1898657.0,1.899,Negara lain,Upper-Middle Income,3.0,World Average,2.64,Cellular basket 30calls+100sms (2010-2017),5.13696132596685,0.5139224986287227
MNP,Northern Mariana Islands,2017,,,,100.0,,91.47202159,False,False,,,,,,,,,,,,
NOR,Norway,2017,96.3576013,76270.0,,100.0,117.3014603,81.96997459,False,False,108.3926401,41.03282632,5276968.0,5.277,Negara lain,High Income,4.0,World Average,0.28,Cellular basket 30calls+100sms (2010-2017),5.13696132596685,0.05450693167274332
OMN,Oman,2017,80.18560028,16640.0,,100.0,101.6780198,78.314226,False,False,148.8216278,7.478169402,4537396.0,4.537,Negara lain,High Income,4.0,World Average,0.75,Cellular basket 30calls+100sms (2010-2017),5.13696132596685,0.1460007098377053
PAK,Pakistan,2017,13.77999973,1450.0,,92.7,35.32242487,36.43515482,False,False,64.73017833,1.038186866,223273967.0,223.274,Negara lain,Lower-Middle Income,2.0,World Average,2.19,Cellular basket 30calls+100sms (2010-2017),5.13696132596685,0.42632207272609945
PLW,Palau,2017,,15520.0,,100.0,,79.8284579,False,False,,,,,,,,,,,,
PAN,Panama,2017,59.9506309,14230.0,,93.7,76.59989929,65.65777125,False,False,128.8258712,10.7634676,4098707.0,4.099,Negara lain,High Income,4.0,World Average,1.24,Cellular basket 30calls+100sms (2010-2017),5.13696132596685,0.2413878402650061
PNG,Papua New Guinea,2017,11.20919991,2310.0,,19.2,,13.52496449,False,False,43.77519552,0.1961059033,9178714.0,9.179,Negara lain,Lower-Middle Income,2.0,World Average,10.65,Cellular basket 30calls+100sms (2010-2017),5.13696132596685,2.0732100796954156
PRY,Paraguay,2017,61.07575622,5810.0,,99.3,,62.95263898,False,False,117.8210379,4.579264387,6338660.0,6.339,Negara lain,Upper-Middle Income,3.0,World Average,1.82,Cellular basket 30calls+100sms (2010-2017),5.13696132596685,0.35429505587283155
PER,Peru,2017,50.45041218,6090.0,,94.8,101.0445786,82.19316505,False,False,124.2325202,7.375079877,31324637.0,31.325,Negara lain,Upper-Middle Income,3.0,World Average,2.15,Cellular basket 30calls+100sms (2010-2017),5.13696132596685,0.41853536820142184
PHL,Philippines,2017,41.59999847,3440.0,,93.0,80.92276001,52.60104824,False,True,110.9621371,3.144007262,108119693.0,108.12,ASEAN lain,Lower-Middle Income,2.0,World Average,2.96,Cellular basket 30calls+100sms (2010-2017),5.13696132596685,0.5762161348261436
POL,Poland,2017,75.98536595,12780.0,,100.0,109.4592209,60.1458882,False,False,131.9014719,19.95317261,37974826.0,37.975,Negara lain,Upper-Middle Income,3.0,World Average,0.87,Cellular basket 30calls+100sms (2010-2017),5.13696132596685,0.16936082341173817
PRT,Portugal,2017,73.79121395,20030.0,,100.0,117.2353287,61.12967265,False,False,113.8736196,34.60160661,10300300.0,10.3,Negara lain,High Income,4.0,World Average,1.02,Cellular basket 30calls+100sms (2010-2017),5.13696132596685,0.19856096537927923
PRI,Puerto Rico,2017,68.74077314,19500.0,,100.0,,93.85619538,False,False,100.5198296,19.57596873,3410837.0,3.411,Negara lain,High Income,4.0,World Average,,,,
QAT,Qatar,2017,97.38884917,60920.0,,100.0,101.9896941,99.03101253,False,False,147.3583603,9.478669484,2545820.0,2.546,Negara lain,High Income,4.0,World Average,0.36,Cellular basket 30calls+100sms (2010-2017),5.13696132596685,0.07008034072209854
ROU,Romania,2017,63.74728218,10030.0,,100.0,88.38432312,53.36486432,False,False,113.7667926,24.14894186,19588715.0,19.589,Negara lain,Upper-Middle Income,3.0,World Average,0.68,Cellular basket 30calls+100sms (2010-2017),5.13696132596685,0.1323739769195195
RUS,Russian Federation,2017,76.00813853,9160.0,,100.0,97.52062983,74.46003681,False,False,155.4857652,21.27636367,145293260.0,145.293,Negara lain,Upper-Middle Income,3.0,World Average,0.58,Cellular basket 30calls+100sms (2010-2017),5.13696132596685,0.11290721560782542
RWA,Rwanda,2017,17.2,720.0,,34.1,39.6912129,20.24775681,False,False,72.27645988,0.1784944509,12202060.0,12.202,Negara lain,Low Income,1.0,World Average,7.71,Cellular basket 30calls+100sms (2010-2017),5.13696132596685,1.5008872971316105
KNA,Saint Kitts and Nevis,2017,67.78440094,20420.0,,100.0,119.6037847,31.31696425,False,False,163.3963868,62.21466525,47050.0,0.047,Negara lain,High Income,4.0,World Average,1.88,Cellular basket 30calls+100sms (2010-2017),5.13696132596685,0.36597511265984795
LCA,Saint Lucia,2017,59.16009903,10260.0,,99.9,88.90263367,21.78372036,False,False,100.1996121,18.04901838,176342.0,0.176,Negara lain,Upper-Middle Income,3.0,World Average,3.77,Cellular basket 30calls+100sms (2010-2017),5.13696132596685,0.7338969014508653
VCT,Saint Vincent and the Grenadines,2017,53.70000076,7730.0,,100.0,,46.93929005,False,False,109.6353501,18.24006511,105663.0,0.106,Negara lain,Upper-Middle Income,3.0,World Average,4.73,Cellular basket 30calls+100sms (2010-2017),5.13696132596685,0.9207778100431282
WSM,Samoa,2017,,4100.0,,96.8,,18.96571919,False,False,,,,,,,,,3.14,Cellular basket 30calls+100sms (2010-2017),5.13696132596685,0.6112563051871929
SMR,San Marino,2017,60.18230057,40010.0,,100.0,,97.09999847,False,False,110.5358078,30.54278899,33825.0,0.034,Negara lain,High Income,4.0,World Average,,,,
STP,Sao Tome and Principe,2017,32.61640167,1440.0,,74.3,90.443573,67.65200043,False,False,84.05227811,0.7145963183,206970.0,0.207,Negara lain,Lower-Middle Income,2.0,World Average,8.45,Cellular basket 30calls+100sms (2010-2017),5.13696132596685,1.6449413308381462
SAU,Saudi Arabia,2017,94.17559961,23130.0,,100.0,106.244904,83.30069053,False,False,130.6297182,21.61394358,30977355.0,30.977,Negara lain,High Income,4.0,World Average,0.84,Cellular basket 30calls+100sms (2010-2017),5.13696132596685,0.16352079501822994
SEN,Senegal,2017,29.64310074,1270.0,,61.7,,47.93383496,False,False,101.831108,0.72242317,15475002.0,15.475,Negara lain,Lower-Middle Income,2.0,World Average,15.62,Cellular basket 30calls+100sms (2010-2017),5.13696132596685,3.040708116886609
SRB,Serbia,2017,70.33083553,5810.0,,100.0,95.49508667,60.62120819,False,False,123.1427546,21.14926578,7020858.0,7.021,Negara lain,Upper-Middle Income,3.0,World Average,3.34,Cellular basket 30calls+100sms (2010-2017),5.13696132596685,0.6501898278105809
SYC,Seychelles,2017,62.55310059,16180.0,,100.0,112.3112128,43.49686444,False,False,148.7916604,13.5385628,95843.0,0.096,Negara lain,High Income,4.0,World Average,1.09,Cellular basket 30calls+100sms (2010-2017),5.13696132596685,0.21218769829746506
SLE,Sierra Leone,2017,9.297100067,840.0,,23.4,41.53121948,41.71066821,False,False,89.77817541,,7379299.0,7.379,Negara lain,Low Income,1.0,World Average,15.14,Cellular basket 30calls+100sms (2010-2017),5.13696132596685,2.9472676625904777
SGP,Singapore,2017,84.45226789,55360.0,,100.0,107.4728739,100.0,False,True,149.5678683,26.33260993,5612253.0,5.612,ASEAN lain,High Income,4.0,World Average,0.17,Cellular basket 30calls+100sms (2010-2017),5.13696132596685,0.03309349422987987
SXM,Sint Maarten (Dutch part),2017,,32950.0,,100.0,,100.0,False,False,,,,,,,,,,,,
SVK,Slovak Republic,2017,81.62566752,16710.0,,100.0,91.25359344,53.61260182,False,False,130.9445518,25.85907979,5439232.0,5.439,Negara lain,High Income,4.0,World Average,0.99,Cellular basket 30calls+100sms (2010-2017),5.13696132596685,0.192720936985771
SVN,Slovenia,2017,78.88542636,22040.0,,100.0,114.5955963,55.24511337,False,False,118.4619935,29.18042484,2066388.0,2.066,Negara lain,High Income,4.0,World Average,0.24,Cellular basket 30calls+100sms (2010-2017),5.13696132596685,0.046720227148065695
SLB,Solomon Islands,2017,15.14840031,2020.0,,62.9,,25.38305358,False,False,67.86495584,0.1700521532,685672.0,0.686,Negara lain,Lower-Middle Income,2.0,World Average,8.92,Cellular basket 30calls+100sms (2010-2017),5.13696132596685,1.7364351090031085
SOM,Somalia,2017,,500.0,,52.1,,48.363963,False,False,,,,,,,,,,,,
ZAF,South Africa,2017,56.16740036,5850.0,,84.4,105.6231689,63.33110783,False,False,153.5479505,1.94879126,57635162.0,57.635,Negara lain,Upper-Middle Income,3.0,World Average,1.84,Cellular basket 30calls+100sms (2010-2017),5.13696132596685,0.35818840813517033
SSD,South Sudan,2017,4.1,,,4.2,,19.34899272,False,False,,,,,,,,,1.94,Cellular basket 30calls+100sms (2010-2017),5.13696132596685,0.3776551694468644
ESP,Spain,2017,84.6022457,27290.0,,100.0,121.1416016,79.46632331,False,False,112.0300851,31.29646128,46571232.0,46.571,Negara lain,High Income,4.0,World Average,0.94,Cellular basket 30calls+100sms (2010-2017),5.13696132596685,0.18298755632992397
LKA,Sri Lanka,2017,25.07550049,4220.0,,97.5,94.04186609,19.15076931,False,False,127.6697449,5.525762464,21453000.0,21.453,Negara lain,Lower-Middle Income,2.0,World Average,0.3,Cellular basket 30calls+100sms (2010-2017),5.13696132596685,0.05840028393508212
MAF,St. Martin (French part),2017,,,,100.0,,100.0,False,False,,,,,,,,,,,,
PSE,State of Palestine,2017,63.29999924,3930.0,,99.9,89.74615221,85.37822554,False,False,84.25938323,7.587845262,4454805.0,4.455,Negara lain,Lower-Middle Income,2.0,World Average,5.9,Cellular basket 30calls+100sms (2010-2017),5.13696132596685,1.1485389173899485
SDN,Sudan,2017,18.60000038,1010.0,,53.0,43.09032822,34.28722257,False,False,67.05982534,0.07151936403,42714306.0,42.714,Negara lain,Low Income,1.0,World Average,1.23,Cellular basket 30calls+100sms (2010-2017),5.13696132596685,0.2394411641338367
SUR,Suriname,2017,48.94520187,5700.0,,96.6,,66.10464671,False,False,134.049785,11.99518959,593713.0,0.594,Negara lain,Upper-Middle Income,3.0,World Average,2.61,Cellular basket 30calls+100sms (2010-2017),5.13696132596685,0.5080824702352145
SWE,Sweden,2017,93.00626697,52240.0,,100.0,142.6415863,87.23737379,False,False,124.4729049,38.3266046,10057698.0,10.058,Negara lain,High Income,4.0,World Average,0.26,Cellular basket 30calls+100sms (2010-2017),5.13696132596685,0.05061357941040451
CHE,Switzerland,2017,89.68614767,81790.0,,100.0,103.9000626,77.91262737,False,False,131.1696942,46.33182345,8451840.0,8.452,Negara lain,High Income,4.0,World Average,0.45,Cellular basket 30calls+100sms (2010-2017),5.13696132596685,0.08760042590262318
SYR,Syrian Arab Republic,2017,32.70000076,720.0,,89.6,,74.53955963,False,False,80.03259146,7.402312487,19224668.0,19.225,Negara lain,Low Income,1.0,World Average,,,,
TJK,Tajikistan,2017,21.95999908,1000.0,,99.3,,26.2731514,False,False,109.0035094,0.06603605172,9085946.0,9.086,Negara lain,Low Income,1.0,World Average,3.61,Cellular basket 30calls+100sms (2010-2017),5.13696132596685,0.7027500833521548
TZA,Tanzania,2017,14.46339989,960.0,,32.1,26.3711632,32.29870133,False,False,71.79116844,1.37184,55652890.0,55.653,Negara lain,Low Income,1.0,World Average,15.89,Cellular basket 30calls+100sms (2010-2017),5.13696132596685,3.093268372428183
THA,Thailand,2017,52.89192934,5800.0,,99.9,79.50623718,49.23119736,False,True,170.7836996,11.53453967,71160187.0,71.16,ASEAN lain,Upper-Middle Income,3.0,World Average,1.57,Cellular basket 30calls+100sms (2010-2017),5.13696132596685,0.30562815259359644
TLS,Timor-Leste,2017,24.20000076,1780.0,,79.5,81.16657009,29.36009968,False,True,124.3604913,0.2673158089,1251703.0,1.252,ASEAN lain,Lower-Middle Income,2.0,World Average,9.41,Cellular basket 30calls+100sms (2010-2017),5.13696132596685,1.8318222394304093
TGO,Togo,2017,12.36022497,850.0,,48.0,60.76947222,40.58094634,False,False,75.33572707,0.6273938395,7324386.0,7.324,Negara lain,Low Income,1.0,World Average,20.15,Cellular basket 30calls+100sms (2010-2017),5.13696132596685,3.922552404306349
TON,Tonga,2017,46.20080185,4450.0,,98.2,,22.97113007,False,False,102.4507384,2.847488515,105356.0,0.105,Negara lain,Lower-Middle Income,2.0,World Average,2.81,Cellular basket 30calls+100sms (2010-2017),5.13696132596685,0.5470159928586026
TTO,Trinidad and Tobago,2017,70.59999847,16930.0,,100.0,,53.92931868,False,False,140.503134,22.61017214,1356633.0,1.357,Negara lain,High Income,4.0,World Average,1.29,Cellular basket 30calls+100sms (2010-2017),5.13696132596685,0.25112122092085315
TUN,Tunisia,2017,55.50015506,3700.0,,100.0,,68.28778076,False,False,123.034054,6.881980496,11650498.0,11.65,Negara lain,Lower-Middle Income,2.0,World Average,0.93,Cellular basket 30calls+100sms (2010-2017),5.13696132596685,0.18104088019875458
TUR,Turkiye,2017,64.68461768,11140.0,,100.0,112.9773331,88.03204727,False,False,93.64075695,14.35288806,80312698.0,80.313,Negara lain,Upper-Middle Income,3.0,World Average,2.56,Cellular basket 30calls+100sms (2010-2017),5.13696132596685,0.49834908957936747
TKM,Turkmenistan,2017,,5250.0,,100.0,,47.03348574,False,False,,,,,,,,,0.88,Cellular basket 30calls+100sms (2010-2017),5.13696132596685,0.17130749954290755
TCA,Turks & Caicos Is.,2017,,41130.0,,100.0,85.01841998,92.41558688,False,False,,,,,,,,,,,,
TUV,Tuvalu,2017,35.20000076,5320.0,,98.7,,59.95312749,False,False,73.6038274,4.140215291,10869.0,0.011,Negara lain,Upper-Middle Income,3.0,World Average,,,,
UGA,Uganda,2017,7.417900085,760.0,,32.4,,26.41392606,False,False,62.09681426,,40177388.0,40.177,Negara lain,Low Income,1.0,World Average,10.96,Cellular basket 30calls+100sms (2010-2017),5.13696132596685,2.133557039761667
UKR,Ukraine,2017,58.88947945,2330.0,,100.0,86.78870227,69.26331085,False,False,131.3565115,12.35354321,45436041.0,45.436,Negara lain,Lower-Middle Income,2.0,World Average,2.34,Cellular basket 30calls+100sms (2010-2017),5.13696132596685,0.4555222146936405
ARE,United Arab Emirates,2017,94.81992254,42230.0,,100.0,,84.68667572,False,False,214.7013421,29.90829759,9223225.0,9.223,Negara lain,High Income,4.0,World Average,0.19,Cellular basket 30calls+100sms (2010-2017),5.13696132596685,0.03698684649221868
GBR,United Kingdom,2017,90.42455049,42140.0,,100.0,125.6297989,82.23065673,False,False,119.2067374,39.24894677,65964000.0,65.964,Negara lain,High Income,4.0,World Average,0.46,Cellular basket 30calls+100sms (2010-2017),5.13696132596685,0.08954710203379258
USA,United States,2017,87.27488917,58860.0,,100.0,98.95233917,80.40186784,False,False,102.3805626,32.57028363,326608609.0,326.609,Negara lain,High Income,4.0,World Average,0.9,Cellular basket 30calls+100sms (2010-2017),5.13696132596685,0.17520085180524636
URY,Uruguay,2017,70.3223544,16720.0,,99.8,116.472847,95.22882357,False,False,150.4400848,28.1333464,3388438.0,3.388,Negara lain,High Income,4.0,World Average,1.39,Cellular basket 30calls+100sms (2010-2017),5.13696132596685,0.27058798223254715
UZB,Uzbekistan,2017,48.69999885,2890.0,,100.0,93.87757366,50.67873764,False,False,76.26048668,10.43461902,31819178.0,31.819,Negara lain,Lower-Middle Income,2.0,World Average,1.39,Cellular basket 30calls+100sms (2010-2017),5.13696132596685,0.27058798223254715
VUT,Vanuatu,2017,,3550.0,,62.8,,24.76444415,False,False,,,,,,,,,9.19,Cellular basket 30calls+100sms (2010-2017),5.13696132596685,1.7889953645446823
VEN,Venezuela,2017,,2950.0,,99.2,83.951828,89.02877261,False,False,,,,,,,,,,,,
VNM,Viet Nam,2017,58.14,2680.0,,100.0,91.07251981,33.3625963,False,True,126.0979123,11.84103168,95176977.0,95.177,ASEAN lain,Lower-Middle Income,2.0,World Average,2.52,Cellular basket 30calls+100sms (2010-2017),5.13696132596685,0.4905623850546898
VIR,Virgin Islands (U.S.),2017,64.3774943,,,100.0,,95.03667855,False,False,,,,,,,,,,,,
YEM,Yemen,2017,,880.0,,79.2,,33.55869125,False,False,,,,,,,,,7.23,Cellular basket 30calls+100sms (2010-2017),5.13696132596685,1.4074468428354792
ZMB,Zambia,2017,12.19999981,1260.0,,40.3,,42.72959799,False,False,77.05001112,0.2059018469,17441320.0,17.441,Negara lain,Lower-Middle Income,2.0,World Average,7.04,Cellular basket 30calls+100sms (2010-2017),5.13696132596685,1.3704599963432604
ZWE,Zimbabwe,2017,24.39999962,1680.0,,44.0,,34.7014953,False,False,95.1366827,1.264541621,14812482.0,14.812,Negara lain,Lower-Middle Income,2.0,World Average,17.72,Cellular basket 30calls+100sms (2010-2017),5.13696132596685,3.449510104432184
AFG,Afghanistan,2018,16.79999924,520.0,,93.4,57.35784912,24.99916452,False,False,59.81093453,0.04354294156,36743039.0,36.743,Negara lain,Low Income,1.0,World Average,7.06,Cellular basket low-usage 70min+20sms (2018-2024),4.156902173913044,1.6983801168826074
ALB,Albania,2018,65.40000153,5400.0,,100.0,98.82238786,56.37700026,False,False,93.80308621,12.50580897,2607733.0,2.608,Negara lain,Upper-Middle Income,3.0,World Average,1.83,Cellular basket low-usage 70min+20sms (2018-2024),4.156902173913044,0.4402316733562566
DZA,Algeria,2018,49.03846808,4450.0,,99.6,,71.90524985,False,False,110.9380665,7.215667509,42505035.0,42.505,Negara lain,Lower-Middle Income,2.0,World Average,1.67,Cellular basket low-usage 70min+20sms (2018-2024),4.156902173913044,0.4017414724070757
ASM,American Samoa,2018,,,,,,83.47799733,False,False,,,,,,,,,,,,
AND,Andorra,2018,93.5,,,100.0,95.9804306,88.50809985,False,False,,,,,,,,,,,,
AGO,Angola,2018,29.0,2300.0,,45.3,,65.87321367,False,False,42.45887845,0.350066963,31297155.0,31.297,Negara lain,Lower-Middle Income,2.0,World Average,3.47,Cellular basket low-usage 70min+20sms (2018-2024),4.156902173913044,0.834756233085361
ATG,Antigua and Barbuda,2018,70.81790161,17460.0,,100.0,121.6852493,24.77814321,False,False,,,90926.0,0.091,Negara lain,High Income,4.0,World Average,2.0,Cellular basket low-usage 70min+20sms (2018-2024),4.156902173913044,0.4811275118647613
ARG,Argentina,2018,77.7,12390.0,,100.0,109.6712418,91.76799413,False,False,131.2242657,18.97587592,44654882.0,44.655,Negara lain,Upper-Middle Income,3.0,World Average,3.33,Cellular basket low-usage 70min+20sms (2018-2024),4.156902173913044,0.8010773072548276
ARM,Armenia,2018,68.24505226,4220.0,,99.9,83.02494108,64.85028338,False,False,123.0000017,11.93993742,2969000.0,2.969,Negara lain,Lower-Middle Income,2.0,World Average,0.76,Cellular basket low-usage 70min+20sms (2018-2024),4.156902173913044,0.1828284545086093
ABW,Aruba,2018,,27970.0,,100.0,137.8297882,62.5367637,False,False,,,,,,,,,1.26,Cellular basket low-usage 70min+20sms (2018-2024),4.156902173913044,0.3031103324747996
AUS,Australia,2018,90.0082016,53280.0,,100.0,136.105545,87.22676808,False,False,110.0331349,33.54862513,24963258.0,24.963,Negara lain,High Income,4.0,World Average,0.83,Cellular basket low-usage 70min+20sms (2018-2024),4.156902173913044,0.19966791742387593
AUT,Austria,2018,87.47913723,48710.0,,100.0,100.6925964,68.10467872,False,False,124.2302059,28.51503961,8840521.0,8.841,Negara lain,High Income,4.0,World Average,0.1,Cellular basket low-usage 70min+20sms (2018-2024),4.156902173913044,0.024056375593238068
AZE,Azerbaijan,2018,79.79999549,4080.0,,100.0,108.4887811,57.18415347,False,False,102.9872754,18.83420002,9939771.0,9.94,Negara lain,Lower-Middle Income,2.0,World Average,0.92,Cellular basket low-usage 70min+20sms (2018-2024),4.156902173913044,0.22131865545779023
BHS,Bahamas,2018,83.0,30650.0,,100.0,80.88089293,81.96431582,False,False,98.97890848,20.67850386,392717.0,0.393,Negara lain,High Income,4.0,World Average,0.79,Cellular basket low-usage 70min+20sms (2018-2024),4.156902173913044,0.19004536718658072
BHR,Bahrain,2018,98.64467258,24200.0,,100.0,100.7018874,100.0,False,False,139.7354213,8.434415535,1503091.0,1.503,Negara lain,High Income,4.0,World Average,0.24,Cellular basket low-usage 70min+20sms (2018-2024),4.156902173913044,0.057735301423771354
BGD,Bangladesh,2018,25.56509972,2020.0,,86.9,65.27148888,30.5175656,False,False,98.92890609,4.924618511,163523103.0,163.523,Negara lain,Lower-Middle Income,2.0,World Average,1.02,Cellular basket low-usage 70min+20sms (2018-2024),4.156902173913044,0.2453750310510283
BRB,Barbados,2018,70.72650146,20240.0,,100.0,108.2167511,59.27017531,False,False,117.3185233,31.82632672,280711.0,0.281,Negara lain,High Income,4.0,World Average,2.1,Cellular basket low-usage 70min+20sms (2018-2024),4.156902173913044,0.5051838874579994
BLR,Belarus,2018,79.12988669,5730.0,,99.3,101.596011,77.21327209,False,False,122.5697574,33.77118704,9438785.0,9.439,Negara lain,Upper-Middle Income,3.0,World Average,0.82,Cellular basket low-usage 70min+20sms (2018-2024),4.156902173913044,0.19726227986455214
BEL,Belgium,2018,88.647343,45980.0,,100.0,156.5097656,86.88834495,False,False,100.164027,39.40069676,11427054.0,11.427,Negara lain,High Income,4.0,World Average,0.31,Cellular basket low-usage 70min+20sms (2018-2024),4.156902173913044,0.07457476433903801
BLZ,Belize,2018,53.59360123,5610.0,,91.7,86.28335614,43.16484828,False,False,64.78015706,6.485090446,380226.0,0.38,Negara lain,Upper-Middle Income,3.0,World Average,5.52,Cellular basket low-usage 70min+20sms (2018-2024),4.156902173913044,1.327911932746741
BEN,Benin,2018,19.0,1120.0,,39.0,,47.99528293,False,False,76.40803411,0.2183093149,12383347.0,12.383,Negara lain,Low Income,1.0,World Average,11.12,Cellular basket low-usage 70min+20sms (2018-2024),4.156902173913044,2.6750689659680726
BMU,Bermuda,2018,,117160.0,,100.0,,100.0,False,False,,,,,,,,,,,,
BTN,Bhutan,2018,63.48680115,3150.0,,100.0,87.57228707,38.46618928,False,False,92.6022594,1.421766639,759759.0,0.76,Negara lain,Lower-Middle Income,2.0,World Average,0.72,Cellular basket low-usage 70min+20sms (2018-2024),4.156902173913044,0.17320590427131408
BOL,Bolivia,2018,44.2861422,3730.0,,92.8,88.72189996,69.41338798,False,False,99.45658672,4.380264865,11508368.0,11.508,Negara lain,Lower-Middle Income,2.0,World Average,3.34,Cellular basket low-usage 70min+20sms (2018-2024),4.156902173913044,0.8034829448141514
BIH,Bosnia and Herzegovina,2018,70.12013504,5720.0,,100.0,85.64099121,48.97192783,False,False,102.1865368,21.15045763,3387000.0,3.387,Negara lain,Upper-Middle Income,3.0,World Average,2.53,Cellular basket low-usage 70min+20sms (2018-2024),4.156902173913044,0.608626302508923
BWA,Botswana,2018,46.12509918,6680.0,,68.3,,66.15791765,False,False,147.0648386,1.741693963,2299141.0,2.299,Negara lain,Upper-Middle Income,3.0,World Average,1.05,Cellular basket low-usage 70min+20sms (2018-2024),4.156902173913044,0.2525919437289997
BRA,Brazil,2018,70.43428254,9320.0,,99.7,104.8184814,86.44207199,False,False,101.6024603,15.1537621,206107261.0,206.107,Negara lain,Upper-Middle Income,3.0,World Average,1.8,Cellular basket low-usage 70min+20sms (2018-2024),4.156902173913044,0.4330147606782852
VGB,British Virgin Islands,2018,,,,100.0,65.91774562,51.63226672,False,False,,,,,,,,,,,,
BRN,Brunei Darussalam,2018,95.0,28790.0,,100.0,89.18180847,74.81724717,False,True,129.2681757,11.29531075,437810.0,0.438,ASEAN lain,High Income,4.0,World Average,0.33,Cellular basket low-usage 70min+20sms (2018-2024),4.156902173913044,0.07938603945768562
BGR,Bulgaria,2018,64.78201069,8860.0,,98.7,104.0439224,73.6002121,False,False,119.3945118,27.10341799,6710798.0,6.711,Negara lain,Upper-Middle Income,3.0,World Average,1.88,Cellular basket low-usage 70min+20sms (2018-2024),4.156902173913044,0.4522598611528756
BFA,Burkina Faso,2018,8.498900414,730.0,,14.4,39.62784675,26.08322022,False,False,94.62196149,0.06760840243,20438288.0,20.438,Negara lain,Low Income,1.0,World Average,21.11,Cellular basket low-usage 70min+20sms (2018-2024),4.156902173913044,5.0783008877325555
BDI,Burundi,2018,4.019499779,250.0,,9.5,46.33039417,17.6820222,False,False,53.27369423,0.03318030201,11859446.0,11.859,Negara lain,Low Income,1.0,World Average,34.4,Cellular basket low-usage 70min+20sms (2018-2024),4.156902173913044,8.275393204073895
CPV,Cabo Verde,2018,59.5,4040.0,,90.2,94.89720154,70.39707488,False,False,118.8761528,3.049579775,513415.0,0.513,Negara lain,Lower-Middle Income,2.0,World Average,8.41,Cellular basket low-usage 70min+20sms (2018-2024),4.156902173913044,2.0231411873913214
KHM,Cambodia,2018,65.0,1920.0,,80.7,50.19909972,37.64043364,False,True,119.3099435,1.02122815,16274522.0,16.275,ASEAN lain,Lower-Middle Income,2.0,World Average,5.52,Cellular basket low-usage 70min+20sms (2018-2024),4.156902173913044,1.327911932746741
CMR,Cameroon,2018,29.70000076,1520.0,,62.2,,53.63398737,False,False,74.39954467,1.595609485,24806383.0,24.806,Negara lain,Lower-Middle Income,2.0,World Average,4.5,Cellular basket low-usage 70min+20sms (2018-2024),4.156902173913044,1.082536901695713
CAN,Canada,2018,94.64,45060.0,,100.0,111.8336792,81.55003416,False,False,89.0494585,38.73335317,37072620.0,37.073,Negara lain,High Income,4.0,World Average,0.58,Cellular basket low-usage 70min+20sms (2018-2024),4.156902173913044,0.13952697844078077
CYM,Cayman Islands,2018,,57880.0,,100.0,89.01408451,100.0,False,False,,,,,,,,,,,,
CAF,Central African Rep.,2018,5.099999905,470.0,,14.6,,41.28246662,False,False,26.22158106,0.01246244612,4878657.0,4.879,Negara lain,Low Income,1.0,World Average,24.35,Cellular basket low-usage 70min+20sms (2018-2024),4.156902173913044,5.857727456953469
TCD,Chad,2018,6.956299782,890.0,,10.1,20.00211807,23.84860849,False,False,43.22790579,0.002067275457,16156531.0,16.157,Negara lain,Low Income,1.0,World Average,31.56,Cellular basket low-usage 70min+20sms (2018-2024),4.156902173913044,7.592192137225934
CHI,Channel Islands,2018,,,,100.0,,32.8125992,False,False,,,,,,,,,,,,
CHL,Chile,2018,84.90000153,14460.0,,100.0,103.1730499,87.96204938,False,False,133.2701342,17.20666456,18893191.0,18.893,Negara lain,High Income,4.0,World Average,1.25,Cellular basket low-usage 70min+20sms (2018-2024),4.156902173913044,0.3007046949154758
CHN,China,2018,65.35839844,9720.0,,100.0,,61.50019836,False,False,116.2291255,28.70890971,1402760000.0,1402.76,Negara lain,Upper-Middle Income,3.0,World Average,0.38,Cellular basket low-usage 70min+20sms (2018-2024),4.156902173913044,0.09141422725430465
COL,Colombia,2018,64.12637682,6350.0,,98.5,100.3733368,77.28048166,False,False,131.5954738,13.62287788,49024465.0,49.024,Negara lain,Upper-Middle Income,3.0,World Average,1.47,Cellular basket low-usage 70min+20sms (2018-2024),4.156902173913044,0.3536287212205996
COM,Comoros,2018,,1490.0,,81.0,61.70146854,31.40736452,False,False,,,,,,,,,10.73,Cellular basket low-usage 70min+20sms (2018-2024),4.156902173913044,2.5812491011544445
COG,Congo (Rep. of the),2018,11.8071003,2070.0,,47.0,,63.44345775,False,False,91.18899137,,5483118.0,5.483,Negara lain,Lower-Middle Income,2.0,World Average,,,,
COD,"Congo, Dem. Rep.",2018,11.69999981,460.0,,18.7,,42.49465992,False,False,40.50144832,0.005130617299,90047644.0,90.048,Negara lain,Low Income,1.0,World Average,18.39,Cellular basket low-usage 70min+20sms (2018-2024),4.156902173913044,4.42396747159648
CRI,Costa Rica,2018,73.47972844,12100.0,,99.7,125.9643478,76.55443084,False,False,171.3573391,16.83772982,4957818.0,4.958,Negara lain,Upper-Middle Income,3.0,World Average,0.52,Cellular basket low-usage 70min+20sms (2018-2024),4.156902173913044,0.12509315308483795
CIV,Cote d'Ivoire,2018,37.54653613,2010.0,,67.1,51.07261451,50.87184778,False,False,123.0980084,0.6405363089,27464173.0,27.464,Negara lain,Lower-Middle Income,2.0,World Average,10.93,Cellular basket low-usage 70min+20sms (2018-2024),4.156902173913044,2.6293618523409203
HRV,Croatia,2018,75.29462599,14670.0,,100.0,104.960083,56.0931701,False,False,109.0340354,28.015602,3988775.0,3.989,Negara lain,High Income,4.0,World Average,0.33,Cellular basket low-usage 70min+20sms (2018-2024),4.156902173913044,0.07938603945768562
CUB,Cuba,2018,62.67892362,8710.0,,99.6,99.58059265,77.01563263,False,False,47.86015432,0.880350594,11227118.0,11.227,Negara lain,Upper-Middle Income,3.0,World Average,,,,
CUW,Curacao,2018,,18820.0,,100.0,,91.36013317,False,False,,,,,,,,,2.16,Cellular basket low-usage 70min+20sms (2018-2024),4.156902173913044,0.5196177128139422
CYP,Cyprus,2018,84.43358252,27120.0,,100.0,99.42658997,66.82555305,False,False,134.8436306,35.23556504,1270737.0,1.271,Negara lain,High Income,4.0,World Average,0.33,Cellular basket low-usage 70min+20sms (2018-2024),4.156902173913044,0.07938603945768562
CZE,Czech Republic,2018,80.68816754,20700.0,,100.0,101.5148926,72.84987444,False,False,120.4316795,30.55127735,10629928.0,10.63,Negara lain,High Income,4.0,World Average,0.85,Cellular basket low-usage 70min+20sms (2018-2024),4.156902173913044,0.20447919254252356
DNK,Denmark,2018,97.31920437,61090.0,,100.0,129.8495636,88.10597623,False,False,124.5501244,43.76908929,5793636.0,5.794,Negara lain,High Income,4.0,World Average,0.47,Cellular basket low-usage 70min+20sms (2018-2024),4.156902173913044,0.1130649652882189
DJI,Djibouti,2018,57.06169891,2600.0,,62.4,,71.51534428,False,False,36.85452317,2.379739561,1071882.0,1.072,Negara lain,Lower-Middle Income,2.0,World Average,9.29,Cellular basket low-usage 70min+20sms (2018-2024),4.156902173913044,2.2348372926118163
DMA,Dominica,2018,,8880.0,,99.6,,71.03625268,False,False,,,,,,,,,3.69,Cellular basket low-usage 70min+20sms (2018-2024),4.156902173913044,0.8876802593904846
DOM,Dominican Rep.,2018,74.82204836,7600.0,,98.9,80.21593,73.75892557,False,False,82.89374018,7.982023461,10782053.0,10.782,Negara lain,Upper-Middle Income,3.0,World Average,2.02,Cellular basket low-usage 70min+20sms (2018-2024),4.156902173913044,0.4859387869834089
ECU,Ecuador,2018,57.5,6120.0,,98.7,94.97481009,63.04332768,False,False,92.51177172,11.45841001,17049547.0,17.05,Negara lain,Upper-Middle Income,3.0,World Average,1.8,Cellular basket low-usage 70min+20sms (2018-2024),4.156902173913044,0.4330147606782852
EGY,Egypt,2018,46.92433677,2710.0,,100.0,76.98161894,42.45771774,False,False,88.74208813,6.268252974,105682094.0,105.682,Negara lain,Lower-Middle Income,2.0,World Average,0.43,Cellular basket low-usage 70min+20sms (2018-2024),4.156902173913044,0.10344241505092368
SLV,El Salvador,2018,43.79999924,3940.0,,97.0,66.93257137,71.75772095,False,False,151.6686129,7.914473874,6219807.0,6.22,Negara lain,Lower-Middle Income,2.0,World Average,3.29,Cellular basket low-usage 70min+20sms (2018-2024),4.156902173913044,0.7914547570175323
GNQ,Equatorial Guinea,2018,29.39999962,6270.0,,66.5,,69.83966237,False,False,36.57603027,0.1002213531,1616422.0,1.616,Negara lain,Upper-Middle Income,3.0,World Average,,,,
ERI,Eritrea,2018,5.293000221,,,49.1,46.17237854,35.34510422,False,False,,,,,,,,,,,,
EST,Estonia,2018,89.35700777,21600.0,,100.0,112.759697,69.28035329,False,False,145.5434902,33.37251743,1321977.0,1.322,Negara lain,High Income,4.0,World Average,0.34,Cellular basket low-usage 70min+20sms (2018-2024),4.156902173913044,0.08179167701700943
SWZ,Eswatini,2018,39.38100052,3460.0,,74.0,,24.05792954,False,False,89.2003706,1.87102895,1168929.0,1.169,Negara lain,Lower-Middle Income,2.0,World Average,1.62,Cellular basket low-usage 70min+20sms (2018-2024),4.156902173913044,0.3897132846104567
ETH,Ethiopia,2018,15.88619995,730.0,,44.8,,20.78380966,False,False,,,112664152.0,112.664,Negara lain,Low Income,1.0,World Average,1.87,Cellular basket low-usage 70min+20sms (2018-2024),4.156902173913044,0.44985422359355187
FRO,Faroe Islands,2018,,62900.0,,100.0,,38.40588379,False,False,,,,,,,,,,,,
FJI,Fiji,2018,58.2364006,5690.0,,95.1,92.08067599,56.23283474,False,False,110.6653002,2.082143091,917180.0,0.917,Negara lain,Upper-Middle Income,3.0,World Average,3.03,Cellular basket low-usage 70min+20sms (2018-2024),4.156902173913044,0.7289081804751133
FIN,Finland,2018,88.88996,47900.0,,100.0,153.6514282,72.34234677,False,False,129.6291193,31.49171752,5515525.0,5.516,Negara lain,High Income,4.0,World Average,0.42,Cellular basket low-usage 70min+20sms (2018-2024),4.156902173913044,0.10103677749159987
FRA,France,2018,82.04318678,40960.0,,100.0,103.7733307,78.67144325,False,False,107.4824347,44.4142292,67158348.0,67.158,Negara lain,High Income,4.0,World Average,0.28,Cellular basket low-usage 70min+20sms (2018-2024),4.156902173913044,0.06735785166106659
PYF,French Polynesia,2018,,23700.0,,100.0,,61.78880252,False,False,,,,,,,,,,,,
GAB,Gabon,2018,55.42020035,6690.0,,89.6,,89.453995,False,False,132.4653147,0.9531179514,2212318.0,2.212,Negara lain,Upper-Middle Income,3.0,World Average,2.91,Cellular basket low-usage 70min+20sms (2018-2024),4.156902173913044,0.7000405297632277
GMB,Gambia,2018,28.30900002,680.0,,60.3,,61.06458693,False,False,132.5783704,0.1847366596,2399632.0,2.4,Negara lain,Low Income,1.0,World Average,6.76,Cellular basket low-usage 70min+20sms (2018-2024),4.156902173913044,1.6262109901028932
GEO,Georgia,2018,62.7179082,4580.0,,99.9,111.616827,58.30381819,False,False,143.8581277,22.59114064,3726549.0,3.727,Negara lain,Upper-Middle Income,3.0,World Average,0.84,Cellular basket low-usage 70min+20sms (2018-2024),4.156902173913044,0.20207355498319973
DEU,Germany,2018,87.03711209,48770.0,,100.0,100.8373032,81.14230362,False,False,128.9455772,40.96514985,82905782.0,82.906,Negara lain,High Income,4.0,World Average,1.05,Cellular basket low-usage 70min+20sms (2018-2024),4.156902173913044,0.2525919437289997
GHA,Ghana,2018,43.0,2060.0,,80.4,68.2222558,55.21847757,False,False,133.6099924,0.1999765974,30637585.0,30.638,Negara lain,Lower-Middle Income,2.0,World Average,3.3,Cellular basket low-usage 70min+20sms (2018-2024),4.156902173913044,0.7938603945768561
GIB,Gibraltar,2018,,,,100.0,,100.0,False,False,,,,,,,,,,,,
GRC,Greece,2018,72.23837339,19060.0,,100.0,103.8916931,78.04906568,False,False,113.4184506,36.92033916,10732882.0,10.733,Negara lain,High Income,4.0,World Average,0.62,Cellular basket low-usage 70min+20sms (2018-2024),4.156902173913044,0.14914952867807602
GRL,Greenland,2018,,,,100.0,,86.72509766,False,False,,,,,,,,,,,,
GRD,Grenada,2018,61.42459869,9220.0,,92.3,110.3794103,36.07204214,False,False,102.6190456,23.32679292,115691.0,0.116,Negara lain,Upper-Middle Income,3.0,World Average,2.73,Cellular basket low-usage 70min+20sms (2018-2024),4.156902173913044,0.6567390536953992
GUM,Guam,2018,,,,100.0,,94.079885,False,False,,,,,,,,,,,,
GTM,Guatemala,2018,41.5,4270.0,,94.2,54.07976471,53.8459623,False,False,121.5000755,,16845685.0,16.846,Negara lain,Lower-Middle Income,2.0,World Average,7.31,Cellular basket low-usage 70min+20sms (2018-2024),4.156902173913044,1.7585210558657025
GIN,Guinea,2018,21.83002304,860.0,,45.0,,35.85543823,False,False,94.55500743,0.00954759211,12704774.0,12.705,Negara lain,Low Income,1.0,World Average,6.52,Cellular basket low-usage 70min+20sms (2018-2024),4.156902173913044,1.5684756886791218
GNB,Guinea-Bissau,2018,15.69999981,750.0,,28.4,,43.44490814,False,False,77.02193565,0.06263760504,1922168.0,1.922,Negara lain,Low Income,1.0,World Average,22.01,Cellular basket low-usage 70min+20sms (2018-2024),4.156902173913044,5.294808268071699
GUY,Guyana,2018,48.59889984,6100.0,,90.9,,26.41883785,False,False,,,791556.0,0.792,Negara lain,Upper-Middle Income,3.0,World Average,3.19,Cellular basket low-usage 70min+20sms (2018-2024),4.156902173913044,0.7673983814242943
HTI,Haiti,2018,32.47362713,1430.0,,44.4,,51.37489811,False,False,60.23225652,0.2836979841,10962362.0,10.962,Negara lain,Lower-Middle Income,2.0,World Average,5.37,Cellular basket low-usage 70min+20sms (2018-2024),4.156902173913044,1.2918273693568842
HND,Honduras,2018,36.04006082,2280.0,,91.6,,55.88525777,False,False,77.71009533,3.633931068,9765210.0,9.765,Negara lain,Lower-Middle Income,2.0,World Average,6.98,Cellular basket low-usage 70min+20sms (2018-2024),4.156902173913044,1.679135016408017
HKG,"Hong Kong SAR, China",2018,90.50739533,50050.0,,100.0,108.1639802,100.0,False,False,266.3400924,36.33527653,7452600.0,7.453,Negara lain,High Income,4.0,World Average,0.05,Cellular basket low-usage 70min+20sms (2018-2024),4.156902173913044,0.012028187796619034
HUN,Hungary,2018,76.07436064,15180.0,,100.0,103.6120834,70.47117615,False,False,102.7372029,31.50629082,9706964.0,9.707,Negara lain,High Income,4.0,World Average,1.05,Cellular basket low-usage 70min+20sms (2018-2024),4.156902173913044,0.2525919437289997
ISL,Iceland,2018,99.01095399,72840.0,,100.0,114.6494064,93.8526667,False,False,116.5810789,39.10654265,352721.0,0.353,Negara lain,High Income,4.0,World Average,0.36,Cellular basket low-usage 70min+20sms (2018-2024),4.156902173913044,0.08660295213565704
IND,India,2018,20.08130004,1970.0,,95.7,76.00257874,33.49843535,False,False,85.55007564,1.321782286,1374659064.0,1374.659,Negara lain,Lower-Middle Income,2.0,World Average,0.33,Cellular basket low-usage 70min+20sms (2018-2024),4.156902173913044,0.07938603945768562
IDN,Indonesia,2018,39.90463864,3810.0,,98.5,92.81207396,55.09568405,True,True,118.3302169,3.287295913,269951846.0,269.952,Indonesia,Lower-Middle Income,2.0,Indonesia,1.88,Cellular basket low-usage 70min+20sms (2018-2024),4.156902173913044,0.4522598611528756
IRN,Iran (Islamic Republic of),2018,70.200565,5390.0,,100.0,,74.80342865,False,False,103.0242737,11.38757429,86117998.0,86.118,Negara lain,Upper-Middle Income,3.0,World Average,0.35,Cellular basket low-usage 70min+20sms (2018-2024),4.156902173913044,0.08419731457633323
IRQ,Iraq,2018,33.92810059,4820.0,,99.9,,69.87651489,False,False,90.715974,11.1567326,40265624.0,40.266,Negara lain,Upper-Middle Income,3.0,World Average,1.9,Cellular basket low-usage 70min+20sms (2018-2024),4.156902173913044,0.45707113627152324
IRL,Ireland,2018,87.00014011,59110.0,,100.0,154.1633453,63.08445035,False,False,102.0304949,29.35133018,4898022.0,4.898,Negara lain,High Income,4.0,World Average,0.72,Cellular basket low-usage 70min+20sms (2018-2024),4.156902173913044,0.17320590427131408
IMN,Isle of Man,2018,,83430.0,,100.0,,52.16518939,False,False,,,,,,,,,,,,
ISR,Israel,2018,83.73315696,41960.0,,100.0,98.32727814,91.64561935,False,False,125.7334402,28.61317073,8882800.0,8.883,Negara lain,High Income,4.0,World Average,0.78,Cellular basket low-usage 70min+20sms (2018-2024),4.156902173913044,0.18763972962725692
ITA,Italy,2018,74.38718292,34270.0,,100.0,101.526413,69.48000336,False,False,138.2646715,28.4648522,59877221.0,59.877,Negara lain,High Income,4.0,World Average,0.58,Cellular basket low-usage 70min+20sms (2018-2024),4.156902173913044,0.13952697844078077
JAM,Jamaica,2018,68.21451709,5610.0,,98.2,83.7616154,56.29741099,False,False,105.1373056,10.09738318,2820097.0,2.82,Negara lain,Upper-Middle Income,3.0,World Average,1.06,Cellular basket low-usage 70min+20sms (2018-2024),4.156902173913044,0.2549975812883235
JPN,Japan,2018,88.74635089,42720.0,,100.0,100.4822006,91.63773186,False,False,141.7287289,32.69653365,126811000.0,126.811,Negara lain,High Income,4.0,World Average,0.46,Cellular basket low-usage 70min+20sms (2018-2024),4.156902173913044,0.11065932772889511
JOR,Jordan,2018,65.2,4480.0,,99.9,89.79290681,91.20088591,False,False,83.45922973,3.819387428,10462306.0,10.462,Negara lain,Upper-Middle Income,3.0,World Average,1.3,Cellular basket low-usage 70min+20sms (2018-2024),4.156902173913044,0.3127328827120949
KAZ,Kazakhstan,2018,78.90391906,7800.0,,100.0,96.11562127,58.23880389,False,False,137.6748315,13.00024027,18932727.0,18.933,Negara lain,Upper-Middle Income,3.0,World Average,0.44,Cellular basket low-usage 70min+20sms (2018-2024),4.156902173913044,0.10584805261024749
KEN,Kenya,2018,19.5,1720.0,,61.2,,31.39400416,False,False,98.59446791,0.7399311018,50207107.0,50.207,Negara lain,Lower-Middle Income,2.0,World Average,4.37,Cellular basket low-usage 70min+20sms (2018-2024),4.156902173913044,1.0512636134245035
KIR,Kiribati,2018,32.9864006,3280.0,,87.5,,54.50040231,False,False,43.68959077,0.07126240949,122084.0,0.122,Negara lain,Lower-Middle Income,2.0,World Average,5.77,Cellular basket low-usage 70min+20sms (2018-2024),4.156902173913044,1.3880528717298364
KOR,Korea (Rep. of),2018,96.02285958,34610.0,,100.0,99.31865692,81.3823523,False,False,128.4946345,41.21899594,51585058.0,51.585,Negara lain,High Income,4.0,World Average,1.17,Cellular basket low-usage 70min+20sms (2018-2024),4.156902173913044,0.28145959444088536
PRK,"Korea, Dem. People's Rep.",2018,,,,46.3,,62.08261198,False,False,,,,,,,,,,,,
XKX,Kosovo,2018,89.44303197,4300.0,,,,42.83780958,False,False,,,1797086.0,1.797,Negara lain,Lower-Middle Income,2.0,World Average,,,,
KWT,Kuwait,2018,99.59884959,32340.0,,100.0,,100.0,False,False,164.2195806,2.401381139,4323515.0,4.324,Negara lain,High Income,4.0,World Average,0.52,Cellular basket low-usage 70min+20sms (2018-2024),4.156902173913044,0.12509315308483795
KGZ,Kyrgyz Republic,2018,62.8,1200.0,,100.0,91.14458539,34.94089972,False,False,137.7422761,3.951791088,6444079.0,6.444,Negara lain,Lower-Middle Income,2.0,World Average,2.56,Cellular basket low-usage 70min+20sms (2018-2024),4.156902173913044,0.6158432151868944
LAO,Lao P.D.R.,2018,36.27130127,2460.0,,92.9,66.15285706,35.205007,False,True,51.37924915,0.6366261717,7128045.0,7.128,ASEAN lain,Lower-Middle Income,2.0,World Average,3.73,Cellular basket low-usage 70min+20sms (2018-2024),4.156902173913044,0.8973028096277799
LVA,Latvia,2018,83.57717486,16010.0,,100.0,109.1557007,68.01603464,False,False,107.3974314,27.28772954,1927174.0,1.927,Negara lain,High Income,4.0,World Average,0.71,Cellular basket low-usage 70min+20sms (2018-2024),4.156902173913044,0.17080026671199025
LBN,Lebanon,2018,80.90000153,8700.0,,99.7,64.2435657,89.27283309,False,False,73.93210262,,5984119.0,5.984,Negara lain,Upper-Middle Income,3.0,World Average,2.57,Cellular basket low-usage 70min+20sms (2018-2024),4.156902173913044,0.6182488527462182
LSO,Lesotho,2018,40.79999924,1250.0,,47.0,,37.56909275,False,False,72.4555242,0.2639216011,2183603.0,2.184,Negara lain,Lower-Middle Income,2.0,World Average,6.71,Cellular basket low-usage 70min+20sms (2018-2024),4.156902173913044,1.6141828023062743
LBR,Liberia,2018,17.27770042,620.0,,22.8,,52.32457955,False,False,,,4944726.0,4.945,Negara lain,Low Income,1.0,World Average,34.78,Cellular basket low-usage 70min+20sms (2018-2024),4.156902173913044,8.3668074313282
LBY,Libya,2018,47.5,11000.0,,67.0,,87.81848428,False,False,,,6849055.0,6.849,Negara lain,Upper-Middle Income,3.0,World Average,0.82,Cellular basket low-usage 70min+20sms (2018-2024),4.156902173913044,0.19726227986455214
LIE,Liechtenstein,2018,,,,100.0,112.0101624,14.55651849,False,False,,,,,,,,,,,,
LTU,Lithuania,2018,79.72258277,17550.0,,100.0,106.8667374,67.1464742,False,False,134.3336148,28.14448499,2819200.0,2.819,Negara lain,High Income,4.0,World Average,0.32,Cellular basket low-usage 70min+20sms (2018-2024),4.156902173913044,0.0769804018983618
LUX,Luxembourg,2018,97.06129871,80120.0,,100.0,106.9831238,92.67094419,False,False,131.3268684,36.88532004,607950.0,0.608,Negara lain,High Income,4.0,World Average,0.09,Cellular basket low-usage 70min+20sms (2018-2024),4.156902173913044,0.02165073803391426
MAC,"Macao SAR, China",2018,83.79408961,72780.0,,100.0,92.71080139,100.0,False,False,331.099986,29.30558676,658900.0,0.659,Negara lain,High Income,4.0,World Average,0.06,Cellular basket low-usage 70min+20sms (2018-2024),4.156902173913044,0.014433825355942839
MDG,Madagascar,2018,7.747799873,480.0,,36.5,34.62660957,29.91811253,False,False,38.75155001,0.09896735129,27494926.0,27.495,Negara lain,Low Income,1.0,World Average,7.34,Cellular basket low-usage 70min+20sms (2018-2024),4.156902173913044,1.765737968543674
MWI,Malawi,2018,8.798299789,490.0,,18.0,38.83243978,16.02214866,False,False,38.1955692,0.06130154548,18528081.0,18.528,Negara lain,Low Income,1.0,World Average,20.56,Cellular basket low-usage 70min+20sms (2018-2024),4.156902173913044,4.945990821969746
MYS,Malaysia,2018,81.20104862,10200.0,,100.0,74.4872818,74.56346251,False,True,128.8731504,8.191798193,32910967.0,32.911,ASEAN lain,Upper-Middle Income,3.0,World Average,0.71,Cellular basket low-usage 70min+20sms (2018-2024),4.156902173913044,0.17080026671199025
MDV,Maldives,2018,70.93689728,10220.0,,100.0,68.57278203,39.69233544,False,False,181.3434397,10.01798778,473099.0,0.473,Negara lain,Upper-Middle Income,3.0,World Average,0.69,Cellular basket low-usage 70min+20sms (2018-2024),4.156902173913044,0.16598899159334263
MLI,Mali,2018,21.39999962,930.0,,50.9,37.9832691,27.69991859,False,False,107.4040347,0.5915948661,20442030.0,20.442,Negara lain,Low Income,1.0,World Average,17.31,Cellular basket low-usage 70min+20sms (2018-2024),4.156902173913044,4.164158615189509
MLT,Malta,2018,81.65804429,29030.0,,100.0,100.3960724,94.72423733,False,False,127.0937638,39.58927517,483903.0,0.484,Negara lain,High Income,4.0,World Average,0.54,Cellular basket low-usage 70min+20sms (2018-2024),4.156902173913044,0.12990442820348555
MHL,Marshall Islands,2018,43.88249969,6040.0,,95.3,,76.58867122,False,False,,2.208236723,45285.0,0.045,Negara lain,Upper-Middle Income,3.0,World Average,6.75,Cellular basket low-usage 70min+20sms (2018-2024),4.156902173913044,1.6238053525435694
MRT,Mauritania,2018,22.96699905,1680.0,,43.6,35.52934256,55.1305077,False,False,105.2750949,0.3048630779,4337685.0,4.338,Negara lain,Lower-Middle Income,2.0,World Average,16.0,Cellular basket low-usage 70min+20sms (2018-2024),4.156902173913044,3.8490200949180906
MUS,Mauritius,2018,58.5961697,12190.0,,99.8,91.41713586,39.34749056,False,False,148.8167978,21.31385525,1265577.0,1.266,Negara lain,Upper-Middle Income,3.0,World Average,0.44,Cellular basket low-usage 70min+20sms (2018-2024),4.156902173913044,0.10584805261024749
MEX,Mexico,2018,56.6595668,9560.0,,99.5,105.964653,78.02712239,False,False,96.46122046,14.73739512,124573711.0,124.574,Negara lain,Upper-Middle Income,3.0,World Average,0.52,Cellular basket low-usage 70min+20sms (2018-2024),4.156902173913044,0.12509315308483795
FSM,Micronesia,2018,36.61460114,3420.0,,78.3,,22.34498204,False,False,,,109909.0,0.11,Negara lain,Lower-Middle Income,2.0,World Average,4.19,Cellular basket low-usage 70min+20sms (2018-2024),4.156902173913044,1.007962137356675
MDA,Moldova,2018,72.54239655,3850.0,,100.0,95.91591923,40.32580948,False,False,115.3199993,19.75839732,2707203.0,2.707,Negara lain,Lower-Middle Income,2.0,World Average,2.79,Cellular basket low-usage 70min+20sms (2018-2024),4.156902173913044,0.671172879051342
MCO,Monaco,2018,,,,100.0,,100.0,False,False,,,,,,,,,,,,
MNG,Mongolia,2018,47.13000188,3650.0,,98.1,91.29497252,67.86834448,False,False,133.2838654,9.666553651,3208189.0,3.208,Negara lain,Lower-Middle Income,2.0,World Average,0.75,Cellular basket low-usage 70min+20sms (2018-2024),4.156902173913044,0.1804228169492855
MNE,Montenegro,2018,71.51710049,8250.0,,100.0,91.44426727,65.08540689,False,False,184.2190989,25.82499046,626438.0,0.626,Negara lain,Upper-Middle Income,3.0,World Average,1.66,Cellular basket low-usage 70min+20sms (2018-2024),4.156902173913044,0.39933583484775187
MAR,Morocco,2018,64.80386519,3380.0,,98.1,78.47091959,61.56958228,False,False,124.827524,4.332057469,35839760.0,35.84,Negara lain,Lower-Middle Income,2.0,World Average,0.83,Cellular basket low-usage 70min+20sms (2018-2024),4.156902173913044,0.19966791742387593
MOZ,Mozambique,2018,10.89999962,470.0,,31.1,,32.99025591,False,False,48.50070872,0.2417135687,29018644.0,29.019,Negara lain,Low Income,1.0,World Average,20.62,Cellular basket low-usage 70min+20sms (2018-2024),4.156902173913044,4.96042464732569
MMR,Myanmar,2018,29.37899971,1310.0,,66.1,77.01914978,29.99357405,False,True,116.9721363,0.2468805292,52272247.0,52.272,ASEAN lain,Lower-Middle Income,2.0,World Average,1.47,Cellular basket low-usage 70min+20sms (2018-2024),4.156902173913044,0.3536287212205996
NAM,Namibia,2018,42.8207016,4670.0,,52.3,78.8626899,47.42328144,False,False,107.0602605,2.438650586,2577327.0,2.577,Negara lain,Upper-Middle Income,3.0,World Average,1.95,Cellular basket low-usage 70min+20sms (2018-2024),4.156902173913044,0.46909932406814225
NRU,Naoero,2018,,12740.0,,99.9,,100.0,False,False,,,,,,,,,1.74,Cellular basket low-usage 70min+20sms (2018-2024),4.156902173913044,0.41858093532234236
NPL,Nepal,2018,28.60000038,1120.0,,93.9,,65.81042292,False,False,139.5259435,2.820405169,28079689.0,28.08,Negara lain,Low Income,1.0,World Average,2.37,Cellular basket low-usage 70min+20sms (2018-2024),4.156902173913044,0.5701361015597421
NLD,Netherlands,2018,91.89189189,51290.0,,100.0,114.5003204,92.60624724,False,False,121.1621649,42.51524572,17231624.0,17.232,Negara lain,High Income,4.0,World Average,0.4,Cellular basket low-usage 70min+20sms (2018-2024),4.156902173913044,0.09622550237295227
NCL,New Caledonia,2018,,,,100.0,,67.05888098,False,False,,,,,,,,,,,,
NZL,New Zealand,2018,89.0,41570.0,,100.0,112.4110794,83.80178467,False,False,128.936896,33.61939273,4900600.0,4.901,Negara lain,High Income,4.0,World Average,0.47,Cellular basket low-usage 70min+20sms (2018-2024),4.156902173913044,0.1130649652882189
NIC,Nicaragua,2018,33.9129982,1990.0,,85.2,,58.36838587,False,False,116.272406,3.006415545,6400080.0,6.4,Negara lain,Lower-Middle Income,2.0,World Average,17.76,Cellular basket low-usage 70min+20sms (2018-2024),4.156902173913044,4.272412305359081
NER,Niger,2018,10.74180031,580.0,,17.6,,16.64490118,False,False,,,22188069.0,22.188,Negara lain,Low Income,1.0,World Average,48.59,Cellular basket low-usage 70min+20sms (2018-2024),4.156902173913044,11.688992900754377
NGA,Nigeria,2018,27.74370003,1950.0,,56.5,40.48852921,58.15533475,False,False,84.28401109,0.03609127029,204938755.0,204.939,Negara lain,Lower-Middle Income,2.0,World Average,3.94,Cellular basket low-usage 70min+20sms (2018-2024),4.156902173913044,0.9478211983735798
MKD,North Macedonia,2018,79.16775519,6050.0,,99.8,83.35339355,60.1580316,False,False,102.5722915,22.29294983,1889051.0,1.889,Negara lain,Upper-Middle Income,3.0,World Average,1.53,Cellular basket low-usage 70min+20sms (2018-2024),4.156902173913044,0.3680625465765424
MNP,Northern Mariana Islands,2018,,,,100.0,,91.54445062,False,False,,,,,,,,,,,,
NOR,Norway,2018,96.49165799,81200.0,,100.0,117.7147064,82.24521124,False,False,107.7025433,41.52793655,5311916.0,5.312,Negara lain,High Income,4.0,World Average,0.15,Cellular basket low-usage 70min+20sms (2018-2024),4.156902173913044,0.0360845633898571
OMN,Oman,2018,85.5,17250.0,,100.0,103.9515819,78.96558397,False,False,139.9674164,9.171272567,4597877.0,4.598,Negara lain,High Income,4.0,World Average,0.76,Cellular basket low-usage 70min+20sms (2018-2024),4.156902173913044,0.1828284545086093
PAK,Pakistan,2018,15.34000015,1560.0,,93.4,37.14660633,36.74785116,False,False,67.8567659,0.9528707345,226928892.0,226.929,Negara lain,Lower-Middle Income,2.0,World Average,1.17,Cellular basket low-usage 70min+20sms (2018-2024),4.156902173913044,0.28145959444088536
PLW,Palau,2018,,16040.0,,100.0,,79.55208686,False,False,,,,,,,,,,,,
PAN,Panama,2018,61.80553132,14910.0,,93.8,,65.70992851,False,False,137.297558,12.96156781,4167860.0,4.168,Negara lain,High Income,4.0,World Average,0.7,Cellular basket low-usage 70min+20sms (2018-2024),4.156902173913044,0.16839462915266645
PNG,Papua New Guinea,2018,12.35789967,2310.0,,16.6,44.55011212,13.71257205,False,False,45.77139869,,9394513.0,9.395,Negara lain,Lower-Middle Income,2.0,World Average,8.21,Cellular basket low-usage 70min+20sms (2018-2024),4.156902173913044,1.9750284362048454
PRY,Paraguay,2018,64.99354302,6060.0,,99.6,,63.92489882,False,False,115.7499585,4.989589852,6427382.0,6.427,Negara lain,Upper-Middle Income,3.0,World Average,3.05,Cellular basket low-usage 70min+20sms (2018-2024),4.156902173913044,0.733719455593761
PER,Peru,2018,55.05433424,6500.0,,95.2,99.85800934,82.685493,False,False,132.1566267,8.095108394,31897584.0,31.898,Negara lain,Upper-Middle Income,3.0,World Average,2.03,Cellular basket low-usage 70min+20sms (2018-2024),4.156902173913044,0.4883444245427327
PHL,Philippines,2018,44.09999847,3610.0,,94.2,79.36224698,53.20888975,False,True,122.9604569,3.46090446,109465287.0,109.465,ASEAN lain,Lower-Middle Income,2.0,World Average,2.96,Cellular basket low-usage 70min+20sms (2018-2024),4.156902173913044,0.7120687175598467
POL,Poland,2018,77.54173454,14310.0,,100.0,110.5419388,60.05333065,False,False,126.2661917,20.53138627,37974750.0,37.975,Negara lain,High Income,4.0,World Average,0.79,Cellular basket low-usage 70min+20sms (2018-2024),4.156902173913044,0.19004536718658072
PRT,Portugal,2018,74.66096815,22040.0,,100.0,118.2883377,61.12330697,False,False,114.8585235,36.65428194,10283822.0,10.284,Negara lain,High Income,4.0,World Average,0.59,Cellular basket low-usage 70min+20sms (2018-2024),4.156902173913044,0.1419326160001046
PRI,Puerto Rico,2018,70.85639974,20380.0,,100.0,88.87747955,93.89869611,False,False,101.2224063,18.51107637,3290690.0,3.291,Negara lain,High Income,4.0,World Average,1.9,Cellular basket low-usage 70min+20sms (2018-2024),4.156902173913044,0.45707113627152324
QAT,Qatar,2018,99.65284913,63410.0,,100.0,102.1549014,99.07556848,False,False,142.9110853,9.702724452,2580734.0,2.581,Negara lain,High Income,4.0,World Average,0.25,Cellular basket low-usage 70min+20sms (2018-2024),4.156902173913044,0.060140938983095166
ROU,Romania,2018,70.68127793,11490.0,,99.8,86.55771637,53.14457116,False,False,115.492131,25.97021758,19473970.0,19.474,Negara lain,Upper-Middle Income,3.0,World Average,1.01,Cellular basket low-usage 70min+20sms (2018-2024),4.156902173913044,0.24296939349170446
RUS,Russian Federation,2018,80.86472187,10180.0,,100.0,99.18310465,74.54429261,False,False,156.682906,21.89629723,145398106.0,145.398,Negara lain,Upper-Middle Income,3.0,World Average,0.31,Cellular basket low-usage 70min+20sms (2018-2024),4.156902173913044,0.07457476433903801
RWA,Rwanda,2018,19.16659927,760.0,,38.0,41.17969406,21.54184446,False,False,77.67946915,0.06006568228,12487996.0,12.488,Negara lain,Low Income,1.0,World Average,4.46,Cellular basket low-usage 70min+20sms (2018-2024),4.156902173913044,1.0729143514584176
KNA,Saint Kitts and Nevis,2018,68.60479736,21930.0,,100.0,116.9235512,31.360723,False,False,152.3017359,34.84726004,47008.0,0.047,Negara lain,High Income,4.0,World Average,1.59,Cellular basket low-usage 70min+20sms (2018-2024),4.156902173913044,0.38249637193248526
LCA,Saint Lucia,2018,60.11259842,11060.0,,100.0,88.71501923,22.92612411,False,False,104.478101,18.22706294,177017.0,0.177,Negara lain,Upper-Middle Income,3.0,World Average,2.91,Cellular basket low-usage 70min+20sms (2018-2024),4.156902173913044,0.7000405297632277
VCT,Saint Vincent and the Grenadines,2018,56.0,8370.0,,100.0,,47.06746894,False,False,107.1640966,23.45748432,104926.0,0.105,Negara lain,Upper-Middle Income,3.0,World Average,4.25,Cellular basket low-usage 70min+20sms (2018-2024),4.156902173913044,1.0223959627126178
WSM,Samoa,2018,,4100.0,,99.8,,18.72412679,False,False,,,,,,,,,1.75,Cellular basket low-usage 70min+20sms (2018-2024),4.156902173913044,0.42098657288166613
SMR,San Marino,2018,,41800.0,,100.0,60.32846715,97.09999847,False,False,,,,,,,,,,,,
STP,Sao Tome and Principe,2018,37.99380112,1660.0,,71.0,,67.78288269,False,False,77.36444214,0.7407689343,210187.0,0.21,Negara lain,Lower-Middle Income,2.0,World Average,6.04,Cellular basket low-usage 70min+20sms (2018-2024),4.156902173913044,1.4530050858315793
SAU,Saudi Arabia,2018,93.31000185,26570.0,,99.9,106.3762116,83.47084259,False,False,136.0461696,22.46614792,30196281.0,30.196,Negara lain,High Income,4.0,World Average,0.65,Cellular basket low-usage 70min+20sms (2018-2024),4.156902173913044,0.15636644135604744
SEN,Senegal,2018,35.29999924,1390.0,,66.0,,48.90016923,False,False,104.0556981,0.8157341815,15914498.0,15.914,Negara lain,Lower-Middle Income,2.0,World Average,11.19,Cellular basket low-usage 70min+20sms (2018-2024),4.156902173913044,2.6919084288833393
SRB,Serbia,2018,73.36070915,6700.0,,100.0,95.08724213,60.8433609,False,False,121.0748239,22.28909538,6982604.0,6.983,Negara lain,Upper-Middle Income,3.0,World Average,1.31,Cellular basket low-usage 70min+20sms (2018-2024),4.156902173913044,0.3151385202714187
SYC,Seychelles,2018,69.23660278,17620.0,,100.0,108.2740601,43.7386669,False,False,155.5511127,17.11491655,96762.0,0.097,Negara lain,High Income,4.0,World Average,0.96,Cellular basket low-usage 70min+20sms (2018-2024),4.156902173913044,0.23094120569508542
SLE,Sierra Leone,2018,14.42230034,830.0,,26.1,43.11927032,42.20110253,False,False,84.12334373,,7554563.0,7.555,Negara lain,Low Income,1.0,World Average,14.78,Cellular basket low-usage 70min+20sms (2018-2024),4.156902173913044,3.555532312680586
SGP,Singapore,2018,88.16563603,56440.0,,100.0,105.7452509,100.0,False,True,152.073817,26.50873594,5638676.0,5.639,ASEAN lain,High Income,4.0,World Average,0.3,Cellular basket low-usage 70min+20sms (2018-2024),4.156902173913044,0.0721691267797142
SXM,Sint Maarten (Dutch part),2018,,31140.0,,100.0,,100.0,False,False,,,,,,,,,,,,
SVK,Slovak Republic,2018,80.44892248,18460.0,,100.0,91.78153992,53.48814969,False,False,133.0404804,27.69538392,5446771.0,5.447,Negara lain,High Income,4.0,World Average,0.74,Cellular basket low-usage 70min+20sms (2018-2024),4.156902173913044,0.17801717938996167
SVN,Slovenia,2018,79.7499766,24510.0,,100.0,113.5561676,55.1913431,False,False,119.1534013,29.60863134,2073894.0,2.074,Negara lain,High Income,4.0,World Average,0.92,Cellular basket low-usage 70min+20sms (2018-2024),4.156902173913044,0.22131865545779023
SLB,Solomon Islands,2018,20.8593998,2150.0,,65.8,,26.29468267,False,False,67.97748135,0.2098431676,709101.0,0.709,Negara lain,Lower-Middle Income,2.0,World Average,6.87,Cellular basket low-usage 70min+20sms (2018-2024),4.156902173913044,1.652673003255455
SOM,Somalia,2018,,510.0,,50.7,,50.95062153,False,False,,,,,,,,,,,,
ZAF,South Africa,2018,62.40000153,6250.0,,84.7,101.3996129,63.37715452,False,False,157.6919052,1.88868166,58613001.0,58.613,Negara lain,Upper-Middle Income,3.0,World Average,1.53,Cellular basket low-usage 70min+20sms (2018-2024),4.156902173913044,0.3680625465765424
SSD,South Sudan,2018,4.800000191,,,6.3,,19.62541439,False,False,,,,,,,,,,,,
ESP,Spain,2018,86.10723553,29530.0,,100.0,120.1090775,79.55800578,False,False,115.0090669,32.22774444,46782011.0,46.782,Negara lain,High Income,4.0,World Average,0.57,Cellular basket low-usage 70min+20sms (2018-2024),4.156902173913044,0.13712134088145697
LKA,Sri Lanka,2018,28.33620071,4350.0,,99.6,95.91073317,19.32410834,False,False,136.0842287,6.939760082,21670000.0,21.67,Negara lain,Lower-Middle Income,2.0,World Average,0.27,Cellular basket low-usage 70min+20sms (2018-2024),4.156902173913044,0.06495221410174278
MAF,St. Martin (French part),2018,,,,100.0,,100.0,False,False,,,,,,,,,,,,
PSE,State of Palestine,2018,64.39999371,4190.0,,100.0,89.6454662,85.53511311,False,False,90.20552543,7.506011637,4569087.0,4.569,Negara lain,Lower-Middle Income,2.0,World Average,3.81,Cellular basket low-usage 70min+20sms (2018-2024),4.156902173913044,0.9165479101023704
SDN,Sudan,2018,,810.0,,55.3,42.13669968,34.38205422,False,False,,,,,,,,,0.38,Cellular basket low-usage 70min+20sms (2018-2024),4.156902173913044,0.09141422725430465
SUR,Suriname,2018,55.10210037,5730.0,,97.4,74.74597931,66.06930604,False,False,125.4801814,12.20590713,599513.0,0.6,Negara lain,Upper-Middle Income,3.0,World Average,3.22,Cellular basket low-usage 70min+20sms (2018-2024),4.156902173913044,0.7746152941022658
SWE,Sweden,2018,89.24696316,54930.0,,100.0,140.8217468,87.47374309,False,False,124.0862845,38.74133757,10175214.0,10.175,Negara lain,High Income,4.0,World Average,0.58,Cellular basket low-usage 70min+20sms (2018-2024),4.156902173913044,0.13952697844078077
CHE,Switzerland,2018,91.80000305,84760.0,,100.0,104.1880264,79.29222016,False,False,126.6811439,45.604992,8514329.0,8.514,Negara lain,High Income,4.0,World Average,0.56,Cellular basket low-usage 70min+20sms (2018-2024),4.156902173913044,0.13471570332213317
SYR,Syrian Arab Republic,2018,33.77000046,810.0,,86.0,,74.06126024,False,False,87.49520695,6.786691794,19577845.0,19.578,Negara lain,Low Income,1.0,World Average,,,,
TJK,Tajikistan,2018,32.59999847,1000.0,,99.3,,26.23387527,False,False,107.4421642,,9307333.0,9.307,Negara lain,Low Income,1.0,World Average,1.95,Cellular basket low-usage 70min+20sms (2018-2024),4.156902173913044,0.46909932406814225
TZA,Tanzania,2018,15.49069977,1010.0,,34.9,28.59338974,32.8287423,False,False,75.73019341,1.49944,57437145.0,57.437,Negara lain,Low Income,1.0,World Average,5.2,Cellular basket low-usage 70min+20sms (2018-2024),4.156902173913044,1.2509315308483795
THA,Thailand,2018,56.81748093,6430.0,,99.8,80.60453051,54.58437347,False,True,175.2660019,12.87406107,71376079.0,71.376,ASEAN lain,Upper-Middle Income,3.0,World Average,0.63,Cellular basket low-usage 70min+20sms (2018-2024),4.156902173913044,0.1515551662373998
TLS,Timor-Leste,2018,27.60000038,1790.0,,85.2,83.0952419,29.24861751,False,True,115.0893563,0.005486069693,1275959.0,1.276,ASEAN lain,Lower-Middle Income,2.0,World Average,7.3,Cellular basket low-usage 70min+20sms (2018-2024),4.156902173913044,1.7561154183063787
TGO,Togo,2018,15.5,920.0,,50.0,,41.01332827,False,False,74.39971143,0.3167054496,7458206.0,7.458,Negara lain,Low Income,1.0,World Average,16.46,Cellular basket low-usage 70min+20sms (2018-2024),4.156902173913044,3.959679422646986
TON,Tonga,2018,48.80789948,4650.0,,99.0,,22.70171389,False,False,102.245967,2.386162342,105567.0,0.106,Negara lain,Upper-Middle Income,3.0,World Average,2.5,Cellular basket low-usage 70min+20sms (2018-2024),4.156902173913044,0.6014093898309516
TTO,Trinidad and Tobago,2018,72.76029968,16800.0,,100.0,,53.93145189,False,False,134.1428667,23.27071141,1359193.0,1.359,Negara lain,High Income,4.0,World Average,1.09,Cellular basket low-usage 70min+20sms (2018-2024),4.156902173913044,0.2622144939662949
TUN,Tunisia,2018,64.19081023,3700.0,,99.8,,68.54852403,False,False,125.5329261,8.618501495,11765514.0,11.766,Negara lain,Lower-Middle Income,2.0,World Average,0.49,Cellular basket low-usage 70min+20sms (2018-2024),4.156902173913044,0.11787624040686652
TUR,Turkiye,2018,71.04276084,10760.0,,100.0,112.1154099,88.16557496,False,False,94.90858181,15.88233383,81407204.0,81.407,Negara lain,Upper-Middle Income,3.0,World Average,0.69,Cellular basket low-usage 70min+20sms (2018-2024),4.156902173913044,0.16598899159334263
TKM,Turkmenistan,2018,,4690.0,,100.0,,47.04239487,False,False,,,,,,,,,1.53,Cellular basket low-usage 70min+20sms (2018-2024),4.156902173913044,0.3680625465765424
TCA,Turks & Caicos Is.,2018,,36690.0,,100.0,95.50515464,92.68025966,False,False,,,,,,,,,,,,
TUV,Tuvalu,2018,,6230.0,,99.0,78.74186707,60.55964096,False,False,,,,,,,,,,,,
UGA,Uganda,2018,9.326299667,770.0,,41.9,,27.1280475,False,False,58.87536087,,41565831.0,41.566,Negara lain,Low Income,1.0,World Average,8.05,Cellular basket low-usage 70min+20sms (2018-2024),4.156902173913044,1.9365382352556644
UKR,Ukraine,2018,62.55315539,2720.0,,100.0,85.83318768,69.31579928,False,False,127.753861,12.80325605,45208907.0,45.209,Negara lain,Lower-Middle Income,2.0,World Average,1.28,Cellular basket low-usage 70min+20sms (2018-2024),4.156902173913044,0.3079216075934472
ARE,United Arab Emirates,2018,98.45000178,44570.0,,100.0,102.1844482,84.86018058,False,False,214.8421343,32.35912129,9346701.0,9.347,Negara lain,High Income,4.0,World Average,0.11,Cellular basket low-usage 70min+20sms (2018-2024),4.156902173913044,0.026462013152561872
GBR,United Kingdom,2018,90.69200899,42540.0,,100.0,120.0882797,82.44656576,False,False,118.1843819,39.82939958,66287000.0,66.287,Negara lain,High Income,4.0,World Average,0.54,Cellular basket low-usage 70min+20sms (2018-2024),4.156902173913044,0.12990442820348555
USA,United States,2018,88.49890317,63040.0,,100.0,99.27558136,80.2804568,False,False,103.9353074,33.05591773,328529577.0,328.53,Negara lain,High Income,4.0,World Average,0.62,Cellular basket low-usage 70min+20sms (2018-2024),4.156902173913044,0.14914952867807602
URY,Uruguay,2018,80.72684288,17700.0,,99.8,117.7690582,95.29425812,False,False,131.3633329,28.79305377,3394534.0,3.395,Negara lain,High Income,4.0,World Average,1.36,Cellular basket low-usage 70min+20sms (2018-2024),4.156902173913044,0.3271667080680377
UZB,Uzbekistan,2018,55.20000067,2490.0,,100.0,94.94650965,50.58149719,False,False,71.74436862,12.73729833,32373490.0,32.373,Negara lain,Lower-Middle Income,2.0,World Average,0.66,Cellular basket low-usage 70min+20sms (2018-2024),4.156902173913044,0.15877207891537123
VUT,Vanuatu,2018,,3910.0,,61.6,,24.2729727,False,False,,,,,,,,,7.92,Cellular basket low-usage 70min+20sms (2018-2024),4.156902173913044,1.9052649469844547
VEN,Venezuela,2018,,2800.0,,99.9,,89.06596369,False,False,,,,,,,,,,,,
VNM,Viet Nam,2018,69.84792868,3020.0,,100.0,92.83777108,33.94102278,False,True,146.1378408,13.50250728,96237319.0,96.237,ASEAN lain,Lower-Middle Income,2.0,World Average,2.66,Cellular basket low-usage 70min+20sms (2018-2024),4.156902173913044,0.6398995907801326
VIR,Virgin Islands (U.S.),2018,,,,100.0,,95.06767845,False,False,,,,,,,,,,,,
YEM,Yemen,2018,,740.0,,62.0,,34.21060458,False,False,,,,,,,,,6.4,Cellular basket low-usage 70min+20sms (2018-2024),4.156902173913044,1.5396080379672363
ZMB,Zambia,2018,14.2999971,1390.0,,40.2,,43.11147352,False,False,86.0723321,0.4018567487,17973569.0,17.974,Negara lain,Lower-Middle Income,2.0,World Average,5.62,Cellular basket low-usage 70min+20sms (2018-2024),4.156902173913044,1.3519683083399794
ZWE,Zimbabwe,2018,25.0,2140.0,,45.4,,35.40855388,False,False,85.86273713,1.350604598,15034452.0,15.034,Negara lain,Lower-Middle Income,2.0,World Average,8.22,Cellular basket low-usage 70min+20sms (2018-2024),4.156902173913044,1.9774340737641691
AFG,Afghanistan,2019,17.60000038,520.0,,97.7,,25.14372588,False,False,59.64708059,0.05199423364,37856121.0,37.856,Negara lain,Low Income,1.0,World Average,7.06,Cellular basket low-usage 70min+20sms (2018-2024),4.251956521739131,1.6604120865074898
ALB,Albania,2019,68.55039112,5900.0,,100.0,99.01515357,56.76390713,False,False,91.16349683,15.11925435,2567801.0,2.568,Negara lain,Upper-Middle Income,3.0,World Average,1.83,Cellular basket low-usage 70min+20sms (2018-2024),4.251956521739131,0.4303901017434429
DZA,Algeria,2019,55.79069901,4480.0,,99.5,,72.48245614,False,False,104.922068,8.275266358,43294546.0,43.295,Negara lain,Upper-Middle Income,3.0,World Average,1.67,Cellular basket low-usage 70min+20sms (2018-2024),4.251956521739131,0.392760366071885
ASM,American Samoa,2019,,,,,,83.05421718,False,False,,,,,,,,,,,,
AND,Andorra,2019,90.71869659,46450.0,,100.0,96.20812988,88.53917937,False,False,114.9527944,47.54295578,76474.0,0.076,Negara lain,High Income,4.0,World Average,,,,
AGO,Angola,2019,32.12939835,2460.0,,45.6,,66.66378232,False,False,45.80653128,0.3677704268,32375632.0,32.376,Negara lain,Lower-Middle Income,2.0,World Average,3.47,Cellular basket low-usage 70min+20sms (2018-2024),4.251956521739131,0.8160948923769108
ATG,Antigua and Barbuda,2019,71.09259796,18250.0,,100.0,,24.70833752,False,False,201.3922333,8.756184055,91364.0,0.091,Negara lain,High Income,4.0,World Average,2.0,Cellular basket low-usage 70min+20sms (2018-2024),4.251956521739131,0.4703716958944731
ARG,Argentina,2019,79.94695203,11210.0,,100.0,110.4601517,91.85678445,False,False,125.3026579,19.55193134,44973465.0,44.973,Negara lain,Upper-Middle Income,3.0,World Average,3.92,Cellular basket low-usage 70min+20sms (2018-2024),4.251956521739131,0.9219285239531673
ARM,Armenia,2019,66.54394969,4650.0,,100.0,86.8260633,65.00470336,False,False,124.6137015,13.28194624,2962500.0,2.962,Negara lain,Upper-Middle Income,3.0,World Average,0.76,Cellular basket low-usage 70min+20sms (2018-2024),4.251956521739131,0.17874124443989978
ABW,Aruba,2019,,29320.0,,100.0,139.3205872,62.28827629,False,False,,,,,,,,,1.35,Cellular basket low-usage 70min+20sms (2018-2024),4.251956521739131,0.31750089472876936
AUS,Australia,2019,93.60990143,55090.0,,100.0,144.0565643,87.30196479,False,False,109.7528309,34.54341637,25334826.0,25.335,Negara lain,High Income,4.0,World Average,0.83,Cellular basket low-usage 70min+20sms (2018-2024),4.251956521739131,0.19520425379620632
AUT,Austria,2019,87.75220479,50900.0,,100.0,101.5436325,68.31760448,False,False,120.7763739,28.363193,8879920.0,8.88,Negara lain,High Income,4.0,World Average,0.1,Cellular basket low-usage 70min+20sms (2018-2024),4.251956521739131,0.023518584794723657
AZE,Azerbaijan,2019,81.09999907,4510.0,,100.0,107.8639605,58.1308192,False,False,106.3283377,19.21782112,10024283.0,10.024,Negara lain,Upper-Middle Income,3.0,World Average,0.99,Cellular basket low-usage 70min+20sms (2018-2024),4.251956521739131,0.23283398946776418
BHS,Bahamas,2019,90.69329834,31630.0,,100.0,78.56673438,81.82574633,False,False,107.8119972,20.85133338,394675.0,0.395,Negara lain,High Income,4.0,World Average,0.8,Cellular basket low-usage 70min+20sms (2018-2024),4.251956521739131,0.18814867835778926
BHR,Bahrain,2019,99.70150438,25800.0,,100.0,102.1282819,100.0,False,False,129.1427437,9.490129033,1483756.0,1.484,Negara lain,High Income,4.0,World Average,0.26,Cellular basket low-usage 70min+20sms (2018-2024),4.251956521739131,0.061148320466281506
BGD,Bangladesh,2019,30.38310051,2220.0,,92.2,65.11854135,30.82283963,False,False,100.3995712,4.902886554,164913055.0,164.913,Negara lain,Lower-Middle Income,2.0,World Average,1.06,Cellular basket low-usage 70min+20sms (2018-2024),4.251956521739131,0.24929699882407075
BRB,Barbados,2019,70.30709839,20800.0,,100.0,106.0863266,59.28411406,False,False,117.111594,37.98020675,281207.0,0.281,Negara lain,High Income,4.0,World Average,2.1,Cellular basket low-usage 70min+20sms (2018-2024),4.251956521739131,0.49389028068919677
BLR,Belarus,2019,82.78915209,6370.0,,100.0,100.4387442,77.45507719,False,False,123.229811,34.07235015,9419758.0,9.42,Negara lain,Upper-Middle Income,3.0,World Average,0.88,Cellular basket low-usage 70min+20sms (2018-2024),4.251956521739131,0.20696354619356816
BEL,Belgium,2019,90.27542801,48070.0,,100.0,156.635376,87.09616312,False,False,100.1649607,39.95178501,11488980.0,11.489,Negara lain,High Income,4.0,World Average,0.31,Cellular basket low-usage 70min+20sms (2018-2024),4.251956521739131,0.07290761286364333
BLZ,Belize,2019,58.76520157,5850.0,,92.7,87.45265967,42.90776222,False,False,66.07046127,7.671792426,385829.0,0.386,Negara lain,Upper-Middle Income,3.0,World Average,5.52,Cellular basket low-usage 70min+20sms (2018-2024),4.251956521739131,1.2982258806687457
BEN,Benin,2019,20.50099945,1170.0,,40.0,,48.71255006,False,False,81.32353455,0.1998545584,12726755.0,12.727,Negara lain,Lower-Middle Income,2.0,World Average,10.68,Cellular basket low-usage 70min+20sms (2018-2024),4.251956521739131,2.511784856076486
BMU,Bermuda,2019,,116920.0,,100.0,,100.0,False,False,,,,,,,,,,,,
BTN,Bhutan,2019,74.17939758,3370.0,,100.0,90.61855755,39.07468234,False,False,95.34729559,1.147192034,764824.0,0.765,Negara lain,Lower-Middle Income,2.0,World Average,0.72,Cellular basket low-usage 70min+20sms (2018-2024),4.251956521739131,0.1693338105220103
BOL,Bolivia,2019,47.47481911,4170.0,,95.1,88.82350466,69.73349867,False,False,100.1494595,6.399171444,11671386.0,11.671,Negara lain,Lower-Middle Income,2.0,World Average,3.34,Cellular basket low-usage 70min+20sms (2018-2024),4.251956521739131,0.78552073214377
BIH,Bosnia and Herzegovina,2019,69.94634763,6180.0,,100.0,85.54013062,49.465044,False,False,112.2547887,22.29501248,3345533.0,3.346,Negara lain,Upper-Middle Income,3.0,World Average,2.53,Cellular basket low-usage 70min+20sms (2018-2024),4.251956521739131,0.5950201953065084
BWA,Botswana,2019,48.82279968,7100.0,,70.1,,66.32716948,False,False,160.6615202,2.103012629,2332083.0,2.332,Negara lain,Upper-Middle Income,3.0,World Average,1.05,Cellular basket low-usage 70min+20sms (2018-2024),4.251956521739131,0.24694514034459839
BRA,Brazil,2019,73.91243991,9410.0,,99.8,103.6675568,86.67979911,False,False,97.37473768,15.86219912,207455459.0,207.455,Negara lain,Upper-Middle Income,3.0,World Average,1.8,Cellular basket low-usage 70min+20sms (2018-2024),4.251956521739131,0.42333452630502577
VGB,British Virgin Islands,2019,,,,100.0,71.86340015,52.39078714,False,False,,,,,,,,,,,,
BRN,Brunei Darussalam,2019,95.0,31550.0,,100.0,88.29103088,74.79233118,False,True,129.8452607,12.24247764,442680.0,0.443,ASEAN lain,High Income,4.0,World Average,0.33,Cellular basket low-usage 70min+20sms (2018-2024),4.251956521739131,0.07761132982258806
BGR,Bulgaria,2019,67.94698094,9920.0,,99.2,102.6569366,73.7162323,False,False,116.6169759,28.88367793,6616726.0,6.617,Negara lain,Upper-Middle Income,3.0,World Average,2.04,Cellular basket low-usage 70min+20sms (2018-2024),4.251956521739131,0.47977912981236254
BFA,Burkina Faso,2019,9.27180601,750.0,,17.6,40.07704603,26.11872544,False,False,97.14986467,0.05731813526,20961952.0,20.962,Negara lain,Low Income,1.0,World Average,21.11,Cellular basket low-usage 70min+20sms (2018-2024),4.251956521739131,4.964773250166163
BDI,Burundi,2019,6.072199821,250.0,,9.8,41.83524175,18.78617815,False,False,53.2995505,0.03174943551,12255336.0,12.255,Negara lain,Low Income,1.0,World Average,32.04,Cellular basket low-usage 70min+20sms (2018-2024),4.251956521739131,7.535354568229459
CPV,Cabo Verde,2019,61.94339776,4420.0,,91.4,95.29022856,71.62542851,False,False,115.8678011,3.939280768,514104.0,0.514,Negara lain,Lower-Middle Income,2.0,World Average,7.78,Cellular basket low-usage 70min+20sms (2018-2024),4.251956521739131,1.8297458970295004
KHM,Cambodia,2019,52.30587822,2100.0,,84.0,49.73445189,39.58302413,False,True,129.9574415,1.118716092,16481304.0,16.481,ASEAN lain,Lower-Middle Income,2.0,World Average,5.52,Cellular basket low-usage 70min+20sms (2018-2024),4.251956521739131,1.2982258806687457
CMR,Cameroon,2019,36.53919983,1560.0,,63.2,,53.94879141,False,False,83.90440011,1.571894875,25506095.0,25.506,Negara lain,Lower-Middle Income,2.0,World Average,8.67,Cellular basket low-usage 70min+20sms (2018-2024),4.251956521739131,2.039061301702541
CAN,Canada,2019,91.91290283,46580.0,,100.0,110.980072,81.7363672,False,False,90.958921,40.07675687,37618495.0,37.618,Negara lain,High Income,4.0,World Average,0.58,Cellular basket low-usage 70min+20sms (2018-2024),4.251956521739131,0.1364077918093972
CYM,Cayman Islands,2019,,64520.0,,100.0,88.12251282,100.0,False,False,,,,,,,,,,,,
CAF,Central African Rep.,2019,7.509200096,500.0,,14.3,,41.78004304,False,False,32.26268595,0.01009160712,4944703.0,4.945,Negara lain,Low Income,1.0,World Average,28.5,Cellular basket low-usage 70min+20sms (2018-2024),4.251956521739131,6.7027966664962415
TCD,Chad,2019,7.618199825,930.0,,8.4,20.19287747,24.27310474,False,False,45.93788767,0.0004075462462,16685223.0,16.685,Negara lain,Low Income,1.0,World Average,31.56,Cellular basket low-usage 70min+20sms (2018-2024),4.251956521739131,7.422465361214785
CHI,Channel Islands,2019,,,,100.0,,32.8235411,False,False,,,,,,,,,,,,
CHL,Chile,2019,85.01760101,14700.0,,100.0,104.4057693,88.12736856,False,False,130.4927704,17.8649533,19197744.0,19.198,Negara lain,High Income,4.0,World Average,1.25,Cellular basket low-usage 70min+20sms (2018-2024),4.251956521739131,0.29398230993404567
CHN,China,2019,64.0808813,10510.0,,100.0,,62.70991516,False,False,122.6703919,31.56112224,1407745000.0,1407.745,Negara lain,Upper-Middle Income,3.0,World Average,0.38,Cellular basket low-usage 70min+20sms (2018-2024),4.251956521739131,0.08937062221994989
COL,Colombia,2019,65.00690072,6630.0,,99.4,101.9893494,77.45955285,False,False,132.8107616,13.92533079,49907985.0,49.908,Negara lain,Upper-Middle Income,3.0,World Average,1.38,Cellular basket low-usage 70min+20sms (2018-2024),4.251956521739131,0.3245564701671864
COM,Comoros,2019,16.38380051,1530.0,,83.3,,31.72875841,False,False,73.12917473,0.1624759401,786578.0,0.787,Negara lain,Lower-Middle Income,2.0,World Average,10.73,Cellular basket low-usage 70min+20sms (2018-2024),4.251956521739131,2.523544148473848
COG,Congo (Rep. of the),2019,16.11639977,2180.0,,47.7,,63.51763761,False,False,91.06542125,,5616661.0,5.617,Negara lain,Lower-Middle Income,2.0,World Average,,,,
COD,"Congo, Dem. Rep.",2019,13.02970028,460.0,,19.1,,42.87470909,False,False,39.93999964,0.01280293437,92947442.0,92.947,Negara lain,Low Income,1.0,World Average,18.39,Cellular basket low-usage 70min+20sms (2018-2024),4.251956521739131,4.32506774374968
CRI,Costa Rica,2019,81.20259644,12310.0,,99.7,132.8493347,77.04358647,False,False,144.5140796,18.09629781,4999553.0,5.0,Negara lain,Upper-Middle Income,3.0,World Average,0.52,Cellular basket low-usage 70min+20sms (2018-2024),4.251956521739131,0.12229664093256301
CIV,Cote d'Ivoire,2019,36.28895457,2120.0,,68.6,53.79193062,51.35147998,False,False,132.5740115,0.7687118463,28193009.0,28.193,Negara lain,Lower-Middle Income,2.0,World Average,10.93,Cellular basket low-usage 70min+20sms (2018-2024),4.251956521739131,2.5705813180632955
HRV,Croatia,2019,79.07978368,15770.0,,100.0,105.1359787,56.30324796,False,False,110.4938021,28.96829518,3949390.0,3.949,Negara lain,High Income,4.0,World Average,2.06,Cellular basket low-usage 70min+20sms (2018-2024),4.251956521739131,0.4844828467713073
CUB,Cuba,2019,67.97080866,9010.0,,99.8,100.4678099,77.07282257,False,False,53.93833853,1.631121235,11202846.0,11.203,Negara lain,Upper-Middle Income,3.0,World Average,,,,
CUW,Curacao,2019,,19140.0,,100.0,,91.37149182,False,False,,,,,,,,,2.18,Cellular basket low-usage 70min+20sms (2018-2024),4.251956521739131,0.5127051485249757
CYP,Cyprus,2019,86.06362996,28380.0,,100.0,101.0174713,66.76773571,False,False,137.7605275,36.18849734,1286671.0,1.287,Negara lain,High Income,4.0,World Average,0.59,Cellular basket low-usage 70min+20sms (2018-2024),4.251956521739131,0.13875965028886955
CZE,Czech Republic,2019,80.86694441,22440.0,,100.0,100.2155685,72.78764267,False,False,124.1261502,35.43020642,10671870.0,10.672,Negara lain,High Income,4.0,World Average,1.44,Cellular basket low-usage 70min+20sms (2018-2024),4.251956521739131,0.3386676210440206
DNK,Denmark,2019,98.04643475,63020.0,,100.0,129.3111267,88.20964908,False,False,124.5733598,43.62295167,5814422.0,5.814,Negara lain,High Income,4.0,World Average,0.53,Cellular basket low-usage 70min+20sms (2018-2024),4.251956521739131,0.12464849941203537
DJI,Djibouti,2019,58.4762001,2780.0,,64.7,,71.74181466,False,False,38.01438217,2.24265621,1088709.0,1.089,Negara lain,Lower-Middle Income,2.0,World Average,9.29,Cellular basket low-usage 70min+20sms (2018-2024),4.251956521739131,2.1848765274298274
DMA,Dominica,2019,73.38200378,9350.0,,99.9,105.625543,71.43822849,False,False,115.1031232,22.39982322,67880.0,0.068,Negara lain,Upper-Middle Income,3.0,World Average,3.69,Cellular basket low-usage 70min+20sms (2018-2024),4.251956521739131,0.8678357789253028
DOM,Dominican Rep.,2019,79.71549988,7940.0,,99.0,81.85623604,73.54034647,False,False,82.13761411,8.535701576,10894043.0,10.894,Negara lain,Upper-Middle Income,3.0,World Average,2.02,Cellular basket low-usage 70min+20sms (2018-2024),4.251956521739131,0.4750754128534178
ECU,Ecuador,2019,59.2,6100.0,,99.1,93.83716371,63.06271397,False,False,91.42491811,12.06721722,17340021.0,17.34,Negara lain,Upper-Middle Income,3.0,World Average,1.78,Cellular basket low-usage 70min+20sms (2018-2024),4.251956521739131,0.41863080934608105
EGY,Egypt,2019,57.2828664,2640.0,,100.0,77.90939788,42.48120273,False,False,88.64478159,7.04130696,107553158.0,107.553,Negara lain,Lower-Middle Income,2.0,World Average,0.43,Cellular basket low-usage 70min+20sms (2018-2024),4.251956521739131,0.10112991461731172
SLV,El Salvador,2019,50.49119407,4130.0,,97.4,64.84865372,72.4148941,False,False,167.0886316,8.438784389,6222318.0,6.222,Negara lain,Lower-Middle Income,2.0,World Average,3.49,Cellular basket low-usage 70min+20sms (2018-2024),4.251956521739131,0.8207986093358556
GNQ,Equatorial Guinea,2019,49.13370132,5570.0,,66.6,,70.11754195,False,False,36.94219235,0.05987389361,1670177.0,1.67,Negara lain,Upper-Middle Income,3.0,World Average,,,,
ERI,Eritrea,2019,11.22379971,,,50.3,,35.23523331,False,False,,,,,,,,,,,,
EST,Estonia,2019,90.2289282,23490.0,,100.0,112.2872009,69.57873977,False,False,147.0469287,33.85081043,1326898.0,1.327,Negara lain,High Income,4.0,World Average,0.34,Cellular basket low-usage 70min+20sms (2018-2024),4.251956521739131,0.07996318830206044
SWZ,Eswatini,2019,43.93389893,3680.0,,77.0,,24.34595495,False,False,91.05192588,2.043692801,1179874.0,1.18,Negara lain,Lower-Middle Income,2.0,World Average,1.62,Cellular basket low-usage 70min+20sms (2018-2024),4.251956521739131,0.38100107367452324
ETH,Ethiopia,2019,15.98460007,790.0,,48.0,,21.24867058,False,False,36.21993077,0.1373799855,115737383.0,115.737,Negara lain,Low Income,1.0,World Average,1.87,Cellular basket low-usage 70min+20sms (2018-2024),4.251956521739131,0.43979753566133234
FRO,Faroe Islands,2019,,66020.0,,100.0,,38.39456558,False,False,,,,,,,,,,,,
FJI,Fiji,2019,63.21789932,5570.0,,96.1,91.87605885,56.70989552,False,False,112.580733,2.344958296,914899.0,0.915,Negara lain,Upper-Middle Income,3.0,World Average,3.03,Cellular basket low-usage 70min+20sms (2018-2024),4.251956521739131,0.7126131192801267
FIN,Finland,2019,89.60738511,49590.0,,100.0,144.613205,72.74312144,False,False,129.487723,32.54397738,5521606.0,5.522,Negara lain,High Income,4.0,World Average,0.42,Cellular basket low-usage 70min+20sms (2018-2024),4.251956521739131,0.09877805613783934
FRA,France,2019,83.33974409,42720.0,,100.0,104.0768967,78.68907845,False,False,109.6007804,45.27650228,67382061.0,67.382,Negara lain,High Income,4.0,World Average,0.28,Cellular basket low-usage 70min+20sms (2018-2024),4.251956521739131,0.06585203742522623
PYF,French Polynesia,2019,,24530.0,,100.0,,61.78241424,False,False,,,,,,,,,,,,
GAB,Gabon,2019,59.51760101,7040.0,,90.3,70.26399664,89.90318502,False,False,131.9752649,1.07496298,2267706.0,2.268,Negara lain,Upper-Middle Income,3.0,World Average,3.71,Cellular basket low-usage 70min+20sms (2018-2024),4.251956521739131,0.8725394958842476
GMB,Gambia,2019,31.11829948,720.0,,62.1,,61.64321085,False,False,105.2046447,0.203513125,2456844.0,2.457,Negara lain,Low Income,1.0,World Average,6.76,Cellular basket low-usage 70min+20sms (2018-2024),4.251956521739131,1.589856332123319
GEO,Georgia,2019,68.84671356,4780.0,,100.0,111.9008539,58.63040918,False,False,141.7554143,24.68060606,3720161.0,3.72,Negara lain,Upper-Middle Income,3.0,World Average,0.84,Cellular basket low-usage 70min+20sms (2018-2024),4.251956521739131,0.19755611227567868
DEU,Germany,2019,88.13451691,50350.0,,100.0,101.1525574,81.30539917,False,False,128.2922981,42.11555747,83092962.0,83.093,Negara lain,High Income,4.0,World Average,1.05,Cellular basket low-usage 70min+20sms (2018-2024),4.251956521739131,0.24694514034459839
GHA,Ghana,2019,22.0732,2170.0,,83.5,71.1877006,55.72462791,False,False,130.7052333,0.1872040147,31258945.0,31.259,Negara lain,Lower-Middle Income,2.0,World Average,3.3,Cellular basket low-usage 70min+20sms (2018-2024),4.251956521739131,0.7761132982258806
GIB,Gibraltar,2019,,,,100.0,100.9831467,100.0,False,False,,,,,,,,,,,,
GRC,Greece,2019,75.67120669,19770.0,,100.0,106.5278397,78.18881005,False,False,110.8550334,38.35656901,10721582.0,10.722,Negara lain,High Income,4.0,World Average,0.62,Cellular basket low-usage 70min+20sms (2018-2024),4.251956521739131,0.14581522572728667
GRL,Greenland,2019,,,,100.0,,87.02178955,False,False,,,,,,,,,,,,
GRD,Grenada,2019,64.31279755,9400.0,,93.0,,36.13464657,False,False,100.1750287,27.4070753,115981.0,0.116,Negara lain,Upper-Middle Income,3.0,World Average,2.73,Cellular basket low-usage 70min+20sms (2018-2024),4.251956521739131,0.6420573648959558
GUM,Guam,2019,,,,100.0,,94.07998025,False,False,,,,,,,,,,,,
GTM,Guatemala,2019,44.40104984,4490.0,,95.4,52.5563884,54.18822673,False,False,122.0437934,3.420291967,17103803.0,17.104,Negara lain,Upper-Middle Income,3.0,World Average,7.31,Cellular basket low-usage 70min+20sms (2018-2024),4.251956521739131,1.719208548494299
GIN,Guinea,2019,23.89049911,970.0,,42.2,,36.12815475,False,False,98.76214733,0.009590047709,13034346.0,13.034,Negara lain,Low Income,1.0,World Average,6.52,Cellular basket low-usage 70min+20sms (2018-2024),4.251956521739131,1.533411728615982
GNB,Guinea-Bissau,2019,17.92149925,850.0,,30.9,,43.8745575,False,False,80.82452777,0.06235719339,1967696.0,1.968,Negara lain,Low Income,1.0,World Average,19.09,Cellular basket low-usage 70min+20sms (2018-2024),4.251956521739131,4.489697837312746
GUY,Guyana,2019,55.31269836,6380.0,,91.6,,26.42588348,False,False,96.3270663,10.27653792,807665.0,0.808,Negara lain,Upper-Middle Income,3.0,World Average,3.19,Cellular basket low-usage 70min+20sms (2018-2024),4.251956521739131,0.7502428549516845
HTI,Haiti,2019,35.76409912,1410.0,,45.4,,52.006906,False,False,61.62340886,0.2800499191,11105163.0,11.105,Negara lain,Lower-Middle Income,2.0,World Average,10.43,Cellular basket low-usage 70min+20sms (2018-2024),4.251956521739131,2.4529883940896773
HND,Honduras,2019,39.38835219,2330.0,,91.1,64.35241699,56.37915614,False,False,76.02683044,3.925899116,9943633.0,9.944,Negara lain,Lower-Middle Income,2.0,World Average,8.16,Cellular basket low-usage 70min+20sms (2018-2024),4.251956521739131,1.9191165192494501
HKG,"Hong Kong SAR, China",2019,91.74340039,50480.0,,100.0,105.0689655,100.0,False,False,286.6186478,37.46807461,7507900.0,7.508,Negara lain,High Income,4.0,World Average,0.06,Cellular basket low-usage 70min+20sms (2018-2024),4.251956521739131,0.014111150876834191
HUN,Hungary,2019,80.37169361,16840.0,,100.0,102.4386826,70.45652771,False,False,105.1415579,32.64663299,9694824.0,9.695,Negara lain,High Income,4.0,World Average,1.03,Cellular basket low-usage 70min+20sms (2018-2024),4.251956521739131,0.24224142338565366
ISL,Iceland,2019,99.50494117,75560.0,,100.0,112.0343399,93.97708474,False,False,114.6232326,38.60299418,360563.0,0.361,Negara lain,High Income,4.0,World Average,0.36,Cellular basket low-usage 70min+20sms (2018-2024),4.251956521739131,0.08466690526100515
IND,India,2019,29.52350044,2070.0,,95.9,75.8716507,33.81395788,False,False,82.89814492,1.379131818,1389030312.0,1389.03,Negara lain,Lower-Middle Income,2.0,World Average,1.09,Cellular basket low-usage 70min+20sms (2018-2024),4.251956521739131,0.25635257426248786
IDN,Indonesia,2019,47.69064898,4020.0,,98.8,94.94670449,55.73820496,True,True,125.2443481,3.774225609,272489381.0,272.489,Indonesia,Lower-Middle Income,2.0,Indonesia,1.88,Cellular basket low-usage 70min+20sms (2018-2024),4.251956521739131,0.4421493941408047
IRN,Iran (Islamic Republic of),2019,72.45090477,4710.0,,100.0,,75.20388794,False,False,135.6222676,9.909269035,87051648.0,87.052,Negara lain,Upper-Middle Income,3.0,World Average,0.38,Cellular basket low-usage 70min+20sms (2018-2024),4.251956521739131,0.08937062221994989
IRQ,Iraq,2019,44.32634655,5520.0,,100.0,,69.86833954,False,False,90.36852901,11.06776577,41192171.0,41.192,Negara lain,Upper-Middle Income,3.0,World Average,1.9,Cellular basket low-usage 70min+20sms (2018-2024),4.251956521739131,0.4468531110997494
IRL,Ireland,2019,87.00005524,62460.0,,100.0,137.0756836,63.27370092,False,False,104.5975152,29.64531607,4976456.0,4.976,Negara lain,High Income,4.0,World Average,0.84,Cellular basket low-usage 70min+20sms (2018-2024),4.251956521739131,0.19755611227567868
IMN,Isle of Man,2019,,84470.0,,100.0,,52.17898982,False,False,,,,,,,,,,,,
ISR,Israel,2019,86.78787762,44110.0,,100.0,97.88523865,91.6154002,False,False,135.1433455,28.65676524,9054000.0,9.054,Negara lain,High Income,4.0,World Average,0.33,Cellular basket low-usage 70min+20sms (2018-2024),4.251956521739131,0.07761132982258806
ITA,Italy,2019,67.85071029,35030.0,,100.0,101.7417831,69.50500107,False,False,132.1812344,29.05446447,59729081.0,59.729,Negara lain,High Income,4.0,World Average,0.84,Cellular basket low-usage 70min+20sms (2018-2024),4.251956521739131,0.19755611227567868
JAM,Jamaica,2019,70.84101697,5930.0,,98.9,85.76184997,56.69579574,False,False,107.1053045,11.2602368,2823271.0,2.823,Negara lain,Upper-Middle Income,3.0,World Average,1.06,Cellular basket low-usage 70min+20sms (2018-2024),4.251956521739131,0.24929699882407075
JPN,Japan,2019,92.73039781,42960.0,,100.0,100.6602707,91.71642079,False,False,147.2099108,33.54592125,126633000.0,126.633,Negara lain,High Income,4.0,World Average,0.48,Cellular basket low-usage 70min+20sms (2018-2024),4.251956521739131,0.11288920701467353
JOR,Jordan,2019,70.08470154,4580.0,,99.9,89.51047748,91.51596649,False,False,72.89026846,4.286925344,10671891.0,10.672,Negara lain,Upper-Middle Income,3.0,World Average,1.55,Cellular basket low-usage 70min+20sms (2018-2024),4.251956521739131,0.36453806431821667
KAZ,Kazakhstan,2019,81.87762047,8500.0,,100.0,96.53713551,59.08324743,False,False,133.8797281,13.07994901,19209555.0,19.21,Negara lain,Upper-Middle Income,3.0,World Average,0.4,Cellular basket low-usage 70min+20sms (2018-2024),4.251956521739131,0.09407433917889463
KEN,Kenya,2019,22.66877336,1880.0,,69.7,,31.18955664,False,False,106.5478221,0.9592888299,51202827.0,51.203,Negara lain,Lower-Middle Income,2.0,World Average,4.55,Cellular basket low-usage 70min+20sms (2018-2024),4.251956521739131,1.0700956081599262
KIR,Kiribati,2019,41.79299927,3610.0,,89.3,,56.28467271,False,False,44.10713277,0.08473140146,123921.0,0.124,Negara lain,Lower-Middle Income,2.0,World Average,5.77,Cellular basket low-usage 70min+20sms (2018-2024),4.251956521739131,1.3570223426555548
KOR,Korea (Rep. of),2019,96.15757918,35790.0,,100.0,98.38130188,81.29010635,False,False,133.0797905,42.03735075,51764822.0,51.765,Negara lain,High Income,4.0,World Average,1.17,Cellular basket low-usage 70min+20sms (2018-2024),4.251956521739131,0.2751674420982667
PRK,"Korea, Dem. People's Rep.",2019,,,,48.4,,62.35422266,False,False,,,,,,,,,,,,
XKX,Kosovo,2019,,4640.0,,,,44.00021716,False,False,,,,,,,,,,,,
KWT,Kuwait,2019,99.54267645,35680.0,,100.0,,100.0,False,False,164.9416482,1.904351769,4442316.0,4.442,Negara lain,High Income,4.0,World Average,0.42,Cellular basket low-usage 70min+20sms (2018-2024),4.251956521739131,0.09877805613783934
KGZ,Kyrgyz Republic,2019,64.1,1240.0,,99.9,91.66861536,34.88052058,False,False,132.7766943,4.143664147,6590211.0,6.59,Negara lain,Lower-Middle Income,2.0,World Average,2.56,Cellular basket low-usage 70min+20sms (2018-2024),4.251956521739131,0.6020757707449256
LAO,Lao P.D.R.,2019,47.03229904,2520.0,,98.4,64.98638546,35.90728809,False,True,64.06685829,1.05393529,7237636.0,7.238,ASEAN lain,Lower-Middle Income,2.0,World Average,3.73,Cellular basket low-usage 70min+20sms (2018-2024),4.251956521739131,0.8772432128431923
LVA,Latvia,2019,86.13545644,17010.0,,100.0,107.6024628,68.06632369,False,False,108.221911,26.58589755,1913822.0,1.914,Negara lain,High Income,4.0,World Average,0.71,Cellular basket low-usage 70min+20sms (2018-2024),4.251956521739131,0.16698195204253793
LBN,Lebanon,2019,81.48120117,8630.0,,100.0,65.27676439,89.49867435,False,False,73.13647859,7.248135072,5794594.0,5.795,Negara lain,Upper-Middle Income,3.0,World Average,2.57,Cellular basket low-usage 70min+20sms (2018-2024),4.251956521739131,0.6044276292243979
LSO,Lesotho,2019,42.30173357,1290.0,,44.6,,38.60409204,False,False,76.11248277,0.2090155494,2209405.0,2.209,Negara lain,Lower-Middle Income,2.0,World Average,6.85,Cellular basket low-usage 70min+20sms (2018-2024),4.251956521739131,1.6110230584385703
LBR,Liberia,2019,19.89579964,600.0,,23.1,,52.85526226,False,False,38.40418612,0.2180929516,5043721.0,5.044,Negara lain,Low Income,1.0,World Average,34.78,Cellular basket low-usage 70min+20sms (2018-2024),4.251956521739131,8.179763791604888
LBY,Libya,2019,71.40409851,10100.0,,68.5,,87.82201152,False,False,164.0044005,4.574859593,6951033.0,6.951,Negara lain,Upper-Middle Income,3.0,World Average,0.82,Cellular basket low-usage 70min+20sms (2018-2024),4.251956521739131,0.19285239531673395
LIE,Liechtenstein,2019,93.14610291,,,100.0,119.2096634,14.607083,False,False,,,,,,,,,,,,
LTU,Lithuania,2019,81.58186838,19200.0,,100.0,106.8358612,67.24573517,False,False,132.528842,28.27916272,2811089.0,2.811,Negara lain,High Income,4.0,World Average,0.64,Cellular basket low-usage 70min+20sms (2018-2024),4.251956521739131,0.1505189426862314
LUX,Luxembourg,2019,97.12063569,79280.0,,100.0,106.9465103,93.25898397,False,False,131.8701696,37.36114538,620001.0,0.62,Negara lain,High Income,4.0,World Average,0.09,Cellular basket low-usage 70min+20sms (2018-2024),4.251956521739131,0.021166726315251287
MAC,"Macao SAR, China",2019,86.46792571,71600.0,,100.0,90.66898955,100.0,False,False,416.2605406,29.8074143,672000.0,0.672,Negara lain,High Income,4.0,World Average,0.06,Cellular basket low-usage 70min+20sms (2018-2024),4.251956521739131,0.014111150876834191
MDG,Madagascar,2019,9.379400253,500.0,,31.0,32.8161749,30.30469724,False,False,46.07797841,0.1063092634,28219554.0,28.22,Negara lain,Low Income,1.0,World Average,7.34,Cellular basket low-usage 70min+20sms (2018-2024),4.251956521739131,1.726264123932716
MWI,Malawi,2019,11.05860043,540.0,,11.2,35.52126725,16.13837466,False,False,46.78410083,0.05969803454,19025752.0,19.026,Negara lain,Low Income,1.0,World Average,25.56,Cellular basket low-usage 70min+20sms (2018-2024),4.251956521739131,6.011350273531366
MYS,Malaysia,2019,84.18714501,10750.0,,100.0,75.32298279,74.83777077,False,True,133.3729219,8.864973579,33440596.0,33.441,ASEAN lain,Upper-Middle Income,3.0,World Average,0.71,Cellular basket low-usage 70min+20sms (2018-2024),4.251956521739131,0.16698195204253793
MDV,Maldives,2019,77.46970367,10730.0,,100.0,68.08576013,40.04927648,False,False,169.7743223,10.901296,487731.0,0.488,Negara lain,Upper-Middle Income,3.0,World Average,0.69,Cellular basket low-usage 70min+20sms (2018-2024),4.251956521739131,0.1622782350835932
MLI,Mali,2019,24.96030045,960.0,,47.9,,28.35207157,False,False,108.8145116,0.6764726613,21068405.0,21.068,Negara lain,Low Income,1.0,World Average,17.31,Cellular basket low-usage 70min+20sms (2018-2024),4.251956521739131,4.071067027966664
MLT,Malta,2019,85.77859638,29830.0,,100.0,100.8163681,94.93320325,False,False,125.8664921,40.17995496,503912.0,0.504,Negara lain,High Income,4.0,World Average,0.54,Cellular basket low-usage 70min+20sms (2018-2024),4.251956521739131,0.12700035789150774
MHL,Marshall Islands,2019,49.75749969,6770.0,,96.8,92.64589594,76.9422712,False,False,36.35785216,2.27236576,44007.0,0.044,Negara lain,Upper-Middle Income,3.0,World Average,6.75,Cellular basket low-usage 70min+20sms (2018-2024),4.251956521739131,1.5875044736438466
MRT,Mauritania,2019,25.0977993,1720.0,,44.9,37.57937099,56.05962158,False,False,105.4410897,0.2420704307,4467708.0,4.468,Negara lain,Lower-Middle Income,2.0,World Average,16.0,Cellular basket low-usage 70min+20sms (2018-2024),4.251956521739131,3.7629735671557847
MUS,Mauritius,2019,61.72995515,12710.0,,100.0,93.13549687,39.25094928,False,False,145.1172771,23.88301057,1265985.0,1.266,Negara lain,Upper-Middle Income,3.0,World Average,0.44,Cellular basket low-usage 70min+20sms (2018-2024),4.251956521739131,0.10348177309678408
MEX,Mexico,2019,69.63210927,9860.0,,99.6,105.5156097,78.35598433,False,False,97.03586068,15.38851552,125762982.0,125.763,Negara lain,Upper-Middle Income,3.0,World Average,0.52,Cellular basket low-usage 70min+20sms (2018-2024),4.251956521739131,0.12229664093256301
FSM,Micronesia,2019,37.97370148,3850.0,,80.1,,22.35924578,False,False,20.85562467,4.53383145,110282.0,0.11,Negara lain,Lower-Middle Income,2.0,World Average,4.19,Cellular basket low-usage 70min+20sms (2018-2024),4.251956521739131,0.9854287028989213
MDA,Moldova,2019,73.32610321,4490.0,,100.0,95.65076385,40.77228928,False,False,116.1051892,21.54270341,2664224.0,2.664,Negara lain,Upper-Middle Income,3.0,World Average,2.79,Cellular basket low-usage 70min+20sms (2018-2024),4.251956521739131,0.65616851577279
MCO,Monaco,2019,98.0,,,100.0,,100.0,False,False,,,,,,,,,,,,
MNG,Mongolia,2019,51.07999408,3800.0,,98.9,88.74634715,67.82772996,False,False,136.7191989,9.836382577,3267673.0,3.268,Negara lain,Lower-Middle Income,2.0,World Average,0.75,Cellular basket low-usage 70min+20sms (2018-2024),4.251956521739131,0.17638938596042741
MNE,Montenegro,2019,73.47666575,8970.0,,100.0,91.84033203,65.16867599,False,False,188.1739574,29.22848543,626753.0,0.627,Negara lain,Upper-Middle Income,3.0,World Average,1.86,Cellular basket low-usage 70min+20sms (2018-2024),4.251956521739131,0.43744567718186
MAR,Morocco,2019,84.12036305,3510.0,,99.6,79.3440513,61.84304502,False,False,128.874799,4.836502536,36210898.0,36.211,Negara lain,Lower-Middle Income,2.0,World Average,0.83,Cellular basket low-usage 70min+20sms (2018-2024),4.251956521739131,0.19520425379620632
MOZ,Mozambique,2019,12.47929955,500.0,,29.7,,33.41772415,False,False,49.43506942,0.2341524234,29884380.0,29.884,Negara lain,Low Income,1.0,World Average,20.62,Cellular basket low-usage 70min+20sms (2018-2024),4.251956521739131,4.849532184672018
MMR,Myanmar,2019,36.54050064,1380.0,,68.3,,30.07824369,False,True,155.6694169,0.922960523,52640713.0,52.641,ASEAN lain,Lower-Middle Income,2.0,World Average,0.94,Cellular basket low-usage 70min+20sms (2018-2024),4.251956521739131,0.22107469707040234
NAM,Namibia,2019,49.77590179,4870.0,,53.3,79.01250168,48.00198077,False,False,106.5331595,2.60177914,2650494.0,2.65,Negara lain,Upper-Middle Income,3.0,World Average,1.95,Cellular basket low-usage 70min+20sms (2018-2024),4.251956521739131,0.45861240349711124
NRU,Naoero,2019,74.73789978,15840.0,,100.0,86.11309814,100.0,False,False,86.30361612,,11587.0,0.012,Negara lain,High Income,4.0,World Average,1.74,Cellular basket low-usage 70min+20sms (2018-2024),4.251956521739131,0.4092233754281916
NPL,Nepal,2019,33.33660126,1240.0,,89.9,80.28005219,65.98739295,False,False,136.1860802,3.628484824,28414064.0,28.414,Negara lain,Lower-Middle Income,2.0,World Average,1.81,Cellular basket low-usage 70min+20sms (2018-2024),4.251956521739131,0.42568638478449816
NLD,Netherlands,2019,93.2885906,52940.0,,100.0,114.8041687,93.88980289,False,False,124.0883325,42.52926599,17344874.0,17.345,Negara lain,High Income,4.0,World Average,0.44,Cellular basket low-usage 70min+20sms (2018-2024),4.251956521739131,0.10348177309678408
NCL,New Caledonia,2019,,35130.0,,100.0,,67.15746737,False,False,,,,,,,,,,,,
NZL,New Zealand,2019,89.86370087,43090.0,,100.0,120.2663193,83.80496587,False,False,120.4753354,34.0227879,4970300.0,4.97,Negara lain,High Income,4.0,World Average,0.47,Cellular basket low-usage 70min+20sms (2018-2024),4.251956521739131,0.11053734853520117
NIC,Nicaragua,2019,39.01079941,1930.0,,85.7,,58.54056714,False,False,89.27727053,3.356408274,6483657.0,6.484,Negara lain,Lower-Middle Income,2.0,World Average,17.76,Cellular basket low-usage 70min+20sms (2018-2024),4.251956521739131,4.1769006595429214
NER,Niger,2019,11.28549957,600.0,,18.5,,16.8131465,False,False,52.81126168,0.04793496811,22947757.0,22.948,Negara lain,Low Income,1.0,World Average,48.59,Cellular basket low-usage 70min+20sms (2018-2024),4.251956521739131,11.427680351756225
NGA,Nigeria,2019,29.74410057,2260.0,,55.4,,58.96111864,False,False,88.11690105,0.0397927035,209485641.0,209.486,Negara lain,Lower-Middle Income,2.0,World Average,3.69,Cellular basket low-usage 70min+20sms (2018-2024),4.251956521739131,0.8678357789253028
MKD,North Macedonia,2019,81.41288276,6520.0,,100.0,82.53128052,60.62868481,False,False,101.2316344,23.94025003,1876262.0,1.876,Negara lain,Upper-Middle Income,3.0,World Average,2.4,Cellular basket low-usage 70min+20sms (2018-2024),4.251956521739131,0.5644460350733677
MNP,Northern Mariana Islands,2019,,,,100.0,,91.61628521,False,False,,,,,,,,,,,,
NOR,Norway,2019,98.00000439,82500.0,,100.0,119.4213409,82.49358949,False,False,108.0052658,42.27223514,5347896.0,5.348,Negara lain,High Income,4.0,World Average,0.15,Cellular basket low-usage 70min+20sms (2018-2024),4.251956521739131,0.03527787719208548
OMN,Oman,2019,90.25939941,17860.0,,100.0,102.141469,79.57800175,False,False,138.2321115,10.24420698,4591241.0,4.591,Negara lain,High Income,4.0,World Average,0.76,Cellular basket low-usage 70min+20sms (2018-2024),4.251956521739131,0.17874124443989978
PAK,Pakistan,2019,17.07090172,1520.0,,93.9,38.75115528,37.10916317,False,False,71.66603238,0.8815143307,230800899.0,230.801,Negara lain,Lower-Middle Income,2.0,World Average,1.17,Cellular basket low-usage 70min+20sms (2018-2024),4.251956521739131,0.2751674420982667
PLW,Palau,2019,,16280.0,,100.0,,79.28038142,False,False,,,,,,,,,1.0,Cellular basket low-usage 70min+20sms (2018-2024),4.251956521739131,0.23518584794723654
PAN,Panama,2019,63.62841477,15640.0,,93.9,,65.7529854,False,False,137.570005,12.64861738,4234700.0,4.235,Negara lain,High Income,4.0,World Average,0.7,Cellular basket low-usage 70min+20sms (2018-2024),4.251956521739131,0.16463009356306557
PNG,Papua New Guinea,2019,13.62419987,2420.0,,23.6,46.26684565,13.92782674,False,False,47.19528859,0.2081379872,9609010.0,9.609,Negara lain,Lower-Middle Income,2.0,World Average,8.82,Cellular basket low-usage 70min+20sms (2018-2024),4.251956521739131,2.0743391788946264
PRY,Paraguay,2019,68.51762842,5950.0,,99.7,,64.98452983,False,False,119.1370514,6.326666624,6515058.0,6.515,Negara lain,Upper-Middle Income,3.0,World Average,2.9,Cellular basket low-usage 70min+20sms (2018-2024),4.251956521739131,0.682038959046986
PER,Peru,2019,59.9505036,6850.0,,95.6,99.52971649,83.10330031,False,False,122.7903508,7.387785802,32449303.0,32.449,Negara lain,Upper-Middle Income,3.0,World Average,2.03,Cellular basket low-usage 70min+20sms (2018-2024),4.251956521739131,0.47742727133289015
PHL,Philippines,2019,43.02661187,3760.0,,95.3,85.3821866,53.71578599,False,True,151.0066429,5.697307035,110804683.0,110.805,ASEAN lain,Lower-Middle Income,2.0,World Average,2.96,Cellular basket low-usage 70min+20sms (2018-2024),4.251956521739131,0.6961501099238202
POL,Poland,2019,80.43590688,15510.0,,100.0,109.7533035,59.96261841,False,False,126.5973149,20.50432057,37965475.0,37.965,Negara lain,High Income,4.0,World Average,0.92,Cellular basket low-usage 70min+20sms (2018-2024),4.251956521739131,0.21637098011145764
PRT,Portugal,2019,75.34637794,23250.0,,100.0,119.519371,61.11492725,False,False,115.1455645,38.36057519,10286263.0,10.286,Negara lain,High Income,4.0,World Average,0.59,Cellular basket low-usage 70min+20sms (2018-2024),4.251956521739131,0.13875965028886955
PRI,Puerto Rico,2019,77.73643937,21310.0,,100.0,,93.95199122,False,False,102.5529284,18.55041989,3302691.0,3.303,Negara lain,High Income,4.0,World Average,1.9,Cellular basket low-usage 70min+20sms (2018-2024),4.251956521739131,0.4468531110997494
QAT,Qatar,2019,99.65280421,65700.0,,100.0,105.1625675,99.11916967,False,False,140.0172128,10.17466183,2638657.0,2.639,Negara lain,High Income,4.0,World Average,0.25,Cellular basket low-usage 70min+20sms (2018-2024),4.251956521739131,0.058796461986809136
ROU,Romania,2019,73.65747575,12660.0,,100.0,86.40740967,52.89318352,False,False,116.2523456,27.06055757,19371648.0,19.372,Negara lain,Upper-Middle Income,3.0,World Average,1.13,Cellular basket low-usage 70min+20sms (2018-2024),4.251956521739131,0.26576000818037726
RUS,Russian Federation,2019,82.64216187,11190.0,,99.8,100.4717447,74.622286,False,False,163.6463024,22.42334421,145453291.0,145.453,Negara lain,Upper-Middle Income,3.0,World Average,0.33,Cellular basket low-usage 70min+20sms (2018-2024),4.251956521739131,0.07761132982258806
RWA,Rwanda,2019,21.3579998,820.0,,46.6,44.07790325,22.9711027,False,False,75.59854519,0.0695438977,12776103.0,12.776,Negara lain,Low Income,1.0,World Average,4.46,Cellular basket low-usage 70min+20sms (2018-2024),4.251956521739131,1.048928881844675
KNA,Saint Kitts and Nevis,2019,69.43499756,23670.0,,100.0,118.920615,31.41218184,False,False,138.9163401,43.40390186,46952.0,0.047,Negara lain,High Income,4.0,World Average,1.58,Cellular basket low-usage 70min+20sms (2018-2024),4.251956521739131,0.37159363975663373
LCA,Saint Lucia,2019,61.08050156,11060.0,,100.0,88.34613037,24.24769747,False,False,83.18651814,8.884898768,177661.0,0.178,Negara lain,Upper-Middle Income,3.0,World Average,2.91,Cellular basket low-usage 70min+20sms (2018-2024),4.251956521739131,0.6843908175264584
VCT,Saint Vincent and the Grenadines,2019,59.57630157,8700.0,,100.0,127.1875,47.1962074,False,False,92.51778394,20.84633329,104167.0,0.104,Negara lain,Upper-Middle Income,3.0,World Average,4.15,Cellular basket low-usage 70min+20sms (2018-2024),4.251956521739131,0.9760212689810317
WSM,Samoa,2019,,4270.0,,99.2,,18.41473445,False,False,,,,,,,,,1.75,Cellular basket low-usage 70min+20sms (2018-2024),4.251956521739131,0.41157523390766393
SMR,San Marino,2019,67.85070038,43770.0,,100.0,61.0058309,97.09999847,False,False,111.8229302,31.97702941,34663.0,0.035,Negara lain,High Income,4.0,World Average,,,,
STP,Sao Tome and Principe,2019,44.25790024,1810.0,,75.1,,67.91299438,False,False,77.679107,0.7694758941,213392.0,0.213,Negara lain,Lower-Middle Income,2.0,World Average,6.04,Cellular basket low-usage 70min+20sms (2018-2024),4.251956521739131,1.4205225216013087
SAU,Saudi Arabia,2019,95.7247356,29140.0,,100.0,104.0482578,83.63946433,False,False,135.5261548,22.32137035,30063799.0,30.064,Negara lain,High Income,4.0,World Average,0.66,Cellular basket low-usage 70min+20sms (2018-2024),4.251956521739131,0.15522265964517612
SEN,Senegal,2019,43.37969971,1430.0,,70.4,44.46245526,49.94433213,False,False,109.3418901,0.9297849033,16352922.0,16.353,Negara lain,Lower-Middle Income,2.0,World Average,11.19,Cellular basket low-usage 70min+20sms (2018-2024),4.251956521739131,2.6317296385295768
SRB,Serbia,2019,77.41677362,7380.0,,99.8,94.47219086,61.04922485,False,False,122.0477413,23.44245929,6945235.0,6.945,Negara lain,Upper-Middle Income,3.0,World Average,1.5,Cellular basket low-usage 70min+20sms (2018-2024),4.251956521739131,0.35277877192085483
SYC,Seychelles,2019,76.63420105,18700.0,,100.0,100.8258775,44.0049304,False,False,164.6170846,22.92732682,97625.0,0.098,Negara lain,High Income,4.0,World Average,0.96,Cellular basket low-usage 70min+20sms (2018-2024),4.251956521739131,0.22577841402934706
SLE,Sierra Leone,2019,15.71370029,850.0,,22.7,61.19807816,42.70184449,False,False,87.03843551,0.002224524059,7731991.0,7.732,Negara lain,Low Income,1.0,World Average,14.78,Cellular basket low-usage 70min+20sms (2018-2024),4.251956521739131,3.476046832660156
SGP,Singapore,2019,88.94925269,58510.0,,100.0,104.6219879,100.0,False,True,159.3473783,26.52761774,5703569.0,5.704,ASEAN lain,High Income,4.0,World Average,0.3,Cellular basket low-usage 70min+20sms (2018-2024),4.251956521739131,0.07055575438417096
SXM,Sint Maarten (Dutch part),2019,,34060.0,,100.0,,100.0,False,False,,,,,,,,,,,,
SVK,Slovak Republic,2019,82.8536605,19230.0,,100.0,91.32469177,53.36665587,False,False,135.7556728,29.1811069,5454147.0,5.454,Negara lain,High Income,4.0,World Average,0.66,Cellular basket low-usage 70min+20sms (2018-2024),4.251956521739131,0.15522265964517612
SVN,Slovenia,2019,83.1083578,25900.0,,100.0,111.3695679,55.45232773,False,False,120.5688767,30.13954332,2088385.0,2.088,Negara lain,High Income,4.0,World Average,0.86,Cellular basket low-usage 70min+20sms (2018-2024),4.251956521739131,0.20225982923462343
SLB,Solomon Islands,2019,22.48880005,2210.0,,69.4,,27.27510675,False,False,65.66201605,0.1435149771,728147.0,0.728,Negara lain,Lower-Middle Income,2.0,World Average,6.87,Cellular basket low-usage 70min+20sms (2018-2024),4.251956521739131,1.615726775397515
SOM,Somalia,2019,2.731400013,520.0,,49.2,,51.64211707,False,False,51.31941166,0.6113166819,16030971.0,16.031,Negara lain,Low Income,1.0,World Average,,,,
ZAF,South Africa,2019,69.69689941,6570.0,,85.0,103.7891203,63.4127255,False,False,162.7385483,2.098339285,59587885.0,59.588,Negara lain,Upper-Middle Income,3.0,World Average,1.55,Cellular basket low-usage 70min+20sms (2018-2024),4.251956521739131,0.36453806431821667
SSD,South Sudan,2019,6.671000004,,,6.8,,19.90622992,False,False,,,,,,,,,,,,
ESP,Spain,2019,90.71866533,30560.0,,100.0,119.3791275,79.63497611,False,False,116.6961213,32.92200237,47118501.0,47.119,Negara lain,High Income,4.0,World Average,0.67,Cellular basket low-usage 70min+20sms (2018-2024),4.251956521739131,0.15757451812464848
LKA,Sri Lanka,2019,32.02090073,4220.0,,99.8,,19.49463264,False,False,126.5144518,7.435412568,21803000.0,21.803,Negara lain,Lower-Middle Income,2.0,World Average,0.27,Cellular basket low-usage 70min+20sms (2018-2024),4.251956521739131,0.06350017894575387
MAF,St. Martin (French part),2019,,,,100.0,,100.0,False,False,,,,,,,,,,,,
PSE,State of Palestine,2019,70.6225837,4200.0,,100.0,90.31352073,85.81361742,False,False,86.73721723,7.359783677,4685306.0,4.685,Negara lain,Lower-Middle Income,2.0,World Average,3.86,Cellular basket low-usage 70min+20sms (2018-2024),4.251956521739131,0.907817373076333
SDN,Sudan,2019,,720.0,,57.6,43.53786087,34.47276858,False,False,,,,,,,,,0.38,Cellular basket low-usage 70min+20sms (2018-2024),4.251956521739131,0.08937062221994989
SUR,Suriname,2019,62.03350067,6000.0,,97.9,74.41145445,66.03704923,False,False,134.3491238,13.27405872,605768.0,0.606,Negara lain,Upper-Middle Income,3.0,World Average,3.22,Cellular basket low-usage 70min+20sms (2018-2024),4.251956521739131,0.7572984303901017
SWE,Sweden,2019,94.49344341,56100.0,,100.0,136.6410065,87.70884202,False,False,125.4567291,39.29055245,10278887.0,10.279,Negara lain,High Income,4.0,World Average,0.58,Cellular basket low-usage 70min+20sms (2018-2024),4.251956521739131,0.1364077918093972
CHE,Switzerland,2019,93.14608695,84160.0,,100.0,104.0711136,80.77929073,False,False,126.9206358,46.91237238,8575280.0,8.575,Negara lain,High Income,4.0,World Average,0.49,Cellular basket low-usage 70min+20sms (2018-2024),4.251956521739131,0.11524106549414591
SYR,Syrian Arab Republic,2019,,970.0,,89.2,,73.82487883,False,False,,,,,,,,,,,,
TJK,Tajikistan,2019,22.68630028,1050.0,,99.4,,26.13007355,False,False,115.3729195,0.06295930122,9529966.0,9.53,Negara lain,Low Income,1.0,World Average,1.95,Cellular basket low-usage 70min+20sms (2018-2024),4.251956521739131,0.45861240349711124
TZA,Tanzania,2019,16.59090042,1050.0,,37.7,30.18242633,33.34752585,False,False,80.58355697,1.75692,59174891.0,59.175,Negara lain,Low Income,1.0,World Average,5.2,Cellular basket low-usage 70min+20sms (2018-2024),4.251956521739131,1.22296640932563
THA,Thailand,2019,66.65241946,7070.0,,99.9,81.72064259,55.92661667,False,True,181.2218742,14.13380596,71522271.0,71.522,ASEAN lain,Upper-Middle Income,3.0,World Average,0.63,Cellular basket low-usage 70min+20sms (2018-2024),4.251956521739131,0.14816708420675903
TLS,Timor-Leste,2019,28.00460052,2180.0,,90.6,85.12482426,29.11487552,False,True,109.5554385,0.006841180834,1300945.0,1.301,ASEAN lain,Lower-Middle Income,2.0,World Average,6.82,Cellular basket low-usage 70min+20sms (2018-2024),4.251956521739131,1.6039674830001533
TGO,Togo,2019,20.72730064,950.0,,52.5,,41.4457312,False,False,73.72247275,0.3769200484,7619925.0,7.62,Negara lain,Low Income,1.0,World Average,22.74,Cellular basket low-usage 70min+20sms (2018-2024),4.251956521739131,5.348126182320159
TON,Tonga,2019,51.56299973,4980.0,,98.4,96.09330909,22.32881556,False,False,58.77220377,3.504339021,105669.0,0.106,Negara lain,Upper-Middle Income,3.0,World Average,2.5,Cellular basket low-usage 70min+20sms (2018-2024),4.251956521739131,0.5879646198680913
TTO,Trinidad and Tobago,2019,74.98670197,17240.0,,100.0,,53.93423947,False,False,145.7157885,22.8528097,1363985.0,1.364,Negara lain,High Income,4.0,World Average,1.09,Cellular basket low-usage 70min+20sms (2018-2024),4.251956521739131,0.25635257426248786
TUN,Tunisia,2019,66.6999983,3590.0,,100.0,,68.82063826,False,False,124.3869242,10.05419668,11875081.0,11.875,Negara lain,Lower-Middle Income,2.0,World Average,0.49,Cellular basket low-usage 70min+20sms (2018-2024),4.251956521739131,0.11524106549414591
TUR,Turkiye,2019,73.97670229,9970.0,,100.0,111.9104004,88.66181529,False,False,94.64981308,16.67334367,82579440.0,82.579,Negara lain,Upper-Middle Income,3.0,World Average,0.69,Cellular basket low-usage 70min+20sms (2018-2024),4.251956521739131,0.1622782350835932
TKM,Turkmenistan,2019,,4350.0,,99.9,84.10783181,47.04945625,False,False,,,,,,,,,0.65,Cellular basket low-usage 70min+20sms (2018-2024),4.251956521739131,0.15287080116570376
TCA,Turks & Caicos Is.,2019,,31510.0,,100.0,91.20561519,92.94048543,False,False,,,,,,,,,,,,
TUV,Tuvalu,2019,,6860.0,,99.7,80.21977997,61.24065292,False,False,,,,,,,,,,,,
UGA,Uganda,2019,11.72579956,810.0,,41.3,,27.83697818,False,False,59.05980788,0.07527970527,42999637.0,43.0,Negara lain,Low Income,1.0,World Average,8.05,Cellular basket low-usage 70min+20sms (2018-2024),4.251956521739131,1.8932460759752543
UKR,Ukraine,2019,70.1248443,3270.0,,100.0,84.45682836,69.35276487,False,False,130.6294363,16.15913118,44957458.0,44.957,Negara lain,Lower-Middle Income,2.0,World Average,1.28,Cellular basket low-usage 70min+20sms (2018-2024),4.251956521739131,0.3010378853724628
ARE,United Arab Emirates,2019,99.14999796,46690.0,,100.0,101.7473443,85.02982634,False,False,209.0332141,32.48034437,9445785.0,9.446,Negara lain,High Income,4.0,World Average,0.11,Cellular basket low-usage 70min+20sms (2018-2024),4.251956521739131,0.02587044327419602
GBR,United Kingdom,2019,92.51662855,43640.0,,100.0,117.156601,82.66994207,False,False,120.2501088,40.02276946,66628000.0,66.628,Negara lain,High Income,4.0,World Average,0.5,Cellular basket low-usage 70min+20sms (2018-2024),4.251956521739131,0.11759292397361827
USA,United States,2019,89.43028486,65840.0,,100.0,100.0634308,80.13047934,False,False,105.3207405,33.83521636,330226227.0,330.226,Negara lain,High Income,4.0,World Average,0.62,Cellular basket low-usage 70min+20sms (2018-2024),4.251956521739131,0.14581522572728667
URY,Uruguay,2019,83.35153377,18390.0,,99.9,119.8485332,95.34793091,False,False,133.2367245,29.80125432,3397206.0,3.397,Negara lain,High Income,4.0,World Average,1.36,Cellular basket low-usage 70min+20sms (2018-2024),4.251956521739131,0.31985275320824175
UZB,Uzbekistan,2019,70.39999865,2240.0,,100.0,96.20747375,50.5920105,False,False,101.2598294,10.55543019,32964701.0,32.965,Negara lain,Lower-Middle Income,2.0,World Average,0.66,Cellular basket low-usage 70min+20sms (2018-2024),4.251956521739131,0.15522265964517612
VUT,Vanuatu,2019,,4120.0,,64.5,,23.50246689,False,False,,,,,,,,,7.92,Cellular basket low-usage 70min+20sms (2018-2024),4.251956521739131,1.8626719157421134
VEN,Venezuela,2019,49.05009842,2370.0,,99.8,,89.10301005,False,False,63.84744429,8.85037434,28938098.0,28.938,Negara lain,Lower-Middle Income,2.0,World Average,,,,
VNM,Viet Nam,2019,68.66158021,3290.0,,99.4,94.65462168,34.6239135,False,True,140.1925618,15.23289576,97173776.0,97.174,ASEAN lain,Lower-Middle Income,2.0,World Average,2.66,Cellular basket low-usage 70min+20sms (2018-2024),4.251956521739131,0.6255943555396493
VIR,Virgin Islands (U.S.),2019,,,,100.0,,95.08574814,False,False,,,,,,,,,,,,
YEM,Yemen,2019,17.49099922,,,72.8,,34.90675617,False,False,,,,,,,,,6.4,Cellular basket low-usage 70min+20sms (2018-2024),4.251956521739131,1.505189426862314
ZMB,Zambia,2019,14.47189999,1380.0,,43.0,,43.48978645,False,False,93.01478208,0.4801327267,18513839.0,18.514,Negara lain,Lower-Middle Income,2.0,World Average,5.62,Cellular basket low-usage 70min+20sms (2018-2024),4.251956521739131,1.3217444654634694
ZWE,Zimbabwe,2019,26.5883007,2430.0,,46.7,,36.18376383,False,False,86.40942972,1.338609612,15271368.0,15.271,Negara lain,Lower-Middle Income,2.0,World Average,,,,
AFG,Afghanistan,2020,17.04850006,490.0,,97.7,,25.26221034,False,False,58.04611377,0.06800792004,39068979.0,39.069,Negara lain,Low Income,1.0,World Average,7.06,Cellular basket low-usage 70min+20sms (2018-2024),3.486473684210526,2.0249686759355705
ALB,Albania,2020,72.23767711,5970.0,,100.0,95.92944745,57.14085922,False,False,91.18809006,17.72093146,2528480.0,2.528,Negara lain,Upper-Middle Income,3.0,World Average,1.65,Cellular basket low-usage 70min+20sms (2018-2024),3.486473684210526,0.47325755174131606
DZA,Algeria,2020,63.47269821,4020.0,,99.7,,73.05411263,False,False,103.4366715,8.606446501,44042091.0,44.042,Negara lain,Lower-Middle Income,2.0,World Average,1.72,Cellular basket low-usage 70min+20sms (2018-2024),3.486473684210526,0.4933351448454931
ASM,American Samoa,2020,,,,,,82.62407806,False,False,,,,,,,,,,,,
AND,Andorra,2020,93.20570374,42450.0,,100.0,97.15003967,88.59077804,False,False,103.8769708,48.65598346,77380.0,0.077,Negara lain,High Income,4.0,World Average,,,,
AGO,Angola,2020,33.32089996,2000.0,,47.0,,67.45682702,False,False,43.78043171,0.3632642387,33451132.0,33.451,Negara lain,Lower-Middle Income,2.0,World Average,3.13,Cellular basket low-usage 70min+20sms (2018-2024),3.486473684210526,0.897755234515345
ATG,Antigua and Barbuda,2020,71.36840057,15460.0,,100.0,,24.64061563,False,False,200.3353439,8.710232345,91846.0,0.092,Negara lain,High Income,4.0,World Average,1.89,Cellular basket low-usage 70min+20sms (2018-2024),3.486473684210526,0.5420950138127802
ARG,Argentina,2020,85.51438646,9040.0,,100.0,112.3767319,91.94390266,False,False,121.1806125,21.17978716,45191965.0,45.192,Negara lain,Upper-Middle Income,3.0,World Average,3.69,Cellular basket low-usage 70min+20sms (2018-2024),3.486473684210526,1.0583759793487615
ARM,Armenia,2020,76.50770055,4230.0,,100.0,88.50802982,65.17421725,False,False,120.6823707,14.88838047,2961500.0,2.962,Negara lain,Lower-Middle Income,2.0,World Average,0.96,Cellular basket low-usage 70min+20sms (2018-2024),3.486473684210526,0.2753498482858566
ABW,Aruba,2020,,22750.0,,100.0,135.1247253,62.00288376,False,False,,,,,,,,,1.16,Cellular basket low-usage 70min+20sms (2018-2024),3.486473684210526,0.33271440001207675
AUS,Australia,2020,94.6934967,53770.0,,100.0,137.4907379,87.27134705,False,False,104.9301558,35.34684927,25649248.0,25.649,Negara lain,High Income,4.0,World Average,0.81,Cellular basket low-usage 70min+20sms (2018-2024),3.486473684210526,0.23232643449119156
AUT,Austria,2020,87.52942813,49000.0,,100.0,101.6905594,68.54101779,False,False,120.1318066,29.21064563,8916864.0,8.917,Negara lain,High Income,4.0,World Average,0.09,Cellular basket low-usage 70min+20sms (2018-2024),3.486473684210526,0.02581404827679906
AZE,Azerbaijan,2020,84.59999573,4480.0,,100.0,91.3655135,58.29346918,False,False,101.5966835,19.59857509,10093121.0,10.093,Negara lain,Upper-Middle Income,3.0,World Average,0.87,Cellular basket low-usage 70min+20sms (2018-2024),3.486473684210526,0.24953580000905756
BHS,Bahamas,2020,92.4437027,25180.0,,100.0,,81.66426002,False,False,117.7174932,20.96684964,395863.0,0.396,Negara lain,High Income,4.0,World Average,0.76,Cellular basket low-usage 70min+20sms (2018-2024),3.486473684210526,0.2179852965596365
BHR,Bahrain,2020,99.67103159,23870.0,,100.0,,100.0,False,False,119.4116017,10.1824113,1472204.0,1.472,Negara lain,High Income,4.0,World Average,0.25,Cellular basket low-usage 70min+20sms (2018-2024),3.486473684210526,0.07170568965777517
BGD,Bangladesh,2020,36.10910034,2320.0,,96.2,66.43295485,31.11689273,False,False,106.0021405,6.045062207,166298024.0,166.298,Negara lain,Lower-Middle Income,2.0,World Average,1.03,Cellular basket low-usage 70min+20sms (2018-2024),3.486473684210526,0.2954274413900337
BRB,Barbados,2020,69.89009857,18290.0,,100.0,104.3189926,59.30145833,False,False,104.7220783,45.43873226,281698.0,0.282,Negara lain,High Income,4.0,World Average,1.82,Cellular basket low-usage 70min+20sms (2018-2024),3.486473684210526,0.5220174207086032
BLR,Belarus,2020,85.08791245,6410.0,,100.0,100.5757104,77.78903858,False,False,125.164732,34.81522293,9379952.0,9.38,Negara lain,Upper-Middle Income,3.0,World Average,0.79,Cellular basket low-usage 70min+20sms (2018-2024),3.486473684210526,0.22658997931856953
BEL,Belgium,2020,91.52641629,46330.0,,100.0,151.7275085,87.2964995,False,False,99.91006149,41.02396971,11538604.0,11.539,Negara lain,High Income,4.0,World Average,0.29,Cellular basket low-usage 70min+20sms (2018-2024),3.486473684210526,0.08317860000301919
BLZ,Belize,2020,64.43589783,5170.0,,96.8,86.18865962,42.64984244,False,False,67.55166167,9.211590228,390812.0,0.391,Negara lain,Upper-Middle Income,3.0,World Average,5.95,Cellular basket low-usage 70min+20sms (2018-2024),3.486473684210526,1.706595413855049
BEN,Benin,2020,22.12059975,1190.0,,41.0,43.98587036,49.44615672,False,False,85.2390738,0.2293849452,13070169.0,13.07,Negara lain,Lower-Middle Income,2.0,World Average,4.24,Cellular basket low-usage 70min+20sms (2018-2024),3.486473684210526,1.2161284965958667
BMU,Bermuda,2020,,110850.0,,100.0,,100.0,False,False,,,,,,,,,,,,
BTN,Bhutan,2020,76.85079956,3040.0,,100.0,89.77114289,39.68888399,False,False,96.77028491,0.414152617,770006.0,0.77,Negara lain,Lower-Middle Income,2.0,World Average,0.76,Cellular basket low-usage 70min+20sms (2018-2024),3.486473684210526,0.2179852965596365
BOL,Bolivia,2020,59.94010155,3620.0,,97.2,88.86723698,70.04426355,False,False,99.89881773,7.886716475,11816299.0,11.816,Negara lain,Lower-Middle Income,2.0,World Average,3.24,Cellular basket low-usage 70min+20sms (2018-2024),3.486473684210526,0.9293057379647662
BIH,Bosnia and Herzegovina,2020,73.21175294,6160.0,,100.0,85.55911255,49.97108521,False,False,106.3747424,23.35078829,3299349.0,3.299,Negara lain,Upper-Middle Income,3.0,World Average,1.99,Cellular basket low-usage 70min+20sms (2018-2024),3.486473684210526,0.5707772896758903
BWA,Botswana,2020,51.67819977,6600.0,,71.8,,66.44881665,False,False,161.8588153,3.586044007,2365894.0,2.366,Negara lain,Upper-Middle Income,3.0,World Average,1.05,Cellular basket low-usage 70min+20sms (2018-2024),3.486473684210526,0.3011638965626557
BRA,Brazil,2020,81.34269353,8080.0,,99.7,103.8826599,86.91121865,False,False,98.64561986,17.41805969,208660842.0,208.661,Negara lain,Upper-Middle Income,3.0,World Average,1.43,Cellular basket low-usage 70min+20sms (2018-2024),3.486473684210526,0.41015654484247394
VGB,British Virgin Islands,2020,,,,100.0,73.95017794,53.17090748,False,False,,,,,,,,,,,,
BRN,Brunei Darussalam,2020,96.30549622,30810.0,,100.0,86.68578103,74.77481089,False,True,119.9338853,15.88676006,447404.0,0.447,ASEAN lain,High Income,4.0,World Average,0.32,Cellular basket low-usage 70min+20sms (2018-2024),3.486473684210526,0.09178328276195222
BGR,Bulgaria,2020,70.16248359,10090.0,,99.7,101.3549423,73.32398987,False,False,114.5967378,30.50428548,6550696.0,6.551,Negara lain,Upper-Middle Income,3.0,World Average,1.65,Cellular basket low-usage 70min+20sms (2018-2024),3.486473684210526,0.47325755174131606
BFA,Burkina Faso,2020,12.97319984,780.0,,18.5,39.25400848,26.35783736,False,False,102.9728442,0.06508311261,21478690.0,21.479,Negara lain,Low Income,1.0,World Average,9.12,Cellular basket low-usage 70min+20sms (2018-2024),3.486473684210526,2.6158235587156375
BDI,Burundi,2020,6.430099964,240.0,,9.1,44.91517174,19.93099843,False,False,52.55712197,0.03352609916,12617036.0,12.617,Negara lain,Low Income,1.0,World Average,27.74,Cellular basket low-usage 70min+20sms (2018-2024),3.486473684210526,7.956463324426732
CPV,Cabo Verde,2020,69.37339783,3510.0,,93.7,98.30930237,72.88385216,False,False,105.8385907,4.826114918,514679.0,0.515,Negara lain,Lower-Middle Income,2.0,World Average,7.22,Cellular basket low-usage 70min+20sms (2018-2024),3.486473684210526,2.0708603173165465
KHM,Cambodia,2020,56.37590027,2050.0,,86.4,51.81969833,39.83265803,False,True,126.0758948,1.397700298,16725474.0,16.725,ASEAN lain,Lower-Middle Income,2.0,World Average,4.95,Cellular basket low-usage 70min+20sms (2018-2024),3.486473684210526,1.4197726552239482
CMR,Cameroon,2020,37.69749832,1540.0,,64.3,,54.25579492,False,False,85.27216399,2.756824177,26210558.0,26.211,Negara lain,Lower-Middle Income,2.0,World Average,8.1,Cellular basket low-usage 70min+20sms (2018-2024),3.486473684210526,2.323264344911915
CAN,Canada,2020,92.3,43900.0,,100.0,109.6280594,81.95098887,False,False,84.77477491,40.79498056,38028638.0,38.029,Negara lain,High Income,4.0,World Average,0.56,Cellular basket low-usage 70min+20sms (2018-2024),3.486473684210526,0.16062074483341637
CYM,Cayman Islands,2020,,62420.0,,100.0,84.09091187,100.0,False,False,,,,,,,,,0.69,Cellular basket low-usage 70min+20sms (2018-2024),3.486473684210526,0.19790770345545944
CAF,Central African Rep.,2020,,490.0,,15.4,,42.30507859,False,False,,,,,,,,,25.81,Cellular basket low-usage 70min+20sms (2018-2024),3.486473684210526,7.402895400268708
TCD,Chad,2020,8.343099594,890.0,,10.9,,24.73419218,False,False,50.4343274,0.0,17224679.0,17.225,Negara lain,Low Income,1.0,World Average,20.08,Cellular basket low-usage 70min+20sms (2018-2024),3.486473684210526,5.759400993312501
CHI,Channel Islands,2020,,,,100.0,,32.8247185,False,False,,,,,,,,,,,,
CHL,Chile,2020,87.45929718,12960.0,,100.0,103.6916885,88.29534904,False,False,129.4137401,19.43058726,19370624.0,19.371,Negara lain,Upper-Middle Income,3.0,World Average,1.12,Cellular basket low-usage 70min+20sms (2018-2024),3.486473684210526,0.32124148966683275
CHN,China,2020,70.05275998,10740.0,,100.0,,63.52342303,False,False,120.4967154,33.90697946,1411100000.0,1411.1,Negara lain,Upper-Middle Income,3.0,World Average,0.28,Cellular basket low-usage 70min+20sms (2018-2024),3.486473684210526,0.08031037241670819
COL,Colombia,2020,69.79533474,5850.0,,99.7,101.4994507,77.63825335,False,False,133.6610192,15.33630745,50629997.0,50.63,Negara lain,Upper-Middle Income,3.0,World Average,1.24,Cellular basket low-usage 70min+20sms (2018-2024),3.486473684210526,0.3556602207025648
COM,Comoros,2020,22.42040062,1530.0,,85.6,,32.06380722,False,False,97.43393799,0.1480995758,802163.0,0.802,Negara lain,Lower-Middle Income,2.0,World Average,7.81,Cellular basket low-usage 70min+20sms (2018-2024),3.486473684210526,2.240085744908896
COG,Congo (Rep. of the),2020,21.99850082,2230.0,,48.7,,63.57609045,False,False,97.656129,,5752791.0,5.753,Negara lain,Lower-Middle Income,2.0,World Average,10.25,Cellular basket low-usage 70min+20sms (2018-2024),3.486473684210526,2.9399332759687815
COD,"Congo, Dem. Rep.",2020,14.51049995,480.0,,20.1,,43.25286025,False,False,42.50275742,0.03229503141,95989998.0,95.99,Negara lain,Low Income,1.0,World Average,17.19,Cellular basket low-usage 70min+20sms (2018-2024),3.486473684210526,4.930483220868621
CRI,Costa Rica,2020,80.53018608,11780.0,,99.9,132.6786804,77.52115373,False,False,142.4815268,19.71914777,5034320.0,5.034,Negara lain,Upper-Middle Income,3.0,World Average,0.51,Cellular basket low-usage 70min+20sms (2018-2024),3.486473684210526,0.14627960690186134
CIV,Cote d'Ivoire,2020,36.01660156,2120.0,,69.9,55.43803237,51.83576608,False,False,138.6637503,0.9039112621,28915449.0,28.915,Negara lain,Lower-Middle Income,2.0,World Average,3.88,Cellular basket low-usage 70min+20sms (2018-2024),3.486473684210526,1.1128723034886705
HRV,Croatia,2020,78.32090004,15060.0,,100.0,105.5854187,56.52848634,False,False,110.6662994,26.07445501,3914206.0,3.914,Negara lain,High Income,4.0,World Average,1.6,Cellular basket low-usage 70min+20sms (2018-2024),3.486473684210526,0.45891641380976106
CUB,Cuba,2020,71.11907507,,,99.9,101.4879906,77.10803223,False,False,,,,,,,,,2.65,Cellular basket low-usage 70min+20sms (2018-2024),3.486473684210526,0.7600803103724167
CUW,Curacao,2020,,16190.0,,100.0,129.470257,91.38208817,False,False,,,,,,,,,1.93,Cellular basket low-usage 70min+20sms (2018-2024),3.486473684210526,0.5535679241580242
CYP,Cyprus,2020,90.80194644,26780.0,,100.0,101.9358368,66.71804435,False,False,135.5888464,36.3127392,1302247.0,1.302,Negara lain,High Income,4.0,World Average,0.55,Cellular basket low-usage 70min+20sms (2018-2024),3.486473684210526,0.15775251724710537
CZE,Czech Republic,2020,81.33889705,22190.0,,100.0,99.32926178,72.72549016,False,False,123.2194602,36.44908986,10697858.0,10.698,Negara lain,High Income,4.0,World Average,0.59,Cellular basket low-usage 70min+20sms (2018-2024),3.486473684210526,0.16922542759234938
DNK,Denmark,2020,96.54914573,62710.0,,100.0,129.9951935,88.23944855,False,False,124.3700195,44.41856597,5831404.0,5.831,Negara lain,High Income,4.0,World Average,0.5,Cellular basket low-usage 70min+20sms (2018-2024),3.486473684210526,0.14341137931555034
DJI,Djibouti,2020,59.92570114,2780.0,,64.5,,71.99901705,False,False,39.27250386,2.266854146,1105188.0,1.105,Negara lain,Lower-Middle Income,2.0,World Average,5.71,Cellular basket low-usage 70min+20sms (2018-2024),3.486473684210526,1.6377579517835847
DMA,Dominica,2020,75.65670013,8230.0,,100.0,105.1815796,71.84657678,False,False,110.4094831,27.06110429,67573.0,0.068,Negara lain,Upper-Middle Income,3.0,World Average,3.26,Cellular basket low-usage 70min+20sms (2018-2024),3.486473684210526,0.9350421931373881
DOM,Dominican Rep.,2020,81.61730194,7080.0,,100.0,80.04441192,73.26437938,False,False,81.66190057,9.373454575,11008300.0,11.008,Negara lain,Upper-Middle Income,3.0,World Average,1.82,Cellular basket low-usage 70min+20sms (2018-2024),3.486473684210526,0.5220174207086032
ECU,Ecuador,2020,70.7,5410.0,,98.8,93.98494913,63.07738978,False,False,88.25549204,13.51469404,17546065.0,17.546,Negara lain,Upper-Middle Income,3.0,World Average,2.59,Cellular basket low-usage 70min+20sms (2018-2024),3.486473684210526,0.7428709448545506
EGY,Egypt,2020,71.91420096,2960.0,,100.0,79.65447501,42.51815346,False,False,87.23168717,8.539630802,109315124.0,109.315,Negara lain,Lower-Middle Income,2.0,World Average,0.42,Cellular basket low-usage 70min+20sms (2018-2024),3.486473684210526,0.12046555862506227
SLV,El Salvador,2020,54.60136976,3800.0,,99.7,65.18371913,73.05702209,False,False,159.5753298,8.536790943,6234673.0,6.235,Negara lain,Lower-Middle Income,2.0,World Average,3.33,Cellular basket low-usage 70min+20sms (2018-2024),3.486473684210526,0.9551197862415652
GNQ,Equatorial Guinea,2020,55.00130081,6140.0,,66.7,,70.38533142,False,False,43.34954103,0.1073716492,1716468.0,1.716,Negara lain,Upper-Middle Income,3.0,World Average,,,,
ERI,Eritrea,2020,14.34939957,,,51.4,,35.11613846,False,False,,,,,,,,,14.98,Cellular basket low-usage 70min+20sms (2018-2024),3.486473684210526,4.296604924293888
EST,Estonia,2020,89.05828666,23580.0,,100.0,112.5277023,69.88157789,False,False,144.8322101,34.27003262,1329522.0,1.33,Negara lain,High Income,4.0,World Average,0.29,Cellular basket low-usage 70min+20sms (2018-2024),3.486473684210526,0.08317860000301919
SWZ,Eswatini,2020,49.01300049,3430.0,,80.0,,24.66527989,False,False,104.7472645,2.290042415,1192729.0,1.193,Negara lain,Lower-Middle Income,2.0,World Average,1.67,Cellular basket low-usage 70min+20sms (2018-2024),3.486473684210526,0.47899400691393806
ETH,Ethiopia,2020,16.06959915,820.0,,51.1,,21.62600517,False,False,37.42084723,0.1782745981,118917671.0,118.918,Negara lain,Low Income,1.0,World Average,1.69,Cellular basket low-usage 70min+20sms (2018-2024),3.486473684210526,0.4847304620865601
FRO,Faroe Islands,2020,,64210.0,,100.0,,38.66899872,False,False,,,,,,,,,0.52,Cellular basket low-usage 70min+20sms (2018-2024),3.486473684210526,0.14914783448817234
FJI,Fiji,2020,68.62560272,4560.0,,97.1,91.54163361,57.18668469,False,False,108.3650377,2.520539082,914963.0,0.915,Negara lain,Upper-Middle Income,3.0,World Average,1.65,Cellular basket low-usage 70min+20sms (2018-2024),3.486473684210526,0.47325755174131606
FIN,Finland,2020,92.17027106,49630.0,,100.0,143.1229095,73.08494398,False,False,128.7612946,33.38389746,5529543.0,5.53,Negara lain,High Income,4.0,World Average,0.39,Cellular basket low-usage 70min+20sms (2018-2024),3.486473684210526,0.11186087586612926
FRA,France,2020,84.70639801,39690.0,,100.0,104.5665665,78.71191318,False,False,110.3872153,46.47124084,67601110.0,67.601,Negara lain,High Income,4.0,World Average,0.26,Cellular basket low-usage 70min+20sms (2018-2024),3.486473684210526,0.07457391724408617
PYF,French Polynesia,2020,,22170.0,,100.0,,61.76731009,False,False,,,,,,,,,,,,
GAB,Gabon,2020,63.91790009,6820.0,,91.1,,90.34807504,False,False,131.3015626,1.920613604,2322539.0,2.323,Negara lain,Upper-Middle Income,3.0,World Average,3.37,Cellular basket low-usage 70min+20sms (2018-2024),3.486473684210526,0.9665926965868092
GMB,Gambia,2020,36.01100159,720.0,,62.2,,62.20692517,False,False,106.4482598,0.1987492313,2515733.0,2.516,Negara lain,Low Income,1.0,World Average,6.14,Cellular basket low-usage 70min+20sms (2018-2024),3.486473684210526,1.761091737994958
GEO,Georgia,2020,72.53157487,4330.0,,100.0,108.0669948,58.99905528,False,False,134.3660079,25.51204291,3722716.0,3.723,Negara lain,Lower-Middle Income,2.0,World Average,0.68,Cellular basket low-usage 70min+20sms (2018-2024),3.486473684210526,0.19503947586914847
DEU,Germany,2020,89.81294133,48540.0,,100.0,101.3078003,81.4700055,False,False,128.4247988,43.30486966,83160871.0,83.161,Negara lain,High Income,4.0,World Average,0.85,Cellular basket low-usage 70min+20sms (2018-2024),3.486473684210526,0.24379934483643556
GHA,Ghana,2020,62.51760101,2120.0,,85.4,74.01021863,56.2171614,False,False,126.8873914,0.2457710406,31887809.0,31.888,Negara lain,Lower-Middle Income,2.0,World Average,2.96,Cellular basket low-usage 70min+20sms (2018-2024),3.486473684210526,0.8489953655480579
GIB,Gibraltar,2020,,,,100.0,100.5002289,100.0,False,False,,,,,,,,,,,,
GRC,Greece,2020,78.11584474,18030.0,,100.0,103.6158295,78.30668425,False,False,106.6697952,39.78763607,10698599.0,10.699,Negara lain,High Income,4.0,World Average,0.58,Cellular basket low-usage 70min+20sms (2018-2024),3.486473684210526,0.16635720000603837
GRL,Greenland,2020,,,,100.0,,87.2840882,False,False,,,,,,,,,,,,
GRD,Grenada,2020,65.65380096,8390.0,,93.4,104.2986692,36.20505025,False,False,102.0792326,27.46409262,116341.0,0.116,Negara lain,Upper-Middle Income,3.0,World Average,2.69,Cellular basket low-usage 70min+20sms (2018-2024),3.486473684210526,0.7715532207176607
GUM,Guam,2020,,,,100.0,,94.08049911,False,False,,,,,,,,,,,,
GTM,Guatemala,2020,47.51229858,4360.0,,96.6,51.79569648,54.54831679,False,False,117.4758841,3.525888926,17357325.0,17.357,Negara lain,Lower-Middle Income,2.0,World Average,6.93,Cellular basket low-usage 70min+20sms (2018-2024),3.486473684210526,1.9876817173135275
GIN,Guinea,2020,26.14550018,1030.0,,44.7,,36.48022081,False,False,107.776552,0.007478769829,13371183.0,13.371,Negara lain,Low Income,1.0,World Average,5.29,Cellular basket low-usage 70min+20sms (2018-2024),3.486473684210526,1.5172923931585225
GNB,Guinea-Bissau,2020,20.45730019,860.0,,33.4,,44.30383301,False,False,95.06287082,0.1183655324,2013255.0,2.013,Negara lain,Low Income,1.0,World Average,18.16,Cellular basket low-usage 70min+20sms (2018-2024),3.486473684210526,5.208701296740788
GUY,Guyana,2020,62.95399857,8090.0,,92.3,86.94001007,26.43403974,False,False,106.0086863,11.76498271,807481.0,0.807,Negara lain,Upper-Middle Income,3.0,World Average,2.82,Cellular basket low-usage 70min+20sms (2018-2024),3.486473684210526,0.8088401793397038
HTI,Haiti,2020,39.38809967,1340.0,,46.3,,52.63074767,False,False,65.09337373,0.275706324,11243848.0,11.244,Negara lain,Lower-Middle Income,2.0,World Average,9.0,Cellular basket low-usage 70min+20sms (2018-2024),3.486473684210526,2.581404827679906
HND,Honduras,2020,45.24829865,2120.0,,93.1,58.42689994,56.8691654,False,False,68.78361286,3.922234388,10119640.0,10.12,Negara lain,Lower-Middle Income,2.0,World Average,7.8,Cellular basket low-usage 70min+20sms (2018-2024),3.486473684210526,2.237217517322585
HKG,"Hong Kong SAR, China",2020,92.41313602,48550.0,,100.0,100.449692,100.0,False,False,291.916275,38.52463908,7481000.0,7.481,Negara lain,High Income,4.0,World Average,0.05,Cellular basket low-usage 70min+20sms (2018-2024),3.486473684210526,0.014341137931555033
HUN,Hungary,2020,84.77115202,16330.0,,100.0,101.9406281,70.29173279,False,False,105.9819024,33.49220372,9670419.0,9.67,Negara lain,High Income,4.0,World Average,1.01,Cellular basket low-usage 70min+20sms (2018-2024),3.486473684210526,0.2896909862174117
ISL,Iceland,2020,99.5327519,66730.0,,100.0,110.4873199,94.13671029,False,False,114.9394186,38.68264714,366463.0,0.366,Negara lain,High Income,4.0,World Average,0.26,Cellular basket low-usage 70min+20sms (2018-2024),3.486473684210526,0.07457391724408617
IND,India,2020,43.40544313,1900.0,,96.5,77.62715484,34.12867261,False,False,82.25404799,1.636226328,1402617695.0,1402.618,Negara lain,Lower-Middle Income,2.0,World Average,1.62,Cellular basket low-usage 70min+20sms (2018-2024),3.486473684210526,0.4646528689823831
IDN,Indonesia,2020,53.72649449,3850.0,,97.0,96.93457791,56.27852876,True,True,129.4036211,3.929937691,274814866.0,274.815,Indonesia,Lower-Middle Income,2.0,Indonesia,1.83,Cellular basket low-usage 70min+20sms (2018-2024),3.486473684210526,0.5248856482949142
IRN,Iran (Islamic Republic of),2020,75.56986637,3980.0,,100.0,85.19139862,75.59864044,False,False,145.4855699,10.90266715,87723443.0,87.723,Negara lain,Lower-Middle Income,2.0,World Average,0.45,Cellular basket low-usage 70min+20sms (2018-2024),3.486473684210526,0.1290702413839953
IRQ,Iraq,2020,53.67779922,4720.0,,100.0,,69.86831665,False,False,88.97992846,14.84948514,42116605.0,42.117,Negara lain,Upper-Middle Income,3.0,World Average,1.61,Cellular basket low-usage 70min+20sms (2018-2024),3.486473684210526,0.46178464139607206
IRL,Ireland,2020,91.99989097,64420.0,,100.0,133.4970245,63.47133667,False,False,105.0456127,30.43533846,5039747.0,5.04,Negara lain,High Income,4.0,World Average,0.78,Cellular basket low-usage 70min+20sms (2018-2024),3.486473684210526,0.22372175173225853
IMN,Isle of Man,2020,,79280.0,,100.0,,52.19095198,False,False,,,,,,,,,,,,
ISR,Israel,2020,90.12734091,43330.0,,100.0,98.09584045,91.57884532,False,False,139.4258609,29.56781619,9215100.0,9.215,Negara lain,High Income,4.0,World Average,0.31,Cellular basket low-usage 70min+20sms (2018-2024),3.486473684210526,0.0889150551756412
ITA,Italy,2020,70.48342785,32600.0,,100.0,101.8361282,69.51874924,False,False,129.4900057,30.25863652,59438851.0,59.439,Negara lain,High Income,4.0,World Average,0.8,Cellular basket low-usage 70min+20sms (2018-2024),3.486473684210526,0.22945820690488053
JAM,Jamaica,2020,76.38400269,5360.0,,99.7,81.53378166,57.11036476,False,False,101.5020813,13.62199058,2830739.0,2.831,Negara lain,Upper-Middle Income,3.0,World Average,1.08,Cellular basket low-usage 70min+20sms (2018-2024),3.486473684210526,0.30976857932158874
JPN,Japan,2020,90.21945812,41880.0,,100.0,101.3405685,91.78099263,False,False,154.4322068,34.83706124,126261000.0,126.261,Negara lain,High Income,4.0,World Average,1.09,Cellular basket low-usage 70min+20sms (2018-2024),3.486473684210526,0.31263680690789974
JOR,Jordan,2020,78.4178009,4460.0,,99.9,90.19929929,91.8216723,False,False,64.31426013,5.803329668,10865228.0,10.865,Negara lain,Lower-Middle Income,2.0,World Average,0.6,Cellular basket low-usage 70min+20sms (2018-2024),3.486473684210526,0.17209365517866038
KAZ,Kazakhstan,2020,85.94259898,8380.0,,100.0,91.94902063,59.98711935,False,False,124.6984606,13.45028366,19482117.0,19.482,Negara lain,Upper-Middle Income,3.0,World Average,0.33,Cellular basket low-usage 70min+20sms (2018-2024),3.486473684210526,0.09465151034826322
KEN,Kenya,2020,24.7227993,1910.0,,71.5,,31.20634946,False,False,117.6025264,1.291124897,52217334.0,52.217,Negara lain,Lower-Middle Income,2.0,World Average,4.45,Cellular basket low-usage 70min+20sms (2018-2024),3.486473684210526,1.276361275908398
KIR,Kiribati,2020,52.95090103,3070.0,,91.0,,58.41237141,False,False,43.34768713,0.1467101246,126099.0,0.126,Negara lain,Lower-Middle Income,2.0,World Average,4.47,Cellular basket low-usage 70min+20sms (2018-2024),3.486473684210526,1.2820977310810198
KOR,Korea (Rep. of),2020,96.50506052,35000.0,,100.0,97.08882141,81.17595956,False,False,135.9732743,43.05406009,51836239.0,51.836,Negara lain,High Income,4.0,World Average,0.8,Cellular basket low-usage 70min+20sms (2018-2024),3.486473684210526,0.22945820690488053
PRK,"Korea, Dem. People's Rep.",2020,,,,50.5,,62.63551405,False,False,,,,,,,,,,,,
XKX,Kosovo,2020,,4450.0,,,,45.22686253,False,False,,,,,,,,,,,,
KWT,Kuwait,2020,99.10587017,33150.0,,100.0,,100.0,False,False,153.8664644,1.680581363,4400267.0,4.4,Negara lain,High Income,4.0,World Average,0.36,Cellular basket low-usage 70min+20sms (2018-2024),3.486473684210526,0.10325619310719623
KGZ,Kyrgyz Republic,2020,72.0,1210.0,,99.9,92.16553056,34.81743154,False,False,109.7801067,4.336643588,6726596.0,6.727,Negara lain,Lower-Middle Income,2.0,World Average,2.53,Cellular basket low-usage 70min+20sms (2018-2024),3.486473684210526,0.7256615793366846
LAO,Lao P.D.R.,2020,54.0,2470.0,,99.3,62.44930581,36.61850336,False,True,63.1139886,1.672108463,7346533.0,7.347,ASEAN lain,Lower-Middle Income,2.0,World Average,3.5,Cellular basket low-usage 70min+20sms (2018-2024),3.486473684210526,1.0038796552088523
LVA,Latvia,2020,88.89796078,17350.0,,100.0,105.9562836,68.12112229,False,False,107.9024871,25.80416943,1900449.0,1.9,Negara lain,High Income,4.0,World Average,0.5,Cellular basket low-usage 70min+20sms (2018-2024),3.486473684210526,0.14341137931555034
LBN,Lebanon,2020,82.0664978,6350.0,,100.0,65.89697761,89.7294998,False,False,75.20031047,7.576987787,5702398.0,5.702,Negara lain,Upper-Middle Income,3.0,World Average,2.64,Cellular basket low-usage 70min+20sms (2018-2024),3.486473684210526,0.7572120827861057
LSO,Lesotho,2020,43.65750122,1170.0,,47.5,,39.63293054,False,False,69.89440124,0.2263245915,2235727.0,2.236,Negara lain,Lower-Middle Income,2.0,World Average,6.74,Cellular basket low-usage 70min+20sms (2018-2024),3.486473684210526,1.9331853931736185
LBR,Liberia,2020,22.91069984,570.0,,27.6,37.74168015,53.38786856,False,False,32.10043455,0.2524535083,5149463.0,5.149,Negara lain,Low Income,1.0,World Average,8.48,Cellular basket low-usage 70min+20sms (2018-2024),3.486473684210526,2.4322569931917335
LBY,Libya,2020,74.35810089,7000.0,,69.4,,87.82782671,False,False,164.9871072,4.712295216,7045399.0,7.045,Negara lain,Upper-Middle Income,3.0,World Average,0.65,Cellular basket low-usage 70min+20sms (2018-2024),3.486473684210526,0.18643479311021544
LIE,Liechtenstein,2020,94.34999847,,,100.0,120.228447,14.66666229,False,False,,,,,,,,,0.13,Cellular basket low-usage 70min+20sms (2018-2024),3.486473684210526,0.037286958622043086
LTU,Lithuania,2020,83.05554724,19800.0,,100.0,106.8108215,67.42546082,False,False,131.3413323,28.49885452,2810369.0,2.81,Negara lain,High Income,4.0,World Average,0.71,Cellular basket low-usage 70min+20sms (2018-2024),3.486473684210526,0.20364415862808147
LUX,Luxembourg,2020,98.45962893,80090.0,,100.0,107.078949,93.860069,False,False,132.9089736,37.29608609,630419.0,0.63,Negara lain,High Income,4.0,World Average,0.09,Cellular basket low-usage 70min+20sms (2018-2024),3.486473684210526,0.02581404827679906
MAC,"Macao SAR, China",2020,87.46230316,43810.0,,100.0,88.57718121,100.0,False,False,237.3437745,30.45089281,685400.0,0.685,Negara lain,High Income,4.0,World Average,0.06,Cellular basket low-usage 70min+20sms (2018-2024),3.486473684210526,0.01720936551786604
MDG,Madagascar,2020,11.35470009,450.0,,32.0,,30.70194742,False,False,54.80846636,0.1105218302,28953556.0,28.954,Negara lain,Low Income,1.0,World Average,6.15,Cellular basket low-usage 70min+20sms (2018-2024),3.486473684210526,1.7639599655812692
MWI,Malawi,2020,13.89949989,560.0,,11.5,41.45650751,16.29614718,False,False,51.21704394,0.06273712637,19533888.0,19.534,Negara lain,Low Income,1.0,World Average,22.11,Cellular basket low-usage 70min+20sms (2018-2024),3.486473684210526,6.341651193333635
MYS,Malaysia,2020,89.55501192,10110.0,,100.0,73.24594116,75.05118956,False,True,129.0179117,9.911017429,33889558.0,33.89,ASEAN lain,Upper-Middle Income,3.0,World Average,0.63,Cellular basket low-usage 70min+20sms (2018-2024),3.486473684210526,0.1806983379375934
MDV,Maldives,2020,79.09780121,7050.0,,100.0,69.89820156,40.39851479,False,False,142.9361226,12.68327365,502118.0,0.502,Negara lain,Upper-Middle Income,3.0,World Average,0.66,Cellular basket low-usage 70min+20sms (2018-2024),3.486473684210526,0.18930302069652644
MLI,Mali,2020,29.11300087,930.0,,50.6,,29.0205973,False,False,116.5874054,1.122814044,21713836.0,21.714,Negara lain,Low Income,1.0,World Average,13.86,Cellular basket low-usage 70min+20sms (2018-2024),3.486473684210526,3.975363434627055
MLT,Malta,2020,86.85876183,26910.0,,100.0,100.1127777,95.18410823,False,False,122.1756943,41.10944082,515490.0,0.515,Negara lain,High Income,4.0,World Average,0.5,Cellular basket low-usage 70min+20sms (2018-2024),3.486473684210526,0.14341137931555034
MHL,Marshall Islands,2020,56.41910172,6610.0,,98.3,92.96925048,77.28586461,False,False,37.46546153,2.341591345,42706.0,0.043,Negara lain,Upper-Middle Income,3.0,World Average,6.58,Cellular basket low-usage 70min+20sms (2018-2024),3.486473684210526,1.8872937517926422
MRT,Mauritania,2020,29.90649986,1720.0,,45.4,36.02770301,56.98367011,False,False,126.2770343,0.4012277042,4600131.0,4.6,Negara lain,Lower-Middle Income,2.0,World Average,4.34,Cellular basket low-usage 70min+20sms (2018-2024),3.486473684210526,1.2448107724589768
MUS,Mauritius,2020,67.73290684,10780.0,,99.5,89.50199984,39.16070391,False,False,149.069959,25.18658098,1266014.0,1.266,Negara lain,Upper-Middle Income,3.0,World Average,0.41,Cellular basket low-usage 70min+20sms (2018-2024),3.486473684210526,0.11759733103875127
MEX,Mexico,2020,71.49017499,8920.0,,99.4,102.581543,78.6779606,False,False,96.92374519,17.75205594,126799054.0,126.799,Negara lain,Upper-Middle Income,3.0,World Average,0.5,Cellular basket low-usage 70min+20sms (2018-2024),3.486473684210526,0.14341137931555034
FSM,Micronesia,2020,39.38330078,4070.0,,81.9,,22.375206,False,False,19.83482996,5.40949908,110916.0,0.111,Negara lain,Lower-Middle Income,2.0,World Average,4.41,Cellular basket low-usage 70min+20sms (2018-2024),3.486473684210526,1.264888365563154
MDA,Moldova,2020,74.11830139,4360.0,,100.0,96.17333747,41.33685303,False,False,111.4446728,23.42685926,2635130.0,2.635,Negara lain,Lower-Middle Income,2.0,World Average,1.88,Cellular basket low-usage 70min+20sms (2018-2024),3.486473684210526,0.5392267862264692
MCO,Monaco,2020,98.57080078,,,100.0,,100.0,False,False,,,,,,,,,,,,
MNG,Mongolia,2020,62.50002848,3690.0,,99.5,95.38263707,68.08947718,False,False,132.6102738,9.34755689,3327204.0,3.327,Negara lain,Lower-Middle Income,2.0,World Average,0.66,Cellular basket low-usage 70min+20sms (2018-2024),3.486473684210526,0.18930302069652644
MNE,Montenegro,2020,77.60879306,7780.0,,99.9,92.35787201,65.24906884,False,False,177.6652109,30.29534407,626590.0,0.627,Negara lain,Upper-Middle Income,3.0,World Average,2.41,Cellular basket low-usage 70min+20sms (2018-2024),3.486473684210526,0.6912428483009526
MAR,Morocco,2020,84.12036305,3260.0,,100.0,80.30879965,62.0933436,False,False,135.0884048,5.746834809,36584208.0,36.584,Negara lain,Lower-Middle Income,2.0,World Average,0.79,Cellular basket low-usage 70min+20sms (2018-2024),3.486473684210526,0.22658997931856953
MOZ,Mozambique,2020,14.28740025,480.0,,30.6,,33.90440064,False,False,50.23188255,0.2273931571,30783688.0,30.784,Negara lain,Low Income,1.0,World Average,19.87,Cellular basket low-usage 70min+20sms (2018-2024),3.486473684210526,5.69916821399997
MMR,Myanmar,2020,45.4477005,1320.0,,70.4,,30.159305,False,True,148.1582081,1.299245922,53016522.0,53.017,ASEAN lain,Lower-Middle Income,2.0,World Average,0.84,Cellular basket low-usage 70min+20sms (2018-2024),3.486473684210526,0.24093111725012453
NAM,Namibia,2020,57.8608017,4240.0,,52.3,82.88729925,48.54738175,False,False,106.2065875,2.886950199,2728762.0,2.729,Negara lain,Lower-Middle Income,2.0,World Average,1.95,Cellular basket low-usage 70min+20sms (2018-2024),3.486473684210526,0.5593043793306463
NRU,Naoero,2020,77.46659851,17180.0,,100.0,80.24337769,100.0,False,False,85.88851671,,11643.0,0.012,Negara lain,High Income,4.0,World Average,1.35,Cellular basket low-usage 70min+20sms (2018-2024),3.486473684210526,0.38721072415198593
NPL,Nepal,2020,36.96530151,1190.0,,89.9,85.31015778,66.10508861,False,False,131.9210204,4.384363853,28966574.0,28.967,Negara lain,Lower-Middle Income,2.0,World Average,1.58,Cellular basket low-usage 70min+20sms (2018-2024),3.486473684210526,0.45317995863713906
NLD,Netherlands,2020,91.33333333,51490.0,,100.0,136.2841644,94.25322778,False,False,121.4227285,42.66672775,17441500.0,17.442,Negara lain,High Income,4.0,World Average,0.41,Cellular basket low-usage 70min+20sms (2018-2024),3.486473684210526,0.11759733103875127
NCL,New Caledonia,2020,,34890.0,,100.0,,67.27472611,False,False,,,,,,,,,,,,
NZL,New Zealand,2020,90.92099762,41880.0,,100.0,116.8931885,83.81389771,False,False,123.000575,34.81302867,5072400.0,5.072,Negara lain,High Income,4.0,World Average,0.44,Cellular basket low-usage 70min+20sms (2018-2024),3.486473684210526,0.12620201379768428
NIC,Nicaragua,2020,44.87490082,1810.0,,86.0,,58.70459227,False,False,90.81406742,4.422531483,6565267.0,6.565,Negara lain,Lower-Middle Income,2.0,World Average,21.68,Cellular basket low-usage 70min+20sms (2018-2024),3.486473684210526,6.218317407122262
NER,Niger,2020,11.85680008,570.0,,18.7,,17.008142,False,False,60.03555248,0.05059531075,23717613.0,23.718,Negara lain,Low Income,1.0,World Average,32.05,Cellular basket low-usage 70min+20sms (2018-2024),3.486473684210526,9.192669414126776
NGA,Nigeria,2020,31.88879967,2460.0,,55.4,44.12208939,59.76596548,False,False,95.43566481,0.03052063812,213996181.0,213.996,Negara lain,Lower-Middle Income,2.0,World Average,2.4,Cellular basket low-usage 70min+20sms (2018-2024),3.486473684210526,0.6883746207146415
MKD,North Macedonia,2020,81.40553811,6460.0,,100.0,82.44167328,61.15933027,False,False,99.47238671,25.40412336,1856124.0,1.856,Negara lain,Upper-Middle Income,3.0,World Average,2.24,Cellular basket low-usage 70min+20sms (2018-2024),3.486473684210526,0.6424829793336655
MNP,Northern Mariana Islands,2020,,,,100.0,,91.69083674,False,False,,,,,,,,,,,,
NOR,Norway,2020,94.60755647,78460.0,,100.0,119.9415436,82.70298857,False,False,108.2968445,44.38630566,5379475.0,5.379,Negara lain,High Income,4.0,World Average,0.43,Cellular basket low-usage 70min+20sms (2018-2024),3.486473684210526,0.12333378621137328
OMN,Oman,2020,95.23229321,17190.0,,100.0,94.54324609,80.01763789,False,False,140.3786008,11.38296026,4522497.0,4.522,Negara lain,High Income,4.0,World Average,0.8,Cellular basket low-usage 70min+20sms (2018-2024),3.486473684210526,0.22945820690488053
PAK,Pakistan,2020,18.935,1370.0,,94.5,,37.50801929,False,False,74.73321666,1.039540362,235001746.0,235.002,Negara lain,Lower-Middle Income,2.0,World Average,1.6,Cellular basket low-usage 70min+20sms (2018-2024),3.486473684210526,0.45891641380976106
PLW,Palau,2020,,15440.0,,100.0,160.8000031,79.0796884,False,False,,,,,,,,,0.81,Cellular basket low-usage 70min+20sms (2018-2024),3.486473684210526,0.23232643449119156
PAN,Panama,2020,64.82430267,13070.0,,95.3,,65.78629996,False,False,142.2830804,13.83468184,4293261.0,4.293,Negara lain,Upper-Middle Income,3.0,World Average,0.69,Cellular basket low-usage 70min+20sms (2018-2024),3.486473684210526,0.19790770345545944
PNG,Papua New Guinea,2020,15.02040005,2410.0,,20.5,44.55281992,14.17036772,False,False,49.0843997,0.2139419663,9815746.0,9.816,Negara lain,Lower-Middle Income,2.0,World Average,4.07,Cellular basket low-usage 70min+20sms (2018-2024),3.486473684210526,1.1673686276285797
PRY,Paraguay,2020,73.95751114,5550.0,,99.7,85.66693092,66.11652099,False,False,119.0999523,8.515918028,6603739.0,6.604,Negara lain,Upper-Middle Income,3.0,World Average,2.25,Cellular basket low-usage 70min+20sms (2018-2024),3.486473684210526,0.6453512069199765
PER,Peru,2020,65.25179796,6080.0,,96.2,100.1387024,83.52674372,False,False,119.854099,8.411865203,32838579.0,32.839,Negara lain,Upper-Middle Income,3.0,World Average,1.96,Cellular basket low-usage 70min+20sms (2018-2024),3.486473684210526,0.5621726069169573
PHL,Philippines,2020,53.76490021,3350.0,,96.4,87.94198795,54.10777199,False,True,133.4562091,7.08108895,112081264.0,112.081,ASEAN lain,Lower-Middle Income,2.0,World Average,3.01,Cellular basket low-usage 70min+20sms (2018-2024),3.486473684210526,0.8633365034796129
POL,Poland,2020,83.18488715,15640.0,,100.0,112.5762634,59.87381411,False,False,129.2884873,21.92558583,37515748.0,37.516,Negara lain,High Income,4.0,World Average,0.73,Cellular basket low-usage 70min+20sms (2018-2024),3.486473684210526,0.20938061380070347
PRT,Portugal,2020,78.26166044,21910.0,,100.0,118.682869,61.10425668,False,False,114.2763829,40.12154069,10297081.0,10.297,Negara lain,High Income,4.0,World Average,0.53,Cellular basket low-usage 70min+20sms (2018-2024),3.486473684210526,0.15201606207448334
PRI,Puerto Rico,2020,,21200.0,,100.0,,94.0116145,False,False,,,,,,,,,2.13,Cellular basket low-usage 70min+20sms (2018-2024),3.486473684210526,0.6109324758842444
QAT,Qatar,2020,99.65284913,57730.0,,100.0,105.8693284,99.16179138,False,False,135.4978909,10.56319615,2794148.0,2.794,Negara lain,High Income,4.0,World Average,0.26,Cellular basket low-usage 70min+20sms (2018-2024),3.486473684210526,0.07457391724408617
ROU,Romania,2020,78.45526895,12720.0,,100.0,86.41687775,52.61194725,False,False,116.478206,29.31408064,19265250.0,19.265,Negara lain,Upper-Middle Income,3.0,World Average,0.86,Cellular basket low-usage 70min+20sms (2018-2024),3.486473684210526,0.24666757242274656
RUS,Russian Federation,2020,84.99466978,10660.0,,99.9,91.5812884,74.69322168,False,False,163.1011125,23.15570418,145245148.0,145.245,Negara lain,Upper-Middle Income,3.0,World Average,0.32,Cellular basket low-usage 70min+20sms (2018-2024),3.486473684210526,0.09178328276195222
RWA,Rwanda,2020,23.8,780.0,,45.2,,24.50297611,False,False,81.23787248,0.135352982,13065837.0,13.066,Negara lain,Low Income,1.0,World Average,4.3,Cellular basket low-usage 70min+20sms (2018-2024),3.486473684210526,1.2333378621137328
KNA,Saint Kitts and Nevis,2020,70.27529907,19340.0,,100.0,111.1952066,31.47162897,False,False,133.4008961,45.95690207,46870.0,0.047,Negara lain,High Income,4.0,World Average,1.57,Cellular basket low-usage 70min+20sms (2018-2024),3.486473684210526,0.45031173105082806
LCA,Saint Lucia,2020,62.06399918,8700.0,,100.0,88.73763275,25.75243866,False,False,81.8687237,19.97251052,178250.0,0.178,Negara lain,Upper-Middle Income,3.0,World Average,2.52,Cellular basket low-usage 70min+20sms (2018-2024),3.486473684210526,0.7227933517503736
VCT,Saint Vincent and the Grenadines,2020,63.38100052,8360.0,,100.0,127.8443912,47.32551719,False,False,96.94376292,23.89061685,103526.0,0.104,Negara lain,Upper-Middle Income,3.0,World Average,4.45,Cellular basket low-usage 70min+20sms (2018-2024),3.486473684210526,1.276361275908398
WSM,Samoa,2020,,4080.0,,100.0,,18.0516609,False,False,,,,,,,,,1.76,Cellular basket low-usage 70min+20sms (2018-2024),3.486473684210526,0.5048080551907371
SMR,San Marino,2020,77.94999695,40570.0,,100.0,61.86046512,97.09999847,False,False,112.1688861,31.63737812,34770.0,0.035,Negara lain,High Income,4.0,World Average,,,,
STP,Sao Tome and Principe,2020,51.55469894,2030.0,,76.8,,68.04367065,False,False,80.11727643,1.155287787,217435.0,0.217,Negara lain,Lower-Middle Income,2.0,World Average,6.0,Cellular basket low-usage 70min+20sms (2018-2024),3.486473684210526,1.720936551786604
SAU,Saudi Arabia,2020,97.8623325,26940.0,,100.0,104.4110274,83.80643529,False,False,139.4441946,25.45967635,31552510.0,31.553,Negara lain,High Income,4.0,World Average,0.61,Cellular basket low-usage 70min+20sms (2018-2024),3.486473684210526,0.1749618827649714
SEN,Senegal,2020,53.30879974,1430.0,,64.3,44.78662978,51.05629501,False,False,113.6380912,1.056410069,16789219.0,16.789,Negara lain,Lower-Middle Income,2.0,World Average,10.62,Cellular basket low-usage 70min+20sms (2018-2024),3.486473684210526,3.0460576966622885
SRB,Serbia,2020,78.36804864,7790.0,,100.0,92.24117279,61.22320175,False,False,120.2168595,25.18349944,6899126.0,6.899,Negara lain,Upper-Middle Income,3.0,World Average,1.38,Cellular basket low-usage 70min+20sms (2018-2024),3.486473684210526,0.3958154069109189
SYC,Seychelles,2020,79.25170135,15400.0,,100.0,102.1881838,44.29361472,False,False,152.5450782,29.06784381,98462.0,0.098,Negara lain,High Income,4.0,World Average,0.88,Cellular basket low-usage 70min+20sms (2018-2024),3.486473684210526,0.25240402759536856
SLE,Sierra Leone,2020,17.12080002,840.0,,26.3,62.56068039,43.21296591,False,False,87.00348231,0.002274864841,7912558.0,7.913,Negara lain,Low Income,1.0,World Average,13.54,Cellular basket low-usage 70min+20sms (2018-2024),3.486473684210526,3.8835801518651025
SGP,Singapore,2020,92.00434653,56290.0,,100.0,103.1158392,100.0,False,True,150.2593347,26.86227236,5685807.0,5.686,ASEAN lain,High Income,4.0,World Average,0.37,Cellular basket low-usage 70min+20sms (2018-2024),3.486473684210526,0.10612442069350723
SXM,Sint Maarten (Dutch part),2020,,29440.0,,100.0,,100.0,False,False,,,,,,,,,,,,
SVK,Slovak Republic,2020,89.92090413,19420.0,,100.0,90.81334686,53.24819989,False,False,133.6329043,31.19254837,5458827.0,5.459,Negara lain,High Income,4.0,World Average,0.68,Cellular basket low-usage 70min+20sms (2018-2024),3.486473684210526,0.19503947586914847
SVN,Slovenia,2020,86.60130109,25380.0,,100.0,110.359169,55.38439178,False,False,121.3314282,30.99301329,2102419.0,2.102,Negara lain,High Income,4.0,World Average,0.85,Cellular basket low-usage 70min+20sms (2018-2024),3.486473684210526,0.24379934483643556
SLB,Solomon Islands,2020,24.1984005,2170.0,,72.9,,28.03275552,False,False,63.66706156,0.1343186953,744498.0,0.744,Negara lain,Lower-Middle Income,2.0,World Average,6.61,Cellular basket low-usage 70min+20sms (2018-2024),3.486473684210526,1.8958984345515755
SOM,Somalia,2020,15.02369976,500.0,,49.9,,52.28631801,False,False,53.11331784,0.7146635937,16651191.0,16.651,Negara lain,Low Income,1.0,World Average,,,,
ZAF,South Africa,2020,72.1128006,5930.0,,90.0,103.5011781,63.43730883,False,False,158.4472694,2.151594733,60562381.0,60.562,Negara lain,Upper-Middle Income,3.0,World Average,1.39,Cellular basket low-usage 70min+20sms (2018-2024),3.486473684210526,0.3986836344972299
SSD,South Sudan,2020,,,,7.3,,20.19145655,False,False,,,,,,,,,,,,
ESP,Spain,2020,93.20564892,27410.0,,100.0,118.3381882,79.69556746,False,False,116.7120415,33.95275902,47359424.0,47.359,Negara lain,High Income,4.0,World Average,0.54,Cellular basket low-usage 70min+20sms (2018-2024),3.486473684210526,0.15488428966079437
LKA,Sri Lanka,2020,36.18473435,3880.0,,100.0,,19.66218983,False,False,131.7734213,7.896220369,21919000.0,21.919,Negara lain,Lower-Middle Income,2.0,World Average,0.24,Cellular basket low-usage 70min+20sms (2018-2024),3.486473684210526,0.06883746207146416
MAF,St. Martin (French part),2020,,,,100.0,,100.0,False,False,,,,,,,,,,,,
PSE,State of Palestine,2020,76.18160248,3700.0,,100.0,90.25440567,86.07411837,False,False,80.12979881,7.43459366,4803269.0,4.803,Negara lain,Lower-Middle Income,2.0,World Average,3.26,Cellular basket low-usage 70min+20sms (2018-2024),3.486473684210526,0.9350421931373881
SDN,Sudan,2020,,600.0,,59.7,,34.55944338,False,False,,,,,,,,,1.52,Cellular basket low-usage 70min+20sms (2018-2024),3.486473684210526,0.435970593119273
SUR,Suriname,2020,,4710.0,,98.4,73.11669922,66.00830078,False,False,,,,,,,,,2.62,Cellular basket low-usage 70min+20sms (2018-2024),3.486473684210526,0.7514756276134837
SWE,Sweden,2020,94.53943122,54590.0,,100.0,136.4261322,87.94240469,False,False,123.548657,40.36798103,10353442.0,10.353,Negara lain,High Income,4.0,World Average,0.56,Cellular basket low-usage 70min+20sms (2018-2024),3.486473684210526,0.16062074483341637
CHE,Switzerland,2020,94.34999847,83150.0,,100.0,104.2116165,82.34168385,False,False,127.3763735,46.48137128,8638167.0,8.638,Negara lain,High Income,4.0,World Average,0.48,Cellular basket low-usage 70min+20sms (2018-2024),3.486473684210526,0.1376749241429283
SYR,Syrian Arab Republic,2020,,820.0,,89.0,39.07278061,73.41250311,False,False,,,,,,,,,,,,
TJK,Tajikistan,2020,27.54409981,1030.0,,99.5,90.90120728,26.19254423,False,False,62.28262308,0.3699646437,9749310.0,9.749,Negara lain,Low Income,1.0,World Average,3.73,Cellular basket low-usage 70min+20sms (2018-2024),3.486473684210526,1.0698488896940055
TZA,Tanzania,2020,19.48139954,1060.0,,39.9,30.92059386,33.8547246,False,False,84.00505583,1.86248,60972798.0,60.973,Negara lain,Low Income,1.0,World Average,4.5,Cellular basket low-usage 70min+20sms (2018-2024),3.486473684210526,1.290702413839953
THA,Thailand,2020,77.84374066,6910.0,,100.0,82.3668561,57.23587799,False,True,162.3277374,16.02181356,71641484.0,71.641,ASEAN lain,Upper-Middle Income,3.0,World Average,0.57,Cellular basket low-usage 70min+20sms (2018-2024),3.486473684210526,0.16348897241972735
TLS,Timor-Leste,2020,32.01269913,2040.0,,96.0,84.74104044,28.96190499,False,True,103.9110051,0.006259176669,1326053.0,1.326,ASEAN lain,Lower-Middle Income,2.0,World Average,6.57,Cellular basket low-usage 70min+20sms (2018-2024),3.486473684210526,1.8844255242063315
TGO,Togo,2020,29.02370071,970.0,,54.1,,41.87815273,False,False,75.16401914,0.6079319747,7788054.0,7.788,Negara lain,Low Income,1.0,World Average,20.68,Cellular basket low-usage 70min+20sms (2018-2024),3.486473684210526,5.931494648491162
TON,Tonga,2020,54.47370148,5210.0,,99.9,90.463998,21.87662068,False,False,58.65435556,4.730189964,105704.0,0.106,Negara lain,Upper-Middle Income,3.0,World Average,1.23,Cellular basket low-usage 70min+20sms (2018-2024),3.486473684210526,0.3527919931162538
TTO,Trinidad and Tobago,2020,77.28130341,15040.0,,100.0,,53.93776896,False,False,134.2311806,25.43989834,1366725.0,1.367,Negara lain,High Income,4.0,World Average,1.04,Cellular basket low-usage 70min+20sms (2018-2024),3.486473684210526,0.2982956689763447
TUN,Tunisia,2020,68.55639648,3270.0,,99.9,,69.10431664,False,False,124.0419768,11.14679845,11974057.0,11.974,Negara lain,Lower-Middle Income,2.0,World Average,0.44,Cellular basket low-usage 70min+20sms (2018-2024),3.486473684210526,0.12620201379768428
TUR,Turkiye,2020,77.6695605,9330.0,,100.0,112.5274582,88.9303115,False,False,95.39608537,19.43840644,83384680.0,83.385,Negara lain,Upper-Middle Income,3.0,World Average,0.83,Cellular basket low-usage 70min+20sms (2018-2024),3.486473684210526,0.23806288966381353
TKM,Turkmenistan,2020,,4180.0,,100.0,86.81202253,47.05469619,False,False,,,,,,,,,0.66,Cellular basket low-usage 70min+20sms (2018-2024),3.486473684210526,0.18930302069652644
TCA,Turks & Caicos Is.,2020,,20840.0,,99.4,91.1872705,93.19604084,False,False,,,,,,,,,,,,
TUV,Tuvalu,2020,,6920.0,,99.4,77.07715134,61.92126105,False,False,,,,,,,,,,,,
UGA,Uganda,2020,7.4,820.0,,42.1,,28.53997523,False,False,62.28241296,0.07781875006,44457152.0,44.457,Negara lain,Low Income,1.0,World Average,6.58,Cellular basket low-usage 70min+20sms (2018-2024),3.486473684210526,1.8872937517926422
UKR,Ukraine,2020,75.03790912,3530.0,,100.0,84.42833386,69.38391005,False,False,129.3412308,18.61702284,44680014.0,44.68,Negara lain,Lower-Middle Income,2.0,World Average,1.61,Cellular basket low-usage 70min+20sms (2018-2024),3.486473684210526,0.46178464139607206
ARE,United Arab Emirates,2020,100.0,41310.0,,100.0,99.16354008,85.19552557,False,False,194.4677497,34.34529033,9401038.0,9.401,Negara lain,High Income,4.0,World Average,0.1,Cellular basket low-usage 70min+20sms (2018-2024),3.486473684210526,0.028682275863110066
GBR,United Kingdom,2020,94.81820132,39350.0,,100.0,114.6172485,82.90000153,False,False,117.3048507,40.57752465,66740000.0,66.74,Negara lain,High Income,4.0,World Average,0.48,Cellular basket low-usage 70min+20sms (2018-2024),3.486473684210526,0.1376749241429283
USA,United States,2020,90.34470367,64630.0,,100.0,100.509819,79.99745176,False,False,103.85517,35.71569993,331578104.0,331.578,Negara lain,High Income,4.0,World Average,0.59,Cellular basket low-usage 70min+20sms (2018-2024),3.486473684210526,0.16922542759234938
URY,Uruguay,2020,85.47100067,16130.0,,100.0,116.9918289,95.39976501,False,False,133.9017019,31.29482243,3398968.0,3.399,Negara lain,High Income,4.0,World Average,1.22,Cellular basket low-usage 70min+20sms (2018-2024),3.486473684210526,0.3499237655299428
UZB,Uzbekistan,2020,71.09999824,2090.0,,100.0,90.06429702,50.76704025,False,False,99.40639019,15.80704221,33586372.0,33.586,Negara lain,Lower-Middle Income,2.0,World Average,1.13,Cellular basket low-usage 70min+20sms (2018-2024),3.486473684210526,0.3241097172531437
VUT,Vanuatu,2020,,3740.0,,67.3,59.16880035,22.41868521,False,False,,,,,,,,,5.71,Cellular basket low-usage 70min+20sms (2018-2024),3.486473684210526,1.6377579517835847
VEN,Venezuela,2020,72.44110107,1670.0,,99.9,,89.13990566,False,False,58.1625658,9.006064778,28444077.0,28.444,Negara lain,Lower-Middle Income,2.0,World Average,,,,
VNM,Viet Nam,2020,70.30000012,3400.0,,99.8,93.19213895,35.57066763,False,True,141.6555587,17.02629154,98079191.0,98.079,ASEAN lain,Lower-Middle Income,2.0,World Average,1.96,Cellular basket low-usage 70min+20sms (2018-2024),3.486473684210526,0.5621726069169573
VIR,Virgin Islands (U.S.),2020,,,,100.0,,95.09740245,False,False,,,,,,,,,,,,
YEM,Yemen,2020,,,,73.9,,35.70256046,False,False,,,,,,,,,2.77,Cellular basket low-usage 70min+20sms (2018-2024),3.486473684210526,0.7944990414081489
ZMB,Zambia,2020,14.64579964,1110.0,,44.6,,43.86444894,False,False,100.2351229,0.4318972349,19059395.0,19.059,Negara lain,Low Income,1.0,World Average,5.38,Cellular basket low-usage 70min+20sms (2018-2024),3.486473684210526,1.5431064414353215
ZWE,Zimbabwe,2020,29.29856532,1980.0,,52.7,,37.00976716,False,False,84.9604119,1.310378487,15526888.0,15.527,Negara lain,Lower-Middle Income,2.0,World Average,,,,
AFG,Afghanistan,2021,16.51429939,380.0,12.14,97.7,,25.34786203,False,False,56.69447605,0.06642431583,40000412.0,40.0,Negara lain,Low Income,1.0,World Average,7.4,Cellular basket low-usage 70min+20sms (2018-2024),3.0601595744680847,2.4181745493733815
ALB,Albania,2021,79.32371752,6940.0,2.16,100.0,97.66503303,57.5077187,False,False,92.48433571,19.63037371,2489762.0,2.49,Negara lain,Upper-Middle Income,3.0,World Average,1.29,Cellular basket low-usage 70min+20sms (2018-2024),3.0601595744680847,0.4215466444177922
DZA,Algeria,2021,72.21240234,4120.0,0.88,99.8,,73.61992183,False,False,105.0370926,9.331841919,44761099.0,44.761,Negara lain,Lower-Middle Income,2.0,World Average,1.92,Cellular basket low-usage 70min+20sms (2018-2024),3.0601595744680847,0.6274182614590396
ASM,American Samoa,2021,,,,,,82.21270915,False,False,,,,,,,,,,,,
AND,Andorra,2021,93.89749908,44720.0,,100.0,98.04042053,88.66273182,False,False,119.6876117,50.27691287,78364.0,0.078,Negara lain,High Income,4.0,World Average,,,,
AGO,Angola,2021,34.55649948,1960.0,3.56,48.2,53.13515427,68.25241636,False,False,44.38686893,0.3909252952,34532429.0,34.532,Negara lain,Lower-Middle Income,2.0,World Average,2.38,Cellular basket low-usage 70min+20sms (2018-2024),3.0601595744680847,0.7777372199336011
ATG,Antigua and Barbuda,2021,71.64530182,16690.0,3.13,100.0,,24.57498382,False,False,199.2441716,8.662790068,92349.0,0.092,Negara lain,High Income,4.0,World Average,2.23,Cellular basket low-usage 70min+20sms (2018-2024),3.0601595744680847,0.7287201682571136
ARG,Argentina,2021,87.15070683,10070.0,1.39,100.0,115.7357788,92.02927762,False,False,130.3527999,23.15000209,45312281.0,45.312,Negara lain,Upper-Middle Income,3.0,World Average,2.11,Cellular basket low-usage 70min+20sms (2018-2024),3.0601595744680847,0.6895065269159236
ARM,Armenia,2021,78.61225758,4580.0,1.05,100.0,91.48537351,65.35728753,False,False,125.3951349,16.25659458,2962300.0,2.962,Negara lain,Upper-Middle Income,3.0,World Average,1.05,Cellular basket low-usage 70min+20sms (2018-2024),3.0601595744680847,0.34311936173541224
ABW,Aruba,2021,,26550.0,1.16,100.0,123.6259079,61.92753399,False,False,,,,,,,,,1.13,Cellular basket low-usage 70min+20sms (2018-2024),3.0601595744680847,0.3692617892962055
AUS,Australia,2021,96.97219849,57220.0,0.24,100.0,135.5265656,87.23534076,False,False,105.1185146,35.83598615,25685412.0,25.685,Negara lain,High Income,4.0,World Average,0.48,Cellular basket low-usage 70min+20sms (2018-2024),3.0601595744680847,0.1568545653647599
AUT,Austria,2021,92.52915104,53440.0,0.29,100.0,102.307663,68.7736017,False,False,121.357732,29.25373397,8955797.0,8.956,Negara lain,High Income,4.0,World Average,0.1,Cellular basket low-usage 70min+20sms (2018-2024),3.0601595744680847,0.03267803445099165
AZE,Azerbaijan,2021,85.99998954,4910.0,1.69,100.0,91.41063676,58.36599697,False,False,105.6935595,20.08569945,10137750.0,10.138,Negara lain,Upper-Middle Income,3.0,World Average,1.25,Cellular basket low-usage 70min+20sms (2018-2024),3.0601595744680847,0.40847543063739555
BHS,Bahamas,2021,92.34980011,29910.0,0.68,100.0,72.63818801,81.47842353,False,False,100.2573334,20.74233109,396373.0,0.396,Negara lain,High Income,4.0,World Average,0.87,Cellular basket low-usage 70min+20sms (2018-2024),3.0601595744680847,0.2842988997236273
BHR,Bahrain,2021,100.0,25240.0,1.06,100.0,,100.0,False,False,128.0789125,16.50578919,1504365.0,1.504,Negara lain,High Income,4.0,World Average,1.11,Cellular basket low-usage 70min+20sms (2018-2024),3.0601595744680847,0.3627261824060073
BGD,Bangladesh,2021,38.91744466,2600.0,1.36,99.0,66.82823186,31.39921569,False,False,110.012054,6.642465181,167658854.0,167.659,Negara lain,Lower-Middle Income,2.0,World Average,1.0,Cellular basket low-usage 70min+20sms (2018-2024),3.0601595744680847,0.32678034450991644
BRB,Barbados,2021,69.4756012,20700.0,2.63,100.0,103.5694733,59.32203654,False,False,112.2227066,36.3512637,282147.0,0.282,Negara lain,High Income,4.0,World Average,3.91,Cellular basket low-usage 70min+20sms (2018-2024),3.0601595744680847,1.2777111470337732
BLR,Belarus,2021,86.88841196,7040.0,0.76,100.0,100.4206392,78.1310868,False,False,127.1173173,35.00976342,9302585.0,9.303,Negara lain,Upper-Middle Income,3.0,World Average,0.69,Cellular basket low-usage 70min+20sms (2018-2024),3.0601595744680847,0.2254784377118423
BEL,Belgium,2021,92.78867618,51140.0,0.46,100.0,143.1635132,87.43055641,False,False,101.4629356,43.0218055,11586195.0,11.586,Negara lain,High Income,4.0,World Average,0.3,Cellular basket low-usage 70min+20sms (2018-2024),3.0601595744680847,0.09803410335297492
BLZ,Belize,2021,70.65370178,6120.0,4.18,97.7,88.82155469,42.39108092,False,False,66.77694981,9.105947702,395346.0,0.395,Negara lain,Upper-Middle Income,3.0,World Average,4.01,Cellular basket low-usage 70min+20sms (2018-2024),3.0601595744680847,1.3103891814847648
BEN,Benin,2021,28.20470047,1280.0,6.53,42.0,44.2737999,50.19618076,False,False,94.91825983,0.1541665334,13413417.0,13.413,Negara lain,Lower-Middle Income,2.0,World Average,4.08,Cellular basket low-usage 70min+20sms (2018-2024),3.0601595744680847,1.333263805600459
BMU,Bermuda,2021,,120460.0,,100.0,,100.0,False,False,,,,,,,,,,,,
BTN,Bhutan,2021,85.63688389,3300.0,0.89,100.0,92.52483803,40.30751999,False,False,100.330908,0.3645662732,775442.0,0.775,Negara lain,Lower-Middle Income,2.0,World Average,0.63,Cellular basket low-usage 70min+20sms (2018-2024),3.0601595744680847,0.20587161704124735
BOL,Bolivia,2021,65.9773785,3990.0,2.8,98.6,90.41441374,70.34504128,False,False,100.809065,9.445740097,11937360.0,11.937,Negara lain,Lower-Middle Income,2.0,World Average,3.64,Cellular basket low-usage 70min+20sms (2018-2024),3.0601595744680847,1.189480454016096
BIH,Bosnia and Herzegovina,2021,75.67620138,6970.0,1.35,100.0,85.67614746,50.48994795,False,False,114.9116138,24.58908684,3244907.0,3.245,Negara lain,Upper-Middle Income,3.0,World Average,2.03,Cellular basket low-usage 70min+20sms (2018-2024),3.0601595744680847,0.6633640993551303
BWA,Botswana,2021,54.70069885,7440.0,1.17,73.7,70.6292572,66.51827671,False,False,173.2523514,5.548376995,2401441.0,2.401,Negara lain,Upper-Middle Income,3.0,World Average,1.17,Cellular basket low-usage 70min+20sms (2018-2024),3.0601595744680847,0.38233300307660223
BRA,Brazil,2021,80.68989314,8060.0,0.63,99.5,106.2984619,87.13607817,False,False,104.8247272,19.83631624,209550294.0,209.55,Negara lain,Upper-Middle Income,3.0,World Average,1.04,Cellular basket low-usage 70min+20sms (2018-2024),3.0601595744680847,0.3398515582903131
VGB,British Virgin Islands,2021,,,,100.0,75.2016129,53.97261868,False,False,,,,,,,,,,,,
BRN,Brunei Darussalam,2021,97.62879944,29890.0,0.28,100.0,,74.76673169,False,True,133.5970654,17.58098472,451721.0,0.452,ASEAN lain,High Income,4.0,World Average,0.26,Cellular basket low-usage 70min+20sms (2018-2024),3.0601595744680847,0.08496288957257828
BGR,Bulgaria,2021,75.27144583,11720.0,1.08,99.8,98.70876312,73.34676562,False,False,114.9119885,32.76884208,6507301.0,6.507,Negara lain,Upper-Middle Income,3.0,World Average,0.75,Cellular basket low-usage 70min+20sms (2018-2024),3.0601595744680847,0.24508525838243733
BFA,Burkina Faso,2021,18.1522007,820.0,10.46,19.0,38.14803124,26.81143077,False,False,112.1984194,0.07406601509,21995243.0,21.995,Negara lain,Low Income,1.0,World Average,8.79,Cellular basket low-usage 70min+20sms (2018-2024),3.0601595744680847,2.8723992282421653
BDI,Burundi,2021,6.777999878,250.0,13.65,10.2,,21.11088619,False,False,59.70078549,0.03048864905,12965481.0,12.965,Negara lain,Low Income,1.0,World Average,25.42,Cellular basket low-usage 70min+20sms (2018-2024),3.0601595744680847,8.306756357442076
CPV,Cabo Verde,2021,70.28250122,3870.0,3.31,95.5,97.00592504,74.16079309,False,False,114.2305511,5.909621426,516649.0,0.517,Negara lain,Lower-Middle Income,2.0,World Average,8.65,Cellular basket low-usage 70min+20sms (2018-2024),3.0601595744680847,2.826649980010777
KHM,Cambodia,2021,60.76269913,2120.0,2.42,82.5,54.28093231,40.10918581,False,True,117.2347852,1.980894063,16974305.0,16.974,ASEAN lain,Lower-Middle Income,2.0,World Average,4.92,Cellular basket low-usage 70min+20sms (2018-2024),3.0601595744680847,1.607759294988789
CMR,Cameroon,2021,38.89260101,1610.0,3.95,65.4,45.52557671,54.55486645,False,False,80.80810134,2.233851263,26915758.0,26.916,Negara lain,Lower-Middle Income,2.0,World Average,4.23,Cellular basket low-usage 70min+20sms (2018-2024),3.0601595744680847,1.3822808572769467
CAN,Canada,2021,93.93710327,49080.0,0.63,100.0,108.3373413,82.17792791,False,False,87.40560196,41.69309626,38239864.0,38.24,Negara lain,High Income,4.0,World Average,0.37,Cellular basket low-usage 70min+20sms (2018-2024),3.0601595744680847,0.12090872746866908
CYM,Cayman Islands,2021,,76260.0,0.73,100.0,85.46164446,100.0,False,False,,,,,,,,,1.35,Cellular basket low-usage 70min+20sms (2018-2024),3.0601595744680847,0.4411534650883872
CAF,Central African Rep.,2021,,510.0,40.99,15.7,,42.85477829,False,False,,,,,,,,,25.97,Cellular basket low-usage 70min+20sms (2018-2024),3.0601595744680847,8.486485546922529
TCD,Chad,2021,9.653699875,890.0,24.1,11.3,23.15417677,25.23122464,False,False,58.03231754,0.0,17828273.0,17.828,Negara lain,Low Income,1.0,World Average,19.38,Cellular basket low-usage 70min+20sms (2018-2024),3.0601595744680847,6.33300307660218
CHI,Channel Islands,2021,,,,100.0,,32.81481411,False,False,,,,,,,,,,,,
CHL,Chile,2021,90.23280334,14790.0,0.48,100.0,106.6735229,88.46605117,False,False,136.5715813,22.01404437,19456334.0,19.456,Negara lain,High Income,4.0,World Average,0.62,Cellular basket low-usage 70min+20sms (2018-2024),3.0601595744680847,0.20260381359614818
CHN,China,2021,73.05323517,12220.0,0.5,100.0,,64.72107697,False,False,121.4919184,37.56117513,1412360000.0,1412.36,Negara lain,Upper-Middle Income,3.0,World Average,0.35,Cellular basket low-usage 70min+20sms (2018-2024),3.0601595744680847,0.11437312057847074
COL,Colombia,2021,73.02837449,6310.0,1.86,100.0,102.987999,77.83395703,False,False,146.6278373,16.47679045,51188173.0,51.188,Negara lain,Upper-Middle Income,3.0,World Average,1.12,Cellular basket low-usage 70min+20sms (2018-2024),3.0601595744680847,0.36599398585110643
COM,Comoros,2021,30.68120003,1590.0,7.9,87.9,,32.41244443,False,False,104.3114301,0.1504569933,818174.0,0.818,Negara lain,Lower-Middle Income,2.0,World Average,7.9,Cellular basket low-usage 70min+20sms (2018-2024),3.0601595744680847,2.58156472162834
COG,Congo (Rep. of the),2021,30.02739906,2040.0,12.35,49.7,,63.61791258,False,False,95.86149989,0.2568996924,5892183.0,5.892,Negara lain,Lower-Middle Income,2.0,World Average,6.51,Cellular basket low-usage 70min+20sms (2018-2024),3.0601595744680847,2.127340042759556
COD,"Congo, Dem. Rep.",2021,16.1595993,530.0,10.91,20.8,55.36362839,43.62906818,False,False,47.2882542,0.03126609574,99148932.0,99.149,Negara lain,Low Income,1.0,World Average,16.25,Cellular basket low-usage 70min+20sms (2018-2024),3.0601595744680847,5.310180598286142
CRI,Costa Rica,2021,82.74901607,12750.0,0.72,100.0,138.9033813,77.98689402,False,False,140.7880612,20.92429863,5059988.0,5.06,Negara lain,Upper-Middle Income,3.0,World Average,0.52,Cellular basket low-usage 70min+20sms (2018-2024),3.0601595744680847,0.16992577914515655
CIV,Cote d'Ivoire,2021,35.95069885,2300.0,2.58,71.1,57.135967,52.3183462,False,False,150.3437986,1.130377814,29639736.0,29.64,Negara lain,Lower-Middle Income,2.0,World Average,3.88,Cellular basket low-usage 70min+20sms (2018-2024),3.0601595744680847,1.2679077366984757
HRV,Croatia,2021,81.25396608,17390.0,0.71,100.0,105.8763428,56.76835026,False,False,112.1694385,26.7157501,3878981.0,3.879,Negara lain,High Income,4.0,World Average,0.57,Cellular basket low-usage 70min+20sms (2018-2024),3.0601595744680847,0.18626479637065235
CUB,Cuba,2021,67.64354869,,,100.0,100.0161815,77.09877014,False,False,,,,,,,,,,,,
CUW,Curacao,2021,,17950.0,1.93,100.0,,91.39186583,False,False,,,,,,,,,3.13,Cellular basket low-usage 70min+20sms (2018-2024),3.0601595744680847,1.0228224783160385
CYP,Cyprus,2021,90.75951564,29560.0,0.81,100.0,102.0476532,66.67183654,False,False,142.0514089,36.65024737,1317309.0,1.317,Negara lain,High Income,4.0,World Average,0.37,Cellular basket low-usage 70min+20sms (2018-2024),3.0601595744680847,0.12090872746866908
CZE,Czech Republic,2021,82.67062427,25500.0,0.51,100.0,102.0899429,72.68105944,False,False,126.1731457,37.49847944,10505772.0,10.506,Negara lain,High Income,4.0,World Average,0.71,Cellular basket low-usage 70min+20sms (2018-2024),3.0601595744680847,0.23201404460204064
DNK,Denmark,2021,98.8658506,69810.0,0.49,100.0,131.7720184,88.26164493,False,False,125.6041378,44.95983797,5856733.0,5.857,Negara lain,High Income,4.0,World Average,0.49,Cellular basket low-usage 70min+20sms (2018-2024),3.0601595744680847,0.16012236880985906
DJI,Djibouti,2021,61.41120148,2990.0,6.09,65.4,,72.28829546,False,False,43.64235209,1.391128457,1121248.0,1.121,Negara lain,Lower-Middle Income,2.0,World Average,2.03,Cellular basket low-usage 70min+20sms (2018-2024),3.0601595744680847,0.6633640993551303
DMA,Dominica,2021,78.07949829,8660.0,5.62,100.0,105.5356342,72.261362,False,False,92.51361567,20.95622154,67202.0,0.067,Negara lain,Upper-Middle Income,3.0,World Average,6.62,Cellular basket low-usage 70min+20sms (2018-2024),3.0601595744680847,2.1632858806556468
DOM,Dominican Rep.,2021,85.24298638,8160.0,2.58,98.1,75.70448078,72.92433474,False,False,87.52076239,10.31952602,11123476.0,11.123,Negara lain,Upper-Middle Income,3.0,World Average,1.58,Cellular basket low-usage 70min+20sms (2018-2024),3.0601595744680847,0.516312944325668
ECU,Ecuador,2021,69.1147995,6100.0,2.17,100.0,94.58992826,63.08712682,False,False,94.95062167,14.02843746,17682454.0,17.682,Negara lain,Upper-Middle Income,3.0,World Average,2.84,Cellular basket low-usage 70min+20sms (2018-2024),3.0601595744680847,0.9280561784081626
EGY,Egypt,2021,72.05599976,3470.0,1.09,100.0,81.88334871,42.56860626,False,False,84.08662209,9.765822993,110957008.0,110.957,Negara lain,Lower-Middle Income,2.0,World Average,0.39,Cellular basket low-usage 70min+20sms (2018-2024),3.0601595744680847,0.1274443343588674
SLV,El Salvador,2021,57.26380157,4380.0,4.93,97.9,64.98137875,73.68385315,False,False,176.9734463,9.071783512,6255782.0,6.256,Negara lain,Lower-Middle Income,2.0,World Average,3.36,Cellular basket low-usage 70min+20sms (2018-2024),3.0601595744680847,1.0979819575533192
GNQ,Equatorial Guinea,2021,58.71730042,5980.0,23.54,66.8,,70.6431215,False,False,46.43481356,0.09768101406,1758786.0,1.759,Negara lain,Upper-Middle Income,3.0,World Average,,,,
ERI,Eritrea,2021,,,,52.5,,34.98711395,False,False,,,,,,,,,,,,
EST,Estonia,2021,90.97970174,26490.0,0.24,100.0,113.01091,70.17772741,False,False,148.7395898,37.35718968,1330932.0,1.331,Negara lain,High Income,4.0,World Average,0.27,Cellular basket low-usage 70min+20sms (2018-2024),3.0601595744680847,0.08823069301767744
SWZ,Eswatini,2021,53.99530029,3620.0,4.05,82.9,,25.01561805,False,False,118.6274908,2.552807782,1206593.0,1.207,Negara lain,Lower-Middle Income,2.0,World Average,1.53,Cellular basket low-usage 70min+20sms (2018-2024),3.0601595744680847,0.49997392710017213
ETH,Ethiopia,2021,16.6981031,880.0,5.34,54.2,,22.10670853,False,False,52.80886332,0.3993823803,122138588.0,122.139,Negara lain,Low Income,1.0,World Average,1.39,Cellular basket low-usage 70min+20sms (2018-2024),3.0601595744680847,0.4542246788687838
FRO,Faroe Islands,2021,,70050.0,0.26,100.0,,38.80837631,False,False,,,,,,,,,0.43,Cellular basket low-usage 70min+20sms (2018-2024),3.0601595744680847,0.14051554813926406
FJI,Fiji,2021,70.56800079,4380.0,3.01,92.1,93.95505855,57.66183648,False,False,108.1584054,2.515732875,916711.0,0.917,Negara lain,Lower-Middle Income,2.0,World Average,3.68,Cellular basket low-usage 70min+20sms (2018-2024),3.0601595744680847,1.2025516677964925
FIN,Finland,2021,92.80806082,52810.0,0.36,100.0,143.3613434,73.37102158,False,False,129.0363332,33.63968183,5541017.0,5.541,Negara lain,High Income,4.0,World Average,0.16,Cellular basket low-usage 70min+20sms (2018-2024),3.0601595744680847,0.05228485512158663
FRA,France,2021,86.09548575,44300.0,0.66,100.0,104.5228424,78.73646034,False,False,113.9527194,47.64423363,67842811.0,67.843,Negara lain,High Income,4.0,World Average,0.28,Cellular basket low-usage 70min+20sms (2018-2024),3.0601595744680847,0.09149849646277661
PYF,French Polynesia,2021,,23460.0,,100.0,,61.73998132,False,False,,,,,,,,,,,,
GAB,Gabon,2021,65.76809692,7000.0,2.24,91.8,,90.78819673,False,False,132.3086587,2.651424946,2376722.0,2.377,Negara lain,Upper-Middle Income,3.0,World Average,4.14,Cellular basket low-usage 70min+20sms (2018-2024),3.0601595744680847,1.352870626271054
GMB,Gambia,2021,41.67309952,760.0,12.18,63.7,107.0271256,62.75507066,False,False,108.8474035,0.1940986254,2576010.0,2.576,Negara lain,Low Income,1.0,World Average,7.03,Cellular basket low-usage 70min+20sms (2018-2024),3.0601595744680847,2.2972658219047126
GEO,Georgia,2021,76.4427093,4760.0,0.85,100.0,106.2018567,59.42935606,False,False,146.5664727,26.64637869,3708610.0,3.709,Negara lain,Upper-Middle Income,3.0,World Average,0.69,Cellular basket low-usage 70min+20sms (2018-2024),3.0601595744680847,0.2254784377118423
DEU,Germany,2021,91.43060973,52850.0,0.29,100.0,101.203537,81.63258707,False,False,127.1250994,44.06433615,83196078.0,83.196,Negara lain,High Income,4.0,World Average,0.15,Cellular basket low-usage 70min+20sms (2018-2024),3.0601595744680847,0.04901705167648746
GHA,Ghana,2021,68.6,2250.0,2.33,86.3,76.20847421,56.69525568,False,False,124.4026254,0.3522377072,32518665.0,32.519,Negara lain,Lower-Middle Income,2.0,World Average,2.58,Cellular basket low-usage 70min+20sms (2018-2024),3.0601595744680847,0.8430932888355844
GIB,Gibraltar,2021,,,,100.0,101.4765091,100.0,False,False,,,,,,,,,,,,
GRC,Greece,2021,78.49426371,20350.0,0.66,100.0,104.7780685,78.38848986,False,False,108.643525,41.92130467,10570130.0,10.57,Negara lain,High Income,4.0,World Average,0.78,Cellular basket low-usage 70min+20sms (2018-2024),3.0601595744680847,0.2548886687177348
GRL,Greenland,2021,,,,100.0,,87.54520176,False,False,,,,,,,,,,,,
GRD,Grenada,2021,67.02279663,8890.0,5.08,93.7,100.9891772,36.28316037,False,False,86.57102701,26.11750994,116688.0,0.117,Negara lain,Upper-Middle Income,3.0,World Average,3.4,Cellular basket low-usage 70min+20sms (2018-2024),3.0601595744680847,1.111053171333716
GUM,Guam,2021,,,,100.0,,94.08843277,False,False,,,,,,,,,,,,
GTM,Guatemala,2021,50.84164945,4800.0,3.4,97.9,48.15745603,54.90470716,False,False,125.7189557,3.47753947,17598650.0,17.599,Negara lain,Upper-Middle Income,3.0,World Average,3.4,Cellular basket low-usage 70min+20sms (2018-2024),3.0601595744680847,1.111053171333716
GIN,Guinea,2021,28.61330032,1120.0,5.74,46.8,,36.85021784,False,False,110.1855197,0.007293673111,13710513.0,13.711,Negara lain,Low Income,1.0,World Average,4.67,Cellular basket low-usage 70min+20sms (2018-2024),3.0601595744680847,1.5260642088613097
GNB,Guinea-Bissau,2021,23.3519001,910.0,8.45,35.8,,44.7334137,False,False,108.6296125,0.1604300672,2058841.0,2.059,Negara lain,Low Income,1.0,World Average,22.25,Cellular basket low-usage 70min+20sms (2018-2024),3.0601595744680847,7.270862665345641
GUY,Guyana,2021,71.65090179,7810.0,4.03,92.9,86.70068359,26.44330396,False,False,104.9685953,11.64955204,815482.0,0.815,Negara lain,Upper-Middle Income,3.0,World Average,2.79,Cellular basket low-usage 70min+20sms (2018-2024),3.0601595744680847,0.9117171611826669
HTI,Haiti,2021,43.37919998,1450.0,18.53,47.2,,53.24606379,False,False,64.34519903,0.2725373917,11374586.0,11.375,Negara lain,Lower-Middle Income,2.0,World Average,4.82,Cellular basket low-usage 70min+20sms (2018-2024),3.0601595744680847,1.5750812605377973
HND,Honduras,2021,51.95159912,2440.0,8.71,94.1,54.50465666,57.35502364,False,False,73.47716596,4.09584099,10289877.0,10.29,Negara lain,Lower-Middle Income,2.0,World Average,7.18,Cellular basket low-usage 70min+20sms (2018-2024),3.0601595744680847,2.3462828735812
HKG,"Hong Kong SAR, China",2021,93.08715788,54380.0,0.13,100.0,100.1610268,100.0,False,False,319.8520669,39.21889757,7413100.0,7.413,Negara lain,High Income,4.0,World Average,0.05,Cellular basket low-usage 70min+20sms (2018-2024),3.0601595744680847,0.016339017225495824
HUN,Hungary,2021,88.64083466,18070.0,0.84,100.0,99.6460495,70.20592753,False,False,105.1372858,34.83918684,9630932.0,9.631,Negara lain,High Income,4.0,World Average,0.56,Cellular basket low-usage 70min+20sms (2018-2024),3.0601595744680847,0.18299699292555321
ISL,Iceland,2021,99.68701957,68000.0,0.42,100.0,115.1563034,94.21082064,False,False,117.3425575,38.40770279,372520.0,0.373,Negara lain,High Income,4.0,World Average,0.29,Cellular basket low-usage 70min+20sms (2018-2024),3.0601595744680847,0.09476629990787576
IND,India,2021,49.2580986,2170.0,1.1,99.6,80.62463967,34.44255172,False,False,81.60397431,1.948799609,1414203896.0,1414.204,Negara lain,Lower-Middle Income,2.0,World Average,1.1,Cellular basket low-usage 70min+20sms (2018-2024),3.0601595744680847,0.3594583789609081
IDN,Indonesia,2021,62.10447842,4130.0,0.85,99.2,97.84414798,56.87617025,True,True,132.1994443,4.487463279,276758053.0,276.758,Indonesia,Lower-Middle Income,2.0,Indonesia,1.9,Cellular basket low-usage 70min+20sms (2018-2024),3.0601595744680847,0.6208826545688412
IRN,Iran (Islamic Republic of),2021,78.5957366,4110.0,,100.0,,75.99263763,False,False,153.6246389,12.06810255,88455488.0,88.455,Negara lain,Lower-Middle Income,2.0,World Average,0.14,Cellular basket low-usage 70min+20sms (2018-2024),3.0601595744680847,0.045749248231388304
IRQ,Iraq,2021,65.00219727,4740.0,2.45,100.0,,69.86827087,False,False,94.60928322,14.82752366,43071211.0,43.071,Negara lain,Upper-Middle Income,3.0,World Average,1.72,Cellular basket low-usage 70min+20sms (2018-2024),3.0601595744680847,0.5620621925570563
IRL,Ireland,2021,93.50610352,74070.0,0.43,100.0,132.9476929,63.67742294,False,False,106.8697242,31.36164279,5110585.0,5.111,Negara lain,High Income,4.0,World Average,0.43,Cellular basket low-usage 70min+20sms (2018-2024),3.0601595744680847,0.14051554813926406
IMN,Isle of Man,2021,,76440.0,,100.0,,52.19995597,False,False,,,,,,,,,,,,
ISR,Israel,2021,90.29689758,49640.0,0.24,100.0,98.87004089,91.53535175,False,False,139.7753129,29.70787854,9371400.0,9.371,Negara lain,High Income,4.0,World Average,0.24,Cellular basket low-usage 70min+20sms (2018-2024),3.0601595744680847,0.07842728268237995
ITA,Italy,2021,74.8623274,36760.0,0.43,100.0,101.8348694,69.48125076,False,False,130.7814885,31.28529274,59133173.0,59.133,Negara lain,High Income,4.0,World Average,0.64,Cellular basket low-usage 70min+20sms (2018-2024),3.0601595744680847,0.2091394204863465
JAM,Jamaica,2021,82.36071561,5690.0,3.58,100.0,85.80935252,57.54110179,False,False,102.3866663,14.57175258,2837682.0,2.838,Negara lain,Upper-Middle Income,3.0,World Average,1.36,Cellular basket low-usage 70min+20sms (2018-2024),3.0601595744680847,0.4444212685334864
JPN,Japan,2021,82.91407928,45160.0,1.25,100.0,101.7444,91.87410493,False,False,159.5161235,35.93917244,125681593.0,125.682,Negara lain,High Income,4.0,World Average,1.18,Cellular basket low-usage 70min+20sms (2018-2024),3.0601595744680847,0.38560080652170137
JOR,Jordan,2021,85.999997,4650.0,3.67,99.9,90.06360225,92.11797291,False,False,65.74488477,6.45876565,11066356.0,11.066,Negara lain,Upper-Middle Income,3.0,World Average,1.07,Cellular basket low-usage 70min+20sms (2018-2024),3.0601595744680847,0.34965496862561063
KAZ,Kazakhstan,2021,90.9239507,8540.0,0.91,100.0,94.31052209,61.03025428,False,False,123.9439428,13.94679583,19743603.0,19.744,Negara lain,Upper-Middle Income,3.0,World Average,0.57,Cellular basket low-usage 70min+20sms (2018-2024),3.0601595744680847,0.18626479637065235
KEN,Kenya,2021,26.96290016,2070.0,3.12,76.5,80.37742697,31.2879334,False,False,122.2975197,1.482541083,53219166.0,53.219,Negara lain,Lower-Middle Income,2.0,World Average,4.21,Cellular basket low-usage 70min+20sms (2018-2024),3.0601595744680847,1.3757452503867482
KIR,Kiribati,2021,67.08760071,3150.0,5.62,92.8,87.14216693,59.63646453,False,False,40.99799808,0.08646408625,128377.0,0.128,Negara lain,Lower-Middle Income,2.0,World Average,4.0,Cellular basket low-usage 70min+20sms (2018-2024),3.0601595744680847,1.3071213780396658
KOR,Korea (Rep. of),2021,97.57132698,37450.0,0.53,100.0,98.06922913,81.16165265,False,False,140.5163828,44.25260823,51769539.0,51.77,Negara lain,High Income,4.0,World Average,0.67,Cellular basket low-usage 70min+20sms (2018-2024),3.0601595744680847,0.21894283082164404
PRK,"Korea, Dem. People's Rep.",2021,,,,52.6,,62.92656056,False,False,,,,,,,,,,,,
XKX,Kosovo,2021,,5140.0,,,,46.49957894,False,False,,,,,,,,,,,,
KWT,Kuwait,2021,99.7,35990.0,0.54,100.0,,100.0,False,False,158.6468541,1.615871794,4360865.0,4.361,Negara lain,High Income,4.0,World Average,0.58,Cellular basket low-usage 70min+20sms (2018-2024),3.0601595744680847,0.18953259981575152
KGZ,Kyrgyz Republic,2021,77.11769867,1270.0,2.76,99.7,92.50620003,34.75212102,False,False,108.1716548,4.432577243,6851224.0,6.851,Negara lain,Lower-Middle Income,2.0,World Average,4.14,Cellular basket low-usage 70min+20sms (2018-2024),3.0601595744680847,1.352870626271054
LAO,Lao P.D.R.,2021,62.0,2500.0,2.67,100.0,59.85305953,37.33877827,False,True,64.71014977,2.02268987,7453194.0,7.453,ASEAN lain,Lower-Middle Income,2.0,World Average,3.15,Cellular basket low-usage 70min+20sms (2018-2024),3.0601595744680847,1.0293580852062367
LVA,Latvia,2021,91.17964988,19310.0,0.47,100.0,105.8140106,68.18087915,False,False,114.6446703,25.97615491,1884490.0,1.884,Negara lain,High Income,4.0,World Average,0.51,Cellular basket low-usage 70min+20sms (2018-2024),3.0601595744680847,0.1666579757000574
LBN,Lebanon,2021,82.65599823,4770.0,6.29,100.0,67.51436178,89.96536205,False,False,74.9935206,7.556152177,5718122.0,5.718,Negara lain,Upper-Middle Income,3.0,World Average,3.14,Cellular basket low-usage 70min+20sms (2018-2024),3.0601595744680847,1.0260902817611377
LSO,Lesotho,2021,45.05670166,1190.0,7.44,50.4,,40.65517609,False,False,80.53681957,0.3536525079,2261542.0,2.262,Negara lain,Lower-Middle Income,2.0,World Average,7.97,Cellular basket low-usage 70min+20sms (2018-2024),3.0601595744680847,2.604439345744034
LBR,Liberia,2021,26.38229942,630.0,18.11,29.8,,53.92246189,False,False,31.42990077,0.2471801028,5259323.0,5.259,Negara lain,Low Income,1.0,World Average,9.28,Cellular basket low-usage 70min+20sms (2018-2024),3.0601595744680847,3.0325215970520243
LBY,Libya,2021,77.438797,6950.0,3.58,70.2,,87.83650183,False,False,195.1178492,4.653004306,7135175.0,7.135,Negara lain,Upper-Middle Income,3.0,World Average,1.32,Cellular basket low-usage 70min+20sms (2018-2024),3.0601595744680847,0.4313500547530897
LIE,Liechtenstein,2021,95.56939697,,0.07,100.0,118.7268677,14.69891594,False,False,,,,,,,,,0.13,Cellular basket low-usage 70min+20sms (2018-2024),3.0601595744680847,0.04248144478628914
LTU,Lithuania,2021,86.93054425,22040.0,0.25,100.0,105.6761017,68.1912117,False,False,133.3572733,28.71270158,2808380.0,2.808,Negara lain,High Income,4.0,World Average,0.2,Cellular basket low-usage 70min+20sms (2018-2024),3.0601595744680847,0.0653560689019833
LUX,Luxembourg,2021,98.66086333,86850.0,0.18,100.0,106.4827576,94.58617434,False,False,136.8710896,38.03996414,640064.0,0.64,Negara lain,High Income,4.0,World Average,0.13,Cellular basket low-usage 70min+20sms (2018-2024),3.0601595744680847,0.04248144478628914
MAC,"Macao SAR, China",2021,88.46810492,46220.0,0.17,100.0,88.54807692,100.0,False,False,183.5747881,29.61584212,682500.0,0.682,Negara lain,High Income,4.0,World Average,0.06,Cellular basket low-usage 70min+20sms (2018-2024),3.0601595744680847,0.019606820670594986
MDG,Madagascar,2021,13.74590015,470.0,13.19,35.1,34.13203598,31.11371232,False,False,53.91772338,0.1041827945,29691083.0,29.691,Negara lain,Low Income,1.0,World Average,6.18,Cellular basket low-usage 70min+20sms (2018-2024),3.0601595744680847,2.0195025290712834
MWI,Malawi,2021,15.30300045,600.0,10.41,14.2,35.88859176,16.48819258,False,False,59.55994082,0.06708149314,20047258.0,20.047,Negara lain,Low Income,1.0,World Average,9.49,Cellular basket low-usage 70min+20sms (2018-2024),3.0601595744680847,3.101145469399107
MYS,Malaysia,2021,96.7514278,10520.0,0.98,100.0,74.96181811,75.50886282,False,True,137.6849386,10.89217823,34282399.0,34.282,ASEAN lain,Upper-Middle Income,3.0,World Average,1.06,Cellular basket low-usage 70min+20sms (2018-2024),3.0601595744680847,0.34638716518051144
MDV,Maldives,2021,81.95760345,9350.0,2.97,100.0,,40.73986487,False,False,136.7892141,14.82464536,516154.0,0.516,Negara lain,Upper-Middle Income,3.0,World Average,0.96,Cellular basket low-usage 70min+20sms (2018-2024),3.0601595744680847,0.3137091307295198
MLI,Mali,2021,33.95650101,960.0,10.08,53.4,,29.70496383,False,False,108.6931224,0.648338018,22388630.0,22.389,Negara lain,Low Income,1.0,World Average,12.6,Cellular basket low-usage 70min+20sms (2018-2024),3.0601595744680847,4.117432340824947
MLT,Malta,2021,87.46977742,32440.0,0.54,100.0,101.4029083,95.51453436,False,False,123.9414085,42.18309,518150.0,0.518,Negara lain,High Income,4.0,World Average,0.27,Cellular basket low-usage 70min+20sms (2018-2024),3.0601595744680847,0.08823069301767744
MHL,Marshall Islands,2021,63.97259903,6720.0,,99.8,94.72739145,77.61631574,False,False,38.67817342,2.27717746,41367.0,0.041,Negara lain,Upper-Middle Income,3.0,World Average,6.38,Cellular basket low-usage 70min+20sms (2018-2024),3.0601595744680847,2.084858597973267
MRT,Mauritania,2021,35.63660049,1810.0,3.82,47.7,,57.90153514,False,False,137.5403231,0.4059030927,4734874.0,4.735,Negara lain,Lower-Middle Income,2.0,World Average,4.39,Cellular basket low-usage 70min+20sms (2018-2024),3.0601595744680847,1.4345657123985331
MUS,Mauritius,2021,71.59999847,10900.0,0.89,99.6,,39.07714732,False,False,154.053186,25.7028828,1266334.0,1.266,Negara lain,Upper-Middle Income,3.0,World Average,0.49,Cellular basket low-usage 70min+20sms (2018-2024),3.0601595744680847,0.16012236880985906
MEX,Mexico,2021,75.62650476,9880.0,1.39,100.0,98.32025146,78.93240074,False,False,99.09481491,19.27967259,127648148.0,127.648,Negara lain,Upper-Middle Income,3.0,World Average,0.53,Cellular basket low-usage 70min+20sms (2018-2024),3.0601595744680847,0.17319358259025572
FSM,Micronesia,2021,,4090.0,8.98,83.6,,22.39287629,False,False,,,,,,,,,3.74,Cellular basket low-usage 70min+20sms (2018-2024),3.0601595744680847,1.2221584884670875
MDA,Moldova,2021,74.91899872,5270.0,0.73,100.0,96.58534304,41.81154251,False,False,128.9836423,25.21127543,2595809.0,2.596,Negara lain,Upper-Middle Income,3.0,World Average,0.88,Cellular basket low-usage 70min+20sms (2018-2024),3.0601595744680847,0.28756670316872646
MCO,Monaco,2021,99.07759857,,,100.0,,100.0,False,False,,,,,,,,,,,,
MNG,Mongolia,2021,81.60682285,3690.0,1.94,100.0,98.32762209,69.2153244,False,False,140.3521422,11.39299824,3383741.0,3.384,Negara lain,Lower-Middle Income,2.0,World Average,0.66,Cellular basket low-usage 70min+20sms (2018-2024),3.0601595744680847,0.21567502737654484
MNE,Montenegro,2021,82.21969752,9220.0,2.26,99.8,93.16384125,65.32660313,False,False,185.4884731,31.18087078,625053.0,0.625,Negara lain,Upper-Middle Income,3.0,World Average,2.26,Cellular basket low-usage 70min+20sms (2018-2024),3.0601595744680847,0.738523578592411
MAR,Morocco,2021,88.13031937,3630.0,1.28,100.0,80.74039632,62.31732766,False,False,138.9112681,6.146178584,36954442.0,36.954,Negara lain,Lower-Middle Income,2.0,World Average,0.85,Cellular basket low-usage 70min+20sms (2018-2024),3.0601595744680847,0.277763292833429
MOZ,Mozambique,2021,16.35759926,490.0,11.94,31.5,,34.44992594,False,False,43.16361905,0.2065580078,31707800.0,31.708,Negara lain,Low Income,1.0,World Average,18.75,Cellular basket low-usage 70min+20sms (2018-2024),3.0601595744680847,6.127131459560933
MMR,Myanmar,2021,,1240.0,1.67,72.5,,30.23688125,False,True,,,,,,,,,0.9,Cellular basket low-usage 70min+20sms (2018-2024),3.0601595744680847,0.2941023100589248
NAM,Namibia,2021,60.25999832,4140.0,2.59,55.2,83.33295285,49.05718815,False,False,103.7273514,3.178134656,2810548.0,2.811,Negara lain,Lower-Middle Income,2.0,World Average,1.05,Cellular basket low-usage 70min+20sms (2018-2024),3.0601595744680847,0.34311936173541224
NRU,Naoero,2021,80.29499817,19620.0,2.23,100.0,,100.0,False,False,85.40438979,,11709.0,0.012,Negara lain,High Income,4.0,World Average,1.16,Cellular basket low-usage 70min+20sms (2018-2024),3.0601595744680847,0.37906519963150304
NPL,Nepal,2021,40.98910141,1250.0,2.47,89.9,83.92202097,66.14423527,False,False,129.6454183,4.308734755,29475010.0,29.475,Negara lain,Lower-Middle Income,2.0,World Average,1.52,Cellular basket low-usage 70min+20sms (2018-2024),3.0601595744680847,0.496706123655073
NLD,Netherlands,2021,92.05298013,59560.0,0.51,100.0,135.9621735,94.62947832,False,False,123.4478497,42.94605631,17533044.0,17.533,Negara lain,High Income,4.0,World Average,0.44,Cellular basket low-usage 70min+20sms (2018-2024),3.0601595744680847,0.14378335158436323
NCL,New Caledonia,2021,,35420.0,,100.0,,67.41307765,False,False,,,,,,,,,,,,
NZL,New Zealand,2021,91.99060059,45750.0,0.45,100.0,117.5954285,83.82993826,False,False,114.4547141,35.26282001,5084600.0,5.085,Negara lain,High Income,4.0,World Average,0.45,Cellular basket low-usage 70min+20sms (2018-2024),3.0601595744680847,0.1470511550294624
NIC,Nicaragua,2021,51.62039948,2060.0,6.61,86.3,,58.85925293,False,False,93.81650842,4.513795195,6644741.0,6.645,Negara lain,Lower-Middle Income,2.0,World Average,19.49,Cellular basket low-usage 70min+20sms (2018-2024),3.0601595744680847,6.3689489144982705
NER,Niger,2021,12.45689964,580.0,15.34,18.6,,17.22959367,False,False,61.50630924,,24502140.0,24.502,Negara lain,Low Income,1.0,World Average,5.95,Cellular basket low-usage 70min+20sms (2018-2024),3.0601595744680847,1.9443430498340029
NGA,Nigeria,2021,35.50979996,2860.0,2.0,59.5,45.44493866,60.56985454,False,False,89.29158584,0.03016392046,218529286.0,218.529,Negara lain,Lower-Middle Income,2.0,World Average,1.66,Cellular basket low-usage 70min+20sms (2018-2024),3.0601595744680847,0.5424553718864612
MKD,North Macedonia,2021,81.873703,7050.0,1.95,100.0,84.16195679,61.68419756,False,False,104.8751342,26.94488922,1837114.0,1.837,Negara lain,Upper-Middle Income,3.0,World Average,2.35,Cellular basket low-usage 70min+20sms (2018-2024),3.0601595744680847,0.7679338095983036
MNP,Northern Mariana Islands,2021,,,,100.0,,91.78421373,False,False,,,,,,,,,,,,
NOR,Norway,2021,99.0000036,83640.0,0.54,100.0,119.8168716,82.86128772,False,False,109.5856375,44.93922162,5408320.0,5.408,Negara lain,High Income,4.0,World Average,0.25,Cellular basket low-usage 70min+20sms (2018-2024),3.0601595744680847,0.08169508612747911
OMN,Oman,2021,95.23880005,17910.0,1.16,100.0,94.28726845,80.12399421,False,False,135.0769728,11.58529555,4500424.0,4.5,Negara lain,High Income,4.0,World Average,0.81,Cellular basket low-usage 70min+20sms (2018-2024),3.0601595744680847,0.2646920790530323
PAK,Pakistan,2021,,1420.0,0.58,94.9,40.25788984,37.93333955,False,False,,,,,,,,,1.77,Cellular basket low-usage 70min+20sms (2018-2024),3.0601595744680847,0.578401209782552
PLW,Palau,2021,,13980.0,1.89,100.0,102.2808268,79.08907988,False,False,,,,,,,,,0.88,Cellular basket low-usage 70min+20sms (2018-2024),3.0601595744680847,0.28756670316872646
PAN,Panama,2021,66.04270172,14920.0,2.09,95.3,,65.80923027,False,False,147.899862,14.8381106,4345405.0,4.345,Negara lain,High Income,4.0,World Average,0.88,Cellular basket low-usage 70min+20sms (2018-2024),3.0601595744680847,0.28756670316872646
PNG,Papua New Guinea,2021,16.55960083,2370.0,18.77,20.9,45.84895237,14.43983428,False,False,48.1179471,0.2097295328,10012896.0,10.013,Negara lain,Lower-Middle Income,2.0,World Average,9.25,Cellular basket low-usage 70min+20sms (2018-2024),3.0601595744680847,3.022718186716727
PRY,Paraguay,2021,77.01838621,5720.0,2.28,100.0,84.78798712,67.30586128,False,False,119.3126399,10.81186898,6684182.0,6.684,Negara lain,Upper-Middle Income,3.0,World Average,2.96,Cellular basket low-usage 70min+20sms (2018-2024),3.0601595744680847,0.9672698197493527
PER,Peru,2021,71.10782643,6550.0,1.74,95.6,101.5891418,83.94801183,False,False,129.9937369,9.057714103,33155882.0,33.156,Negara lain,Upper-Middle Income,3.0,World Average,1.74,Cellular basket low-usage 70min+20sms (2018-2024),3.0601595744680847,0.5685977994472546
PHL,Philippines,2021,66.90779877,3570.0,2.04,97.5,85.86664756,54.45041025,False,True,144.42429,8.508977157,113100950.0,113.101,ASEAN lain,Lower-Middle Income,2.0,World Average,2.38,Cellular basket low-usage 70min+20sms (2018-2024),3.0601595744680847,0.7777372199336011
POL,Poland,2021,85.37490906,17470.0,0.51,100.0,110.5297012,59.80965132,False,False,132.9872039,22.81656439,36981559.0,36.982,Negara lain,High Income,4.0,World Average,0.41,Cellular basket low-usage 70min+20sms (2018-2024),3.0601595744680847,0.13397994124906573
PRT,Portugal,2021,82.30902804,23980.0,0.78,100.0,118.9848709,61.09512493,False,False,119.7687008,41.51457287,10361831.0,10.362,Negara lain,High Income,4.0,World Average,0.55,Cellular basket low-usage 70min+20sms (2018-2024),3.0601595744680847,0.17972918948045405
PRI,Puerto Rico,2021,84.78666399,22580.0,1.85,100.0,,94.05507126,False,False,112.5404139,23.64409307,3262731.0,3.263,Negara lain,High Income,4.0,World Average,1.85,Cellular basket low-usage 70min+20sms (2018-2024),3.0601595744680847,0.6045436373433454
QAT,Qatar,2021,99.65280151,66970.0,0.4,100.0,95.66944835,99.20340891,False,False,137.7095484,11.07957351,2504910.0,2.505,Negara lain,High Income,4.0,World Average,0.33,Cellular basket low-usage 70min+20sms (2018-2024),3.0601595744680847,0.10783751368827242
ROU,Romania,2021,83.5904265,14180.0,0.55,100.0,86.19709015,52.23215121,False,False,119.1230684,31.69496037,19122059.0,19.122,Negara lain,High Income,4.0,World Average,0.45,Cellular basket low-usage 70min+20sms (2018-2024),3.0601595744680847,0.1470511550294624
RUS,Russian Federation,2021,88.21384578,11710.0,0.86,100.0,92.17115528,74.75168402,False,False,169.0726138,23.74091065,144746762.0,144.747,Negara lain,Upper-Middle Income,3.0,World Average,0.34,Cellular basket low-usage 70min+20sms (2018-2024),3.0601595744680847,0.1111053171333716
RWA,Rwanda,2021,24.4416008,850.0,6.53,48.7,44.18208406,26.10490928,False,False,81.63816354,0.2388721747,13355260.0,13.355,Negara lain,Low Income,1.0,World Average,3.68,Cellular basket low-usage 70min+20sms (2018-2024),3.0601595744680847,1.2025516677964925
KNA,Saint Kitts and Nevis,2021,74.37159729,19070.0,2.59,100.0,123.9467773,31.53935251,False,False,121.2561213,43.02546885,46763.0,0.047,Negara lain,High Income,4.0,World Average,1.71,Cellular basket low-usage 70min+20sms (2018-2024),3.0601595744680847,0.5587943891119571
LCA,Saint Lucia,2021,63.06330109,10030.0,4.06,100.0,,27.44434589,False,False,96.23743852,10.67543496,178522.0,0.179,Negara lain,Upper-Middle Income,3.0,World Average,3.15,Cellular basket low-usage 70min+20sms (2018-2024),3.0601595744680847,1.0293580852062367
VCT,Saint Vincent and the Grenadines,2021,68.83339691,8720.0,6.07,100.0,130.4891015,47.45541007,False,False,95.51735203,27.10203129,102841.0,0.103,Negara lain,Upper-Middle Income,3.0,World Average,4.1,Cellular basket low-usage 70min+20sms (2018-2024),3.0601595744680847,1.3397994124906571
WSM,Samoa,2021,,3990.0,4.96,98.3,,17.56724265,False,False,,,,,,,,,,,,
SMR,San Marino,2021,81.66999817,48190.0,,100.0,61.00719424,97.10356685,False,False,115.7005669,34.71017008,34252.0,0.034,Negara lain,High Income,4.0,World Average,,,,
STP,Sao Tome and Principe,2021,54.94950104,2220.0,5.66,78.5,,68.17389679,False,False,85.25777051,1.542162812,221961.0,0.222,Negara lain,Lower-Middle Income,2.0,World Average,5.57,Cellular basket low-usage 70min+20sms (2018-2024),3.0601595744680847,1.8201665189202347
SAU,Saudi Arabia,2021,100.0,30480.0,0.9,100.0,104.2809753,83.971635,False,False,145.0037578,33.79736102,30784383.0,30.784,Negara lain,High Income,4.0,World Average,0.69,Cellular basket low-usage 70min+20sms (2018-2024),3.0601595744680847,0.2254784377118423
SEN,Senegal,2021,55.04040146,1540.0,2.87,68.0,45.1726205,52.22602922,False,False,115.3250937,1.20966035,17220867.0,17.221,Negara lain,Lower-Middle Income,2.0,World Average,3.16,Cellular basket low-usage 70min+20sms (2018-2024),3.0601595744680847,1.032625888651336
SRB,Serbia,2021,81.16588116,8890.0,1.48,100.0,92.37950134,61.36389923,False,False,125.0755873,26.47942028,6834326.0,6.834,Negara lain,Upper-Middle Income,3.0,World Average,0.78,Cellular basket low-usage 70min+20sms (2018-2024),3.0601595744680847,0.2548886687177348
SYC,Seychelles,2021,81.99530029,14890.0,2.52,100.0,102.9522782,44.60267961,False,False,149.4792133,33.56452308,99258.0,0.099,Negara lain,High Income,4.0,World Average,1.09,Cellular basket low-usage 70min+20sms (2018-2024),3.0601595744680847,0.35619057551580896
SLE,Sierra Leone,2021,18.65390015,890.0,14.4,27.5,73.42514038,43.7345386,False,False,101.6367821,0.00227311979,8094602.0,8.095,Negara lain,Low Income,1.0,World Average,12.5,Cellular basket low-usage 70min+20sms (2018-2024),3.0601595744680847,4.084754306373956
SGP,Singapore,2021,96.92468156,65540.0,0.22,100.0,102.9512744,100.0,False,True,157.9776752,27.52109969,5453566.0,5.454,ASEAN lain,High Income,4.0,World Average,0.3,Cellular basket low-usage 70min+20sms (2018-2024),3.0601595744680847,0.09803410335297492
SXM,Sint Maarten (Dutch part),2021,,31430.0,,100.0,,100.0,False,False,,,,,,,,,,,,
SVK,Slovak Republic,2021,88.92560523,21010.0,0.51,100.0,91.08991241,53.19014799,False,False,135.2682527,32.6060735,5447247.0,5.447,Negara lain,High Income,4.0,World Average,0.51,Cellular basket low-usage 70min+20sms (2018-2024),3.0601595744680847,0.1666579757000574
SVN,Slovenia,2021,89.00399524,28320.0,0.61,100.0,108.1788788,55.30462894,False,False,123.3629241,31.550267,2108079.0,2.108,Negara lain,High Income,4.0,World Average,0.94,Cellular basket low-usage 70min+20sms (2018-2024),3.0601595744680847,0.30717352383932145
SLB,Solomon Islands,2021,26.03790092,2120.0,8.85,76.3,,28.68893968,False,False,62.1565164,0.1311318911,762591.0,0.763,Negara lain,Lower-Middle Income,2.0,World Average,5.76,Cellular basket low-usage 70min+20sms (2018-2024),3.0601595744680847,1.8822547843771187
SOM,Somalia,2021,23.87479973,540.0,7.74,49.3,,52.90606497,False,False,51.20594813,0.688999076,17271431.0,17.271,Negara lain,Low Income,1.0,World Average,9.68,Cellular basket low-usage 70min+20sms (2018-2024),3.0601595744680847,3.163233734855991
ZAF,South Africa,2021,74.96859741,6320.0,2.32,89.3,106.443304,63.45039259,False,False,163.1280631,2.75540858,61502603.0,61.503,Negara lain,Upper-Middle Income,3.0,World Average,1.43,Cellular basket low-usage 70min+20sms (2018-2024),3.0601595744680847,0.4672958926491805
SSD,South Sudan,2021,,,,7.7,,20.48111153,False,False,,,,,,,,,,,,
ESP,Spain,2021,93.89752157,30380.0,0.3,100.0,120.1358414,79.7846243,False,False,118.9998069,34.93024209,47443821.0,47.444,Negara lain,High Income,4.0,World Average,0.6,Cellular basket low-usage 70min+20sms (2018-2024),3.0601595744680847,0.19606820670594985
LKA,Sri Lanka,2021,44.45308724,4010.0,0.44,100.0,89.83396856,19.82662752,False,False,135.5226029,10.54014886,22156000.0,22.156,Negara lain,Lower-Middle Income,2.0,World Average,0.24,Cellular basket low-usage 70min+20sms (2018-2024),3.0601595744680847,0.07842728268237995
MAF,St. Martin (French part),2021,,,,100.0,,100.0,False,False,,,,,,,,,,,,
PSE,State of Palestine,2021,,4270.0,2.44,100.0,91.00940117,86.33495639,False,False,,,,,,,,,3.48,Cellular basket low-usage 70min+20sms (2018-2024),3.0601595744680847,1.1371955988945093
SDN,Sudan,2021,,620.0,3.36,61.8,,34.64215634,False,False,,,,,,,,,2.75,Cellular basket low-usage 70min+20sms (2018-2024),3.0601595744680847,0.8986459474022702
SUR,Suriname,2021,,4490.0,3.58,98.8,65.62947083,65.98539734,False,False,,,,,,,,,4.07,Cellular basket low-usage 70min+20sms (2018-2024),3.0601595744680847,1.32999600215536
SWE,Sweden,2021,94.6703163,59840.0,0.36,100.0,138.6881866,88.1741652,False,False,124.9614948,40.83514311,10415811.0,10.416,Negara lain,High Income,4.0,World Average,0.26,Cellular basket low-usage 70min+20sms (2018-2024),3.0601595744680847,0.08496288957257828
CHE,Switzerland,2021,95.56937154,91900.0,0.3,100.0,103.6051865,84.20064776,False,False,123.2123655,47.94330967,8704546.0,8.705,Negara lain,High Income,4.0,World Average,0.35,Cellular basket low-usage 70min+20sms (2018-2024),3.0601595744680847,0.11437312057847074
SYR,Syrian Arab Republic,2021,,730.0,,88.8,39.45957947,73.01250076,False,False,,,,,,,,,,,,
TJK,Tajikistan,2021,36.70560074,1130.0,7.54,99.6,91.2751683,26.19915252,False,False,64.08746825,0.4959913345,9966908.0,9.967,Negara lain,Low Income,1.0,World Average,1.29,Cellular basket low-usage 70min+20sms (2018-2024),3.0601595744680847,0.4215466444177922
TZA,Tanzania,2021,22.87540054,1130.0,4.9,42.7,28.23133087,34.35001118,False,False,86.01628141,1.97842,62830412.0,62.83,Negara lain,Low Income,1.0,World Average,2.13,Cellular basket low-usage 70min+20sms (2018-2024),3.0601595744680847,0.696042133806122
THA,Thailand,2021,85.26956666,7100.0,1.4,100.0,84.66445282,58.50877762,False,True,168.4852854,17.31688556,71727332.0,71.727,ASEAN lain,Upper-Middle Income,3.0,World Average,0.61,Cellular basket low-usage 70min+20sms (2018-2024),3.0601595744680847,0.19933601015104901
TLS,Timor-Leste,2021,35.04199982,2050.0,4.59,100.0,,28.79273717,False,True,102.6688363,0.01014710337,1350139.0,1.35,ASEAN lain,Lower-Middle Income,2.0,World Average,7.86,Cellular basket low-usage 70min+20sms (2018-2024),3.0601595744680847,2.5684935078479434
TGO,Togo,2021,30.33839989,1040.0,11.37,55.7,63.06693659,42.31059045,False,False,70.4496733,0.7493259749,7936176.0,7.936,Negara lain,Low Income,1.0,World Average,13.64,Cellular basket low-usage 70min+20sms (2018-2024),3.0601595744680847,4.45728389911526
TON,Tonga,2021,57.549,5240.0,2.05,100.0,106.1438965,21.2580039,False,False,60.9801877,6.457484122,105490.0,0.105,Negara lain,Upper-Middle Income,3.0,World Average,1.03,Cellular basket low-usage 70min+20sms (2018-2024),3.0601595744680847,0.3365837548452139
TTO,Trinidad and Tobago,2021,84.36576986,16310.0,2.61,100.0,,53.94212789,False,False,134.2215623,24.92994299,1367558.0,1.368,Negara lain,High Income,4.0,World Average,1.29,Cellular basket low-usage 70min+20sms (2018-2024),3.0601595744680847,0.4215466444177922
TUN,Tunisia,2021,68.31552226,3640.0,1.16,99.9,,69.39975238,False,False,129.846077,12.42204295,12048622.0,12.049,Negara lain,Lower-Middle Income,2.0,World Average,0.46,Cellular basket low-usage 70min+20sms (2018-2024),3.0601595744680847,0.15031895847456156
TUR,Turkiye,2021,81.40843745,10230.0,0.67,100.0,114.1473312,89.17620482,False,False,99.54154322,20.92112114,84147318.0,84.147,Negara lain,Upper-Middle Income,3.0,World Average,0.67,Cellular basket low-usage 70min+20sms (2018-2024),3.0601595744680847,0.21894283082164404
TKM,Turkmenistan,2021,,4160.0,5.14,100.0,89.93390656,47.05814103,False,False,,,,,,,,,0.6,Cellular basket low-usage 70min+20sms (2018-2024),3.0601595744680847,0.19606820670594985
TCA,Turks & Caicos Is.,2021,,27480.0,,100.0,98.00160217,93.44670254,False,False,,,,,,,,,,,,
TUV,Tuvalu,2021,,7460.0,3.09,99.7,88.88048411,62.60982964,False,False,,,,,,,,,1.77,Cellular basket low-usage 70min+20sms (2018-2024),3.0601595744680847,0.578401209782552
UGA,Uganda,2021,10.0,860.0,8.04,45.2,,29.23629578,False,False,65.622073,0.0838841644,45910930.0,45.911,Negara lain,Low Income,1.0,World Average,4.47,Cellular basket low-usage 70min+20sms (2018-2024),3.0601595744680847,1.4607081399593265
UKR,Ukraine,2021,79.21829353,4060.0,1.47,100.0,84.6516335,69.40270327,False,False,135.025689,18.26779424,44298640.0,44.299,Negara lain,Lower-Middle Income,2.0,World Average,1.54,Cellular basket low-usage 70min+20sms (2018-2024),3.0601595744680847,0.5032417305452713
ARE,United Arab Emirates,2021,100.0,43230.0,0.63,100.0,103.2106633,85.35719085,False,False,186.3008946,36.50053611,9575152.0,9.575,Negara lain,High Income,4.0,World Average,0.1,Cellular basket low-usage 70min+20sms (2018-2024),3.0601595744680847,0.03267803445099165
GBR,United Kingdom,2021,96.19650269,45880.0,0.39,100.0,113.719017,82.98864315,False,False,117.8874303,41.113487,66978000.0,66.978,Negara lain,High Income,4.0,World Average,0.39,Cellular basket low-usage 70min+20sms (2018-2024),3.0601595744680847,0.1274443343588674
USA,United States,2021,91.2684021,71510.0,0.7,100.0,101.1924896,80.00747651,False,False,106.3245143,37.00742789,332100166.0,332.1,Negara lain,High Income,4.0,World Average,0.71,Cellular basket low-usage 70min+20sms (2018-2024),3.0601595744680847,0.23201404460204064
URY,Uruguay,2021,87.64440155,16220.0,0.97,100.0,119.8263421,95.44971466,False,False,138.1129892,32.54510635,3396695.0,3.397,Negara lain,High Income,4.0,World Average,1.06,Cellular basket low-usage 70min+20sms (2018-2024),3.0601595744680847,0.34638716518051144
UZB,Uzbekistan,2021,76.59043014,2360.0,1.07,99.9,97.25890369,50.92699051,False,False,102.4100903,21.89442109,34243696.0,34.244,Negara lain,Lower-Middle Income,2.0,World Average,1.04,Cellular basket low-usage 70min+20sms (2018-2024),3.0601595744680847,0.3398515582903131
VUT,Vanuatu,2021,,3990.0,3.78,70.0,62.94330978,22.25018224,False,False,,,,,,,,,,,,
VEN,Venezuela,2021,74.11219788,1790.0,,100.0,,89.17664447,False,False,60.23448831,9.242436015,28237826.0,28.238,Negara lain,Lower-Middle Income,2.0,World Average,,,,
VNM,Viet Nam,2021,74.20999985,3540.0,0.49,100.0,92.76902092,36.65406564,False,True,136.8063132,19.53623273,98935098.0,98.935,ASEAN lain,Lower-Middle Income,2.0,World Average,1.88,Cellular basket low-usage 70min+20sms (2018-2024),3.0601595744680847,0.6143470476786429
VIR,Virgin Islands (U.S.),2021,,,,100.0,,95.16043106,False,False,,,,,,,,,,,,
YEM,Yemen,2021,,,,74.9,,36.07049513,False,False,,,,,,,,,,,,
ZMB,Zambia,2021,14.82190037,1050.0,6.4,46.7,,44.23537314,False,False,103.2825796,0.411108017,19603607.0,19.604,Negara lain,Low Income,1.0,World Average,2.93,Cellular basket low-usage 70min+20sms (2018-2024),3.0601595744680847,0.9574664094140553
ZWE,Zimbabwe,2021,32.5923996,2330.0,29.62,49.0,,37.86920589,False,False,90.25384862,1.299805472,15797210.0,15.797,Negara lain,Lower-Middle Income,2.0,World Average,6.22,Cellular basket low-usage 70min+20sms (2018-2024),3.0601595744680847,2.03257374285168
AFG,Afghanistan,2022,15.86629963,370.0,10.65,85.3,,25.39392506,False,False,56.26551886,0.07963016786,40578842.0,40.579,Negara lain,Low Income,1.0,World Average,7.27,Cellular basket low-usage 70min+20sms (2018-2024),2.6456842105263156,2.747871409246439
ALB,Albania,2022,82.61367544,7720.0,2.17,100.0,97.32247147,57.86434777,False,False,98.3950392,20.69894413,2451636.0,2.452,Negara lain,Upper-Middle Income,3.0,World Average,1.09,Cellular basket low-usage 70min+20sms (2018-2024),2.6456842105263156,0.41199172435744413
DZA,Algeria,2022,74.78150177,4430.0,0.73,100.0,104.5502701,74.17958624,False,False,107.7871159,10.35172446,45477389.0,45.477,Negara lain,Lower-Middle Income,2.0,World Average,1.59,Cellular basket low-usage 70min+20sms (2018-2024),2.6456842105263156,0.6009787538792075
ASM,American Samoa,2022,,,,,,81.7947977,False,False,,,,,,,,,,,,
AND,Andorra,2022,94.05169678,47600.0,,100.0,98.50987244,88.75487663,False,False,142.4264475,51.20506869,79705.0,0.08,Negara lain,High Income,4.0,World Average,,,,
AGO,Angola,2022,35.83800125,2290.0,2.7,48.5,,69.0506189,False,False,66.60080731,0.3866981559,35635029.0,35.635,Negara lain,Lower-Middle Income,2.0,World Average,1.8,Cellular basket low-usage 70min+20sms (2018-2024),2.6456842105263156,0.6803533062783481
ATG,Antigua and Barbuda,2022,71.9233017,18730.0,3.02,100.0,107.7999088,24.5114484,False,False,200.5407152,10.68181818,92840.0,0.093,Negara lain,High Income,4.0,World Average,2.14,Cellular basket low-usage 70min+20sms (2018-2024),2.6456842105263156,0.8088644863531472
ARG,Argentina,2022,88.37535691,11890.0,0.48,100.0,114.1481171,92.11283819,False,False,131.4835563,24.68317851,45407904.0,45.408,Negara lain,Upper-Middle Income,3.0,World Average,0.48,Cellular basket low-usage 70min+20sms (2018-2024),2.6456842105263156,0.1814275483408928
ARM,Armenia,2022,77.02767465,5690.0,0.94,100.0,91.71066099,65.56244629,False,False,130.5400722,17.7300708,2969200.0,2.969,Negara lain,Upper-Middle Income,3.0,World Average,0.94,Cellular basket low-usage 70min+20sms (2018-2024),2.6456842105263156,0.3552956155009151
ABW,Aruba,2022,,30160.0,1.44,99.9,131.8021698,61.88116579,False,False,,,,,,,,,1.4,Cellular basket low-usage 70min+20sms (2018-2024),2.6456842105263156,0.5291636826609374
AUS,Australia,2022,96.11940002,60790.0,0.23,100.0,133.2772675,87.33432683,False,False,109.4691711,36.39332019,26018721.0,26.019,Negara lain,High Income,4.0,World Average,0.45,Cellular basket low-usage 70min+20sms (2018-2024),2.6456842105263156,0.17008832656958703
AUT,Austria,2022,93.61409139,56310.0,0.24,100.0,101.4580002,68.99808513,False,False,121.1664574,29.23425733,9041851.0,9.042,Negara lain,High Income,4.0,World Average,0.09,Cellular basket low-usage 70min+20sms (2018-2024),2.6456842105263156,0.0340176653139174
AZE,Azerbaijan,2022,88.0,5670.0,1.34,100.0,90.95303642,58.43828159,False,False,107.5062961,20.36559581,10141756.0,10.142,Negara lain,Upper-Middle Income,3.0,World Average,0.57,Cellular basket low-usage 70min+20sms (2018-2024),2.6456842105263156,0.2154452136548102
BHS,Bahamas,2022,92.2559967,33790.0,1.09,100.0,,81.3200717,False,False,101.6237441,21.13558955,397538.0,0.398,Negara lain,High Income,4.0,World Average,1.02,Cellular basket low-usage 70min+20sms (2018-2024),2.6456842105263156,0.3855335402243973
BHR,Bahrain,2022,100.0,28300.0,0.84,100.0,103.393223,100.0,False,False,139.6361429,18.00256805,1524693.0,1.525,Negara lain,High Income,4.0,World Average,1.26,Cellular basket low-usage 70min+20sms (2018-2024),2.6456842105263156,0.4762473143948437
BGD,Bangladesh,2022,41.61650085,2850.0,0.96,99.4,67.03845864,31.67373473,False,False,109.8665408,7.170204791,169384897.0,169.385,Negara lain,Lower-Middle Income,2.0,World Average,0.82,Cellular basket low-usage 70min+20sms (2018-2024),2.6456842105263156,0.30993872841569187
BRB,Barbados,2022,69.06359863,24760.0,3.23,100.0,104.2223282,59.35385141,False,False,114.580721,37.48432619,282318.0,0.282,Negara lain,High Income,4.0,World Average,3.59,Cellular basket low-usage 70min+20sms (2018-2024),2.6456842105263156,1.3569268719662608
BLR,Belarus,2022,89.50733148,7210.0,0.62,100.0,99.06020329,78.47327879,False,False,128.3149994,34.06717825,9228071.0,9.228,Negara lain,Upper-Middle Income,3.0,World Average,0.62,Cellular basket low-usage 70min+20sms (2018-2024),2.6456842105263156,0.23434391660698656
BEL,Belgium,2022,94.00783071,54330.0,0.41,100.0,142.9180756,87.48920027,False,False,101.6803558,43.56571395,11680210.0,11.68,Negara lain,High Income,4.0,World Average,0.27,Cellular basket low-usage 70min+20sms (2018-2024),2.6456842105263156,0.10205299594175223
BLZ,Belize,2022,69.98329926,6710.0,3.85,98.6,87.43816686,42.13732513,False,False,67.17502663,9.753856774,402733.0,0.403,Negara lain,Upper-Middle Income,3.0,World Average,3.85,Cellular basket low-usage 70min+20sms (2018-2024),2.6456842105263156,1.4552001273175779
BEN,Benin,2022,30.53730011,1360.0,5.66,56.5,43.56064987,50.9627,False,False,105.7450194,0.1530724116,13759501.0,13.76,Negara lain,Lower-Middle Income,2.0,World Average,4.29,Cellular basket low-usage 70min+20sms (2018-2024),2.6456842105263156,1.6215087132967296
BMU,Bermuda,2022,,131560.0,,100.0,,100.0,False,False,,,,,,,,,,,,
BTN,Bhutan,2022,88.35620117,3600.0,0.9,100.0,89.98291294,40.93651436,False,False,95.12980943,0.6318237348,780914.0,0.781,Negara lain,Lower-Middle Income,2.0,World Average,0.64,Cellular basket low-usage 70min+20sms (2018-2024),2.6456842105263156,0.2419033977878571
BOL,Bolivia,2022,72.62270355,4190.0,1.57,99.9,90.37293382,70.63525987,False,False,101.5715043,10.99752475,12077154.0,12.077,Negara lain,Lower-Middle Income,2.0,World Average,3.34,Cellular basket low-usage 70min+20sms (2018-2024),2.6456842105263156,1.2624333572053792
BIH,Bosnia and Herzegovina,2022,78.8455371,7710.0,1.24,100.0,87.03739929,51.02152871,False,False,118.9443529,27.31903562,3204802.0,3.205,Negara lain,Upper-Middle Income,3.0,World Average,1.86,Cellular basket low-usage 70min+20sms (2018-2024),2.6456842105263156,0.7030317498209597
BWA,Botswana,2022,57.9,7690.0,1.07,75.9,,66.58897872,False,False,178.2050189,4.531921905,2439892.0,2.44,Negara lain,Upper-Middle Income,3.0,World Average,1.07,Cellular basket low-usage 70min+20sms (2018-2024),2.6456842105263156,0.4044322431765736
BRA,Brazil,2022,80.52775094,8440.0,0.55,100.0,105.7023697,87.34955624,False,False,101.2454689,20.9534469,210306415.0,210.306,Negara lain,Upper-Middle Income,3.0,World Average,0.91,Cellular basket low-usage 70min+20sms (2018-2024),2.6456842105263156,0.34395639372960934
VGB,British Virgin Islands,2022,,,,100.0,72.2840271,54.79591169,False,False,,,,,,,,,,,,
BRN,Brunei Darussalam,2022,98.97042579,30970.0,0.31,100.0,,74.7772642,False,True,116.1084393,19.80499374,455370.0,0.455,ASEAN lain,High Income,4.0,World Average,0.29,Cellular basket low-usage 70min+20sms (2018-2024),2.6456842105263156,0.10961247712262275
BGR,Bulgaria,2022,79.12686326,13100.0,0.51,100.0,96.67207336,73.4799164,False,False,116.6791633,34.96679688,6465097.0,6.465,Negara lain,Upper-Middle Income,3.0,World Average,0.83,Cellular basket low-usage 70min+20sms (2018-2024),2.6456842105263156,0.31371846900612715
BFA,Burkina Faso,2022,25.3987999,840.0,9.94,19.5,33.62128662,27.27913697,False,False,113.9961468,0.214398323,22509038.0,22.509,Negara lain,Low Income,1.0,World Average,8.35,Cellular basket low-usage 70min+20sms (2018-2024),2.6456842105263156,3.1560833930134478
BDI,Burundi,2022,7.144800186,280.0,12.75,10.3,,22.3202446,False,False,56.2599912,0.03006509149,13321097.0,13.321,Negara lain,Low Income,1.0,World Average,23.63,Cellular basket low-usage 70min+20sms (2018-2024),2.6456842105263156,8.931527015198537
CPV,Cabo Verde,2022,73.32740021,4550.0,3.05,97.1,96.43159404,75.03373806,False,False,113.2473674,6.567694294,519741.0,0.52,Negara lain,Upper-Middle Income,3.0,World Average,7.96,Cellular basket low-usage 70min+20sms (2018-2024),2.6456842105263156,3.0086735099864725
KHM,Cambodia,2022,65.49079895,2270.0,2.32,92.3,55.13468126,40.37461619,False,True,113.3915066,2.963830835,17201724.0,17.202,ASEAN lain,Lower-Middle Income,2.0,World Average,4.73,Cellular basket low-usage 70min+20sms (2018-2024),2.6456842105263156,1.7878172992758816
CMR,Cameroon,2022,40.12559891,1660.0,3.72,71.0,45.60667243,54.84587457,False,False,89.82741905,2.128624741,27632771.0,27.633,Negara lain,Lower-Middle Income,2.0,World Average,3.98,Cellular basket low-usage 70min+20sms (2018-2024),2.6456842105263156,1.5043367549932363
CAN,Canada,2022,94.0,54070.0,0.85,100.0,107.4679871,82.35008974,False,False,91.238669,42.17921165,38950132.0,38.95,Negara lain,High Income,4.0,World Average,0.33,Cellular basket low-usage 70min+20sms (2018-2024),2.6456842105263156,0.12473143948436383
CYM,Cayman Islands,2022,,73960.0,0.8,100.0,85.60122681,100.0,False,False,,,,,,,,,0.57,Cellular basket low-usage 70min+20sms (2018-2024),2.6456842105263156,0.2154452136548102
CAF,Central African Rep.,2022,13.75360012,520.0,23.76,15.7,,43.27519675,False,False,38.8217901,0.01608461607,5098039.0,5.098,Negara lain,Low Income,1.0,World Average,19.49,Cellular basket low-usage 70min+20sms (2018-2024),2.6456842105263156,7.366714410758335
TCD,Chad,2022,11.17029953,920.0,22.51,11.7,,25.76355586,False,False,65.43777955,0.0,18455316.0,18.455,Negara lain,Low Income,1.0,World Average,18.1,Cellular basket low-usage 70min+20sms (2018-2024),2.6456842105263156,6.8413304686878345
CHI,Channel Islands,2022,,,,100.0,,32.79204391,False,False,,,,,,,,,,,,
CHL,Chile,2022,92.31819916,15430.0,0.41,100.0,106.0683289,88.63953528,False,False,135.114281,22.79018972,19553036.0,19.553,Negara lain,High Income,4.0,World Average,0.51,Cellular basket low-usage 70min+20sms (2018-2024),2.6456842105263156,0.19276677011219864
CHN,China,2022,75.61131603,13170.0,0.45,100.0,,65.21763611,False,False,124.195249,41.37361971,1412175000.0,1412.175,Negara lain,Upper-Middle Income,3.0,World Average,0.31,Cellular basket low-usage 70min+20sms (2018-2024),2.6456842105263156,0.11717195830349328
COL,Colombia,2022,72.79637855,6560.0,1.5,100.0,101.5737762,78.04646331,False,False,156.1951611,17.00746555,51737944.0,51.738,Negara lain,Upper-Middle Income,3.0,World Average,0.97,Cellular basket low-usage 70min+20sms (2018-2024),2.6456842105263156,0.3666348372722209
COM,Comoros,2022,31.37409973,1630.0,7.77,89.9,54.80572891,32.77460355,False,False,100.5490369,0.219375009,834188.0,0.834,Negara lain,Lower-Middle Income,2.0,World Average,7.77,Cellular basket low-usage 70min+20sms (2018-2024),2.6456842105263156,2.9368584387682026
COG,Congo (Rep. of the),2022,40.98669815,2170.0,10.4,50.6,,63.64220033,False,False,93.62592592,0.4358831265,6035104.0,6.035,Negara lain,Lower-Middle Income,2.0,World Average,6.53,Cellular basket low-usage 70min+20sms (2018-2024),2.6456842105263156,2.4681706055542296
COD,"Congo, Dem. Rep.",2022,17.99620056,610.0,10.34,21.5,,44.00328766,False,False,48.67735342,0.03222751674,102396968.0,102.397,Negara lain,Low Income,1.0,World Average,15.41,Cellular basket low-usage 70min+20sms (2018-2024),2.6456842105263156,5.824580249860746
CRI,Costa Rica,2022,82.59801121,13490.0,0.98,100.0,131.9075928,78.44056876,False,False,136.518375,21.757598,5081765.0,5.082,Negara lain,Upper-Middle Income,3.0,World Average,0.52,Cellular basket low-usage 70min+20sms (2018-2024),2.6456842105263156,0.1965465107026339
CIV,Cote d'Ivoire,2022,38.41328122,2440.0,2.42,70.4,54.07141083,52.84925497,False,False,161.2318334,1.251791331,30395002.0,30.395,Negara lain,Lower-Middle Income,2.0,World Average,3.63,Cellular basket low-usage 70min+20sms (2018-2024),2.6456842105263156,1.372045834328002
HRV,Croatia,2022,82.07155532,19370.0,0.43,100.0,105.5777969,56.99775717,False,False,114.6771957,27.66067396,3855641.0,3.856,Negara lain,High Income,4.0,World Average,0.53,Cellular basket low-usage 70min+20sms (2018-2024),2.6456842105263156,0.20032625129306916
CUB,Cuba,2022,67.88410187,,,100.0,103.627149,77.10560608,False,False,,,,,,,,,,,,
CUW,Curacao,2022,,20480.0,2.36,100.0,,91.40076844,False,False,,,,,,,,,3.85,Cellular basket low-usage 70min+20sms (2018-2024),2.6456842105263156,1.4552001273175779
CYP,Cyprus,2022,89.60099194,31900.0,0.25,100.0,103.8276291,66.66948294,False,False,146.7158361,36.76567274,1331370.0,1.331,Negara lain,High Income,4.0,World Average,0.34,Cellular basket low-usage 70min+20sms (2018-2024),2.6456842105263156,0.1285111800747991
CZE,Czech Republic,2022,84.54009378,27210.0,0.48,100.0,102.9355621,72.69676384,False,False,128.105295,37.71368565,10672118.0,10.672,Negara lain,High Income,4.0,World Average,0.66,Cellular basket low-usage 70min+20sms (2018-2024),2.6456842105263156,0.24946287896872765
DNK,Denmark,2022,97.86011812,72040.0,0.41,100.0,130.3269958,88.38802398,False,False,126.483541,44.88636441,5903037.0,5.903,Negara lain,High Income,4.0,World Average,0.41,Cellular basket low-usage 70min+20sms (2018-2024),2.6456842105263156,0.15496936420784593
DJI,Djibouti,2022,63.77600098,3310.0,6.22,65.0,,72.61099385,False,False,46.77705312,1.412457699,1137096.0,1.137,Negara lain,Lower-Middle Income,2.0,World Average,2.07,Cellular basket low-usage 70min+20sms (2018-2024),2.6456842105263156,0.7824063022201002
DMA,Dominica,2022,80.57980347,9740.0,2.93,100.0,105.3875885,72.68264864,False,False,85.18989615,20.86014426,66826.0,0.067,Negara lain,Upper-Middle Income,3.0,World Average,5.86,Cellular basket low-usage 70min+20sms (2018-2024),2.6456842105263156,2.214927985995067
DOM,Dominican Rep.,2022,81.51269675,9150.0,1.54,98.1,76.52831972,72.42031556,False,False,90.37601639,10.67444924,11230734.0,11.231,Negara lain,Upper-Middle Income,3.0,World Average,1.39,Cellular basket low-usage 70min+20sms (2018-2024),2.6456842105263156,0.5253839420705021
ECU,Ecuador,2022,69.71811356,6550.0,2.02,100.0,94.13353058,63.09018359,False,False,98.13090257,15.11288469,17823897.0,17.824,Negara lain,Upper-Middle Income,3.0,World Average,2.29,Cellular basket low-usage 70min+20sms (2018-2024),2.6456842105263156,0.8655605952096762
EGY,Egypt,2022,72.19806556,4040.0,1.02,100.0,,42.6325129,False,False,90.67947158,10.68324983,112618250.0,112.618,Negara lain,Lower-Middle Income,2.0,World Average,0.37,Cellular basket low-usage 70min+20sms (2018-2024),2.6456842105263156,0.1398504018461049
SLV,El Salvador,2022,60.05609894,4710.0,2.9,100.0,65.22678249,74.14650213,False,False,183.248956,9.738326986,6280319.0,6.28,Negara lain,Upper-Middle Income,3.0,World Average,2.96,Cellular basket low-usage 70min+20sms (2018-2024),2.6456842105263156,1.1188032147688391
GNQ,Equatorial Guinea,2022,63.65950012,5210.0,10.29,67.0,,70.89100294,False,False,49.53804868,0.1006905844,1803545.0,1.804,Negara lain,Upper-Middle Income,3.0,World Average,,,,
ERI,Eritrea,2022,,,,55.4,44.04412842,34.84692764,False,False,,,,,,,,,,,,
EST,Estonia,2022,91.52016546,27580.0,0.21,100.0,112.5518494,70.48923337,False,False,152.2707729,39.72191504,1348840.0,1.349,Negara lain,High Income,4.0,World Average,0.21,Cellular basket low-usage 70min+20sms (2018-2024),2.6456842105263156,0.07937455239914061
SWZ,Eswatini,2022,57.34370041,3650.0,3.84,82.3,,25.39668292,False,False,121.4917012,2.185300558,1218917.0,1.219,Negara lain,Lower-Middle Income,2.0,World Average,1.45,Cellular basket low-usage 70min+20sms (2018-2024),2.6456842105263156,0.5480623856131137
ETH,Ethiopia,2022,17.9836998,960.0,3.44,55.0,,22.73676872,False,False,56.96429888,0.4515765201,125384287.0,125.384,Negara lain,Low Income,1.0,World Average,1.11,Cellular basket low-usage 70min+20sms (2018-2024),2.6456842105263156,0.4195512055383147
FRO,Faroe Islands,2022,,72970.0,0.34,100.0,,38.99598245,False,False,,,,,,,,,0.42,Cellular basket low-usage 70min+20sms (2018-2024),2.6456842105263156,0.15874910479828122
FJI,Fiji,2022,72.56549835,5250.0,3.0,92.0,95.30683397,58.13527015,False,False,111.7491206,2.533765779,919422.0,0.919,Negara lain,Upper-Middle Income,3.0,World Average,3.6,Cellular basket low-usage 70min+20sms (2018-2024),2.6456842105263156,1.3607066125566962
FIN,Finland,2022,92.98879471,54120.0,0.34,100.0,144.8524628,73.69675978,False,False,128.0232934,34.29515995,5556106.0,5.556,Negara lain,High Income,4.0,World Average,0.15,Cellular basket low-usage 70min+20sms (2018-2024),2.6456842105263156,0.056696108856529
FRA,France,2022,85.33331734,46010.0,0.16,100.0,104.3164368,78.75919211,False,False,115.9505194,48.25022656,68184457.0,68.184,Negara lain,High Income,4.0,World Average,0.25,Cellular basket low-usage 70min+20sms (2018-2024),2.6456842105263156,0.09449351476088168
PYF,French Polynesia,2022,,24150.0,,100.0,,61.69138069,False,False,,,,,,,,,,,,
GAB,Gabon,2022,67.67169952,7150.0,1.62,93.5,,91.22433555,False,False,123.2331872,3.305485927,2430747.0,2.431,Negara lain,Upper-Middle Income,3.0,World Average,2.31,Cellular basket low-usage 70min+20sms (2018-2024),2.6456842105263156,0.8731200763905468
GMB,Gambia,2022,48.22539902,830.0,11.55,65.4,,63.2869881,False,False,106.7822505,0.215818879,2636470.0,2.636,Negara lain,Low Income,1.0,World Average,6.36,Cellular basket low-usage 70min+20sms (2018-2024),2.6456842105263156,2.40391501551683
GEO,Georgia,2022,78.71127536,5690.0,0.7,100.0,103.7102055,60.01016227,False,False,154.0135618,28.33370753,3712502.0,3.713,Negara lain,Upper-Middle Income,3.0,World Average,0.9,Cellular basket low-usage 70min+20sms (2018-2024),2.6456842105263156,0.34017665313917406
DEU,Germany,2022,91.62984383,55200.0,0.27,100.0,100.8172989,81.78678528,False,False,124.1582643,44.61863178,83177813.0,83.178,Negara lain,High Income,4.0,World Average,0.22,Cellular basket low-usage 70min+20sms (2018-2024),2.6456842105263156,0.08315429298957588
GHA,Ghana,2022,69.91329956,2270.0,2.11,85.1,77.81686968,57.2506096,False,False,120.803416,0.6249450966,33149152.0,33.149,Negara lain,Lower-Middle Income,2.0,World Average,2.31,Cellular basket low-usage 70min+20sms (2018-2024),2.6456842105263156,0.8731200763905468
GIB,Gibraltar,2022,,,,100.0,72.42227936,100.0,False,False,,,,,,,,,,,,
GRC,Greece,2022,83.17066333,21980.0,0.59,100.0,106.5994186,78.5502191,False,False,109.0269561,42.92304043,10437805.0,10.438,Negara lain,High Income,4.0,World Average,0.76,Cellular basket low-usage 70min+20sms (2018-2024),2.6456842105263156,0.2872602848730803
GRL,Greenland,2022,,,,100.0,,87.80494053,False,False,,,,,,,,,,,,
GRD,Grenada,2022,68.42030334,9980.0,4.7,94.2,,36.36888402,False,False,95.75923978,29.7674339,116913.0,0.117,Negara lain,Upper-Middle Income,3.0,World Average,4.93,Cellular basket low-usage 70min+20sms (2018-2024),2.6456842105263156,1.8634121110845867
GUM,Guam,2022,,,,100.0,,94.10682618,False,False,,,,,,,,,,,,
GTM,Guatemala,2022,54.40430069,5220.0,3.12,99.1,45.89262322,55.25812282,False,False,115.1564357,5.024390296,17847877.0,17.848,Negara lain,Upper-Middle Income,3.0,World Average,3.12,Cellular basket low-usage 70min+20sms (2018-2024),2.6456842105263156,1.1792790642158033
GIN,Guinea,2022,31.31399918,1280.0,5.88,47.7,,37.23849675,False,False,95.31746293,0.006275285684,14055137.0,14.055,Negara lain,Lower-Middle Income,2.0,World Average,4.45,Cellular basket low-usage 70min+20sms (2018-2024),2.6456842105263156,1.681984562743694
GNB,Guinea-Bissau,2022,27.67379951,960.0,7.97,37.4,,45.16271591,False,False,125.9346701,0.2191848224,2105529.0,2.106,Negara lain,Low Income,1.0,World Average,12.59,Cellular basket low-usage 70min+20sms (2018-2024),2.6456842105263156,4.758693403358001
GUY,Guyana,2022,76.56240082,14680.0,2.43,93.0,,26.45367351,False,False,112.5650378,12.93563946,821637.0,0.822,Negara lain,High Income,4.0,World Average,1.68,Cellular basket low-usage 70min+20sms (2018-2024),2.6456842105263156,0.6349964191931249
HTI,Haiti,2022,47.77470016,1610.0,14.82,49.3,,53.852495,False,False,65.18893293,0.3067907576,11503606.0,11.504,Negara lain,Lower-Middle Income,2.0,World Average,3.87,Cellular basket low-usage 70min+20sms (2018-2024),2.6456842105263156,1.4627596084984484
HND,Honduras,2022,56.88069916,2700.0,7.84,94.4,53.86058044,57.8364689,False,False,75.85514234,4.409801649,10463872.0,10.464,Negara lain,Lower-Middle Income,2.0,World Average,6.34,Cellular basket low-usage 70min+20sms (2018-2024),2.6456842105263156,2.3963555343359593
HKG,"Hong Kong SAR, China",2022,95.61357052,54000.0,0.12,100.0,106.1852084,100.0,False,False,292.8076599,39.95178086,7346100.0,7.346,Negara lain,High Income,4.0,World Average,0.05,Cellular basket low-usage 70min+20sms (2018-2024),2.6456842105263156,0.018898702952176338
HUN,Hungary,2022,89.14282688,19200.0,0.58,100.0,102.8519135,70.15850642,False,False,105.7938483,36.53381048,9605074.0,9.605,Negara lain,High Income,4.0,World Average,0.49,Cellular basket low-usage 70min+20sms (2018-2024),2.6456842105263156,0.1852072889313281
ISL,Iceland,2022,97.58339691,74620.0,0.36,100.0,112.5893936,94.17870712,False,False,120.1148398,37.42125798,382003.0,0.382,Negara lain,High Income,4.0,World Average,0.28,Cellular basket low-usage 70min+20sms (2018-2024),2.6456842105263156,0.10583273653218749
IND,India,2022,55.9,2360.0,1.11,99.2,81.17786084,34.7555674,False,False,80.18180077,2.352315559,1425423212.0,1425.423,Negara lain,Lower-Middle Income,2.0,World Average,1.11,Cellular basket low-usage 70min+20sms (2018-2024),2.6456842105263156,0.4195512055383147
IDN,Indonesia,2022,66.48461277,4520.0,1.1,100.0,97.81676027,57.49347042,True,True,122.8730122,4.821515079,278830529.0,278.831,Indonesia,Upper-Middle Income,3.0,Indonesia,1.47,Cellular basket low-usage 70min+20sms (2018-2024),2.6456842105263156,0.5556218667939843
IRN,Iran (Islamic Republic of),2022,81.71649933,4390.0,,100.0,85.60600281,76.33422089,False,False,162.7129437,12.21024861,89524246.0,89.524,Negara lain,Lower-Middle Income,2.0,World Average,,,,
IRQ,Iraq,2022,78.71560926,5510.0,1.65,100.0,,69.86828613,False,False,99.13236619,14.49129601,44070551.0,44.071,Negara lain,Upper-Middle Income,3.0,World Average,1.83,Cellular basket low-usage 70min+20sms (2018-2024),2.6456842105263156,0.691692528049654
IRL,Ireland,2022,95.03690338,75970.0,0.38,100.0,130.6049652,63.89202502,False,False,110.6088513,31.5362809,5212836.0,5.213,Negara lain,High Income,4.0,World Average,0.38,Cellular basket low-usage 70min+20sms (2018-2024),2.6456842105263156,0.14363014243654015
IMN,Isle of Man,2022,,78440.0,,100.0,,52.19556092,False,False,,,,,,,,,,,,
ISR,Israel,2022,91.85079615,55460.0,0.28,100.0,98.58730316,91.49798343,False,False,151.1379631,29.16766952,9557500.0,9.558,Negara lain,High Income,4.0,World Average,0.28,Cellular basket low-usage 70min+20sms (2018-2024),2.6456842105263156,0.10583273653218749
ITA,Italy,2022,85.06074504,39060.0,0.39,100.0,101.3538589,69.48397798,False,False,131.6739656,31.19136706,59013667.0,59.014,Negara lain,High Income,4.0,World Average,0.59,Cellular basket low-usage 70min+20sms (2018-2024),2.6456842105263156,0.22300469483568075
JAM,Jamaica,2022,85.84329987,6340.0,5.35,100.0,82.8584671,57.9879906,False,False,105.7620184,14.96017814,2839144.0,2.839,Negara lain,Upper-Middle Income,3.0,World Average,1.46,Cellular basket low-usage 70min+20sms (2018-2024),2.6456842105263156,0.551842126203549
JPN,Japan,2022,84.92343147,44300.0,1.22,100.0,101.3820038,91.97765324,False,False,168.6029437,36.84142104,125124989.0,125.125,Negara lain,High Income,4.0,World Average,1.15,Cellular basket low-usage 70min+20sms (2018-2024),2.6456842105263156,0.4346701679000557
JOR,Jordan,2022,90.4999984,4810.0,3.58,100.0,90.99126589,92.40483791,False,False,67.74570743,7.07365313,11256263.0,11.256,Negara lain,Upper-Middle Income,3.0,World Average,1.04,Cellular basket low-usage 70min+20sms (2018-2024),2.6456842105263156,0.3930930214052678
KAZ,Kazakhstan,2022,92.29685266,9400.0,0.83,100.0,94.04334134,61.44415733,False,False,125.6415835,14.47395355,20034609.0,20.035,Negara lain,Upper-Middle Income,3.0,World Average,0.52,Cellular basket low-usage 70min+20sms (2018-2024),2.6456842105263156,0.1965465107026339
KEN,Kenya,2022,29.40589905,2170.0,2.77,76.0,83.77381923,31.43078201,False,False,121.1689991,1.476469427,54252461.0,54.252,Negara lain,Lower-Middle Income,2.0,World Average,3.49,Cellular basket low-usage 70min+20sms (2018-2024),2.6456842105263156,1.3191294660619084
KIR,Kiribati,2022,84.99849701,3280.0,5.84,94.4,88.68530081,60.57391266,False,False,49.11204961,0.06898190375,130469.0,0.13,Negara lain,Lower-Middle Income,2.0,World Average,4.16,Cellular basket low-usage 70min+20sms (2018-2024),2.6456842105263156,1.5723720856210712
KOR,Korea (Rep. of),2022,97.16855335,38590.0,0.49,100.0,97.81813049,81.16249416,False,False,148.6836077,45.45421242,51672569.0,51.673,Negara lain,High Income,4.0,World Average,0.62,Cellular basket low-usage 70min+20sms (2018-2024),2.6456842105263156,0.23434391660698656
PRK,"Korea, Dem. People's Rep.",2022,,,,54.7,,63.22743659,False,False,,,,,,,,,,,,
XKX,Kosovo,2022,,5610.0,,,,47.80019965,False,False,,,,,,,,,,,,
KWT,Kuwait,2022,99.74729919,39120.0,0.54,100.0,,100.0,False,False,168.3501576,1.363282493,4589643.0,4.59,Negara lain,High Income,4.0,World Average,0.58,Cellular basket low-usage 70min+20sms (2018-2024),2.6456842105263156,0.2192249542452455
KGZ,Kyrgyz Republic,2022,84.1937027,1540.0,1.21,99.7,,34.70030535,False,False,106.925973,5.604843046,6975220.0,6.975,Negara lain,Lower-Middle Income,2.0,World Average,2.89,Cellular basket low-usage 70min+20sms (2018-2024),2.6456842105263156,1.0923450306357922
LAO,Lao P.D.R.,2022,64.54000092,2300.0,2.06,100.0,56.87820446,38.06823828,False,True,63.35460465,2.381860475,7559007.0,7.559,ASEAN lain,Lower-Middle Income,2.0,World Average,3.05,Cellular basket low-usage 70min+20sms (2018-2024),2.6456842105263156,1.1528208800827564
LVA,Latvia,2022,91.03009059,20630.0,0.42,100.0,104.7645264,68.25702181,False,False,115.2026275,25.98924119,1879383.0,1.879,Negara lain,High Income,4.0,World Average,0.25,Cellular basket low-usage 70min+20sms (2018-2024),2.6456842105263156,0.09449351476088168
LBN,Lebanon,2022,81.46479797,4130.0,10.04,100.0,64.50170843,90.20631371,False,False,74.01483404,7.291666848,5744489.0,5.744,Negara lain,Lower-Middle Income,2.0,World Average,5.02,Cellular basket low-usage 70min+20sms (2018-2024),2.6456842105263156,1.897429776398504
LSO,Lesotho,2022,48.06959915,1270.0,4.93,50.0,,41.67039652,False,False,68.10013516,0.3975311774,2286110.0,2.286,Negara lain,Lower-Middle Income,2.0,World Average,5.09,Cellular basket low-usage 70min+20sms (2018-2024),2.6456842105263156,1.9238879605315509
LBR,Liberia,2022,30.38010025,660.0,15.48,31.8,,54.45910571,False,False,32.06388856,0.2746732265,5373294.0,5.373,Negara lain,Low Income,1.0,World Average,7.94,Cellular basket low-usage 70min+20sms (2018-2024),2.6456842105263156,3.001114028805602
LBY,Libya,2022,80.64720154,6010.0,0.69,70.0,,87.84860886,False,False,192.9730938,4.518408235,7223805.0,7.224,Negara lain,Upper-Middle Income,3.0,World Average,0.25,Cellular basket low-usage 70min+20sms (2018-2024),2.6456842105263156,0.09449351476088168
LIE,Liechtenstein,2022,97.88069916,,0.07,100.0,,14.69230701,False,False,,,,,,,,,0.15,Cellular basket low-usage 70min+20sms (2018-2024),2.6456842105263156,0.056696108856529
LTU,Lithuania,2022,87.72420219,23840.0,0.22,100.0,106.9183578,68.28664524,False,False,135.8341507,28.44004389,2831639.0,2.832,Negara lain,High Income,4.0,World Average,0.18,Cellular basket low-usage 70min+20sms (2018-2024),2.6456842105263156,0.0680353306278348
LUX,Luxembourg,2022,98.24203749,84190.0,0.13,100.0,107.8397598,94.76054009,False,False,139.6512851,38.32695813,653103.0,0.653,Negara lain,High Income,4.0,World Average,0.13,Cellular basket low-usage 70min+20sms (2018-2024),2.6456842105263156,0.049136627675658476
MAC,"Macao SAR, China",2022,89.48549652,45210.0,0.12,100.0,90.2211838,100.0,False,False,172.2447172,29.60661938,677300.0,0.677,Negara lain,High Income,4.0,World Average,0.11,Cellular basket low-usage 70min+20sms (2018-2024),2.6456842105263156,0.04157714649478794
MDG,Madagascar,2022,17.81170082,500.0,9.32,36.1,,31.53978135,False,False,64.74949241,0.1074899611,30437261.0,30.437,Negara lain,Low Income,1.0,World Average,6.22,Cellular basket low-usage 70min+20sms (2018-2024),2.6456842105263156,2.3509986472507363
MWI,Malawi,2022,16.84830093,610.0,9.44,14.0,35.50848999,16.7146032,False,False,59.64957094,0.07240603308,20568728.0,20.569,Negara lain,Low Income,1.0,World Average,8.41,Cellular basket low-usage 70min+20sms (2018-2024),2.6456842105263156,3.1787618365560597
MYS,Malaysia,2022,97.3986404,11620.0,0.26,100.0,78.83419863,75.97413571,False,True,138.2084411,12.17535661,34695493.0,34.695,ASEAN lain,Upper-Middle Income,3.0,World Average,0.63,Cellular basket low-usage 70min+20sms (2018-2024),2.6456842105263156,0.23812365719742185
MDV,Maldives,2022,83.91189054,10570.0,2.54,100.0,73.52345766,41.06417697,False,False,136.4586553,17.39972448,524106.0,0.524,Negara lain,Upper-Middle Income,3.0,World Average,0.82,Cellular basket low-usage 70min+20sms (2018-2024),2.6456842105263156,0.30993872841569187
MLI,Mali,2022,35.19919968,1000.0,9.72,53.0,,30.40157057,False,False,112.1198528,0.7742200286,23072640.0,23.073,Negara lain,Low Income,1.0,World Average,12.15,Cellular basket low-usage 70min+20sms (2018-2024),2.6456842105263156,4.59238481737885
MLT,Malta,2022,91.54062209,34840.0,0.46,100.0,101.9546738,95.60031551,False,False,132.8611565,43.44499727,531113.0,0.531,Negara lain,High Income,4.0,World Average,0.23,Cellular basket low-usage 70min+20sms (2018-2024),2.6456842105263156,0.08693403358001114
MHL,Marshall Islands,2022,64.26719666,7580.0,,100.0,91.70378113,77.98559662,False,False,39.70606582,2.350475335,40077.0,0.04,Negara lain,Upper-Middle Income,3.0,World Average,6.33,Cellular basket low-usage 70min+20sms (2018-2024),2.6456842105263156,2.3925757937455243
MRT,Mauritania,2022,42.46450043,2010.0,3.84,49.0,,58.81209962,False,False,109.8838982,0.4152277949,4875637.0,4.876,Negara lain,Lower-Middle Income,2.0,World Average,4.41,Cellular basket low-usage 70min+20sms (2018-2024),2.6456842105263156,1.6668656003819529
MUS,Mauritius,2022,75.5,11810.0,0.78,100.0,,39.00001259,False,False,164.3092788,26.19639065,1262523.0,1.263,Negara lain,Upper-Middle Income,3.0,World Average,0.43,Cellular basket low-usage 70min+20sms (2018-2024),2.6456842105263156,0.16252884538871648
MEX,Mexico,2022,78.63217894,10730.0,1.22,100.0,98.35765839,79.19968322,False,False,105.7206241,20.60702564,128613117.0,128.613,Negara lain,Upper-Middle Income,3.0,World Average,0.47,Cellular basket low-usage 70min+20sms (2018-2024),2.6456842105263156,0.17764780775045755
FSM,Micronesia,2022,39.0279007,4020.0,9.28,85.3,,22.41227018,False,False,19.98858305,5.818185062,112114.0,0.112,Negara lain,Lower-Middle Income,2.0,World Average,3.87,Cellular basket low-usage 70min+20sms (2018-2024),2.6456842105263156,1.4627596084984484
MDA,Moldova,2022,74.91899872,5540.0,0.62,100.0,97.6136726,42.40488434,False,False,137.1825519,26.31779433,2528654.0,2.529,Negara lain,Upper-Middle Income,3.0,World Average,0.75,Cellular basket low-usage 70min+20sms (2018-2024),2.6456842105263156,0.283480544282645
MCO,Monaco,2022,98.75189972,,,100.0,,100.0,False,False,,,,,,,,,,,,
MNG,Mongolia,2022,81.07720184,4340.0,1.35,100.0,93.55082727,69.78380585,False,False,142.8085818,12.90082885,3433748.0,3.434,Negara lain,Lower-Middle Income,2.0,World Average,0.6,Cellular basket low-usage 70min+20sms (2018-2024),2.6456842105263156,0.226784435426116
MNE,Montenegro,2022,88.22192026,10420.0,0.87,100.0,92.1609726,65.40129654,False,False,207.2781494,31.89223751,623591.0,0.624,Negara lain,Upper-Middle Income,3.0,World Average,1.04,Cellular basket low-usage 70min+20sms (2018-2024),2.6456842105263156,0.3930930214052678
MAR,Morocco,2022,89.9,3700.0,0.97,100.0,84.4553724,62.51184686,False,False,141.8700024,6.47150167,37329064.0,37.329,Negara lain,Lower-Middle Income,2.0,World Average,0.78,Cellular basket low-usage 70min+20sms (2018-2024),2.6456842105263156,0.2948197660539508
MOZ,Mozambique,2022,18.96220016,500.0,9.35,33.2,,35.0536638,False,False,45.81781997,0.1977845218,32656246.0,32.656,Negara lain,Low Income,1.0,World Average,16.87,Cellular basket low-usage 70min+20sms (2018-2024),2.6456842105263156,6.376422376064296
MMR,Myanmar,2022,,1280.0,3.14,73.7,,30.31109576,False,True,,,,,,,,,1.02,Cellular basket low-usage 70min+20sms (2018-2024),2.6456842105263156,0.3855335402243973
NAM,Namibia,2022,62.99720001,4280.0,2.57,56.2,81.81636912,49.52910377,False,False,100.5578161,3.291907496,2889662.0,2.89,Negara lain,Lower-Middle Income,2.0,World Average,1.04,Cellular basket low-usage 70min+20sms (2018-2024),2.6456842105263156,0.3930930214052678
NRU,Naoero,2022,83.22660065,20890.0,,100.0,92.78146362,100.0,False,False,87.17057876,9.956783323,11801.0,0.012,Negara lain,High Income,4.0,World Average,,,,
NPL,Nepal,2022,45.45080185,1380.0,2.4,91.3,84.10264759,66.29929687,False,False,121.1144874,8.518098136,29715436.0,29.715,Negara lain,Lower-Middle Income,2.0,World Average,1.44,Cellular basket low-usage 70min+20sms (2018-2024),2.6456842105263156,0.5442826450226784
NLD,Netherlands,2022,92.51968504,62110.0,0.47,100.0,138.7675018,94.98561777,False,False,115.8205563,43.56431856,17700982.0,17.701,Negara lain,High Income,4.0,World Average,0.41,Cellular basket low-usage 70min+20sms (2018-2024),2.6456842105263156,0.15496936420784593
NCL,New Caledonia,2022,,36980.0,,100.0,,67.5720305,False,False,,,,,,,,,,,,
NZL,New Zealand,2022,93.07289886,49090.0,0.27,100.0,114.7749329,83.8547305,False,False,115.9841878,36.30449279,5081700.0,5.082,Negara lain,High Income,4.0,World Average,0.27,Cellular basket low-usage 70min+20sms (2018-2024),2.6456842105263156,0.10205299594175223
NIC,Nicaragua,2022,59.38000107,2150.0,4.85,86.5,,58.99543762,False,False,104.2784847,5.007819448,6730654.0,6.731,Negara lain,Lower-Middle Income,2.0,World Average,6.06,Cellular basket low-usage 70min+20sms (2018-2024),2.6456842105263156,2.2905227978037717
NER,Niger,2022,13.08749962,650.0,7.16,19.5,,17.47720701,False,False,63.3770548,,25311973.0,25.312,Negara lain,Low Income,1.0,World Average,5.37,Cellular basket low-usage 70min+20sms (2018-2024),2.6456842105263156,2.0297206970637385
NGA,Nigeria,2022,39.14720154,2940.0,1.8,60.5,,61.37276506,False,False,99.5852152,0.04338140771,223150896.0,223.151,Negara lain,Lower-Middle Income,2.0,World Average,1.5,Cellular basket low-usage 70min+20sms (2018-2024),2.6456842105263156,0.56696108856529
MKD,North Macedonia,2022,83.85030365,7570.0,0.9,100.0,91.45163727,61.95305666,False,False,111.3030796,28.00357346,1831712.0,1.832,Negara lain,Upper-Middle Income,3.0,World Average,0.83,Cellular basket low-usage 70min+20sms (2018-2024),2.6456842105263156,0.31371846900612715
MNP,Northern Mariana Islands,2022,,,,100.0,,91.87857886,False,False,,,,,,,,,,,,
NOR,Norway,2022,98.99997764,97270.0,0.37,100.0,119.4425278,82.95636618,False,False,111.6571962,45.66446532,5457127.0,5.457,Negara lain,High Income,4.0,World Average,0.21,Cellular basket low-usage 70min+20sms (2018-2024),2.6456842105263156,0.07937455239914061
OMN,Oman,2022,95.24530029,19270.0,0.7,100.0,91.96454582,80.01170532,False,False,136.8005716,10.88332641,4730226.0,4.73,Negara lain,High Income,4.0,World Average,1.19,Cellular basket low-usage 70min+20sms (2018-2024),2.6456842105263156,0.4497891302617968
PAK,Pakistan,2022,,1510.0,0.49,95.0,40.41776564,38.37404398,False,False,,,,,,,,,1.41,Cellular basket low-usage 70min+20sms (2018-2024),2.6456842105263156,0.5329434232513727
PLW,Palau,2022,82.56749725,14100.0,2.08,100.0,89.05263158,79.11348317,False,False,135.1427445,6.993637029,17759.0,0.018,Negara lain,High Income,4.0,World Average,0.98,Cellular basket low-usage 70min+20sms (2018-2024),2.6456842105263156,0.3704145778626562
PAN,Panama,2022,67.2838974,17130.0,1.87,95.0,,65.82113439,False,False,152.0621718,16.38614398,4400773.0,4.401,Negara lain,High Income,4.0,World Average,0.79,Cellular basket low-usage 70min+20sms (2018-2024),2.6456842105263156,0.2985995066443861
PNG,Papua New Guinea,2022,18.25659943,2690.0,6.01,19.0,,14.73586583,False,False,49.19066811,0.2146391969,10203169.0,10.203,Negara lain,Lower-Middle Income,2.0,World Average,7.33,Cellular basket low-usage 70min+20sms (2018-2024),2.6456842105263156,2.770549852789051
PRY,Paraguay,2022,76.25916611,5900.0,2.07,100.0,82.30714721,68.63965378,False,False,128.0880573,11.15279957,6760464.0,6.76,Negara lain,Upper-Middle Income,3.0,World Average,3.03,Cellular basket low-usage 70min+20sms (2018-2024),2.6456842105263156,1.1452613989018858
PER,Peru,2022,74.67495213,6930.0,1.39,96.2,103.5914688,84.3663555,False,False,124.1193229,9.45023632,33475438.0,33.475,Negara lain,Upper-Middle Income,3.0,World Average,0.97,Cellular basket low-usage 70min+20sms (2018-2024),2.6456842105263156,0.3666348372722209
PHL,Philippines,2022,75.21114422,4010.0,1.98,94.8,92.29127118,54.79023436,False,True,147.4289264,7.639465251,113964338.0,113.964,ASEAN lain,Lower-Middle Income,2.0,World Average,2.32,Cellular basket low-usage 70min+20sms (2018-2024),2.6456842105263156,0.876899816980982
POL,Poland,2022,86.94113479,19110.0,0.46,100.0,108.4821701,59.8315488,False,False,137.0021481,23.83734491,36821749.0,36.822,Negara lain,High Income,4.0,World Average,0.36,Cellular basket low-usage 70min+20sms (2018-2024),2.6456842105263156,0.1360706612556696
PRT,Portugal,2022,84.49690644,25880.0,0.74,100.0,120.9261398,61.12592558,False,False,122.801309,42.93700351,10434332.0,10.434,Negara lain,High Income,4.0,World Average,0.53,Cellular basket low-usage 70min+20sms (2018-2024),2.6456842105263156,0.20032625129306916
PRI,Puerto Rico,2022,87.29178106,24670.0,1.26,100.0,,94.11109231,False,False,120.2159046,22.28244771,3220148.0,3.22,Negara lain,High Income,4.0,World Average,1.26,Cellular basket low-usage 70min+20sms (2018-2024),2.6456842105263156,0.4762473143948437
QAT,Qatar,2022,98.03800201,71050.0,0.3,100.0,102.9683608,99.24399753,False,False,162.2485397,12.64144127,2657333.0,2.657,Negara lain,High Income,4.0,World Average,0.23,Cellular basket low-usage 70min+20sms (2018-2024),2.6456842105263156,0.08693403358001114
ROU,Romania,2022,85.50309124,15390.0,0.58,100.0,83.03347015,52.16348325,False,False,121.1419429,33.21156009,19048502.0,19.049,Negara lain,High Income,4.0,World Average,0.48,Cellular basket low-usage 70min+20sms (2018-2024),2.6456842105263156,0.1814275483408928
RUS,Russian Federation,2022,90.41799163,12890.0,0.67,100.0,92.77294436,74.85448936,False,False,168.4758313,24.63455686,144236933.0,144.237,Negara lain,Upper-Middle Income,3.0,World Average,0.3,Cellular basket low-usage 70min+20sms (2018-2024),2.6456842105263156,0.113392217713058
RWA,Rwanda,2022,28.01679993,970.0,2.97,50.6,44.1547094,27.78067027,False,False,80.59522249,0.3499516154,13651030.0,13.651,Negara lain,Low Income,1.0,World Average,3.35,Cellular basket low-usage 70min+20sms (2018-2024),2.6456842105263156,1.2662130977958146
KNA,Saint Kitts and Nevis,2022,75.76229858,21420.0,2.47,100.0,119.8836081,31.6156405,False,False,116.9239333,46.7447387,46709.0,0.047,Negara lain,High Income,4.0,World Average,1.64,Cellular basket low-usage 70min+20sms (2018-2024),2.6456842105263156,0.6198774568313837
LCA,Saint Lucia,2022,66.95159912,11680.0,4.73,100.0,87.68448639,29.09767853,False,False,98.66764365,13.571912,178781.0,0.179,Negara lain,Upper-Middle Income,3.0,World Average,2.93,Cellular basket low-usage 70min+20sms (2018-2024),2.6456842105263156,1.1074639929975334
VCT,Saint Vincent and the Grenadines,2022,74.75479889,9520.0,5.59,100.0,128.1822944,47.58589783,False,False,102.3342414,28.99672697,102046.0,0.102,Negara lain,Upper-Middle Income,3.0,World Average,3.77,Cellular basket low-usage 70min+20sms (2018-2024),2.6456842105263156,1.4249622025940958
WSM,Samoa,2022,,4130.0,5.31,98.3,,17.500795,False,False,,,,,,,,,5.47,Cellular basket low-usage 70min+20sms (2018-2024),2.6456842105263156,2.067518102968091
SMR,San Marino,2022,97.32790375,53950.0,,100.0,61.67792392,97.11418894,False,False,120.2698739,35.787621,33755.0,0.034,Negara lain,High Income,4.0,World Average,,,,
STP,Sao Tome and Principe,2022,58.56779861,2820.0,5.11,78.0,,68.37209198,False,False,86.77846269,2.024701178,226305.0,0.226,Negara lain,Lower-Middle Income,2.0,World Average,5.02,Cellular basket low-usage 70min+20sms (2018-2024),2.6456842105263156,1.897429776398504
SAU,Saudi Arabia,2022,100.0,35110.0,0.89,100.0,122.15804,84.134943,False,False,149.7978826,41.82300787,32175224.0,32.175,Negara lain,High Income,4.0,World Average,0.45,Cellular basket low-usage 70min+20sms (2018-2024),2.6456842105263156,0.17008832656958703
SEN,Senegal,2022,56.82830048,1590.0,2.75,67.9,45.37567921,53.4435061,False,False,118.1502935,1.403651658,17651103.0,17.651,Negara lain,Lower-Middle Income,2.0,World Average,3.03,Cellular basket low-usage 70min+20sms (2018-2024),2.6456842105263156,1.1452613989018858
SRB,Serbia,2022,83.53825397,9790.0,0.82,100.0,91.95400238,61.90138135,False,False,129.8131496,29.34579414,6664449.0,6.664,Negara lain,Upper-Middle Income,3.0,World Average,0.54,Cellular basket low-usage 70min+20sms (2018-2024),2.6456842105263156,0.20410599188350445
SYC,Seychelles,2022,84.83380127,14390.0,2.54,100.0,76.8818747,44.910821,False,False,163.4295183,29.83142397,119878.0,0.12,Negara lain,High Income,4.0,World Average,0.97,Cellular basket low-usage 70min+20sms (2018-2024),2.6456842105263156,0.3666348372722209
SLE,Sierra Leone,2022,21.50880051,920.0,3.29,29.4,,44.26663435,False,False,107.8820009,,8276807.0,8.277,Negara lain,Low Income,1.0,World Average,11.26,Cellular basket low-usage 70min+20sms (2018-2024),2.6456842105263156,4.255987904830111
SGP,Singapore,2022,95.95386476,68100.0,0.18,100.0,103.0098041,100.0,False,True,173.0052913,27.55100325,5637022.0,5.637,ASEAN lain,High Income,4.0,World Average,0.25,Cellular basket low-usage 70min+20sms (2018-2024),2.6456842105263156,0.09449351476088168
SXM,Sint Maarten (Dutch part),2022,,36960.0,,100.0,,100.0,False,False,,,,,,,,,,,,
SVK,Slovak Republic,2022,89.06766196,21890.0,0.48,100.0,92.20430756,53.19028311,False,False,136.0292896,33.99881276,5431752.0,5.432,Negara lain,High Income,4.0,World Average,0.44,Cellular basket low-usage 70min+20sms (2018-2024),2.6456842105263156,0.16630858597915177
SVN,Slovenia,2022,88.91248552,29590.0,0.39,100.0,107.8748093,55.33778179,False,False,126.4591808,32.01049721,2112076.0,2.112,Negara lain,High Income,4.0,World Average,0.19,Cellular basket low-usage 70min+20sms (2018-2024),2.6456842105263156,0.07181507121827008
SLB,Solomon Islands,2022,28.01729965,2010.0,9.77,76.0,,29.35116899,False,False,62.07349955,0.1070332085,781066.0,0.781,Negara lain,Lower-Middle Income,2.0,World Average,5.78,Cellular basket low-usage 70min+20sms (2018-2024),2.6456842105263156,2.1846900612715845
SOM,Somalia,2022,27.6,570.0,5.33,48.9,,53.50101159,False,False,49.6800987,0.6684680852,17801897.0,17.802,Negara lain,Low Income,1.0,World Average,4.0,Cellular basket low-usage 70min+20sms (2018-2024),2.6456842105263156,1.5118962361741068
ZAF,South Africa,2022,78.29319763,6530.0,1.76,86.5,104.5350665,63.47666992,False,False,160.7285117,3.12297476,62378410.0,62.378,Negara lain,Upper-Middle Income,3.0,World Average,0.77,Cellular basket low-usage 70min+20sms (2018-2024),2.6456842105263156,0.2910400254635156
SSD,South Sudan,2022,,,,8.4,,20.7752121,False,False,,,,,,,,,,,,
ESP,Spain,2022,94.4855432,32690.0,0.23,100.0,119.6461716,79.95487946,False,False,123.3995288,35.78464143,47786102.0,47.786,Negara lain,High Income,4.0,World Average,0.47,Cellular basket low-usage 70min+20sms (2018-2024),2.6456842105263156,0.17764780775045755
LKA,Sri Lanka,2022,48.3,3620.0,0.32,100.0,88.19181565,19.98779332,False,False,151.7267576,9.636099727,22181000.0,22.181,Negara lain,Lower-Middle Income,2.0,World Average,0.22,Cellular basket low-usage 70min+20sms (2018-2024),2.6456842105263156,0.08315429298957588
MAF,St. Martin (French part),2022,,,,100.0,,100.0,False,False,,,,,,,,,,,,
PSE,State of Palestine,2022,88.64690554,4720.0,2.06,100.0,90.13648029,86.59614232,False,False,76.56664034,7.936730836,5043612.0,5.044,Negara lain,Upper-Middle Income,3.0,World Average,2.94,Cellular basket low-usage 70min+20sms (2018-2024),2.6456842105263156,1.1112437335879686
SDN,Sudan,2022,,720.0,4.52,63.2,,34.72098521,False,False,,,,,,,,,2.32,Cellular basket low-usage 70min+20sms (2018-2024),2.6456842105263156,0.876899816980982
SUR,Suriname,2022,,5040.0,3.52,99.0,78.02147619,65.89854431,False,False,,,,,,,,,4.88,Cellular basket low-usage 70min+20sms (2018-2024),2.6456842105263156,1.8445134081324104
SWE,Sweden,2022,95.00970335,61930.0,0.34,100.0,139.4065247,88.40385765,False,False,140.7816645,40.60934243,10486941.0,10.487,Negara lain,High Income,4.0,World Average,0.25,Cellular basket low-usage 70min+20sms (2018-2024),2.6456842105263156,0.09449351476088168
CHE,Switzerland,2022,96.45279694,97920.0,0.29,100.0,103.3923569,84.92062663,False,False,123.9712281,46.67475036,8777088.0,8.777,Negara lain,High Income,4.0,World Average,0.19,Cellular basket low-usage 70min+20sms (2018-2024),2.6456842105263156,0.07181507121827008
SYR,Syrian Arab Republic,2022,,720.0,,89.0,39.62680817,72.61249924,False,False,,,,,,,,,,,,
TJK,Tajikistan,2022,48.91429901,1360.0,4.76,100.0,90.88863768,26.19571266,False,False,63.84420807,0.5851964335,10182222.0,10.182,Negara lain,Lower-Middle Income,2.0,World Average,3.39,Cellular basket low-usage 70min+20sms (2018-2024),2.6456842105263156,1.2813320601575555
TZA,Tanzania,2022,26.86059952,1210.0,4.61,45.8,,34.82347364,False,False,93.01597462,0.1107741969,64711821.0,64.712,Negara lain,Lower-Middle Income,2.0,World Average,1.06,Cellular basket low-usage 70min+20sms (2018-2024),2.6456842105263156,0.4006525025861383
THA,Thailand,2022,87.97724503,7220.0,1.38,99.9,88.06616869,59.74237442,False,True,176.2227925,17.51258156,71735329.0,71.735,ASEAN lain,Upper-Middle Income,3.0,World Average,0.6,Cellular basket low-usage 70min+20sms (2018-2024),2.6456842105263156,0.226784435426116
TLS,Timor-Leste,2022,,1820.0,4.33,99.7,,28.58572923,False,True,,,,,,,,,7.42,Cellular basket low-usage 70min+20sms (2018-2024),2.6456842105263156,2.804567518102968
TGO,Togo,2022,35.60749817,1130.0,8.7,57.2,,42.7332328,False,False,72.2147547,1.037235617,8068616.0,8.069,Negara lain,Low Income,1.0,World Average,8.7,Cellular basket low-usage 70min+20sms (2018-2024),2.6456842105263156,3.2883743136786823
TON,Tonga,2022,61.60739899,5390.0,2.07,100.0,96.99671806,21.14721945,False,False,61.72578588,8.173873308,105042.0,0.105,Negara lain,Upper-Middle Income,3.0,World Average,1.04,Cellular basket low-usage 70min+20sms (2018-2024),2.6456842105263156,0.3930930214052678
TTO,Trinidad and Tobago,2022,81.69760132,16100.0,2.73,100.0,,53.94740379,False,False,133.6319899,26.03319293,1365805.0,1.366,Negara lain,High Income,4.0,World Average,1.35,Cellular basket low-usage 70min+20sms (2018-2024),2.6456842105263156,0.5102649797087611
TUN,Tunisia,2022,,3890.0,0.91,100.0,,69.70713865,False,False,,,,,,,,,0.33,Cellular basket low-usage 70min+20sms (2018-2024),2.6456842105263156,0.12473143948436383
TUR,Turkiye,2022,83.43716576,10870.0,0.65,100.0,116.0401764,89.03811646,False,False,103.7205936,21.82303726,84979913.0,84.98,Negara lain,Upper-Middle Income,3.0,World Average,0.72,Cellular basket low-usage 70min+20sms (2018-2024),2.6456842105263156,0.2721413225113392
TKM,Turkmenistan,2022,,4490.0,2.34,100.0,92.45178986,47.05921034,False,False,,,,,,,,,0.6,Cellular basket low-usage 70min+20sms (2018-2024),2.6456842105263156,0.226784435426116
TCA,Turks & Caicos Is.,2022,,31590.0,,99.9,105.9765625,93.69224717,False,False,,,,,,,,,,,,
TUV,Tuvalu,2022,,7460.0,2.74,100.0,92.08688906,63.30657681,False,False,,,,,,,,,1.57,Cellular basket low-usage 70min+20sms (2018-2024),2.6456842105263156,0.5934192726983369
UGA,Uganda,2022,9.636899948,930.0,5.44,47.1,,29.92519697,False,False,70.1401118,0.08508494302,47312719.0,47.313,Negara lain,Low Income,1.0,World Average,4.32,Cellular basket low-usage 70min+20sms (2018-2024),2.6456842105263156,1.6328479350680356
UKR,Ukraine,2022,80.47429657,3930.0,1.26,100.0,,69.42345912,False,False,120.2611449,17.53981406,41048766.0,41.049,Negara lain,Lower-Middle Income,2.0,World Average,1.32,Cellular basket low-usage 70min+20sms (2018-2024),2.6456842105263156,0.4989257579374553
ARE,United Arab Emirates,2022,100.0,46990.0,0.76,100.0,102.3809814,85.51473477,False,False,195.6245925,36.84858729,10074977.0,10.075,Negara lain,High Income,4.0,World Average,0.12,Cellular basket low-usage 70min+20sms (2018-2024),2.6456842105263156,0.0453568870852232
GBR,United Kingdom,2022,95.46530151,49690.0,0.35,100.0,113.202858,83.0753983,False,False,119.8339995,41.28671577,67636000.0,67.636,Negara lain,High Income,4.0,World Average,0.35,Cellular basket low-usage 70min+20sms (2018-2024),2.6456842105263156,0.13229092066523435
USA,United States,2022,92.72850037,77230.0,0.74,100.0,97.47348785,80.03249782,False,False,108.7856407,37.48879548,333996304.0,333.996,Negara lain,High Income,4.0,World Average,0.65,Cellular basket low-usage 70min+20sms (2018-2024),2.6456842105263156,0.24568313837829237
URY,Uruguay,2022,89.87304314,18050.0,0.71,100.0,121.1379302,95.4977417,False,False,139.8288013,33.48655657,3390913.0,3.391,Negara lain,High Income,4.0,World Average,0.96,Cellular basket low-usage 70min+20sms (2018-2024),2.6456842105263156,0.3628550966817856
UZB,Uzbekistan,2022,83.90000012,2620.0,0.85,100.0,97.37798196,50.98474121,False,False,105.4716433,25.79922325,34938955.0,34.939,Negara lain,Lower-Middle Income,2.0,World Average,0.59,Cellular basket low-usage 70min+20sms (2018-2024),2.6456842105263156,0.22300469483568075
VUT,Vanuatu,2022,,4340.0,3.39,70.0,81.95512763,22.25412497,False,False,,,,,,,,,7.47,Cellular basket low-usage 70min+20sms (2018-2024),2.6456842105263156,2.8234662210551447
VEN,Venezuela,2022,75.82180023,2260.0,5.13,100.0,96.7906723,89.21322047,False,False,66.46677312,9.580361434,28213017.0,28.213,Negara lain,Lower-Middle Income,2.0,World Average,0.95,Cellular basket low-usage 70min+20sms (2018-2024),2.6456842105263156,0.3590753560913504
VNM,Viet Nam,2022,78.58999918,3980.0,0.37,100.0,93.41234341,37.54785156,False,True,137.8524228,21.36813808,99680655.0,99.681,ASEAN lain,Lower-Middle Income,2.0,World Average,1.41,Cellular basket low-usage 70min+20sms (2018-2024),2.6456842105263156,0.5329434232513727
VIR,Virgin Islands (U.S.),2022,,,,100.0,,95.21715147,False,False,,,,,,,,,,,,
YEM,Yemen,2022,,,6.14,76.0,,36.32263103,False,False,,,,,,,,,2.52,Cellular basket low-usage 70min+20sms (2018-2024),2.6456842105263156,0.9524946287896874
ZMB,Zambia,2022,15.0,1170.0,2.35,47.8,,44.59885112,False,False,98.43726012,0.4289498633,20152938.0,20.153,Negara lain,Lower-Middle Income,2.0,World Average,1.47,Cellular basket low-usage 70min+20sms (2018-2024),2.6456842105263156,0.5556218667939843
ZWE,Zimbabwe,2022,36.25650024,2580.0,18.44,50.1,,38.70552072,False,False,88.99583149,1.621501599,16069056.0,16.069,Negara lain,Lower-Middle Income,2.0,World Average,1.71,Cellular basket low-usage 70min+20sms (2018-2024),2.6456842105263156,0.6463356409644306
AFG,Afghanistan,2023,15.92840004,370.0,8.52,85.3,59.61360168,25.47305296,False,False,55.5474967,0.08008730288,41454761.0,41.455,Negara lain,Low Income,1.0,World Average,6.58,Cellular basket low-usage 70min+20sms (2018-2024),2.5767961165048545,2.5535586451151047
ALB,Albania,2023,83.13559161,8740.0,2.07,100.0,96.13687712,58.21060861,False,False,92.9973272,22.50485924,2411658.0,2.412,Negara lain,Upper-Middle Income,3.0,World Average,1.59,Cellular basket low-usage 70min+20sms (2018-2024),2.5767961165048545,0.6170453260992427
DZA,Algeria,2023,76.19760132,4950.0,0.61,100.0,101.2648926,74.73280836,False,False,111.6062356,12.00868361,46164219.0,46.164,Negara lain,Upper-Middle Income,3.0,World Average,1.33,Cellular basket low-usage 70min+20sms (2018-2024),2.5767961165048545,0.5161448325232659
ASM,American Samoa,2023,,,,,,81.37215427,False,False,,,,,,,,,,,,
AND,Andorra,2023,94.21499634,47920.0,0.54,100.0,99.50865173,88.82016092,False,False,156.0972593,51.7401306,80856.0,0.081,Negara lain,High Income,4.0,World Average,0.54,Cellular basket low-usage 70min+20sms (2018-2024),2.5767961165048545,0.20956256358087488
AGO,Angola,2023,37.88589859,2650.0,1.73,51.1,51.48390462,69.85150322,False,False,70.05195877,0.373668983,36749906.0,36.75,Negara lain,Lower-Middle Income,2.0,World Average,1.07,Cellular basket low-usage 70min+20sms (2018-2024),2.5767961165048545,0.4152443389472891
ATG,Antigua and Barbuda,2023,72.12409973,20250.0,2.57,100.0,108.8807786,24.45001567,False,False,,,93316.0,0.093,Negara lain,High Income,4.0,World Average,1.74,Cellular basket low-usage 70min+20sms (2018-2024),2.5767961165048545,0.6752571493161523
ARG,Argentina,2023,89.22897166,12920.0,0.68,100.0,105.5745843,92.19451323,False,False,137.7060868,25.35807307,45538401.0,45.538,Negara lain,Upper-Middle Income,3.0,World Average,2.39,Cellular basket low-usage 70min+20sms (2018-2024),2.5767961165048545,0.9275083832560943
ARM,Armenia,2023,79.99663036,6850.0,0.82,100.0,89.41110276,65.6956882,False,False,134.5199571,18.54580751,2964300.0,2.964,Negara lain,Upper-Middle Income,3.0,World Average,0.82,Cellular basket low-usage 70min+20sms (2018-2024),2.5767961165048545,0.3182246335857729
ABW,Aruba,2023,,31690.0,1.18,100.0,,61.83514927,False,False,,,,,,,,,1.13,Cellular basket low-usage 70min+20sms (2018-2024),2.5767961165048545,0.4385290682340529
AUS,Australia,2023,96.1160965,63320.0,0.35,100.0,134.0992432,87.48669557,False,False,112.5131771,36.62742649,26659922.0,26.66,Negara lain,High Income,4.0,World Average,0.42,Cellular basket low-usage 70min+20sms (2018-2024),2.5767961165048545,0.1629931050073471
AUT,Austria,2023,95.33467117,55890.0,0.21,100.0,100.5043716,69.22653583,False,False,121.7462071,29.37254098,9131761.0,9.132,Negara lain,High Income,4.0,World Average,0.11,Cellular basket low-usage 70min+20sms (2018-2024),2.5767961165048545,0.0426886703590671
AZE,Azerbaijan,2023,89.0,6680.0,0.59,100.0,92.74029724,58.50753505,False,False,107.6867328,20.8825041,10153958.0,10.154,Negara lain,Upper-Middle Income,3.0,World Average,0.42,Cellular basket low-usage 70min+20sms (2018-2024),2.5767961165048545,0.1629931050073471
BHS,Bahamas,2023,92.38729858,35180.0,0.97,100.0,87.14552405,81.32137992,False,False,100.0475666,23.81634288,399440.0,0.399,Negara lain,High Income,4.0,World Average,0.9,Cellular basket low-usage 70min+20sms (2018-2024),2.5767961165048545,0.3492709393014581
BHR,Bahrain,2023,100.0,28460.0,0.56,100.0,104.3929387,100.0,False,False,153.8999379,17.15823621,1577059.0,1.577,Negara lain,High Income,4.0,World Average,0.91,Cellular basket low-usage 70min+20sms (2018-2024),2.5767961165048545,0.3531517275159188
BGD,Bangladesh,2023,44.50274195,2880.0,1.06,99.5,65.98565986,32.1578465,False,False,111.2808944,7.892458484,171466990.0,171.467,Negara lain,Lower-Middle Income,2.0,World Average,0.56,Cellular basket low-usage 70min+20sms (2018-2024),2.5767961165048545,0.21732414000979616
BRB,Barbados,2023,69.67510223,24710.0,3.08,100.0,102.5137024,59.42357402,False,False,,,282336.0,0.282,Negara lain,High Income,4.0,World Average,3.08,Cellular basket low-usage 70min+20sms (2018-2024),2.5767961165048545,1.1952827700538788
BLR,Belarus,2023,91.51249979,7850.0,0.57,100.0,97.4265999,78.81464207,False,False,128.9791765,35.09319107,9178298.0,9.178,Negara lain,Upper-Middle Income,3.0,World Average,0.66,Cellular basket low-usage 70min+20sms (2018-2024),2.5767961165048545,0.2561320221544026
BEL,Belgium,2023,94.62625074,55520.0,0.41,100.0,142.9602661,87.55149264,False,False,103.1964264,43.7026446,11779946.0,11.78,Negara lain,High Income,4.0,World Average,0.3,Cellular basket low-usage 70min+20sms (2018-2024),2.5767961165048545,0.11642364643381936
BLZ,Belize,2023,70.18720245,6850.0,2.44,99.6,83.61955381,41.94594375,False,False,,,411106.0,0.411,Negara lain,Upper-Middle Income,3.0,World Average,2.44,Cellular basket low-usage 70min+20sms (2018-2024),2.5767961165048545,0.9469123243283974
BEN,Benin,2023,32.39400101,1390.0,5.51,57.0,,51.7457923,False,False,116.0360467,0.1708804613,14111034.0,14.111,Negara lain,Lower-Middle Income,2.0,World Average,4.17,Cellular basket low-usage 70min+20sms (2018-2024),2.5767961165048545,1.618288685430089
BMU,Bermuda,2023,,133460.0,0.59,100.0,74.3967514,100.0,False,False,,,,,,,,,0.2,Cellular basket low-usage 70min+20sms (2018-2024),2.5767961165048545,0.07761576428921292
BTN,Bhutan,2023,90.02140045,3730.0,0.83,100.0,86.85644156,41.7352458,False,False,95.62606103,1.318819662,786385.0,0.786,Negara lain,Lower-Middle Income,2.0,World Average,0.64,Cellular basket low-usage 70min+20sms (2018-2024),2.5767961165048545,0.2483704457254813
BOL,Bolivia,2023,77.30039978,4230.0,1.52,99.8,91.3676827,70.9151414,False,False,,11.15294239,12244159.0,12.244,Negara lain,Lower-Middle Income,2.0,World Average,3.05,Cellular basket low-usage 70min+20sms (2018-2024),2.5767961165048545,1.1836404054104968
BIH,Bosnia and Herzegovina,2023,83.3771539,8280.0,0.69,100.0,87.86637878,51.56572398,False,False,117.7336909,28.44013308,3185073.0,3.185,Negara lain,Upper-Middle Income,3.0,World Average,1.5,Cellular basket low-usage 70min+20sms (2018-2024),2.5767961165048545,0.5821182321690969
BWA,Botswana,2023,,8150.0,0.9,76.0,,67.02126553,False,False,,,,,,,,,1.05,Cellular basket low-usage 70min+20sms (2018-2024),2.5767961165048545,0.4074827625183678
BRA,Brazil,2023,84.15060238,9310.0,0.81,99.8,,87.61597102,False,False,101.020256,22.41923016,211140729.0,211.141,Negara lain,Upper-Middle Income,3.0,World Average,0.81,Cellular basket low-usage 70min+20sms (2018-2024),2.5767961165048545,0.3143438453713123
VGB,British Virgin Islands,2023,,,0.66,100.0,70.44639948,55.64077745,False,False,,,,,,,,,0.53,Cellular basket low-usage 70min+20sms (2018-2024),2.5767961165048545,0.20568177536641422
BRN,Brunei Darussalam,2023,98.97039795,34390.0,0.24,100.0,91.83815444,74.81991939,False,True,118.6737524,20.2120497,458949.0,0.459,ASEAN lain,High Income,4.0,World Average,0.23,Cellular basket low-usage 70min+20sms (2018-2024),2.5767961165048545,0.08925812893259485
BGR,Bulgaria,2023,80.38956462,14240.0,0.48,100.0,95.6239624,73.73226716,False,False,117.9326858,37.02357175,6446596.0,6.447,Negara lain,High Income,4.0,World Average,0.73,Cellular basket low-usage 70min+20sms (2018-2024),2.5767961165048545,0.2832975396556271
BFA,Burkina Faso,2023,25.36120033,840.0,9.81,21.7,30.85512163,27.78724784,False,False,116.1631382,0.4594633423,23025776.0,23.026,Negara lain,Low Income,1.0,World Average,8.24,Cellular basket low-usage 70min+20sms (2018-2024),2.5767961165048545,3.197769488715572
BDI,Burundi,2023,7.172299862,280.0,12.59,11.6,,23.55347684,False,False,63.16313658,0.02034413362,13689450.0,13.689,Negara lain,Low Income,1.0,World Average,24.92,Cellular basket low-usage 70min+20sms (2018-2024),2.5767961165048545,9.67092423043593
CPV,Cabo Verde,2023,74.59919739,4740.0,2.06,98.6,,75.90642458,False,False,113.0229682,7.230089732,522331.0,0.522,Negara lain,Upper-Middle Income,3.0,World Average,3.71,Cellular basket low-usage 70min+20sms (2018-2024),2.5767961165048545,1.4397724275648995
KHM,Cambodia,2023,68.92549896,2390.0,2.12,95.0,56.7864735,40.62907881,False,True,120.8091194,3.641818011,17423880.0,17.424,ASEAN lain,Lower-Middle Income,2.0,World Average,2.82,Cellular basket low-usage 70min+20sms (2018-2024),2.5767961165048545,1.094382276477902
CMR,Cameroon,2023,42.24380112,1680.0,3.44,72.0,44.84079578,55.12868785,False,False,96.48173259,,28372687.0,28.373,Negara lain,Lower-Middle Income,2.0,World Average,3.68,Cellular basket low-usage 70min+20sms (2018-2024),2.5767961165048545,1.4281300629215177
CAN,Canada,2023,94.14530182,55340.0,0.77,100.0,104.3208771,82.52505644,False,False,94.14972682,42.52417708,40049088.0,40.049,Negara lain,High Income,4.0,World Average,0.3,Cellular basket low-usage 70min+20sms (2018-2024),2.5767961165048545,0.11642364643381936
CYM,Cayman Islands,2023,,73970.0,1.34,100.0,86.0370923,100.0,False,False,,,,,,,,,0.56,Cellular basket low-usage 70min+20sms (2018-2024),2.5767961165048545,0.21732414000979616
CAF,Central African Rep.,2023,13.8416996,530.0,27.2,17.6,,43.69836921,False,False,,,5152421.0,5.152,Negara lain,Low Income,1.0,World Average,11.98,Cellular basket low-usage 70min+20sms (2018-2024),2.5767961165048545,4.649184280923854
TCD,Chad,2023,12.03590012,910.0,32.69,12.0,24.1941648,26.33053952,False,False,70.18739624,0.0,19319064.0,19.319,Negara lain,Low Income,1.0,World Average,9.26,Cellular basket low-usage 70min+20sms (2018-2024),2.5767961165048545,3.5936098865905577
CHI,Channel Islands,2023,,,,100.0,,32.7554338,False,False,,,,,,,,,,,,
CHL,Chile,2023,94.45742345,15970.0,0.47,100.0,105.8309708,88.81586172,False,False,135.8711185,22.99541656,19658835.0,19.659,Negara lain,High Income,4.0,World Average,0.57,Cellular basket low-usage 70min+20sms (2018-2024),2.5767961165048545,0.22120492822425677
CHN,China,2023,90.6,13750.0,0.42,100.0,,65.5301448,False,False,128.2470141,44.7288865,1410710000.0,1410.71,Negara lain,Upper-Middle Income,3.0,World Average,0.3,Cellular basket low-usage 70min+20sms (2018-2024),2.5767961165048545,0.11642364643381936
COL,Colombia,2023,77.33686322,6760.0,1.24,98.7,,78.27557158,False,False,166.9801078,17.03698153,52321152.0,52.321,Negara lain,Upper-Middle Income,3.0,World Average,0.8,Cellular basket low-usage 70min+20sms (2018-2024),2.5767961165048545,0.3104630571568517
COM,Comoros,2023,31.92749977,1670.0,6.89,89.8,,33.15021809,False,False,109.8556304,0.3879410198,850387.0,0.85,Negara lain,Lower-Middle Income,2.0,World Average,6.89,Cellular basket low-usage 70min+20sms (2018-2024),2.5767961165048545,2.6738630797633847
COG,Congo (Rep. of the),2023,43.15039825,2310.0,7.1,51.3,,63.66267576,False,False,94.87153651,1.267984121,6182885.0,6.183,Negara lain,Lower-Middle Income,2.0,World Average,3.97,Cellular basket low-usage 70min+20sms (2018-2024),2.5767961165048545,1.5406729211408763
COD,"Congo, Dem. Rep.",2023,18.96789932,680.0,10.17,22.1,55.48609924,44.37547349,False,False,53.18888277,0.0219936281,105789731.0,105.79,Negara lain,Low Income,1.0,World Average,16.78,Cellular basket low-usage 70min+20sms (2018-2024),2.5767961165048545,6.511962623864964
CRI,Costa Rica,2023,85.39514799,14330.0,0.91,100.0,125.5100708,78.88193936,False,False,133.5276588,22.52312935,5105525.0,5.106,Negara lain,High Income,4.0,World Average,0.48,Cellular basket low-usage 70min+20sms (2018-2024),2.5767961165048545,0.186277834294111
CIV,Cote d'Ivoire,2023,40.65284979,2510.0,2.0,72.4,63.96075578,53.40752016,False,False,171.9889433,1.363366224,31165654.0,31.166,Negara lain,Lower-Middle Income,2.0,World Average,1.6,Cellular basket low-usage 70min+20sms (2018-2024),2.5767961165048545,0.6209261143137034
HRV,Croatia,2023,83.24117599,20800.0,0.36,100.0,105.0251617,57.24315607,False,False,117.1126043,28.47095615,3859686.0,3.86,Negara lain,High Income,4.0,World Average,0.53,Cellular basket low-usage 70min+20sms (2018-2024),2.5767961165048545,0.20568177536641422
CUB,Cuba,2023,69.55580139,,21.65,100.0,95.59865743,77.12598723,False,False,,,,,,,,,44.24,Cellular basket low-usage 70min+20sms (2018-2024),2.5767961165048545,17.168607060773898
CUW,Curacao,2023,,21400.0,2.18,100.0,123.42974,91.40809293,False,False,,,,,,,,,3.63,Cellular basket low-usage 70min+20sms (2018-2024),2.5767961165048545,1.4087261218492142
CYP,Cyprus,2023,91.22110357,32380.0,0.22,100.0,105.1591568,66.67394775,False,False,148.3337127,36.90055877,1344976.0,1.345,Negara lain,High Income,4.0,World Average,0.3,Cellular basket low-usage 70min+20sms (2018-2024),2.5767961165048545,0.11642364643381936
CZE,Czech Republic,2023,85.99404818,28540.0,0.43,100.0,97.61541748,72.73523884,False,False,126.0047535,37.90997839,10864042.0,10.864,Negara lain,High Income,4.0,World Average,0.54,Cellular basket low-usage 70min+20sms (2018-2024),2.5767961165048545,0.20956256358087488
DNK,Denmark,2023,98.77559197,72080.0,0.36,100.0,126.9807892,88.55263854,False,False,126.7170925,44.035207,5946952.0,5.947,Negara lain,High Income,4.0,World Average,0.36,Cellular basket low-usage 70min+20sms (2018-2024),2.5767961165048545,0.13970837572058323
DJI,Djibouti,2023,64.75869751,3500.0,6.58,65.2,,72.8408246,False,False,48.45048849,1.472057619,1152944.0,1.153,Negara lain,Lower-Middle Income,2.0,World Average,2.19,Cellular basket low-usage 70min+20sms (2018-2024),2.5767961165048545,0.8498926189668814
DMA,Dominica,2023,81.33650208,9990.0,2.91,100.0,102.5858078,73.11050114,False,False,,,66510.0,0.067,Negara lain,Upper-Middle Income,3.0,World Average,3.06,Cellular basket low-usage 70min+20sms (2018-2024),2.5767961165048545,1.1875211936249577
DOM,Dominican Rep.,2023,86.12689972,9700.0,1.95,99.6,75.48055569,72.35779918,False,False,91.86762467,11.13455559,11331265.0,11.331,Negara lain,Upper-Middle Income,3.0,World Average,1.08,Cellular basket low-usage 70min+20sms (2018-2024),2.5767961165048545,0.41912512716174977
ECU,Ecuador,2023,72.6943146,6570.0,1.9,98.7,92.81180259,63.13077296,False,False,101.0317527,16.06789023,17980083.0,17.98,Negara lain,Upper-Middle Income,3.0,World Average,2.16,Cellular basket low-usage 70min+20sms (2018-2024),2.5767961165048545,0.8382502543234995
EGY,Egypt,2023,74.01190186,3840.0,0.88,100.0,84.4748622,42.7098115,False,False,92.82616264,10.86424772,114535772.0,114.536,Negara lain,Lower-Middle Income,2.0,World Average,0.32,Cellular basket low-usage 70min+20sms (2018-2024),2.5767961165048545,0.12418522286274065
SLV,El Salvador,2023,62.61989975,4930.0,2.54,98.3,65.57098656,74.60806751,False,False,179.705637,11.62717461,6309624.0,6.31,Negara lain,Upper-Middle Income,3.0,World Average,2.6,Cellular basket low-usage 70min+20sms (2018-2024),2.5767961165048545,1.009004935759768
GNQ,Equatorial Guinea,2023,63.51950073,6230.0,,66.9,,71.12906649,False,False,,,1847549.0,1.848,Negara lain,Upper-Middle Income,3.0,World Average,,,,
ERI,Eritrea,2023,,,,54.4,,34.6964035,False,False,,,,,,,,,15.76,Cellular basket low-usage 70min+20sms (2018-2024),2.5767961165048545,6.116122225989978
EST,Estonia,2023,93.18342241,27650.0,0.18,100.0,108.44207,70.67700855,False,False,150.1957291,35.25397968,1370286.0,1.37,Negara lain,High Income,4.0,World Average,0.09,Cellular basket low-usage 70min+20sms (2018-2024),2.5767961165048545,0.03492709393014581
SWZ,Eswatini,2023,61.33330154,3750.0,3.55,86.4,,25.80818785,False,False,128.3992114,2.763659828,1230506.0,1.231,Negara lain,Lower-Middle Income,2.0,World Average,1.06,Cellular basket low-usage 70min+20sms (2018-2024),2.5767961165048545,0.41136355073282843
ETH,Ethiopia,2023,20.33749962,1030.0,2.42,55.4,,23.05864716,False,False,59.87487444,0.5348231803,128691692.0,128.692,Negara lain,Low Income,1.0,World Average,0.82,Cellular basket low-usage 70min+20sms (2018-2024),2.5767961165048545,0.3182246335857729
FRO,Faroe Islands,2023,,73420.0,0.34,100.0,,39.19752701,False,False,,,,,,,,,0.42,Cellular basket low-usage 70min+20sms (2018-2024),2.5767961165048545,0.1629931050073471
FJI,Fiji,2023,74.1160965,5670.0,3.25,99.3,98.54017764,58.60690497,False,False,361.048645,1.829474812,924145.0,0.924,Negara lain,Upper-Middle Income,3.0,World Average,3.48,Cellular basket low-usage 70min+20sms (2018-2024),2.5767961165048545,1.3505142986323047
FIN,Finland,2023,93.51385075,52870.0,0.12,100.0,142.8617249,74.00625486,False,False,127.4730258,35.33180925,5583911.0,5.584,Negara lain,High Income,4.0,World Average,0.15,Cellular basket low-usage 70min+20sms (2018-2024),2.5767961165048545,0.05821182321690968
FRA,France,2023,86.83635789,45770.0,0.15,100.0,103.9624176,78.78043231,False,False,116.6878004,48.66883401,68372286.0,68.372,Negara lain,High Income,4.0,World Average,0.27,Cellular basket low-usage 70min+20sms (2018-2024),2.5767961165048545,0.10478128179043744
PYF,French Polynesia,2023,,24370.0,0.6,100.0,,61.6967135,False,False,,,,,,,,,0.72,Cellular basket low-usage 70min+20sms (2018-2024),2.5767961165048545,0.27941675144116646
GAB,Gabon,2023,68.19789886,7660.0,1.35,94.1,,91.63759628,False,False,122.6066278,3.972932913,2484789.0,2.485,Negara lain,Upper-Middle Income,3.0,World Average,1.93,Cellular basket low-usage 70min+20sms (2018-2024),2.5767961165048545,0.7489921253909045
GMB,Gambia,2023,48.72829819,870.0,11.03,66.9,,63.80201825,False,False,117.1156608,0.5021415241,2697845.0,2.698,Negara lain,Low Income,1.0,World Average,6.18,Cellular basket low-usage 70min+20sms (2018-2024),2.5767961165048545,2.398327116536679
GEO,Georgia,2023,81.88425624,6710.0,0.6,100.0,103.1835883,60.75230778,False,False,155.2499651,29.30863676,3715483.0,3.715,Negara lain,Upper-Middle Income,3.0,World Average,0.56,Cellular basket low-usage 70min+20sms (2018-2024),2.5767961165048545,0.21732414000979616
DEU,Germany,2023,92.4763763,55420.0,0.25,100.0,100.6030579,81.90343667,False,False,124.6625728,45.38052251,83287273.0,83.287,Negara lain,High Income,4.0,World Average,0.2,Cellular basket low-usage 70min+20sms (2018-2024),2.5767961165048545,0.07761576428921292
GHA,Ghana,2023,70.67430115,2310.0,1.94,89.5,,57.80747378,False,False,98.80592214,0.5554767305,33787914.0,33.788,Negara lain,Lower-Middle Income,2.0,World Average,0.66,Cellular basket low-usage 70min+20sms (2018-2024),2.5767961165048545,0.2561320221544026
GIB,Gibraltar,2023,,,,100.0,74.34955617,100.0,False,False,,,,,,,,,,,,
GRC,Greece,2023,85.0102229,22300.0,0.52,100.0,105.1917419,78.77463038,False,False,110.7921696,43.85396218,10407351.0,10.407,Negara lain,High Income,4.0,World Average,0.44,Cellular basket low-usage 70min+20sms (2018-2024),2.5767961165048545,0.1707546814362684
GRL,Greenland,2023,,,1.21,100.0,,88.06311477,False,False,,,,,,,,,0.67,Cellular basket low-usage 70min+20sms (2018-2024),2.5767961165048545,0.26001281036886326
GRD,Grenada,2023,69.4131012,10100.0,4.75,94.4,,36.46212824,False,False,,,117081.0,0.117,Negara lain,Upper-Middle Income,3.0,World Average,4.99,Cellular basket low-usage 70min+20sms (2018-2024),2.5767961165048545,1.9365133190158623
GUM,Guam,2023,,,,100.0,,94.13493416,False,False,,,,,,,,,,,,
GTM,Guatemala,2023,56.72669983,5470.0,2.86,100.0,47.37625348,55.60823196,False,False,113.7093749,5.08082886,18124838.0,18.125,Negara lain,Upper-Middle Income,3.0,World Average,2.86,Cellular basket low-usage 70min+20sms (2018-2024),2.5767961165048545,1.1099054293357447
GIN,Guinea,2023,32.31560135,1340.0,5.06,51.1,,37.6454084,False,False,97.87949965,,14405468.0,14.405,Negara lain,Lower-Middle Income,2.0,World Average,3.83,Cellular basket low-usage 70min+20sms (2018-2024),2.5767961165048545,1.4863418861384272
GNB,Guinea-Bissau,2023,28.71240044,970.0,9.79,40.5,,45.59238434,False,False,128.1105297,0.3104480994,2153339.0,2.153,Negara lain,Low Income,1.0,World Average,16.21,Cellular basket low-usage 70min+20sms (2018-2024),2.5767961165048545,6.290757695640707
GUY,Guyana,2023,79.3553009,17770.0,1.29,98.9,84.48504639,26.46514573,False,False,,,826353.0,0.826,Negara lain,High Income,4.0,World Average,0.92,Cellular basket low-usage 70min+20sms (2018-2024),2.5767961165048545,0.3570325157303794
HTI,Haiti,2023,47.99269867,1740.0,4.48,51.3,,54.44968193,False,False,,,11637398.0,11.637,Negara lain,Lower-Middle Income,2.0,World Average,3.04,Cellular basket low-usage 70min+20sms (2018-2024),2.5767961165048545,1.1797596171960363
HND,Honduras,2023,58.0685997,2870.0,8.05,95.6,54.50127029,58.31323927,False,False,74.41482272,4.362127755,10644851.0,10.645,Negara lain,Lower-Middle Income,2.0,World Average,11.07,Cellular basket low-usage 70min+20sms (2018-2024),2.5767961165048545,4.296032553407935
HKG,"Hong Kong SAR, China",2023,95.97781908,54870.0,0.1,100.0,,100.0,False,False,319.4938983,39.88397274,7536100.0,7.536,Negara lain,High Income,4.0,World Average,0.04,Cellular basket low-usage 70min+20sms (2018-2024),2.5767961165048545,0.015523152857842582
HUN,Hungary,2023,91.4500713,19820.0,0.56,100.0,105.4190598,70.29230269,False,False,105.0544249,36.79018853,9592186.0,9.592,Negara lain,High Income,4.0,World Average,0.44,Cellular basket low-usage 70min+20sms (2018-2024),2.5767961165048545,0.1707546814362684
ISL,Iceland,2023,97.94860077,80870.0,0.33,100.0,108.9113617,94.15182618,False,False,121.4754953,37.42459193,385663.0,0.386,Negara lain,High Income,4.0,World Average,0.27,Cellular basket low-usage 70min+20sms (2018-2024),2.5767961165048545,0.10478128179043744
IND,India,2023,60.25230026,2490.0,0.99,99.5,78.86395912,35.06769184,False,False,80.56319988,2.745346964,1438069596.0,1438.07,Negara lain,Lower-Middle Income,2.0,World Average,0.99,Cellular basket low-usage 70min+20sms (2018-2024),2.5767961165048545,0.3841980332316039
IDN,Indonesia,2023,69.20836554,4810.0,0.24,99.4,96.00021203,58.11793534,True,True,125.2381948,4.816639558,281190067.0,281.19,Indonesia,Upper-Middle Income,3.0,Indonesia,1.16,Cellular basket low-usage 70min+20sms (2018-2024),2.5767961165048545,0.45017143287743483
IRN,Iran (Islamic Republic of),2023,83.71050262,5070.0,0.16,100.0,85.14698029,76.67595673,False,False,166.2798212,12.02059422,90608707.0,90.609,Negara lain,Upper-Middle Income,3.0,World Average,0.05,Cellular basket low-usage 70min+20sms (2018-2024),2.5767961165048545,0.01940394107230323
IRQ,Iraq,2023,81.80889893,5920.0,1.4,100.0,,69.8682785,False,False,101.3887215,17.2312565,45074049.0,45.074,Negara lain,Upper-Middle Income,3.0,World Average,0.98,Cellular basket low-usage 70min+20sms (2018-2024),2.5767961165048545,0.38031724501714326
IRL,Ireland,2023,96.8660965,79280.0,0.34,100.0,,64.11520825,False,False,110.7983443,31.89078307,5311538.0,5.312,Negara lain,High Income,4.0,World Average,0.34,Cellular basket low-usage 70min+20sms (2018-2024),2.5767961165048545,0.13194679929166195
IMN,Isle of Man,2023,,87030.0,,100.0,,52.18325717,False,False,,,,,,,,,,,,
ISR,Israel,2023,87.03842615,54480.0,0.23,100.0,99.30120087,91.50895698,False,False,153.3366413,29.43572355,9849000.0,9.849,Negara lain,High Income,4.0,World Average,0.23,Cellular basket low-usage 70min+20sms (2018-2024),2.5767961165048545,0.08925812893259485
ITA,Italy,2023,87.0278292,38750.0,0.37,100.0,100.6787567,69.53815401,False,False,131.8716745,31.84108768,58984216.0,58.984,Negara lain,High Income,4.0,World Average,0.55,Cellular basket low-usage 70min+20sms (2018-2024),2.5767961165048545,0.21344335179533552
JAM,Jamaica,2023,89.47304282,6860.0,5.19,97.7,85.43531326,58.45101494,False,False,115.0922288,15.78520353,2839786.0,2.84,Negara lain,Upper-Middle Income,3.0,World Average,1.12,Cellular basket low-usage 70min+20sms (2018-2024),2.5767961165048545,0.4346482800195923
JPN,Japan,2023,85.00990295,40740.0,1.16,100.0,101.5370712,92.08269039,False,False,178.4324413,38.63123837,124516650.0,124.517,Negara lain,High Income,4.0,World Average,1.09,Cellular basket low-usage 70min+20sms (2018-2024),2.5767961165048545,0.4230059153762104
JOR,Jordan,2023,92.53443944,4890.0,3.77,100.0,91.96968438,92.68223687,False,False,67.54567819,7.037494625,11439213.0,11.439,Negara lain,Upper-Middle Income,3.0,World Average,1.22,Cellular basket low-usage 70min+20sms (2018-2024),2.5767961165048545,0.4734561621641987
KAZ,Kazakhstan,2023,92.87846096,10710.0,0.84,100.0,95.23930543,61.75609195,False,False,127.1147752,14.34572101,20330104.0,20.33,Negara lain,Upper-Middle Income,3.0,World Average,0.43,Cellular basket low-usage 70min+20sms (2018-2024),2.5767961165048545,0.16687389322180776
KEN,Kenya,2023,32.07040024,2110.0,1.97,76.2,84.30838803,31.63303408,False,False,120.6124169,2.388825111,55339003.0,55.339,Negara lain,Lower-Middle Income,2.0,World Average,1.39,Cellular basket low-usage 70min+20sms (2018-2024),2.5767961165048545,0.5394295618100297
KIR,Kiribati,2023,88.0,3710.0,5.11,95.9,94.74419905,61.52446762,False,False,51.25405569,0.03999094545,132530.0,0.133,Negara lain,Lower-Middle Income,2.0,World Average,3.64,Cellular basket low-usage 70min+20sms (2018-2024),2.5767961165048545,1.4126069100636751
KOR,Korea (Rep. of),2023,97.41597478,38020.0,0.47,100.0,96.29839325,81.16455517,False,False,162.1136565,46.5676352,51712619.0,51.713,Negara lain,High Income,4.0,World Average,0.59,Cellular basket low-usage 70min+20sms (2018-2024),2.5767961165048545,0.22896650465317808
PRK,"Korea, Dem. People's Rep.",2023,,,,57.5,,63.53821654,False,False,,,,,,,,,,,,
XKX,Kosovo,2023,,6290.0,,,,49.11055791,False,False,,,,,,,,,,,,
KWT,Kuwait,2023,99.74731125,42040.0,0.49,100.0,,100.0,False,False,167.684285,1.013664182,4853420.0,4.853,Negara lain,High Income,4.0,World Average,0.52,Cellular basket low-usage 70min+20sms (2018-2024),2.5767961165048545,0.20180098715195358
KGZ,Kyrgyz Republic,2023,91.04440308,1840.0,0.93,100.0,91.26552437,34.70643918,False,False,108.5911872,6.446525321,7099750.0,7.1,Negara lain,Lower-Middle Income,2.0,World Average,1.4,Cellular basket low-usage 70min+20sms (2018-2024),2.5767961165048545,0.5433103500244904
LAO,Lao P.D.R.,2023,64.39800262,2110.0,1.74,96.5,54.43306117,38.80700885,False,True,64.75880669,2.720211225,7664993.0,7.665,ASEAN lain,Lower-Middle Income,2.0,World Average,2.57,Cellular basket low-usage 70min+20sms (2018-2024),2.5767961165048545,0.9973625711163858
LVA,Latvia,2023,92.18791291,21000.0,0.35,100.0,102.1262436,68.35863163,False,False,119.9099446,25.99484912,1883710.0,1.884,Negara lain,High Income,4.0,World Average,0.57,Cellular basket low-usage 70min+20sms (2018-2024),2.5767961165048545,0.22120492822425677
LBN,Lebanon,2023,81.7059021,3710.0,2.26,100.0,62.82792125,90.45240742,False,False,,,5773493.0,5.773,Negara lain,Lower-Middle Income,2.0,World Average,1.15,Cellular basket low-usage 70min+20sms (2018-2024),2.5767961165048545,0.4462906446629742
LSO,Lesotho,2023,48.98590088,1260.0,4.51,57.3,,42.67815968,False,False,69.35130514,0.3837381547,2311472.0,2.311,Negara lain,Lower-Middle Income,2.0,World Average,4.66,Cellular basket low-usage 70min+20sms (2018-2024),2.5767961165048545,1.808447307938661
LBR,Liberia,2023,31.22410011,710.0,7.84,32.5,,54.99786348,False,False,,,5493031.0,5.493,Negara lain,Low Income,1.0,World Average,8.82,Cellular basket low-usage 70min+20sms (2018-2024),2.5767961165048545,3.4228552051542893
LBY,Libya,2023,82.10469818,6160.0,0.59,73.2,,87.86471979,False,False,,,7305659.0,7.306,Negara lain,Upper-Middle Income,3.0,World Average,0.22,Cellular basket low-usage 70min+20sms (2018-2024),2.5767961165048545,0.0853773407181342
LIE,Liechtenstein,2023,98.13230133,,0.07,100.0,,14.67837612,False,False,,,,,,,,,0.13,Cellular basket low-usage 70min+20sms (2018-2024),2.5767961165048545,0.050450246787988394
LTU,Lithuania,2023,88.50287484,25360.0,0.2,100.0,105.4288177,68.57545458,False,False,137.20372,27.96381625,2871585.0,2.872,Negara lain,High Income,4.0,World Average,0.18,Cellular basket low-usage 70min+20sms (2018-2024),2.5767961165048545,0.06985418786029161
LUX,Luxembourg,2023,99.34785707,88480.0,0.12,100.0,107.7440109,94.80153003,False,False,144.4749496,38.37930651,666430.0,0.666,Negara lain,High Income,4.0,World Average,0.12,Cellular basket low-usage 70min+20sms (2018-2024),2.5767961165048545,0.04656945857352775
MAC,"Macao SAR, China",2023,89.82640076,64780.0,0.13,100.0,92.58103976,100.0,False,False,192.4783447,29.67592644,678800.0,0.679,Negara lain,High Income,4.0,World Average,0.11,Cellular basket low-usage 70min+20sms (2018-2024),2.5767961165048545,0.0426886703590671
MDG,Madagascar,2023,18.24080086,510.0,8.95,39.4,,31.97994389,False,False,75.45629667,0.1244873851,31195932.0,31.196,Negara lain,Low Income,1.0,World Average,5.97,Cellular basket low-usage 70min+20sms (2018-2024),2.5767961165048545,2.316830564033005
MWI,Malawi,2023,17.98810346,620.0,8.78,15.6,36.64409299,16.97487467,False,False,61.0866071,0.07955656054,21104482.0,21.104,Negara lain,Low Income,1.0,World Average,4.43,Cellular basket low-usage 70min+20sms (2018-2024),2.5767961165048545,1.7191891790060658
MYS,Malaysia,2023,97.69272633,11700.0,0.24,100.0,79.44727887,76.44347521,False,True,142.7320921,13.02870004,35126298.0,35.126,ASEAN lain,Upper-Middle Income,3.0,World Average,0.54,Cellular basket low-usage 70min+20sms (2018-2024),2.5767961165048545,0.20956256358087488
MDV,Maldives,2023,84.55290222,11130.0,1.18,100.0,79.35652968,41.50968329,False,False,141.601235,18.62929995,525994.0,0.526,Negara lain,Upper-Middle Income,3.0,World Average,0.63,Cellular basket low-usage 70min+20sms (2018-2024),2.5767961165048545,0.24448965751102067
MLI,Mali,2023,36.03879929,1010.0,9.62,54.5,38.93894709,31.0031889,False,False,,,23769127.0,23.769,Negara lain,Low Income,1.0,World Average,12.03,Cellular basket low-usage 70min+20sms (2018-2024),2.5767961165048545,4.668588221996156
MLT,Malta,2023,92.07266941,35720.0,0.4,100.0,103.0272293,95.62722771,False,False,140.593595,44.28245484,552747.0,0.553,Negara lain,High Income,4.0,World Average,0.4,Cellular basket low-usage 70min+20sms (2018-2024),2.5767961165048545,0.15523152857842584
MHL,Marshall Islands,2023,64.07589722,7960.0,3.03,100.0,89.5519893,78.35939289,False,False,,,38827.0,0.039,Negara lain,Upper-Middle Income,3.0,World Average,1.77,Cellular basket low-usage 70min+20sms (2018-2024),2.5767961165048545,0.6868995139595343
MRT,Mauritania,2023,44.95629883,2140.0,3.01,50.3,,59.71424647,False,False,90.77249489,0.5904101213,5022441.0,5.022,Negara lain,Lower-Middle Income,2.0,World Average,3.46,Cellular basket low-usage 70min+20sms (2018-2024),2.5767961165048545,1.3427527222033833
MUS,Mauritius,2023,79.5,12530.0,0.71,100.0,,39.00399011,False,False,165.2575244,26.90823092,1248647.0,1.249,Negara lain,Upper-Middle Income,3.0,World Average,0.39,Cellular basket low-usage 70min+20sms (2018-2024),2.5767961165048545,0.15135074036396517
MEX,Mexico,2023,81.18318755,11990.0,0.93,99.7,102.0554581,79.47349357,False,False,111.7354203,20.75291738,129739759.0,129.74,Negara lain,Upper-Middle Income,3.0,World Average,0.42,Cellular basket low-usage 70min+20sms (2018-2024),2.5767961165048545,0.1629931050073471
FSM,Micronesia,2023,39.39889908,4270.0,8.72,86.9,,22.43340125,False,False,,,112630.0,0.113,Negara lain,Lower-Middle Income,2.0,World Average,3.63,Cellular basket low-usage 70min+20sms (2018-2024),2.5767961165048545,1.4087261218492142
MDA,Moldova,2023,76.50330353,6250.0,0.68,100.0,97.8896864,43.00118256,False,False,129.5460814,27.30863658,2457783.0,2.458,Negara lain,Upper-Middle Income,3.0,World Average,0.68,Cellular basket low-usage 70min+20sms (2018-2024),2.5767961165048545,0.2638935985833239
MCO,Monaco,2023,98.87049866,,0.24,100.0,,100.0,False,False,,,,,,,,,0.15,Cellular basket low-usage 70min+20sms (2018-2024),2.5767961165048545,0.05821182321690968
MNG,Mongolia,2023,83.74320221,4870.0,1.23,100.0,96.81812019,70.44644928,False,False,141.0848175,14.55291072,3481145.0,3.481,Negara lain,Upper-Middle Income,3.0,World Average,0.49,Cellular basket low-usage 70min+20sms (2018-2024),2.5767961165048545,0.19015862250857163
MNE,Montenegro,2023,88.5515976,11560.0,0.87,100.0,93.87249756,65.47316676,False,False,207.2379221,32.01552517,623529.0,0.624,Negara lain,Upper-Middle Income,3.0,World Average,0.87,Cellular basket low-usage 70min+20sms (2018-2024),2.5767961165048545,0.33762857465807616
MAR,Morocco,2023,91.0,3780.0,0.85,100.0,87.73463125,62.67375084,False,False,148.1551013,7.021843285,37712505.0,37.713,Negara lain,Lower-Middle Income,2.0,World Average,0.68,Cellular basket low-usage 70min+20sms (2018-2024),2.5767961165048545,0.2638935985833239
MOZ,Mozambique,2023,19.94560051,540.0,9.04,36.0,,35.71497831,False,False,47.50030325,0.1490018183,33635160.0,33.635,Negara lain,Low Income,1.0,World Average,16.32,Cellular basket low-usage 70min+20sms (2018-2024),2.5767961165048545,6.333446365999774
MMR,Myanmar,2023,,1220.0,2.71,76.8,,30.38207181,False,True,,,,,,,,,1.33,Cellular basket low-usage 70min+20sms (2018-2024),2.5767961165048545,0.5161448325232659
NAM,Namibia,2023,63.69549942,4310.0,1.06,56.7,81.61730093,49.95458378,False,False,87.67609543,3.520069387,2963095.0,2.963,Negara lain,Lower-Middle Income,2.0,World Average,0.92,Cellular basket low-usage 70min+20sms (2018-2024),2.5767961165048545,0.3570325157303794
NRU,Naoero,2023,83.03970337,22370.0,2.28,100.0,90.10025024,100.0,False,False,,,11875.0,0.012,Negara lain,High Income,4.0,World Average,1.06,Cellular basket low-usage 70min+20sms (2018-2024),2.5767961165048545,0.41136355073282843
NPL,Nepal,2023,45.80680084,1430.0,2.14,94.0,89.88988151,66.54329335,False,False,117.7595775,10.67513455,29694614.0,29.695,Negara lain,Lower-Middle Income,2.0,World Average,1.29,Cellular basket low-usage 70min+20sms (2018-2024),2.5767961165048545,0.5006216796654233
NLD,Netherlands,2023,97.00680272,62550.0,0.41,100.0,137.5147247,95.32216821,False,False,125.272737,43.26444447,17877117.0,17.877,Negara lain,High Income,4.0,World Average,0.34,Cellular basket low-usage 70min+20sms (2018-2024),2.5767961165048545,0.13194679929166195
NCL,New Caledonia,2023,,36710.0,0.68,100.0,,67.75152231,False,False,,,,,,,,,0.44,Cellular basket low-usage 70min+20sms (2018-2024),2.5767961165048545,0.1707546814362684
NZL,New Zealand,2023,93.32610321,49470.0,0.49,100.0,113.3959885,83.88989915,False,False,126.8549786,37.85308485,5200000.0,5.2,Negara lain,High Income,4.0,World Average,0.24,Cellular basket low-usage 70min+20sms (2018-2024),2.5767961165048545,0.0931389171470555
NIC,Nicaragua,2023,60.30120087,2360.0,4.47,88.3,70.17495728,59.12509537,False,False,105.8431362,5.43030503,6823613.0,6.824,Negara lain,Lower-Middle Income,2.0,World Average,5.59,Cellular basket low-usage 70min+20sms (2018-2024),2.5767961165048545,2.169360611883501
NER,Niger,2023,12.98079967,640.0,7.17,20.1,21.56051405,17.75068733,False,False,65.73503222,0.1076190487,26159867.0,26.16,Negara lain,Low Income,1.0,World Average,5.38,Cellular basket low-usage 70min+20sms (2018-2024),2.5767961165048545,2.0878640593798274
NGA,Nigeria,2023,40.06399918,2590.0,1.61,61.2,46.89315033,62.17467632,False,False,98.47728227,0.05128378519,227882945.0,227.883,Negara lain,Lower-Middle Income,2.0,World Average,1.16,Cellular basket low-usage 70min+20sms (2018-2024),2.5767961165048545,0.45017143287743483
MKD,North Macedonia,2023,88.5,7940.0,0.77,100.0,90.07248688,62.25183225,False,False,106.4587767,29.1771709,1827816.0,1.828,Negara lain,Upper-Middle Income,3.0,World Average,0.75,Cellular basket low-usage 70min+20sms (2018-2024),2.5767961165048545,0.29105911608454843
MNP,Northern Mariana Islands,2023,,,,100.0,,91.97541129,False,False,,,,,,,,,,,,
NOR,Norway,2023,99.00000258,101840.0,0.34,100.0,117.7750931,83.07185607,False,False,109.6542286,45.43770826,5519601.0,5.52,Negara lain,High Income,4.0,World Average,0.16,Cellular basket low-usage 70min+20sms (2018-2024),2.5767961165048545,0.06209261143137033
OMN,Oman,2023,95.25170135,19950.0,0.4,100.0,,79.57029732,False,False,122.291458,10.87933217,5049269.0,5.049,Negara lain,High Income,4.0,World Average,0.68,Cellular basket low-usage 70min+20sms (2018-2024),2.5767961165048545,0.2638935985833239
PAK,Pakistan,2023,,1450.0,0.93,95.6,42.29114514,38.81918619,False,False,,,,,,,,,1.29,Cellular basket low-usage 70min+20sms (2018-2024),2.5767961165048545,0.5006216796654233
PLW,Palau,2023,82.91629791,14750.0,2.49,100.0,97.28601253,79.15319914,False,False,135.3866983,7.333446156,17727.0,0.018,Negara lain,High Income,4.0,World Average,1.16,Cellular basket low-usage 70min+20sms (2018-2024),2.5767961165048545,0.45017143287743483
PAN,Panama,2023,68.54851592,17830.0,1.57,97.0,,65.86012712,False,False,156.5865076,18.13412656,4458759.0,4.459,Negara lain,High Income,4.0,World Average,0.66,Cellular basket low-usage 70min+20sms (2018-2024),2.5767961165048545,0.2561320221544026
PNG,Papua New Guinea,2023,18.56130028,2800.0,16.46,20.5,52.09297509,15.05810179,False,False,34.0588962,0.2281119597,10389635.0,10.39,Negara lain,Lower-Middle Income,2.0,World Average,7.05,Cellular basket low-usage 70min+20sms (2018-2024),2.5767961165048545,2.735955691194755
PRY,Paraguay,2023,78.09481878,6200.0,2.01,99.8,79.75185854,69.34660817,False,False,126.6054815,12.88355041,6844146.0,6.844,Negara lain,Upper-Middle Income,3.0,World Average,2.58,Cellular basket low-usage 70min+20sms (2018-2024),2.5767961165048545,1.0012433593308465
PER,Peru,2023,79.48484477,7100.0,1.31,96.2,111.3953934,84.78102558,False,False,121.9750847,10.43642667,33845617.0,33.846,Negara lain,Upper-Middle Income,3.0,World Average,0.92,Cellular basket low-usage 70min+20sms (2018-2024),2.5767961165048545,0.3570325157303794
PHL,Philippines,2023,77.86699677,4320.0,1.78,98.0,91.54934246,55.12427162,False,True,117.2755217,6.539308551,114891199.0,114.891,ASEAN lain,Lower-Middle Income,2.0,World Average,2.08,Cellular basket low-usage 70min+20sms (2018-2024),2.5767961165048545,0.8072039486078143
POL,Poland,2023,86.414744,19890.0,0.46,100.0,108.3861313,59.88595614,False,False,135.1463014,24.52615448,36687353.0,36.687,Negara lain,High Income,4.0,World Average,0.46,Cellular basket low-usage 70min+20sms (2018-2024),2.5767961165048545,0.1785162578651897
PRT,Portugal,2023,85.79012676,26340.0,0.53,100.0,120.3470764,61.20486526,False,False,123.0015077,44.11074269,10578174.0,10.578,Negara lain,High Income,4.0,World Average,0.47,Cellular basket low-usage 70min+20sms (2018-2024),2.5767961165048545,0.18239704607965032
PRI,Puerto Rico,2023,,25290.0,1.09,100.0,110.4097137,94.17743593,False,False,,,,,,,,,1.09,Cellular basket low-usage 70min+20sms (2018-2024),2.5767961165048545,0.4230059153762104
QAT,Qatar,2023,98.15229797,79430.0,0.12,100.0,100.1365967,99.28353252,False,False,157.8206307,11.64110286,2656032.0,2.656,Negara lain,High Income,4.0,World Average,0.15,Cellular basket low-usage 70min+20sms (2018-2024),2.5767961165048545,0.05821182321690968
ROU,Romania,2023,89.20335498,16590.0,0.49,100.0,81.63160706,52.1645747,False,False,123.2524826,34.67061893,19061062.0,19.061,Negara lain,High Income,4.0,World Average,0.4,Cellular basket low-usage 70min+20sms (2018-2024),2.5767961165048545,0.15523152857842584
RUS,Russian Federation,2023,92.24496346,14400.0,0.38,100.0,92.48404708,74.98050479,False,False,180.8417765,25.82386955,143826130.0,143.826,Negara lain,High Income,4.0,World Average,0.27,Cellular basket low-usage 70min+20sms (2018-2024),2.5767961165048545,0.10478128179043744
RWA,Rwanda,2023,28.80579948,1030.0,2.46,63.9,45.12515058,28.85553106,False,False,91.46227041,0.4455561232,13954471.0,13.954,Negara lain,Low Income,1.0,World Average,3.77,Cellular basket low-usage 70min+20sms (2018-2024),2.5767961165048545,1.4630571568516635
KNA,Saint Kitts and Nevis,2023,76.58950043,21870.0,2.33,100.0,137.5132089,31.70078096,False,False,118.8930237,,46758.0,0.047,Negara lain,High Income,4.0,World Average,1.55,Cellular basket low-usage 70min+20sms (2018-2024),2.5767961165048545,0.6015221732414001
LCA,Saint Lucia,2023,67.44390106,12440.0,4.82,100.0,88.68187714,29.09763132,False,False,,,179285.0,0.179,Negara lain,Upper-Middle Income,3.0,World Average,2.49,Cellular basket low-usage 70min+20sms (2018-2024),2.5767961165048545,0.9663162654007008
VCT,Saint Vincent and the Grenadines,2023,75.53679657,10210.0,5.73,100.0,125.3810385,47.71699223,False,False,101.6314164,30.49357007,101323.0,0.101,Negara lain,Upper-Middle Income,3.0,World Average,3.9,Cellular basket low-usage 70min+20sms (2018-2024),2.5767961165048545,1.5135074036396516
WSM,Samoa,2023,,4800.0,6.59,100.0,,17.50127998,False,False,,,,,,,,,10.64,Cellular basket low-usage 70min+20sms (2018-2024),2.5767961165048545,4.129158660186127
SMR,San Marino,2023,97.33640289,53910.0,0.29,100.0,60.79404467,97.13173104,False,False,,,33860.0,0.034,Negara lain,High Income,4.0,World Average,0.22,Cellular basket low-usage 70min+20sms (2018-2024),2.5767961165048545,0.0853773407181342
STP,Sao Tome and Principe,2023,58.70130157,2810.0,4.65,81.3,,68.60439211,False,False,63.4540501,2.501396884,230871.0,0.231,Negara lain,Lower-Middle Income,2.0,World Average,3.17,Cellular basket low-usage 70min+20sms (2018-2024),2.5767961165048545,1.2302098639840247
SAU,Saudi Arabia,2023,100.0,36330.0,0.6,100.0,,84.29623883,False,False,157.7753887,43.57320456,33702731.0,33.703,Negara lain,High Income,4.0,World Average,0.3,Cellular basket low-usage 70min+20sms (2018-2024),2.5767961165048545,0.11642364643381936
SEN,Senegal,2023,59.18740082,1620.0,2.47,74.2,44.06736822,54.69922762,False,False,123.9115726,1.97393201,18077573.0,18.078,Negara lain,Lower-Middle Income,2.0,World Average,2.72,Cellular basket low-usage 70min+20sms (2018-2024),2.5767961165048545,1.0555743943332956
SRB,Serbia,2023,85.35746686,10750.0,0.72,100.0,,62.14346492,False,False,128.4711476,31.26952867,6623183.0,6.623,Negara lain,Upper-Middle Income,3.0,World Average,0.48,Cellular basket low-usage 70min+20sms (2018-2024),2.5767961165048545,0.186277834294111
SYC,Seychelles,2023,86.001297,16340.0,1.6,100.0,74.25144045,45.09710813,False,False,129.2440075,30.77193613,119773.0,0.12,Negara lain,High Income,4.0,World Average,1.22,Cellular basket low-usage 70min+20sms (2018-2024),2.5767961165048545,0.4734561621641987
SLE,Sierra Leone,2023,23.71360016,870.0,5.64,35.5,86.90795135,44.80932499,False,False,,,8460512.0,8.461,Negara lain,Low Income,1.0,World Average,14.9,Cellular basket low-usage 70min+20sms (2018-2024),2.5767961165048545,5.782374439546362
SGP,Singapore,2023,94.28518987,69530.0,0.16,100.0,103.0828019,100.0,False,True,173.199933,27.4343636,5917648.0,5.918,ASEAN lain,High Income,4.0,World Average,0.19,Cellular basket low-usage 70min+20sms (2018-2024),2.5767961165048545,0.07373497607475227
SXM,Sint Maarten (Dutch part),2023,,38260.0,0.42,100.0,,100.0,False,False,,,,,,,,,0.58,Cellular basket low-usage 70min+20sms (2018-2024),2.5767961165048545,0.22508571643871741
SVK,Slovak Republic,2023,87.2131343,22710.0,0.66,100.0,92.64367676,53.19080502,False,False,138.2329462,33.17259433,5426740.0,5.427,Negara lain,High Income,4.0,World Average,0.63,Cellular basket low-usage 70min+20sms (2018-2024),2.5767961165048545,0.24448965751102067
SVN,Slovenia,2023,90.37794678,31020.0,0.35,100.0,107.6268768,55.53789278,False,False,129.227963,31.88148014,2120461.0,2.12,Negara lain,High Income,4.0,World Average,0.17,Cellular basket low-usage 70min+20sms (2018-2024),2.5767961165048545,0.06597339964583097
SLB,Solomon Islands,2023,28.67239952,1980.0,10.21,81.3,,30.00888211,False,False,,,800005.0,0.8,Negara lain,Lower-Middle Income,2.0,World Average,6.04,Cellular basket low-usage 70min+20sms (2018-2024),2.5767961165048545,2.34399608153423
SOM,Somalia,2023,26.12010002,600.0,5.11,50.3,3.347850084,54.07144355,False,False,53.95796469,0.722963034,18358615.0,18.359,Negara lain,Low Income,1.0,World Average,3.06,Cellular basket low-usage 70min+20sms (2018-2024),2.5767961165048545,1.1875211936249577
ZAF,South Africa,2023,78.33670044,6490.0,1.65,87.7,104.1334807,63.58237052,False,False,171.5086193,3.405661777,63212384.0,63.212,Negara lain,Upper-Middle Income,3.0,World Average,0.72,Cellular basket low-usage 70min+20sms (2018-2024),2.5767961165048545,0.27941675144116646
SSD,South Sudan,2023,,,32.59,5.4,,21.07377553,False,False,,,,,,,,,5.76,Cellular basket low-usage 70min+20sms (2018-2024),2.5767961165048545,2.2353340115293316
ESP,Spain,2023,95.44564516,32980.0,0.21,100.0,118.3617096,80.128491,False,False,127.7154902,37.21481815,48352528.0,48.353,Negara lain,High Income,4.0,World Average,0.43,Cellular basket low-usage 70min+20sms (2018-2024),2.5767961165048545,0.16687389322180776
LKA,Sri Lanka,2023,51.2,3550.0,0.29,100.0,87.95340653,20.14553484,False,False,142.2774026,8.765451731,22037000.0,22.037,Negara lain,Lower-Middle Income,2.0,World Average,0.17,Cellular basket low-usage 70min+20sms (2018-2024),2.5767961165048545,0.06597339964583097
MAF,St. Martin (French part),2023,,,,100.0,,100.0,False,False,,,,,,,,,,,,
PSE,State of Palestine,2023,86.63765334,4450.0,0.39,100.0,89.1210984,86.85768704,False,False,76.69188542,8.370569263,5165775.0,5.166,Negara lain,Lower-Middle Income,2.0,World Average,2.54,Cellular basket low-usage 70min+20sms (2018-2024),2.5767961165048545,0.985720206473004
SDN,Sudan,2023,,660.0,4.17,66.0,,34.7960077,False,False,,,,,,,,,1.9,Cellular basket low-usage 70min+20sms (2018-2024),2.5767961165048545,0.7373497607475227
SUR,Suriname,2023,87.4,5210.0,2.8,99.6,76.11092377,65.75624084,False,False,157.2461464,17.53735971,628886.0,0.629,Negara lain,Upper-Middle Income,3.0,World Average,4.86,Cellular basket low-usage 70min+20sms (2018-2024),2.5767961165048545,1.886063072227874
SWE,Sweden,2023,95.70327461,60540.0,0.3,100.0,134.2442932,88.63121616,False,False,140.2656913,40.73401359,10536632.0,10.537,Negara lain,High Income,4.0,World Average,0.22,Cellular basket low-usage 70min+20sms (2018-2024),2.5767961165048545,0.0853773407181342
CHE,Switzerland,2023,97.34436623,98160.0,0.29,100.0,102.9655914,85.18542127,False,False,130.2218766,46.83646277,8888822.0,8.889,Negara lain,High Income,4.0,World Average,0.19,Cellular basket low-usage 70min+20sms (2018-2024),2.5767961165048545,0.07373497607475227
SYR,Syrian Arab Republic,2023,,,6.44,88.4,39.46720886,72.16738031,False,False,,,,,,,,,1.47,Cellular basket low-usage 70min+20sms (2018-2024),2.5767961165048545,0.5704758675257149
TJK,Tajikistan,2023,54.41550064,1400.0,4.44,100.0,88.40220159,26.18901276,False,False,76.21589215,0.9839362629,10389799.0,10.39,Negara lain,Lower-Middle Income,2.0,World Average,3.07,Cellular basket low-usage 70min+20sms (2018-2024),2.5767961165048545,1.1914019818394181
TZA,Tanzania,2023,28.43190002,1220.0,4.44,48.3,,35.47480194,False,False,105.4002811,0.1050172833,66617606.0,66.618,Negara lain,Lower-Middle Income,2.0,World Average,1.02,Cellular basket low-usage 70min+20sms (2018-2024),2.5767961165048545,0.39584039787498587
THA,Thailand,2023,89.53525238,7210.0,1.31,100.0,93.33563153,60.93419266,False,True,168.6428083,14.5089452,71702435.0,71.702,ASEAN lain,Upper-Middle Income,3.0,World Average,0.6,Cellular basket low-usage 70min+20sms (2018-2024),2.5767961165048545,0.23284729286763872
TLS,Timor-Leste,2023,,1900.0,4.26,100.0,,28.59547183,False,True,,,,,,,,,3.65,Cellular basket low-usage 70min+20sms (2018-2024),2.5767961165048545,1.4164876982781356
TGO,Togo,2023,37.57020187,1190.0,6.27,59.2,63.41925152,43.2496853,False,False,75.79067697,1.228158438,8223850.0,8.224,Negara lain,Lower-Middle Income,2.0,World Average,8.36,Cellular basket low-usage 70min+20sms (2018-2024),2.5767961165048545,3.2443389472890996
TON,Tonga,2023,64.13140106,5910.0,2.25,100.0,91.86066563,21.14794454,False,False,,,104597.0,0.105,Negara lain,Upper-Middle Income,3.0,World Average,1.13,Cellular basket low-usage 70min+20sms (2018-2024),2.5767961165048545,0.4385290682340529
TTO,Trinidad and Tobago,2023,81.9681015,19880.0,2.35,98.7,92.93778992,53.95368421,False,False,134.2305573,26.89423074,1367510.0,1.368,Negara lain,High Income,4.0,World Average,1.2,Cellular basket low-usage 70min+20sms (2018-2024),2.5767961165048545,0.46569458573527744
TUN,Tunisia,2023,,3850.0,0.84,100.0,,70.02666865,False,False,,,,,,,,,0.36,Cellular basket low-usage 70min+20sms (2018-2024),2.5767961165048545,0.13970837572058323
TUR,Turkiye,2023,85.96074155,11980.0,0.69,100.0,118.4119797,89.02184468,False,False,105.6840329,22.45916979,85325965.0,85.326,Negara lain,Upper-Middle Income,3.0,World Average,0.68,Cellular basket low-usage 70min+20sms (2018-2024),2.5767961165048545,0.2638935985833239
TKM,Turkmenistan,2023,,4830.0,2.12,100.0,102.5467529,47.06788751,False,False,,,,,,,,,0.44,Cellular basket low-usage 70min+20sms (2018-2024),2.5767961165048545,0.1707546814362684
TCA,Turks & Caicos Is.,2023,,36060.0,1.93,100.0,109.8417599,93.93245137,False,False,,,,,,,,,1.93,Cellular basket low-usage 70min+20sms (2018-2024),2.5767961165048545,0.7489921253909045
TUV,Tuvalu,2023,,7520.0,2.48,100.0,93.27531646,64.01172067,False,False,,,,,,,,,1.42,Cellular basket low-usage 70min+20sms (2018-2024),2.5767961165048545,0.5510719264534116
UGA,Uganda,2023,9.286999702,970.0,3.55,51.5,,30.60593594,False,False,76.29667966,0.09129696503,48656601.0,48.657,Negara lain,Low Income,1.0,World Average,3.78,Cellular basket low-usage 70min+20sms (2018-2024),2.5767961165048545,1.466937945066124
UKR,Ukraine,2023,81.58059692,4980.0,1.36,100.0,87.0823822,69.4754455,False,False,133.3801281,21.37741515,37732836.0,37.733,Negara lain,Upper-Middle Income,3.0,World Average,1.36,Cellular basket low-usage 70min+20sms (2018-2024),2.5767961165048545,0.5277871971666478
ARE,United Arab Emirates,2023,100.0,51100.0,0.42,100.0,101.9449724,85.6680699,False,False,199.4238439,37.09682345,10483751.0,10.484,Negara lain,High Income,4.0,World Average,0.08,Cellular basket low-usage 70min+20sms (2018-2024),2.5767961165048545,0.031046305715685164
GBR,United Kingdom,2023,95.44719696,48800.0,0.32,100.0,112.1200485,83.16019329,False,False,122.7815422,41.43676855,68526000.0,68.526,Negara lain,High Income,4.0,World Average,0.32,Cellular basket low-usage 70min+20sms (2018-2024),2.5767961165048545,0.12418522286274065
USA,United States,2023,93.52559662,79950.0,0.67,100.0,,80.07156112,False,False,112.4109106,38.09392547,336755052.0,336.755,Negara lain,High Income,4.0,World Average,0.59,Cellular basket low-usage 70min+20sms (2018-2024),2.5767961165048545,0.22896650465317808
URY,Uruguay,2023,90.92590332,20070.0,0.62,100.0,119.105006,95.54396057,False,False,141.7194866,32.40320996,3388081.0,3.388,Negara lain,High Income,4.0,World Average,0.84,Cellular basket low-usage 70min+20sms (2018-2024),2.5767961165048545,0.3259862100146942
UZB,Uzbekistan,2023,89.01361047,2880.0,0.71,100.0,97.38399458,50.99648411,False,False,106.8848476,30.26992335,35652307.0,35.652,Negara lain,Lower-Middle Income,2.0,World Average,0.5,Cellular basket low-usage 70min+20sms (2018-2024),2.5767961165048545,0.19403941072303227
VUT,Vanuatu,2023,,4210.0,3.0,61.6,134.6706752,22.26519668,False,False,,,,,,,,,6.68,Cellular basket low-usage 70min+20sms (2018-2024),2.5767961165048545,2.592366527259711
VEN,Venezuela,2023,76.33190155,3040.0,37.36,100.0,97.22960663,89.24962762,False,False,70.21973259,10.63805354,28300854.0,28.301,Negara lain,Lower-Middle Income,2.0,World Average,6.95,Cellular basket low-usage 70min+20sms (2018-2024),2.5767961165048545,2.697147809050149
VNM,Viet Nam,2023,78.08,4140.0,0.91,99.8,,38.12989044,False,True,130.9914287,22.6806675,100352192.0,100.352,ASEAN lain,Lower-Middle Income,2.0,World Average,1.23,Cellular basket low-usage 70min+20sms (2018-2024),2.5767961165048545,0.4773369503786594
VIR,Virgin Islands (U.S.),2023,,,,100.0,,95.27407909,False,False,,,,,,,,,,,,
YEM,Yemen,2023,,,7.7,83.6,,36.57079798,False,False,,,,,,,,,3.79,Cellular basket low-usage 70min+20sms (2018-2024),2.5767961165048545,1.4708187332805847
ZMB,Zambia,2023,16.45070076,1270.0,2.02,51.1,,45.02858535,False,False,102.061565,0.6813898788,20723965.0,20.724,Negara lain,Lower-Middle Income,2.0,World Average,1.43,Cellular basket low-usage 70min+20sms (2018-2024),2.5767961165048545,0.5549527146678723
ZWE,Zimbabwe,2023,38.67480087,2550.0,4.76,62.0,,39.29193708,False,False,91.63441105,1.574578072,16340822.0,16.341,Negara lain,Lower-Middle Income,2.0,World Average,5.26,Cellular basket low-usage 70min+20sms (2018-2024),2.5767961165048545,2.0412946008062995
AFG,Afghanistan,2024,16.09499931,390.0,8.44,87.8,,25.70073526,False,False,60.09908156,,42647492.0,42.647,Negara lain,Low Income,1.0,World Average,7.19,Cellular basket low-usage 70min+20sms (2018-2024),2.3201463414634147,3.0989424552698526
ALB,Albania,2024,85.86389923,9910.0,1.88,100.0,108.3553925,58.5463634,False,False,89.13286039,24.88157134,2377128.0,2.377,Negara lain,Upper-Middle Income,3.0,World Average,1.3,Cellular basket low-usage 70min+20sms (2018-2024),2.3201463414634147,0.5603094842629776
DZA,Algeria,2024,77.4178009,5370.0,0.51,100.0,105.1641318,75.27929072,False,False,115.4572786,13.31730889,46814308.0,46.814,Negara lain,Upper-Middle Income,3.0,World Average,1.12,Cellular basket low-usage 70min+20sms (2018-2024),2.3201463414634147,0.4827281710573345
ASM,American Samoa,2024,,,,,,80.9446987,False,False,,,,,,,,,,,,
AND,Andorra,2024,94.39759827,47740.0,0.43,100.0,101.9238205,88.88500448,False,False,155.6921087,52.35543948,81938.0,0.082,Negara lain,High Income,4.0,World Average,0.29,Cellular basket low-usage 70min+20sms (2018-2024),2.3201463414634147,0.12499211572020266
AGO,Angola,2024,40.70479965,2850.0,1.56,55.5,,70.6551379,False,False,69.70394672,0.3628452407,37885849.0,37.886,Negara lain,Lower-Middle Income,2.0,World Average,0.9,Cellular basket low-usage 70min+20sms (2018-2024),2.3201463414634147,0.3879065660282152
ATG,Antigua and Barbuda,2024,72.73040009,21200.0,2.31,100.0,,24.39069193,False,False,,,93772.0,0.094,Negara lain,High Income,4.0,World Average,1.54,Cellular basket low-usage 70min+20sms (2018-2024),2.3201463414634147,0.6637512352038349
ARG,Argentina,2024,89.66715228,13530.0,0.84,98.4,,92.2742316,False,False,140.234979,26.09764204,45696159.0,45.696,Negara lain,Upper-Middle Income,3.0,World Average,1.29,Cellular basket low-usage 70min+20sms (2018-2024),2.3201463414634147,0.5559994113071085
ARM,Armenia,2024,81.33930206,7810.0,0.72,100.0,90.94587141,65.81136714,False,False,134.8869475,20.30909531,3033500.0,3.034,Negara lain,Upper-Middle Income,3.0,World Average,0.72,Cellular basket low-usage 70min+20sms (2018-2024),2.3201463414634147,0.3103252528225722
ABW,Aruba,2024,,35200.0,1.04,100.0,124.3793667,61.79093968,False,False,,,,,,,,,1.0,Cellular basket low-usage 70min+20sms (2018-2024),2.3201463414634147,0.43100729558690576
AUS,Australia,2024,96.13140106,62680.0,0.33,100.0,131.9315643,87.602147,False,False,112.581025,36.47882761,27194286.0,27.194,Negara lain,High Income,4.0,World Average,0.46,Cellular basket low-usage 70min+20sms (2018-2024),2.3201463414634147,0.19826335596997666
AUT,Austria,2024,94.91974877,54760.0,0.2,100.0,100.6226578,69.46581811,False,False,124.4592998,30.12779672,9177982.0,9.178,Negara lain,High Income,4.0,World Average,0.1,Cellular basket low-usage 70min+20sms (2018-2024),2.3201463414634147,0.04310072955869058
AZE,Azerbaijan,2024,90.43979645,7340.0,0.62,100.0,91.12280359,58.57379584,False,False,109.5431495,21.75341024,10202830.0,10.203,Negara lain,Upper-Middle Income,3.0,World Average,0.54,Cellular basket low-usage 70min+20sms (2018-2024),2.3201463414634147,0.23274393961692913
BHS,Bahamas,2024,92.47270203,37020.0,0.87,100.0,79.48587503,81.3249263,False,False,96.67989922,25.26795304,401283.0,0.401,Negara lain,High Income,4.0,World Average,0.81,Cellular basket low-usage 70min+20sms (2018-2024),2.3201463414634147,0.3491159094253937
BHR,Bahrain,2024,100.0,28170.0,0.58,100.0,98.81391814,100.0,False,False,159.5361436,16.99157897,1588670.0,1.589,Negara lain,High Income,4.0,World Average,1.06,Cellular basket low-usage 70min+20sms (2018-2024),2.3201463414634147,0.45686773332212016
BGD,Bangladesh,2024,53.42171316,2820.0,0.66,99.5,64.2997191,32.67831963,False,False,108.0770374,8.089311344,173562364.0,173.562,Negara lain,Lower-Middle Income,2.0,World Average,0.55,Cellular basket low-usage 70min+20sms (2018-2024),2.3201463414634147,0.2370540125727982
BRB,Barbados,2024,70.36470032,25360.0,1.66,100.0,104.371183,59.53970324,False,False,,,282467.0,0.282,Negara lain,High Income,4.0,World Average,2.9,Cellular basket low-usage 70min+20sms (2018-2024),2.3201463414634147,1.2499211572020268
BLR,Belarus,2024,94.26182128,8380.0,0.51,100.0,94.79027029,79.15510152,False,False,131.1230166,36.26270552,9132629.0,9.133,Negara lain,Upper-Middle Income,3.0,World Average,0.66,Cellular basket low-usage 70min+20sms (2018-2024),2.3201463414634147,0.2844648150873578
BEL,Belgium,2024,95.77579144,55290.0,0.36,100.0,,87.6126557,False,False,103.9046533,44.23215632,11858610.0,11.859,Negara lain,High Income,4.0,World Average,0.28,Cellular basket low-usage 70min+20sms (2018-2024),2.3201463414634147,0.12068204276433363
BLZ,Belize,2024,80.00582262,7150.0,2.1,99.6,86.45715833,41.75321073,False,False,,,417072.0,0.417,Negara lain,Upper-Middle Income,3.0,World Average,2.1,Cellular basket low-usage 70min+20sms (2018-2024),2.3201463414634147,0.9051153207325021
BEN,Benin,2024,33.98379898,1430.0,4.58,59.0,,52.54553548,False,False,125.9408739,0.2773820478,14462724.0,14.463,Negara lain,Lower-Middle Income,2.0,World Average,3.88,Cellular basket low-usage 70min+20sms (2018-2024),2.3201463414634147,1.6723083068771945
BMU,Bermuda,2024,,139370.0,0.74,100.0,,100.0,False,False,,,,,,,,,0.19,Cellular basket low-usage 70min+20sms (2018-2024),2.3201463414634147,0.08189138616151209
BTN,Bhutan,2024,91.27739716,3910.0,0.68,100.0,86.1810002,42.56452498,False,False,99.75768265,2.920694761,791524.0,0.792,Negara lain,Lower-Middle Income,2.0,World Average,0.53,Cellular basket low-usage 70min+20sms (2018-2024),2.3201463414634147,0.22843386666106008
BOL,Bolivia,2024,79.70469666,4160.0,1.44,96.6,90.52722168,71.23614538,False,False,98.02879408,12.07114296,12413315.0,12.413,Negara lain,Lower-Middle Income,2.0,World Average,3.07,Cellular basket low-usage 70min+20sms (2018-2024),2.3201463414634147,1.3231923974518007
BIH,Bosnia and Herzegovina,2024,86.10091103,8810.0,0.92,100.0,,52.12243028,False,False,121.232373,29.39091786,3164253.0,3.164,Negara lain,Upper-Middle Income,3.0,World Average,1.39,Cellular basket low-usage 70min+20sms (2018-2024),2.3201463414634147,0.599100140865799
BWA,Botswana,2024,57.45950036,7610.0,0.85,80.2,,67.46235378,False,False,163.9999223,7.4409622,2521139.0,2.521,Negara lain,Upper-Middle Income,3.0,World Average,0.99,Cellular basket low-usage 70min+20sms (2018-2024),2.3201463414634147,0.4266972226310367
BRA,Brazil,2024,84.46347227,9930.0,0.74,99.8,104.1446609,87.89585495,False,False,101.9268465,24.07919934,211998573.0,211.999,Negara lain,Upper-Middle Income,3.0,World Average,0.74,Cellular basket low-usage 70min+20sms (2018-2024),2.3201463414634147,0.31894539873431027
VGB,British Virgin Islands,2024,,,0.7,100.0,75.58331299,56.5072069,False,False,,,,,,,,,0.56,Cellular basket low-usage 70min+20sms (2018-2024),2.3201463414634147,0.24136408552866725
BRN,Brunei Darussalam,2024,96.29828801,36020.0,0.26,100.0,,74.89831339,False,True,118.1305798,21.17712401,462721.0,0.463,ASEAN lain,High Income,4.0,World Average,0.25,Cellular basket low-usage 70min+20sms (2018-2024),2.3201463414634147,0.10775182389672644
BGR,Bulgaria,2024,82.438955,15370.0,0.43,100.0,94.78163147,73.94993569,False,False,118.0671528,,6441421.0,6.441,Negara lain,High Income,4.0,World Average,0.65,Cellular basket low-usage 70min+20sms (2018-2024),2.3201463414634147,0.2801547421314888
BFA,Burkina Faso,2024,28.25270081,850.0,4.96,34.0,29.99057745,28.33525149,False,False,116.5895933,0.8513604165,23548781.0,23.549,Negara lain,Low Income,1.0,World Average,0.24,Cellular basket low-usage 70min+20sms (2018-2024),2.3201463414634147,0.10344175094085738
BDI,Burundi,2024,8.595999718,250.0,10.43,20.1,,24.83028387,False,False,,,14047786.0,14.048,Negara lain,Low Income,1.0,World Average,19.32,Cellular basket low-usage 70min+20sms (2018-2024),2.3201463414634147,8.32706095073902
CPV,Cabo Verde,2024,74.73519897,4940.0,1.91,98.4,,76.7721471,False,False,111.8406789,8.305374402,524877.0,0.525,Negara lain,Upper-Middle Income,3.0,World Average,3.6,Cellular basket low-usage 70min+20sms (2018-2024),2.3201463414634147,1.5516262641128609
KHM,Cambodia,2024,68.47530365,2550.0,0.66,99.2,58.78932304,40.87270333,False,True,116.0919611,4.145661601,17638801.0,17.639,ASEAN lain,Lower-Middle Income,2.0,World Average,4.05,Cellular basket low-usage 70min+20sms (2018-2024),2.3201463414634147,1.7455795471269684
CMR,Cameroon,2024,46.25880051,1690.0,3.38,72.0,,55.40317486,False,False,108.2131302,,29123744.0,29.124,Negara lain,Lower-Middle Income,2.0,World Average,2.41,Cellular basket low-usage 70min+20sms (2018-2024),2.3201463414634147,1.038727582364443
CAN,Canada,2024,94.353302,54110.0,0.67,100.0,,82.70025658,False,False,94.10597188,42.52382152,41262329.0,41.262,Negara lain,High Income,4.0,World Average,0.29,Cellular basket low-usage 70min+20sms (2018-2024),2.3201463414634147,0.12499211572020266
CYM,Cayman Islands,2024,,81920.0,1.48,100.0,84.76030982,100.0,False,False,,,,,,,,,0.73,Cellular basket low-usage 70min+20sms (2018-2024),2.3201463414634147,0.3146353257784412
CAF,Central African Rep.,2024,13.78250027,510.0,26.7,18.2,,44.12435556,False,False,,,5330690.0,5.331,Negara lain,Low Income,1.0,World Average,11.75,Cellular basket low-usage 70min+20sms (2018-2024),2.3201463414634147,5.064335723146143
TCD,Chad,2024,12.62689972,930.0,8.37,13.4,23.49298948,26.93152924,False,False,72.92897826,0.0,20299123.0,20.299,Negara lain,Low Income,1.0,World Average,9.49,Cellular basket low-usage 70min+20sms (2018-2024),2.3201463414634147,4.090259235119736
CHI,Channel Islands,2024,,,,100.0,,32.70562112,False,False,,,,,,,,,,,,
CHL,Chile,2024,95.590243,15840.0,0.44,99.0,105.608551,88.99509085,False,False,132.6604088,23.73140574,19764771.0,19.765,Negara lain,High Income,4.0,World Average,0.53,Cellular basket low-usage 70min+20sms (2018-2024),2.3201463414634147,0.22843386666106008
CHN,China,2024,92.0,13660.0,0.41,100.0,,65.8946981,False,False,131.753932,47.19339521,1408975000.0,1408.975,Negara lain,Upper-Middle Income,3.0,World Average,0.23,Cellular basket low-usage 70min+20sms (2018-2024),2.3201463414634147,0.09913167798498833
COL,Colombia,2024,79.34543299,7090.0,1.12,98.9,,78.52108119,False,False,174.0942897,17.22441568,52886363.0,52.886,Negara lain,Upper-Middle Income,3.0,World Average,0.72,Cellular basket low-usage 70min+20sms (2018-2024),2.3201463414634147,0.3103252528225722
COM,Comoros,2024,32.51750183,1730.0,5.8,91.7,,33.53922157,False,False,,,866628.0,0.867,Negara lain,Lower-Middle Income,2.0,World Average,6.63,Cellular basket low-usage 70min+20sms (2018-2024),2.3201463414634147,2.8575783697411854
COG,Congo (Rep. of the),2024,47.25159836,2270.0,5.67,53.0,,63.88661117,False,False,95.53193206,,6332961.0,6.333,Negara lain,Lower-Middle Income,2.0,World Average,3.92,Cellular basket low-usage 70min+20sms (2018-2024),2.3201463414634147,1.6895485987006706
COD,"Congo, Dem. Rep.",2024,19.67350006,680.0,9.09,22.5,,44.74558044,False,False,58.53215335,0.03202891314,109276265.0,109.276,Negara lain,Low Income,1.0,World Average,15.0,Cellular basket low-usage 70min+20sms (2018-2024),2.3201463414634147,6.465109433803587
CRI,Costa Rica,2024,87.17019653,15710.0,0.85,99.8,121.8107605,79.31076724,False,False,136.0245112,23.287699,5129910.0,5.13,Negara lain,High Income,4.0,World Average,0.46,Cellular basket low-usage 70min+20sms (2018-2024),2.3201463414634147,0.19826335596997666
CIV,Cote d'Ivoire,2024,41.43219902,2520.0,1.89,72.9,65.30650566,53.97331139,False,False,183.8759851,1.601532274,31934230.0,31.934,Negara lain,Lower-Middle Income,2.0,World Average,1.51,Cellular basket low-usage 70min+20sms (2018-2024),2.3201463414634147,0.6508210163362277
HRV,Croatia,2024,83.63240029,22230.0,0.18,100.0,,57.51589817,False,False,121.7325257,29.5997368,3866200.0,3.866,Negara lain,High Income,4.0,World Average,0.6,Cellular basket low-usage 70min+20sms (2018-2024),2.3201463414634147,0.2586043773521435
CUB,Cuba,2024,70.47699738,,18.63,100.0,91.74568443,77.16649292,False,False,,,,,,,,,38.08,Cellular basket low-usage 70min+20sms (2018-2024),2.3201463414634147,16.412757815949373
CUW,Curacao,2024,,22570.0,2.13,100.0,89.9053421,91.43218124,False,False,,,,,,,,,3.93,Cellular basket low-usage 70min+20sms (2018-2024),2.3201463414634147,1.6938586716565398
CYP,Cyprus,2024,89.60099246,32870.0,0.21,100.0,106.7412796,66.68242592,False,False,156.2180257,37.56270695,1358282.0,1.358,Negara lain,High Income,4.0,World Average,0.29,Cellular basket low-usage 70min+20sms (2018-2024),2.3201463414634147,0.12499211572020266
CZE,Czech Republic,2024,87.68776014,29570.0,0.41,100.0,,72.79479846,False,False,126.6001631,38.86563711,10905028.0,10.905,Negara lain,High Income,4.0,World Average,0.45,Cellular basket low-usage 70min+20sms (2018-2024),2.3201463414634147,0.1939532830141076
DNK,Denmark,2024,99.76915157,72540.0,0.2,100.0,125.6280899,88.69605527,False,False,126.6865326,43.39332808,5976992.0,5.977,Negara lain,High Income,4.0,World Average,0.2,Cellular basket low-usage 70min+20sms (2018-2024),2.3201463414634147,0.08620145911738115
DJI,Djibouti,2024,65.29889679,3640.0,5.75,69.2,,72.90526351,False,False,,,1168722.0,1.169,Negara lain,Lower-Middle Income,2.0,World Average,1.92,Cellular basket low-usage 70min+20sms (2018-2024),2.3201463414634147,0.827534007526859
DMA,Dominica,2024,82.04689789,9930.0,5.94,100.0,,73.544984,False,False,,,66205.0,0.066,Negara lain,Upper-Middle Income,3.0,World Average,2.75,Cellular basket low-usage 70min+20sms (2018-2024),2.3201463414634147,1.185270062863991
DOM,Dominican Rep.,2024,91.0022446,10310.0,1.82,99.5,76.36484034,72.41218748,False,False,93.7095829,11.20456455,11427557.0,11.428,Negara lain,Upper-Middle Income,3.0,World Average,1.01,Cellular basket low-usage 70min+20sms (2018-2024),2.3201463414634147,0.43531736854277486
ECU,Ecuador,2024,77.17273115,6400.0,1.89,98.5,,63.23769324,False,False,101.598265,17.24639406,18135478.0,18.135,Negara lain,Upper-Middle Income,3.0,World Average,2.14,Cellular basket low-usage 70min+20sms (2018-2024),2.3201463414634147,0.9223556125559784
EGY,Egypt,2024,74.64839935,3510.0,0.7,100.0,84.82860313,42.80043639,False,False,97.1295066,11.68712252,116538258.0,116.538,Negara lain,Lower-Middle Income,2.0,World Average,0.25,Cellular basket low-usage 70min+20sms (2018-2024),2.3201463414634147,0.10775182389672644
SLV,El Salvador,2024,66.47769928,5070.0,2.93,98.7,62.14258477,75.06749051,False,False,176.5174238,12.46407296,6338193.0,6.338,Negara lain,Upper-Middle Income,3.0,World Average,2.49,Cellular basket low-usage 70min+20sms (2018-2024),2.3201463414634147,1.0732081660113955
GNQ,Equatorial Guinea,2024,63.29930115,6050.0,,65.1,,71.35740287,False,False,,,1892516.0,1.893,Negara lain,Upper-Middle Income,3.0,World Average,,,,
ERI,Eritrea,2024,,,,55.3,,34.53655243,False,False,,,,,,,,,14.91,Cellular basket low-usage 70min+20sms (2018-2024),2.3201463414634147,6.426318777200765
EST,Estonia,2024,92.23796204,28880.0,0.18,100.0,108.5387268,70.69811615,False,False,151.131825,35.35271869,1372341.0,1.372,Negara lain,High Income,4.0,World Average,0.09,Cellular basket low-usage 70min+20sms (2018-2024),2.3201463414634147,0.03879065660282152
SWZ,Eswatini,2024,63.40309906,3440.0,3.47,89.3,,26.24984613,False,False,139.8334597,2.506553634,1242822.0,1.243,Negara lain,Lower-Middle Income,2.0,World Average,1.39,Cellular basket low-usage 70min+20sms (2018-2024),2.3201463414634147,0.599100140865799
ETH,Ethiopia,2024,21.94129944,1100.0,1.75,56.6,,23.62228394,False,False,65.08250919,0.5939174495,132059767.0,132.06,Negara lain,Low Income,1.0,World Average,0.59,Cellular basket low-usage 70min+20sms (2018-2024),2.3201463414634147,0.2542943043962744
FRO,Faroe Islands,2024,,73120.0,0.49,100.0,,39.41323259,False,False,,,,,,,,,0.39,Cellular basket low-usage 70min+20sms (2018-2024),2.3201463414634147,0.16809284527889326
FJI,Fiji,2024,74.7052002,5820.0,3.13,95.9,98.09276303,59.07666023,False,False,574.1523325,1.800095609,928784.0,0.929,Negara lain,Upper-Middle Income,3.0,World Average,3.29,Cellular basket low-usage 70min+20sms (2018-2024),2.3201463414634147,1.41801400248092
FIN,Finland,2024,93.72405196,51710.0,0.12,100.0,142.3951569,74.26371905,False,False,125.8609548,36.47653414,5619911.0,5.62,Negara lain,High Income,4.0,World Average,0.14,Cellular basket low-usage 70min+20sms (2018-2024),2.3201463414634147,0.060341021382166814
FRA,France,2024,88.65381638,45160.0,0.14,100.0,103.785408,78.7999751,False,False,,48.9251979,68551653.0,68.552,Negara lain,High Income,4.0,World Average,0.26,Cellular basket low-usage 70min+20sms (2018-2024),2.3201463414634147,0.1120618968525955
PYF,French Polynesia,2024,,24100.0,0.55,100.0,,61.71919847,False,False,,,,,,,,,0.66,Cellular basket low-usage 70min+20sms (2018-2024),2.3201463414634147,0.2844648150873578
GAB,Gabon,2024,68.72090149,7870.0,1.47,95.1,,91.86320947,False,False,125.3371076,4.694102133,2538952.0,2.539,Negara lain,Upper-Middle Income,3.0,World Average,2.09,Cellular basket low-usage 70min+20sms (2018-2024),2.3201463414634147,0.9008052477766331
GMB,Gambia,2024,49.49430084,880.0,4.25,69.0,,64.29941034,False,False,126.2437735,0.5185529792,2759988.0,2.76,Negara lain,Low Income,1.0,World Average,5.25,Cellular basket low-usage 70min+20sms (2018-2024),2.3201463414634147,2.262788301831255
GEO,Georgia,2024,83.79855689,7870.0,0.54,100.0,100.9593155,61.07896051,False,False,161.2017848,30.41576607,3812518.0,3.813,Negara lain,Upper-Middle Income,3.0,World Average,0.51,Cellular basket low-usage 70min+20sms (2018-2024),2.3201463414634147,0.21981372074932196
DEU,Germany,2024,93.49999579,55090.0,0.24,100.0,100.2436981,82.02114326,False,False,129.1509219,45.6069243,83516593.0,83.517,Negara lain,High Income,4.0,World Average,0.19,Cellular basket low-usage 70min+20sms (2018-2024),2.3201463414634147,0.08189138616151209
GHA,Ghana,2024,72.17569733,2260.0,1.48,91.9,75.71746826,58.3654868,False,False,113.6479667,0.664728986,34427414.0,34.427,Negara lain,Lower-Middle Income,2.0,World Average,0.16,Cellular basket low-usage 70min+20sms (2018-2024),2.3201463414634147,0.06896116729390493
GIB,Gibraltar,2024,,,,100.0,78.52797699,100.0,False,False,,,,,,,,,,,,
GRC,Greece,2024,86.26968886,22730.0,0.53,100.0,,78.99678565,False,False,113.5976103,44.67598285,10405134.0,10.405,Negara lain,High Income,4.0,World Average,0.72,Cellular basket low-usage 70min+20sms (2018-2024),2.3201463414634147,0.3103252528225722
GRL,Greenland,2024,,,1.2,100.0,,88.31953479,False,False,,,,,,,,,0.67,Cellular basket low-usage 70min+20sms (2018-2024),2.3201463414634147,0.2887748880432269
GRD,Grenada,2024,70.16159821,10790.0,5.43,95.6,100.7316794,36.56280005,False,False,,,117207.0,0.117,Negara lain,Upper-Middle Income,3.0,World Average,5.43,Cellular basket low-usage 70min+20sms (2018-2024),2.3201463414634147,2.340369615036898
GUM,Guam,2024,,,,100.0,,94.17263466,False,False,,,,,,,,,,,,
GTM,Guatemala,2024,60.22140121,5780.0,2.96,90.9,49.5765805,55.95470273,False,False,112.520863,5.33792153,18406359.0,18.406,Negara lain,Upper-Middle Income,3.0,World Average,2.96,Cellular basket low-usage 70min+20sms (2018-2024),2.3201463414634147,1.275781594937241
GIN,Guinea,2024,33.30469894,1440.0,4.56,53.8,,38.07130367,False,False,,,14754785.0,14.755,Negara lain,Lower-Middle Income,2.0,World Average,3.45,Cellular basket low-usage 70min+20sms (2018-2024),2.3201463414634147,1.486975169774825
GNB,Guinea-Bissau,2024,29.77739906,980.0,8.54,43.7,,46.11320442,False,False,147.1976313,0.3860809175,2201352.0,2.201,Negara lain,Low Income,1.0,World Average,14.14,Cellular basket low-usage 70min+20sms (2018-2024),2.3201463414634147,6.094443159598848
GUY,Guyana,2024,83.00080109,26400.0,1.22,93.0,91.43044965,26.47771799,False,False,,,831087.0,0.831,Negara lain,High Income,4.0,World Average,0.91,Cellular basket low-usage 70min+20sms (2018-2024),2.3201463414634147,0.39221663898408426
HTI,Haiti,2024,47.8614006,1730.0,3.52,53.9,,55.03726525,False,False,,,11772557.0,11.773,Negara lain,Lower-Middle Income,2.0,World Average,8.34,Cellular basket low-usage 70min+20sms (2018-2024),2.3201463414634147,3.594600845194794
HND,Honduras,2024,58.62269974,3020.0,7.13,95.5,51.76398132,58.78507281,False,False,70.93974405,4.579148347,10825703.0,10.826,Negara lain,Lower-Middle Income,2.0,World Average,10.46,Cellular basket low-usage 70min+20sms (2018-2024),2.3201463414634147,4.5083363118390345
HKG,"Hong Kong SAR, China",2024,95.75536971,57410.0,0.09,100.0,107.1603269,100.0,False,False,364.848982,40.27240253,7524100.0,7.524,Negara lain,High Income,4.0,World Average,0.04,Cellular basket low-usage 70min+20sms (2018-2024),2.3201463414634147,0.017240291823476233
HUN,Hungary,2024,93.77898628,20800.0,0.45,100.0,107.3509293,70.49182594,False,False,104.5806306,37.54226248,9562065.0,9.562,Negara lain,High Income,4.0,World Average,0.38,Cellular basket low-usage 70min+20sms (2018-2024),2.3201463414634147,0.16378277232302418
ISL,Iceland,2024,98.209198,80910.0,0.31,100.0,,94.18190399,False,False,120.9275132,37.52427579,386506.0,0.387,Negara lain,High Income,4.0,World Average,0.24,Cellular basket low-usage 70min+20sms (2018-2024),2.3201463414634147,0.10344175094085738
IND,India,2024,64.9434967,2550.0,0.92,99.9,78.10580732,35.37889724,False,False,79.35269218,3.1504625,1450935791.0,1450.936,Negara lain,Lower-Middle Income,2.0,World Average,0.92,Cellular basket low-usage 70min+20sms (2018-2024),2.3201463414634147,0.3965267119399533
IDN,Indonesia,2024,72.78075544,4920.0,0.49,99.9,98.83644446,58.75096354,True,True,122.5149465,4.921966854,283487931.0,283.488,Indonesia,Upper-Middle Income,3.0,Indonesia,1.26,Cellular basket low-usage 70min+20sms (2018-2024),2.3201463414634147,0.5430691924395012
IRN,Iran (Islamic Republic of),2024,85.3404007,5130.0,0.15,100.0,,77.02012634,False,False,174.066389,12.06038747,91567738.0,91.568,Negara lain,Upper-Middle Income,3.0,World Average,0.11,Cellular basket low-usage 70min+20sms (2018-2024),2.3201463414634147,0.04741080251455963
IRQ,Iraq,2024,81.47450256,6030.0,1.65,100.0,,69.88614941,False,False,100.0802767,17.63332904,46042015.0,46.042,Negara lain,Upper-Middle Income,3.0,World Average,1.15,Cellular basket low-usage 70min+20sms (2018-2024),2.3201463414634147,0.4956583899249416
IRL,Ireland,2024,97.18769836,80650.0,0.32,100.0,,64.34703793,False,False,112.6388173,32.30236934,5395790.0,5.396,Negara lain,High Income,4.0,World Average,0.32,Cellular basket low-usage 70min+20sms (2018-2024),2.3201463414634147,0.13792233458780986
IMN,Isle of Man,2024,,,,100.0,,52.16334058,False,False,,,,,,,,,,,,
ISR,Israel,2024,88.18242225,53090.0,0.22,100.0,98.54734039,91.53618884,False,False,177.3931048,29.18371015,10002200.0,10.002,Negara lain,High Income,4.0,World Average,0.22,Cellular basket low-usage 70min+20sms (2018-2024),2.3201463414634147,0.09482160502911927
ITA,Italy,2024,89.2207202,38640.0,0.34,100.0,,69.60475351,False,False,132.5751417,31.78077325,58952704.0,58.953,Negara lain,High Income,4.0,World Average,0.51,Cellular basket low-usage 70min+20sms (2018-2024),2.3201463414634147,0.21981372074932196
JAM,Jamaica,2024,90.10870361,7190.0,4.66,97.7,84.45723724,58.93015854,False,False,117.6939076,15.98161438,2839175.0,2.839,Negara lain,Upper-Middle Income,3.0,World Average,0.98,Cellular basket low-usage 70min+20sms (2018-2024),2.3201463414634147,0.42238714967516766
JPN,Japan,2024,85.54153081,37170.0,0.52,100.0,,92.1901718,False,False,,,123975371.0,123.975,Negara lain,High Income,4.0,World Average,0.36,Cellular basket low-usage 70min+20sms (2018-2024),2.3201463414634147,0.1551626264112861
JOR,Jordan,2024,95.62244985,4880.0,3.53,100.0,91.75186216,92.95013938,False,False,69.6426154,7.018010061,11552876.0,11.553,Negara lain,Upper-Middle Income,3.0,World Average,1.14,Cellular basket low-usage 70min+20sms (2018-2024),2.3201463414634147,0.49134831696907255
KAZ,Kazakhstan,2024,93.39167254,12100.0,1.11,100.0,97.19888423,62.07253158,False,False,127.0851512,15.31620311,20592571.0,20.593,Negara lain,Upper-Middle Income,3.0,World Average,0.36,Cellular basket low-usage 70min+20sms (2018-2024),2.3201463414634147,0.1551626264112861
KEN,Kenya,2024,34.97622513,2070.0,1.79,77.0,,31.89378317,False,False,126.477706,3.04382667,56432944.0,56.433,Negara lain,Lower-Middle Income,2.0,World Average,1.26,Cellular basket low-usage 70min+20sms (2018-2024),2.3201463414634147,0.5430691924395012
KIR,Kiribati,2024,89.44029999,3580.0,4.55,97.7,90.27867126,62.46204313,False,False,53.52443539,0.03493956199,134518.0,0.135,Negara lain,Lower-Middle Income,2.0,World Average,3.24,Cellular basket low-usage 70min+20sms (2018-2024),2.3201463414634147,1.396463637701575
KOR,Korea (Rep. of),2024,97.89563777,36750.0,0.45,100.0,96.25399017,81.16825285,False,False,172.5202412,47.80149655,51751065.0,51.751,Negara lain,High Income,4.0,World Average,0.57,Cellular basket low-usage 70min+20sms (2018-2024),2.3201463414634147,0.24567415848453628
PRK,"Korea, Dem. People's Rep.",2024,,,,61.4,,63.85897482,False,False,,,,,,,,,,,,
XKX,Kosovo,2024,,6920.0,,,,50.32144439,False,False,,,,,,,,,,,,
KWT,Kuwait,2024,99.74729919,41110.0,0.43,100.0,,100.0,False,False,,,4897263.0,4.897,Negara lain,High Income,4.0,World Average,0.43,Cellular basket low-usage 70min+20sms (2018-2024),2.3201463414634147,0.18533313710236948
KGZ,Kyrgyz Republic,2024,92.0286026,2260.0,1.31,100.0,91.33999622,34.72199779,False,False,107.4922951,7.796956558,7221868.0,7.222,Negara lain,Lower-Middle Income,2.0,World Average,0.98,Cellular basket low-usage 70min+20sms (2018-2024),2.3201463414634147,0.42238714967516766
LAO,Lao P.D.R.,2024,65.59269714,2000.0,1.41,96.5,51.85236025,39.55521544,False,True,,,7769819.0,7.77,ASEAN lain,Lower-Middle Income,2.0,World Average,2.08,Cellular basket low-usage 70min+20sms (2018-2024),2.3201463414634147,0.896495174820764
LVA,Latvia,2024,92.70757011,21520.0,0.34,100.0,101.2526474,68.48394926,False,False,121.2622024,25.75428542,1866124.0,1.866,Negara lain,High Income,4.0,World Average,0.52,Cellular basket low-usage 70min+20sms (2018-2024),2.3201463414634147,0.224123793705191
LBN,Lebanon,2024,80.63400269,3560.0,2.08,100.0,63.79230118,90.70369578,False,False,,,5805962.0,5.806,Negara lain,Lower-Middle Income,2.0,World Average,1.31,Cellular basket low-usage 70min+20sms (2018-2024),2.3201463414634147,0.5646195572188466
LSO,Lesotho,2024,51.79660034,1240.0,5.06,60.6,,43.67803342,False,False,70.32804931,0.3794349589,2337423.0,2.337,Negara lain,Lower-Middle Income,2.0,World Average,5.23,Cellular basket low-usage 70min+20sms (2018-2024),2.3201463414634147,2.2541681559195172
LBR,Liberia,2024,32.23360062,750.0,8.22,34.9,,55.53879867,False,False,,,5612817.0,5.613,Negara lain,Low Income,1.0,World Average,16.26,Cellular basket low-usage 70min+20sms (2018-2024),2.3201463414634147,7.0081786262430885
LBY,Libya,2024,81.95449829,6790.0,0.34,77.4,,87.88540661,False,False,,,7381023.0,7.381,Negara lain,Upper-Middle Income,3.0,World Average,0.2,Cellular basket low-usage 70min+20sms (2018-2024),2.3201463414634147,0.08620145911738115
LIE,Liechtenstein,2024,98.2641983,,0.06,100.0,,14.6575849,False,False,,,,,,,,,0.13,Cellular basket low-usage 70min+20sms (2018-2024),2.3201463414634147,0.05603094842629775
LTU,Lithuania,2024,89.16116293,27110.0,0.19,100.0,104.8608093,68.82858333,False,False,138.7288352,27.84600802,2888278.0,2.888,Negara lain,High Income,4.0,World Average,0.17,Cellular basket low-usage 70min+20sms (2018-2024),2.3201463414634147,0.07327124024977398
LUX,Luxembourg,2024,98.7606147,84650.0,0.12,100.0,108.5774384,94.84387029,False,False,,40.31745702,677012.0,0.677,Negara lain,High Income,4.0,World Average,0.12,Cellular basket low-usage 70min+20sms (2018-2024),2.3201463414634147,0.05172087547042869
MAC,"Macao SAR, China",2024,89.82640076,69920.0,0.13,100.0,94.66167665,100.0,False,False,201.1369474,29.85538596,687000.0,0.687,Negara lain,High Income,4.0,World Average,0.12,Cellular basket low-usage 70min+20sms (2018-2024),2.3201463414634147,0.05172087547042869
MDG,Madagascar,2024,18.67790031,520.0,6.28,42.5,,32.43398933,False,False,,,31964956.0,31.965,Negara lain,Low Income,1.0,World Average,5.23,Cellular basket low-usage 70min+20sms (2018-2024),2.3201463414634147,2.2541681559195172
MWI,Malawi,2024,18.96159935,570.0,8.83,15.6,,17.26850353,False,False,69.26053066,0.08638537491,21655286.0,21.655,Negara lain,Low Income,1.0,World Average,3.48,Cellular basket low-usage 70min+20sms (2018-2024),2.3201463414634147,1.499905388642432
MYS,Malaysia,2024,98.0206059,11650.0,0.23,100.0,80.27574069,76.91702966,False,True,139.6646513,13.54644327,35557673.0,35.558,ASEAN lain,Upper-Middle Income,3.0,World Average,0.54,Cellular basket low-usage 70min+20sms (2018-2024),2.3201463414634147,0.23274393961692913
MDV,Maldives,2024,85.23999786,11540.0,1.14,100.0,,41.99821527,False,False,148.1370749,19.64895727,527799.0,0.528,Negara lain,Upper-Middle Income,3.0,World Average,0.61,Cellular basket low-usage 70min+20sms (2018-2024),2.3201463414634147,0.2629144503080125
MLI,Mali,2024,36.80149841,1030.0,9.24,49.5,,31.60756212,False,False,,,24478595.0,24.479,Negara lain,Low Income,1.0,World Average,11.56,Cellular basket low-usage 70min+20sms (2018-2024),2.3201463414634147,4.982444336984631
MLT,Malta,2024,93.86029816,36540.0,0.23,100.0,,95.65462645,False,False,142.0700621,44.50683553,568847.0,0.569,Negara lain,High Income,4.0,World Average,0.19,Cellular basket low-usage 70min+20sms (2018-2024),2.3201463414634147,0.08189138616151209
MHL,Marshall Islands,2024,65.915802,8510.0,3.17,97.2,85.75586372,78.73256602,False,False,,,37548.0,0.038,Negara lain,Upper-Middle Income,3.0,World Average,4.13,Cellular basket low-usage 70min+20sms (2018-2024),2.3201463414634147,1.7800601307739208
MRT,Mauritania,2024,45.77939987,2110.0,3.05,52.2,,60.60685864,False,False,92.07489464,0.9465130833,5169395.0,5.169,Negara lain,Lower-Middle Income,2.0,World Average,0.92,Cellular basket low-usage 70min+20sms (2018-2024),2.3201463414634147,0.3965267119399533
MUS,Mauritius,2024,73.30793533,12960.0,0.62,100.0,90.72465864,39.0162147,False,False,172.6835692,27.97425047,1245779.0,1.246,Negara lain,Upper-Middle Income,3.0,World Average,0.34,Cellular basket low-usage 70min+20sms (2018-2024),2.3201463414634147,0.14654248049954796
MEX,Mexico,2024,83.12233799,12760.0,0.9,99.8,103.0933228,79.7538806,False,False,116.4867133,21.73672254,130861007.0,130.861,Negara lain,Upper-Middle Income,3.0,World Average,0.38,Cellular basket low-usage 70min+20sms (2018-2024),2.3201463414634147,0.16378277232302418
FSM,Micronesia,2024,39.52360153,4490.0,8.67,88.9,,22.45628302,False,False,,,113160.0,0.113,Negara lain,Upper-Middle Income,3.0,World Average,3.61,Cellular basket low-usage 70min+20sms (2018-2024),2.3201463414634147,1.5559363370687298
MDA,Moldova,2024,77.3687973,6890.0,0.59,100.0,99.34391663,43.51647186,False,False,120.0834871,29.63244009,2402306.0,2.402,Negara lain,Upper-Middle Income,3.0,World Average,0.59,Cellular basket low-usage 70min+20sms (2018-2024),2.3201463414634147,0.2542943043962744
MCO,Monaco,2024,99.04489899,,0.21,100.0,158.5466156,100.0,False,False,,,,,,,,,0.13,Cellular basket low-usage 70min+20sms (2018-2024),2.3201463414634147,0.05603094842629775
MNG,Mongolia,2024,85.12349701,5380.0,1.16,99.1,,70.956604,False,False,140.6700254,15.78373433,3524788.0,3.525,Negara lain,Upper-Middle Income,3.0,World Average,0.37,Cellular basket low-usage 70min+20sms (2018-2024),2.3201463414634147,0.15947269936715514
MNE,Montenegro,2024,88.88258428,12210.0,1.07,100.0,,65.54223147,False,False,221.6873225,32.30536948,623525.0,0.624,Negara lain,Upper-Middle Income,3.0,World Average,1.07,Cellular basket low-usage 70min+20sms (2018-2024),2.3201463414634147,0.4611778062779892
MAR,Morocco,2024,91.2,3840.0,0.65,100.0,89.9834863,62.7998124,False,False,153.0572601,7.302821266,38081173.0,38.081,Negara lain,Lower-Middle Income,2.0,World Average,0.65,Cellular basket low-usage 70min+20sms (2018-2024),2.3201463414634147,0.2801547421314888
MOZ,Mozambique,2024,20.52729988,550.0,5.08,36.9,,36.43323374,False,False,49.5047697,0.141999689,34631766.0,34.632,Negara lain,Low Income,1.0,World Average,3.25,Cellular basket low-usage 70min+20sms (2018-2024),2.3201463414634147,1.4007737106574438
MMR,Myanmar,2024,,1210.0,2.31,80.4,,30.44990841,False,True,,,,,,,,,1.22,Cellular basket low-usage 70min+20sms (2018-2024),2.3201463414634147,0.525828900616025
NAM,Namibia,2024,64.87460327,4290.0,0.99,59.3,81.95668282,50.40880303,False,False,85.16489881,2.834629922,3030131.0,3.03,Negara lain,Lower-Middle Income,2.0,World Average,0.86,Cellular basket low-usage 70min+20sms (2018-2024),2.3201463414634147,0.37066627420473897
NRU,Naoero,2024,83.01170349,21940.0,0.81,100.0,91.51335218,100.0,False,False,,,11947.0,0.012,Negara lain,High Income,4.0,World Average,0.86,Cellular basket low-usage 70min+20sms (2018-2024),2.3201463414634147,0.37066627420473897
NPL,Nepal,2024,46.32189941,1480.0,1.99,97.9,90.38784622,66.77234316,False,False,99.84714203,10.06561521,29651054.0,29.651,Negara lain,Lower-Middle Income,2.0,World Average,1.19,Cellular basket low-usage 70min+20sms (2018-2024),2.3201463414634147,0.5128986817484179
NLD,Netherlands,2024,97.00679779,62500.0,0.31,100.0,,95.63965171,False,False,128.5387659,42.97824831,17993485.0,17.993,Negara lain,High Income,4.0,World Average,0.35,Cellular basket low-usage 70min+20sms (2018-2024),2.3201463414634147,0.150852553455417
NCL,New Caledonia,2024,,30070.0,0.63,100.0,,67.95146956,False,False,,,,,,,,,0.41,Cellular basket low-usage 70min+20sms (2018-2024),2.3201463414634147,0.17671299119063136
NZL,New Zealand,2024,93.51930237,47070.0,0.47,100.0,114.2310562,83.93706588,False,False,130.0934571,38.04829895,5290000.0,5.29,Negara lain,High Income,4.0,World Average,0.23,Cellular basket low-usage 70min+20sms (2018-2024),2.3201463414634147,0.09913167798498833
NIC,Nicaragua,2024,61.39550018,2510.0,5.48,88.7,,59.26284027,False,False,105.9611431,5.776242239,6916140.0,6.916,Negara lain,Lower-Middle Income,2.0,World Average,4.38,Cellular basket low-usage 70min+20sms (2018-2024),2.3201463414634147,1.8878119546706473
NER,Niger,2024,15.55760002,670.0,8.31,21.3,19.86647612,18.04973985,False,False,60.59398621,0.1112738294,27032412.0,27.032,Negara lain,Low Income,1.0,World Average,4.99,Cellular basket low-usage 70min+20sms (2018-2024),2.3201463414634147,2.15072640497866
NGA,Nigeria,2024,41.21139908,1710.0,1.75,62.5,,62.97556756,False,False,70.76190578,0.07873792806,232679478.0,232.679,Negara lain,Lower-Middle Income,2.0,World Average,1.01,Cellular basket low-usage 70min+20sms (2018-2024),2.3201463414634147,0.43531736854277486
MKD,North Macedonia,2024,93.6,8300.0,0.65,100.0,,62.56453769,False,False,108.3871226,29.89217278,1824359.0,1.824,Negara lain,Upper-Middle Income,3.0,World Average,0.63,Cellular basket low-usage 70min+20sms (2018-2024),2.3201463414634147,0.2715345962197506
MNP,Northern Mariana Islands,2024,,,,100.0,,92.07472609,False,False,,,,,,,,,,,,
NOR,Norway,2024,99.0,100030.0,0.37,100.0,116.2542725,83.32937379,False,False,109.3486065,45.16330563,5572279.0,5.572,Negara lain,High Income,4.0,World Average,0.17,Cellular basket low-usage 70min+20sms (2018-2024),2.3201463414634147,0.07327124024977398
OMN,Oman,2024,95.25174678,19520.0,0.43,100.0,95.12203979,79.44403028,False,False,120.6110509,11.06476905,5281538.0,5.282,Negara lain,High Income,4.0,World Average,0.3,Cellular basket low-usage 70min+20sms (2018-2024),2.3201463414634147,0.12930218867607174
PAK,Pakistan,2024,57.253,1430.0,1.0,95.7,48.28050221,39.17343684,False,False,76.85445596,1.465593685,251269164.0,251.269,Negara lain,Lower-Middle Income,2.0,World Average,0.81,Cellular basket low-usage 70min+20sms (2018-2024),2.3201463414634147,0.3491159094253937
PLW,Palau,2024,83.92549896,16920.0,2.13,100.0,95.72708477,79.20950429,False,False,,,17695.0,0.018,Negara lain,High Income,4.0,World Average,1.0,Cellular basket low-usage 70min+20sms (2018-2024),2.3201463414634147,0.43100729558690576
PAN,Panama,2024,72.77149963,17950.0,1.5,96.0,,65.99584477,False,False,,,4515577.0,4.516,Negara lain,High Income,4.0,World Average,0.6,Cellular basket low-usage 70min+20sms (2018-2024),2.3201463414634147,0.2586043773521435
PNG,Papua New Guinea,2024,18.81159973,2860.0,11.83,43.3,,15.40618164,False,False,38.76517964,0.2325910778,10576502.0,10.577,Negara lain,Lower-Middle Income,2.0,World Average,13.01,Cellular basket low-usage 70min+20sms (2018-2024),2.3201463414634147,5.6074049155856445
PRY,Paraguay,2024,81.57806793,6290.0,1.9,99.8,79.13056139,69.86225859,False,False,,,6929153.0,6.929,Negara lain,Upper-Middle Income,3.0,World Average,2.69,Cellular basket low-usage 70min+20sms (2018-2024),2.3201463414634147,1.1594096251287764
PER,Peru,2024,81.95705992,7530.0,1.21,96.5,108.2890472,85.19127296,False,False,124.6235444,11.67886712,34217848.0,34.218,Negara lain,Upper-Middle Income,3.0,World Average,0.85,Cellular basket low-usage 70min+20sms (2018-2024),2.3201463414634147,0.3663562012488699
PHL,Philippines,2024,67.26300914,4470.0,1.56,94.8,85.29450857,55.45209832,False,True,115.2987496,7.138933012,115843670.0,115.844,ASEAN lain,Upper-Middle Income,3.0,World Average,1.83,Cellular basket low-usage 70min+20sms (2018-2024),2.3201463414634147,0.7887433509240376
POL,Poland,2024,88.58496367,21590.0,0.47,100.0,107.8813095,59.97054687,False,False,138.0161566,25.3612523,36559233.0,36.559,Negara lain,High Income,4.0,World Average,0.47,Cellular basket low-usage 70min+20sms (2018-2024),2.3201463414634147,0.2025734289258457
PRT,Portugal,2024,88.48704454,26940.0,0.48,100.0,,61.32819073,False,False,124.1299812,45.24392218,10694681.0,10.695,Negara lain,High Income,4.0,World Average,0.43,Cellular basket low-usage 70min+20sms (2018-2024),2.3201463414634147,0.18533313710236948
PRI,Puerto Rico,2024,,25870.0,0.8,100.0,81.48241397,94.25395052,False,False,,,,,,,,,0.8,Cellular basket low-usage 70min+20sms (2018-2024),2.3201463414634147,0.3448058364695246
QAT,Qatar,2024,98.08540344,76570.0,0.14,100.0,99.57885742,99.32198917,False,False,153.6124744,11.81752008,2857822.0,2.858,Negara lain,High Income,4.0,World Average,0.17,Cellular basket low-usage 70min+20sms (2018-2024),2.3201463414634147,0.07327124024977398
ROU,Romania,2024,91.29048551,17600.0,0.43,100.0,,52.16747789,False,False,119.8048623,35.79958715,19051804.0,19.052,Negara lain,High Income,4.0,World Average,0.36,Cellular basket low-usage 70min+20sms (2018-2024),2.3201463414634147,0.1551626264112861
RUS,Russian Federation,2024,94.36495368,15330.0,0.36,100.0,,75.11191362,False,False,186.1037873,27.13335121,143669648.0,143.67,Negara lain,High Income,4.0,World Average,0.27,Cellular basket low-usage 70min+20sms (2018-2024),2.3201463414634147,0.11637196980846456
RWA,Rwanda,2024,31.70330048,1070.0,2.11,72.0,48.79027719,29.88497143,False,False,93.20146288,0.5956483072,14256567.0,14.257,Negara lain,Low Income,1.0,World Average,2.11,Cellular basket low-usage 70min+20sms (2018-2024),2.3201463414634147,0.9094253936883712
KNA,Saint Kitts and Nevis,2024,76.88400269,21960.0,2.02,100.0,,31.7950619,False,False,,,46843.0,0.047,Negara lain,High Income,4.0,World Average,1.34,Cellular basket low-usage 70min+20sms (2018-2024),2.3201463414634147,0.5775497760864537
LCA,Saint Lucia,2024,68.20500183,12840.0,4.28,100.0,87.8672424,29.09733542,False,False,,,179744.0,0.18,Negara lain,Upper-Middle Income,3.0,World Average,3.2,Cellular basket low-usage 70min+20sms (2018-2024),2.3201463414634147,1.3792233458780985
VCT,Saint Vincent and the Grenadines,2024,76.19010162,11210.0,5.22,100.0,124.8717949,47.84870505,False,False,108.3545361,29.46052318,100616.0,0.101,Negara lain,Upper-Middle Income,3.0,World Average,3.85,Cellular basket low-usage 70min+20sms (2018-2024),2.3201463414634147,1.6593780880095872
WSM,Samoa,2024,,5040.0,5.59,100.0,,17.50291151,False,False,,,,,,,,,9.03,Cellular basket low-usage 70min+20sms (2018-2024),2.3201463414634147,3.891995879149759
SMR,San Marino,2024,97.35220337,,0.26,100.0,60.37463977,97.15605559,False,False,,,,,,,,,0.2,Cellular basket low-usage 70min+20sms (2018-2024),2.3201463414634147,0.08620145911738115
STP,Sao Tome and Principe,2024,59.11759949,2910.0,2.99,77.7,,68.87101702,False,False,62.43674003,2.994022145,235536.0,0.236,Negara lain,Lower-Middle Income,2.0,World Average,2.99,Cellular basket low-usage 70min+20sms (2018-2024),2.3201463414634147,1.2887118138048483
SAU,Saudi Arabia,2024,100.0,35990.0,0.76,100.0,110.6634652,84.45540202,False,False,159.5413706,44.07058002,35300280.0,35.3,Negara lain,High Income,4.0,World Average,0.32,Cellular basket low-usage 70min+20sms (2018-2024),2.3201463414634147,0.13792233458780986
SEN,Senegal,2024,60.11780167,1630.0,2.34,82.9,,55.23681691,False,False,123.8944537,4.03828584,18501984.0,18.502,Negara lain,Lower-Middle Income,2.0,World Average,2.58,Cellular basket low-usage 70min+20sms (2018-2024),2.3201463414634147,1.111998822614217
SRB,Serbia,2024,87.69071294,11610.0,0.62,100.0,89.84027863,62.38300298,False,False,123.822195,33.37468479,6586476.0,6.586,Negara lain,Upper-Middle Income,3.0,World Average,0.41,Cellular basket low-usage 70min+20sms (2018-2024),2.3201463414634147,0.17671299119063136
SYC,Seychelles,2024,87.81800079,17700.0,0.82,100.0,70.82457733,45.28986225,False,False,125.6168627,31.59686546,121354.0,0.121,Negara lain,High Income,4.0,World Average,0.82,Cellular basket low-usage 70min+20sms (2018-2024),2.3201463414634147,0.3534259823812627
SLE,Sierra Leone,2024,25.10499954,820.0,4.51,39.2,,45.36268232,False,False,,,8642022.0,8.642,Negara lain,Low Income,1.0,World Average,14.93,Cellular basket low-usage 70min+20sms (2018-2024),2.3201463414634147,6.434938923112503
SGP,Singapore,2024,94.37757178,75820.0,0.16,100.0,,100.0,False,True,170.782563,27.81365503,6036860.0,6.037,ASEAN lain,High Income,4.0,World Average,0.19,Cellular basket low-usage 70min+20sms (2018-2024),2.3201463414634147,0.08189138616151209
SXM,Sint Maarten (Dutch part),2024,,38950.0,0.37,100.0,,100.0,False,False,,,,,,,,,0.5,Cellular basket low-usage 70min+20sms (2018-2024),2.3201463414634147,0.21550364779345288
SVK,Slovak Republic,2024,89.82507032,23560.0,0.6,100.0,93.19299316,53.1919703,False,False,139.9676761,33.81360364,5422069.0,5.422,Negara lain,High Income,4.0,World Average,0.49,Cellular basket low-usage 70min+20sms (2018-2024),2.3201463414634147,0.21119357483758383
SVN,Slovenia,2024,90.76355487,31790.0,0.41,100.0,,55.75777084,False,False,130.8609018,34.23325752,2127400.0,2.127,Negara lain,High Income,4.0,World Average,0.2,Cellular basket low-usage 70min+20sms (2018-2024),2.3201463414634147,0.08620145911738115
SLB,Solomon Islands,2024,29.04070091,1910.0,9.86,81.5,,30.66171886,False,False,,,819198.0,0.819,Negara lain,Lower-Middle Income,2.0,World Average,5.83,Cellular basket low-usage 70min+20sms (2018-2024),2.3201463414634147,2.5127725332716606
SOM,Somalia,2024,27.94020081,620.0,3.93,54.4,,54.61764655,False,False,,,19009151.0,19.009,Negara lain,Low Income,1.0,World Average,2.36,Cellular basket low-usage 70min+20sms (2018-2024),2.3201463414634147,1.0171772175850975
ZAF,South Africa,2024,78.35759735,6110.0,1.63,90.2,,63.69179849,False,False,179.3363298,5.347911946,64007187.0,64.007,Negara lain,Upper-Middle Income,3.0,World Average,0.69,Cellular basket low-usage 70min+20sms (2018-2024),2.3201463414634147,0.29739503395496497
SSD,South Sudan,2024,,,13.22,5.4,122.1206284,21.37681904,False,False,,,,,,,,,4.19,Cellular basket low-usage 70min+20sms (2018-2024),2.3201463414634147,1.8059205685091353
ESP,Spain,2024,95.7574516,33550.0,0.32,100.0,118.5378036,80.31519982,False,False,130.2609973,39.23375419,48848840.0,48.849,Negara lain,High Income,4.0,World Average,0.6,Cellular basket low-usage 70min+20sms (2018-2024),2.3201463414634147,0.2586043773521435
LKA,Sri Lanka,2024,54.59,3870.0,0.26,100.0,,20.29969971,False,False,132.548743,8.468268858,21916000.0,21.916,Negara lain,Lower-Middle Income,2.0,World Average,0.2,Cellular basket low-usage 70min+20sms (2018-2024),2.3201463414634147,0.08620145911738115
MAF,St. Martin (French part),2024,,,,100.0,,100.0,False,False,,,,,,,,,,,,
PSE,State of Palestine,2024,,2980.0,0.43,100.0,,87.11960141,False,False,,,,,,,,,2.84,Cellular basket low-usage 70min+20sms (2018-2024),2.3201463414634147,1.2240607194668123
SDN,Sudan,2024,,710.0,3.82,66.0,,34.86730155,False,False,,,,,,,,,0.21,Cellular basket low-usage 70min+20sms (2018-2024),2.3201463414634147,0.0905115320732502
SUR,Suriname,2024,,5690.0,2.15,99.0,,65.76418572,False,False,,,,,,,,,2.51,Cellular basket low-usage 70min+20sms (2018-2024),2.3201463414634147,1.0818283119231333
SWE,Sweden,2024,95.52930428,58510.0,0.29,100.0,131.9635468,88.85597483,False,False,140.686673,40.61565387,10569709.0,10.57,Negara lain,High Income,4.0,World Average,0.25,Cellular basket low-usage 70min+20sms (2018-2024),2.3201463414634147,0.10775182389672644
CHE,Switzerland,2024,97.3443985,99920.0,0.27,100.0,101.4287109,85.461537,False,False,129.4713696,47.01978182,9005582.0,9.006,Negara lain,High Income,4.0,World Average,0.32,Cellular basket low-usage 70min+20sms (2018-2024),2.3201463414634147,0.13792233458780986
SYR,Syrian Arab Republic,2024,,,10.68,89.3,38.73693085,72.07613458,False,False,,,,,,,,,1.84,Cellular basket low-usage 70min+20sms (2018-2024),2.3201463414634147,0.7930534238799066
TJK,Tajikistan,2024,55.79339981,1650.0,2.94,99.9,86.90352578,26.17880637,False,False,,,10590927.0,10.591,Negara lain,Lower-Middle Income,2.0,World Average,2.19,Cellular basket low-usage 70min+20sms (2018-2024),2.3201463414634147,0.9439059773353237
TZA,Tanzania,2024,31.16209984,1210.0,4.23,52.4,,36.16844589,False,False,126.5591632,0.2464332163,68560157.0,68.56,Negara lain,Lower-Middle Income,2.0,World Average,0.96,Cellular basket low-usage 70min+20sms (2018-2024),2.3201463414634147,0.4137670037634295
THA,Thailand,2024,90.86718789,7130.0,0.74,100.0,92.50732554,61.86893384,False,True,160.6393123,14.88704912,71668011.0,71.668,ASEAN lain,Upper-Middle Income,3.0,World Average,0.35,Cellular basket low-usage 70min+20sms (2018-2024),2.3201463414634147,0.150852553455417
TLS,Timor-Leste,2024,,1650.0,2.24,94.3,,28.66410742,False,True,,,,,,,,,3.36,Cellular basket low-usage 70min+20sms (2018-2024),2.3201463414634147,1.4481845131720033
TGO,Togo,2024,39.48320007,1220.0,5.83,61.1,,43.81484916,False,False,80.80355548,1.415382656,8406558.0,8.407,Negara lain,Lower-Middle Income,2.0,World Average,7.78,Cellular basket low-usage 70min+20sms (2018-2024),2.3201463414634147,3.353236759666127
TON,Tonga,2024,67.4417038,6270.0,2.09,100.0,92.42580497,21.15052711,False,False,,,104175.0,0.104,Negara lain,Upper-Middle Income,3.0,World Average,1.05,Cellular basket low-usage 70min+20sms (2018-2024),2.3201463414634147,0.45255766036625106
TTO,Trinidad and Tobago,2024,82.15989685,19290.0,1.64,100.0,95.68156493,53.96105668,False,False,118.7866681,27.02943794,1368333.0,1.368,Negara lain,High Income,4.0,World Average,1.29,Cellular basket low-usage 70min+20sms (2018-2024),2.3201463414634147,0.5559994113071085
TUN,Tunisia,2024,76.5,3880.0,0.82,100.0,,70.35853557,False,False,117.6068161,14.9741523,12277109.0,12.277,Negara lain,Lower-Middle Income,2.0,World Average,0.35,Cellular basket low-usage 70min+20sms (2018-2024),2.3201463414634147,0.150852553455417
TUR,Turkiye,2024,87.3078767,13430.0,0.87,100.0,,89.34431229,False,False,107.8268757,23.43173479,85518661.0,85.519,Negara lain,Upper-Middle Income,3.0,World Average,0.71,Cellular basket low-usage 70min+20sms (2018-2024),2.3201463414634147,0.30601517986670307
TKM,Turkmenistan,2024,,5640.0,1.65,100.0,94.64641267,47.08752539,False,False,,,,,,,,,0.34,Cellular basket low-usage 70min+20sms (2018-2024),2.3201463414634147,0.14654248049954796
TCA,Turks & Caicos Is.,2024,,36760.0,1.65,100.0,119.7289757,94.16709179,False,False,,,,,,,,,1.65,Cellular basket low-usage 70min+20sms (2018-2024),2.3201463414634147,0.7111620377183945
TUV,Tuvalu,2024,,7970.0,2.31,100.0,90.65716548,64.72547934,False,False,,,,,,,,,1.33,Cellular basket low-usage 70min+20sms (2018-2024),2.3201463414634147,0.5732397031305847
UGA,Uganda,2024,8.949831061,1010.0,3.22,55.3,,31.27776982,False,False,83.16503147,0.207613334,50015092.0,50.015,Negara lain,Low Income,1.0,World Average,3.43,Cellular basket low-usage 70min+20sms (2018-2024),2.3201463414634147,1.478355023863087
UKR,Ukraine,2024,82.47489929,5230.0,1.08,100.0,86.16950226,69.53156432,False,False,,21.65393272,37860221.0,37.86,Negara lain,Upper-Middle Income,3.0,World Average,1.08,Cellular basket low-usage 70min+20sms (2018-2024),2.3201463414634147,0.46548787923385826
ARE,United Arab Emirates,2024,100.0,51550.0,0.36,100.0,102.1297249,85.81710883,False,False,203.2064103,40.84011351,10986400.0,10.986,Negara lain,High Income,4.0,World Average,0.08,Cellular basket low-usage 70min+20sms (2018-2024),2.3201463414634147,0.034480583646952466
GBR,United Kingdom,2024,95.4720993,49320.0,0.31,100.0,,83.24295444,False,False,121.6433314,42.16482838,69281000.0,69.281,Negara lain,High Income,4.0,World Average,0.31,Cellular basket low-usage 70min+20sms (2018-2024),2.3201463414634147,0.1336122616319408
USA,United States,2024,94.69380188,82910.0,0.64,100.0,,80.1247798,False,False,113.1904818,38.85717292,340003797.0,340.004,Negara lain,High Income,4.0,World Average,0.56,Cellular basket low-usage 70min+20sms (2018-2024),2.3201463414634147,0.24136408552866725
URY,Uruguay,2024,91.99109007,22000.0,0.59,100.0,,95.59819516,False,False,145.5017557,33.04402543,3386588.0,3.387,Negara lain,High Income,4.0,World Average,0.8,Cellular basket low-usage 70min+20sms (2018-2024),2.3201463414634147,0.3448058364695246
UZB,Uzbekistan,2024,89.50550079,3170.0,0.62,100.0,96.83992223,50.99866867,False,False,110.4920186,34.73814141,36361859.0,36.362,Negara lain,Lower-Middle Income,2.0,World Average,1.07,Cellular basket low-usage 70min+20sms (2018-2024),2.3201463414634147,0.4611778062779892
VUT,Vanuatu,2024,,4130.0,2.63,65.5,,22.28669334,False,False,,,,,,,,,5.86,Cellular basket low-usage 70min+20sms (2018-2024),2.3201463414634147,2.525702752139268
VEN,Venezuela,2024,76.67890167,3840.0,20.59,100.0,97.79081726,89.28585988,False,False,71.00759172,12.94466365,28405543.0,28.406,Negara lain,Lower-Middle Income,2.0,World Average,3.83,Cellular basket low-usage 70min+20sms (2018-2024),2.3201463414634147,1.650757942097849
VNM,Viet Nam,2024,84.15,4490.0,0.86,100.0,,38.49007034,False,True,127.6064717,23.71125921,100987686.0,100.988,ASEAN lain,Upper-Middle Income,3.0,World Average,0.93,Cellular basket low-usage 70min+20sms (2018-2024),2.3201463414634147,0.4008367848958224
VIR,Virgin Islands (U.S.),2024,,,,100.0,,95.3312197,False,False,,,,,,,,,,,,
YEM,Yemen,2024,,,6.49,86.3,,36.80775176,False,False,,,,,,,,,3.19,Cellular basket low-usage 70min+20sms (2018-2024),2.3201463414634147,1.3749132729222293
ZMB,Zambia,2024,17.10099983,1190.0,2.17,53.6,56.78892899,45.47038385,False,False,108.7047799,0.7897975487,21314956.0,21.315,Negara lain,Lower-Middle Income,2.0,World Average,1.53,Cellular basket low-usage 70min+20sms (2018-2024),2.3201463414634147,0.6594411622479659
ZWE,Zimbabwe,2024,41.64279938,2400.0,,62.0,,39.89337168,False,False,94.24517534,1.938654375,16634373.0,16.634,Negara lain,Lower-Middle Income,2.0,World Average,,,,
AFG,Afghanistan,2025,,,8.06,,,25.94016447,False,False,,,,,,,,,,,,
ALB,Albania,2025,,12060.0,1.3,,,58.87147433,False,False,,,,,,,,,,,,
DZA,Algeria,2025,,5850.0,1.36,,,75.81873581,False,False,,,,,,,,,,,,
ASM,American Samoa,2025,,,,,,80.51235082,False,False,,,,,,,,,,,,
AND,Andorra,2025,,53230.0,0.2,,,88.94926723,False,False,,,,,,,,,,,,
AGO,Angola,2025,,2860.0,1.22,,,71.46159152,False,False,,,,,,,,,,,,
ATG,Antigua and Barbuda,2025,,23790.0,2.26,,,24.33348347,False,False,,,,,,,,,,,,
ARG,Argentina,2025,,14650.0,0.37,,,92.35192216,False,False,,,,,,,,,,,,
ARM,Armenia,2025,,9020.0,0.82,,,65.92870156,False,False,,,,,,,,,,,,
ABW,Aruba,2025,,,1.08,,,61.74852492,False,False,,,,,,,,,,,,
AUS,Australia,2025,,64120.0,0.32,,,87.71926727,False,False,,,,,,,,,,,,
AUT,Austria,2025,91.92573373,60360.0,0.18,,,69.71521524,False,False,,,,,,,,,,,,
AZE,Azerbaijan,2025,90.80000181,7360.0,0.6,,,58.63710243,False,False,,,,,,,,,,,,
BHS,Bahamas,2025,,,1.05,,,81.3309172,False,False,,,,,,,,,,,,
BHR,Bahrain,2025,,28790.0,0.56,,,100.0,False,False,,,,,,,,,,,,
BGD,Bangladesh,2025,,2840.0,0.83,,,33.2395847,False,False,,,,,,,,,,,,
BRB,Barbados,2025,,27080.0,1.73,,,59.69962399,False,False,,,,,,,,,,,,
BLR,Belarus,2025,,9160.0,0.68,,,79.49458204,False,False,,,,,,,,,,,,
BEL,Belgium,2025,,59500.0,0.34,,,87.67260831,False,False,,,,,,,,,,,,
BLZ,Belize,2025,,7530.0,2.0,,,41.56214354,False,False,,,,,,,,,,,,
BEN,Benin,2025,,1600.0,4.04,,,53.3620074,False,False,,,,,,,,,,,,
BMU,Bermuda,2025,,,0.66,,,100.0,False,False,,,,,,,,,,,,
BTN,Bhutan,2025,,4310.0,0.8,,,43.43018325,False,False,,,,,,,,,,,,
BOL,Bolivia,2025,,4420.0,0.89,,,71.56310373,False,False,,,,,,,,,,,,
BIH,Bosnia and Herzegovina,2025,,9940.0,0.87,,,52.69154408,False,False,,,,,,,,,,,,
BWA,Botswana,2025,,7390.0,0.79,,,67.95595615,False,False,,,,,,,,,,,,
BRA,Brazil,2025,,10550.0,0.65,,,88.17729965,False,False,,,,,,,,,,,,
VGB,British Virgin Islands,2025,,,0.85,,,57.39519098,False,False,,,,,,,,,,,,
BRN,Brunei Darussalam,2025,,34790.0,0.26,,,75.01098866,False,True,,,,,,,,,,,,
BGR,Bulgaria,2025,,17780.0,0.4,,,74.17275018,False,False,,,,,,,,,,,,
BFA,Burkina Faso,2025,,980.0,8.8,,,28.92263607,False,False,,,,,,,,,,,,
BDI,Burundi,2025,,240.0,14.31,,23.12560081,25.68701847,False,False,,,,,,,,,,,,
CPV,Cabo Verde,2025,,5590.0,1.59,,,77.6300668,False,False,,,,,,,,,,,,
KHM,Cambodia,2025,,2750.0,0.48,,,41.10561939,False,True,,,,,,,,,,,,
CMR,Cameroon,2025,,1860.0,3.2,,,55.66920417,False,False,,,,,,,,,,,,
CAN,Canada,2025,,56420.0,0.46,,,82.87570203,False,False,,,,,,,,,,,,
CYM,Cayman Islands,2025,,,1.46,,,100.0,False,False,,,,,,,,,,,,
CAF,Central African Rep.,2025,,560.0,23.0,,,44.55321567,False,False,,,,,,,,,,,,
TCD,Chad,2025,,970.0,5.9,,,27.56587863,False,False,,,,,,,,,,,,
CHI,Channel Islands,2025,,,,,,32.64308563,False,False,,,,,,,,,,,,
CHL,Chile,2025,,16960.0,0.4,,,89.177283,False,False,,,,,,,,,,,,
CHN,China,2025,91.6,14230.0,0.25,,,66.34299103,False,False,,,,,,,,,,,,
COL,Colombia,2025,,7900.0,1.14,,,78.78279148,False,False,,,,,,,,,,,,
COM,Comoros,2025,,1950.0,5.15,,,33.94154748,False,False,,,,,,,,,,,,
COG,Congo (Rep. of the),2025,,2280.0,4.96,,,64.12365348,False,False,,,,,,,,,,,,
COD,"Congo, Dem. Rep.",2025,,720.0,9.38,,,45.1135633,False,False,,,,,,,,,,,,
CRI,Costa Rica,2025,,17930.0,0.68,,,79.7268138,False,False,,,,,,,,,,,,
CIV,Cote d'Ivoire,2025,,2780.0,1.9,,,54.54895015,False,False,,,,,,,,,,,,
HRV,Croatia,2025,,25360.0,0.16,,,57.81445436,False,False,,,,,,,,,,,,
CUB,Cuba,2025,,,13.32,,,77.22707748,False,False,,,,,,,,,,,,
CUW,Curacao,2025,,,2.07,,,91.4727715,False,False,,,,,,,,,,,,
CYP,Cyprus,2025,,36110.0,0.38,,,66.69502707,False,False,,,,,,,,,,,,
CZE,Czech Republic,2025,,32960.0,0.37,,,72.87543671,False,False,,,,,,,,,,,,
DNK,Denmark,2025,,77190.0,0.19,,,88.84584359,False,False,,,,,,,,,,,,
DJI,Djibouti,2025,,3960.0,5.74,,,72.97586607,False,False,,,,,,,,,,,,
DMA,Dominica,2025,,10690.0,4.68,,,73.98616167,False,False,,,,,,,,,,,,
DOM,Dominican Rep.,2025,,10620.0,1.59,,,72.51769406,False,False,,,,,,,,,,,,
ECU,Ecuador,2025,,6890.0,1.96,,,63.39181891,False,False,,,,,,,,,,,,
EGY,Egypt,2025,,3260.0,0.9,,,42.90432049,False,False,,,,,,,,,,,,
SLV,El Salvador,2025,,5410.0,2.34,,,75.52371232,False,False,,,,,,,,,,,,
GNQ,Equatorial Guinea,2025,,5890.0,,,,71.57610285,False,False,,,,,,,,,,,,
ERI,Eritrea,2025,,,,,,34.54045043,False,False,,,,,,,,,,,,
EST,Estonia,2025,,32310.0,0.17,,,70.72085266,False,False,,,,,,,,,,,,
SWZ,Eswatini,2025,,3730.0,1.73,,,26.72137097,False,False,,,,,,,,,,,,
ETH,Ethiopia,2025,,1110.0,2.13,,,24.10969521,False,False,,,,,,,,,,,,
FRO,Faroe Islands,2025,,,0.38,,,39.64332179,False,False,,,,,,,,,,,,
FJI,Fiji,2025,,6230.0,2.9,,,59.54445518,False,False,,,,,,,,,,,,
FIN,Finland,2025,,55250.0,0.13,,,74.52478443,False,False,,,,,,,,,,,,
FRA,France,2025,,48630.0,0.14,,,78.84496506,False,False,,,,,,,,,,,,
PYF,French Polynesia,2025,,,0.43,,,61.75837665,False,False,,,,,,,,,,,,
GAB,Gabon,2025,,8090.0,1.48,,,92.08766667,False,False,,,,,,,,,,,,
GMB,Gambia,2025,,930.0,3.59,,,64.98848613,False,False,,,,,,,,,,,,
GEO,Georgia,2025,,8990.0,0.46,,,61.17813641,False,False,,,,,,,,,,,,
DEU,Germany,2025,,60200.0,0.18,,,82.13822205,False,False,,,,,,,,,,,,
GHA,Ghana,2025,,2630.0,1.22,,,58.92468615,False,False,,,,,,,,,,,,
GIB,Gibraltar,2025,,,,,,100.0,False,False,,,,,,,,,,,,
GRC,Greece,2025,,25360.0,0.5,,,79.22460828,False,False,,,,,,,,,,,,
GRL,Greenland,2025,,,1.18,,,88.57401087,False,False,,,,,,,,,,,,
GRD,Grenada,2025,,11660.0,4.96,,,36.67080643,False,False,,,,,,,,,,,,
GUM,Guam,2025,,,,,,94.21974634,False,False,,,,,,,,,,,,
GTM,Guatemala,2025,,6360.0,2.93,,,56.2972033,False,False,,,,,,,,,,,,
GIN,Guinea,2025,,1730.0,4.46,,,38.51653345,False,False,,,,,,,,,,,,
GNB,Guinea-Bissau,2025,,1090.0,5.1,,,46.65103153,False,False,,,,,,,,,,,,
GUY,Guyana,2025,,28470.0,1.16,,,26.49138765,False,False,,,,,,,,,,,,
HTI,Haiti,2025,,2010.0,1.69,,,55.61488559,False,False,,,,,,,,,,,,
HND,Honduras,2025,,3270.0,6.74,,,59.25170759,False,False,,,,,,,,,,,,
HKG,"Hong Kong SAR, China",2025,,62500.0,0.09,,,100.0,False,False,,,,,,,,,,,,
HUN,Hungary,2025,,23850.0,0.37,,,70.69368318,False,False,,,,,,,,,,,,
ISL,Iceland,2025,,89220.0,0.25,,,94.21793202,False,False,,,,,,,,,,,,
IND,India,2025,70.0,2760.0,0.93,,79.59498509,35.68915577,False,False,,,,,,,,,,,,
IDN,Indonesia,2025,,5120.0,0.24,,97.17018418,59.3929064,True,True,,,,,,,,,,,,
IRN,Iran (Islamic Republic of),2025,,4650.0,,,,77.37615309,False,False,,,,,,,,,,,,
IRQ,Iraq,2025,,5690.0,1.51,,,69.93967395,False,False,,,,,,,,,,,,
IRL,Ireland,2025,,87360.0,0.32,,,64.58757938,False,False,,,,,,,,,,,,
IMN,Isle of Man,2025,,,,,,52.1358064,False,False,,,,,,,,,,,,
ISR,Israel,2025,,56180.0,0.27,,,91.57830609,False,False,,,,,,,,,,,,
ITA,Italy,2025,,42080.0,0.32,,,69.6808618,False,False,,,,,,,,,,,,
JAM,Jamaica,2025,,7790.0,4.47,,,59.42540518,False,False,,,,,,,,,,,,
JPN,Japan,2025,,38340.0,0.5,,,92.30014494,False,False,,,,,,,,,,,,
JOR,Jordan,2025,,5260.0,3.48,,,93.20851501,False,False,,,,,,,,,,,,
KAZ,Kazakhstan,2025,,13740.0,1.18,,97.61673111,62.38555695,False,False,,,,,,,,,,,,
KEN,Kenya,2025,,2200.0,1.64,,,32.21211929,False,False,,,,,,,,,,,,
KIR,Kiribati,2025,,3930.0,4.28,,,63.38508578,False,False,,,,,,,,,,,,
KOR,Korea (Rep. of),2025,,37880.0,0.45,,,81.17402633,False,False,,,,,,,,,,,,
PRK,"Korea, Dem. People's Rep.",2025,,,,,,64.18978583,False,False,,,,,,,,,,,,
XKX,Kosovo,2025,,7760.0,,,,50.92609717,False,False,,,,,,,,,,,,
KWT,Kuwait,2025,100.0,,0.5,,,100.0,False,False,,,,,,,,,,,,
KGZ,Kyrgyz Republic,2025,,2800.0,1.06,,91.7258849,34.74635373,False,False,,,,,,,,,,,,
LAO,Lao P.D.R.,2025,,2150.0,1.2,,50.5430059,40.3129835,False,True,,,,,,,,,,,,
LVA,Latvia,2025,,24980.0,0.34,,,68.63257198,False,False,,,,,,,,,,,,
LBN,Lebanon,2025,,,2.46,,,90.96023143,False,False,,,,,,,,,,,,
LSO,Lesotho,2025,,1280.0,4.51,,,44.66958558,False,False,,,,,,,,,,,,
LBR,Liberia,2025,,830.0,7.89,,,56.08197472,False,False,,,,,,,,,,,,
LBY,Libya,2025,,7250.0,0.39,,,87.9112413,False,False,,,,,,,,,,,,
LIE,Liechtenstein,2025,,,0.07,,,14.6298999,False,False,,,,,,,,,,,,
LTU,Lithuania,2025,,30500.0,0.18,,,69.08163814,False,False,,,,,,,,,,,,
LUX,Luxembourg,2025,99.12902211,95720.0,0.11,,,94.88417296,False,False,,,,,,,,,,,,
MAC,"Macao SAR, China",2025,,,0.11,,,100.0,False,False,,,,,,,,,,,,
MDG,Madagascar,2025,,560.0,5.99,,,32.90170708,False,False,,,,,,,,,,,,
MWI,Malawi,2025,,600.0,8.07,,,17.59498684,False,False,,,,,,,,,,,,
MYS,Malaysia,2025,,12380.0,0.23,,,77.39488123,False,True,,,,,,,,,,,,
MDV,Maldives,2025,,12950.0,1.07,,,42.5061568,False,False,,,,,,,,,,,,
MLI,Mali,2025,,1120.0,7.51,,,32.21271372,False,False,,,,,,,,,,,,
MLT,Malta,2025,,41440.0,0.21,,,95.68058566,False,False,,,,,,,,,,,,
MHL,Marshall Islands,2025,,9710.0,2.86,,,79.10550309,False,False,,,,,,,,,,,,
MRT,Mauritania,2025,,2210.0,2.94,,,61.48881905,False,False,,,,,,,,,,,,
MUS,Mauritius,2025,,14040.0,0.54,,,39.03696634,False,False,,,,,,,,,,,,
MEX,Mexico,2025,,13730.0,0.86,,,80.04089306,False,False,,,,,,,,,,,,
FSM,Micronesia,2025,,4760.0,8.47,,,22.48092906,False,False,,,,,,,,,,,,
MDA,Moldova,2025,,8050.0,0.53,,,43.73362404,False,False,,,,,,,,,,,,
MCO,Monaco,2025,,,0.2,,,100.0,False,False,,,,,,,,,,,,
MNG,Mongolia,2025,,6210.0,0.84,,,71.14507191,False,False,,,,,,,,,,,,
MNE,Montenegro,2025,,14150.0,0.76,,,65.60850835,False,False,,,,,,,,,,,,
MAR,Morocco,2025,,4360.0,0.61,,,63.12786123,False,False,,,,,,,,,,,,
MOZ,Mozambique,2025,,570.0,3.27,,,37.20779449,False,False,,,,,,,,,,,,
MMR,Myanmar,2025,,1320.0,2.88,,,30.58369155,False,True,,,,,,,,,,,,
NAM,Namibia,2025,,4340.0,1.06,,,50.86669844,False,False,,,,,,,,,,,,
NRU,Naoero,2025,,20690.0,3.58,,94.52991479,100.0,False,False,,,,,,,,,,,,
NPL,Nepal,2025,,1570.0,1.22,,,66.99942488,False,False,,,,,,,,,,,,
NLD,Netherlands,2025,,68530.0,0.29,,,95.93859035,False,False,,,,,,,,,,,,
NCL,New Caledonia,2025,,,0.31,,,68.17178883,False,False,,,,,,,,,,,,
NZL,New Zealand,2025,,46630.0,0.32,,,83.99785158,False,False,,,,,,,,,,,,
NIC,Nicaragua,2025,,2850.0,3.88,,,59.4435893,False,False,,,,,,,,,,,,
NER,Niger,2025,,750.0,6.93,,,18.37406972,False,False,,,,,,,,,,,,
NGA,Nigeria,2025,,1360.0,1.56,,,63.77541805,False,False,,,,,,,,,,,,
MKD,North Macedonia,2025,93.1,9490.0,0.66,,,62.89098578,False,False,,,,,,,,,,,,
MNP,Northern Mariana Islands,2025,,,,,,92.17653836,False,False,,,,,,,,,,,,
NOR,Norway,2025,,97310.0,0.37,,,83.57057877,False,False,,,,,,,,,,,,
OMN,Oman,2025,,,0.33,,,79.47813833,False,False,,,,,,,,,,,,
PAK,Pakistan,2025,,1500.0,1.0,,,39.5256011,False,False,,,,,,,,,,,,
PLW,Palau,2025,,19890.0,2.12,,,79.28359342,False,False,,,,,,,,,,,,
PAN,Panama,2025,,19140.0,1.42,,,66.15009994,False,False,,,,,,,,,,,,
PNG,Papua New Guinea,2025,,2890.0,20.41,,,15.77974487,False,False,,,,,,,,,,,,
PRY,Paraguay,2025,,6750.0,1.41,,,70.38976399,False,False,,,,,,,,,,,,
PER,Peru,2025,,8430.0,1.12,,,85.59634848,False,False,,,,,,,,,,,,
PHL,Philippines,2025,,4850.0,1.39,,,55.77329076,False,True,,,,,,,,,,,,
POL,Poland,2025,,25520.0,0.37,,,60.08533303,False,False,,,,,,,,,,,,
PRT,Portugal,2025,,29930.0,0.37,,,61.49531993,False,False,,,,,,,,,,,,
PRI,Puerto Rico,2025,,27320.0,0.77,,,94.34048366,False,False,,,,,,,,,,,,
QAT,Qatar,2025,,74330.0,0.18,,,99.35934277,False,False,,,,,,,,,,,,
ROU,Romania,2025,,20190.0,0.4,,,52.1728885,False,False,,,,,,,,,,,,
RUS,Russian Federation,2025,,15960.0,0.31,,,75.25066366,False,False,,,,,,,,,,,,
RWA,Rwanda,2025,,1150.0,1.87,,,30.91338409,False,False,,,,,,,,,,,,
KNA,Saint Kitts and Nevis,2025,,24530.0,1.97,,,31.89877131,False,False,,,,,,,,,,,,
LCA,Saint Lucia,2025,,13410.0,4.22,,,29.09657113,False,False,,,,,,,,,,,,
VCT,Saint Vincent and the Grenadines,2025,,12000.0,4.67,,,47.98104804,False,False,,,,,,,,,,,,
WSM,Samoa,2025,,5640.0,4.69,,,17.50638741,False,False,,,,,,,,,,,,
SMR,San Marino,2025,,,0.25,,,97.18702542,False,False,,,,,,,,,,,,
STP,Sao Tome and Principe,2025,,3800.0,2.37,,,69.17218654,False,False,,,,,,,,,,,,
SAU,Saudi Arabia,2025,,36070.0,0.63,,,84.61231211,False,False,,,,,,,,,,,,
SEN,Senegal,2025,,1780.0,2.34,,,55.76724945,False,False,,,,,,,,,,,,
SRB,Serbia,2025,,13480.0,0.7,,,62.63798728,False,False,,,,,,,,,,,,
SYC,Seychelles,2025,,19200.0,0.95,,,45.48283907,False,False,,,,,,,,,,,,
SLE,Sierra Leone,2025,,830.0,2.45,,,45.92677814,False,False,,,,,,,,,,,,
SGP,Singapore,2025,,81760.0,0.15,,,100.0,False,True,,,,,,,,,,,,
SXM,Sint Maarten (Dutch part),2025,,,0.36,,,100.0,False,False,,,,,,,,,,,,
SVK,Slovak Republic,2025,,26410.0,0.51,,,53.1940342,False,False,,,,,,,,,,,,
SVN,Slovenia,2025,,35520.0,0.1,,,55.99069978,False,False,,,,,,,,,,,,
SLB,Solomon Islands,2025,,2020.0,6.6,,,31.30931903,False,False,,,,,,,,,,,,
SOM,Somalia,2025,,640.0,4.0,,,55.13990629,False,False,,,,,,,,,,,,
ZAF,South Africa,2025,,6270.0,1.27,,,63.8154011,False,False,,,,,,,,,,,,
SSD,South Sudan,2025,,,9.69,,,21.6843599,False,False,,,,,,,,,,,,
ESP,Spain,2025,,37120.0,0.37,,,80.5149251,False,False,,,,,,,,,,,,
LKA,Sri Lanka,2025,,4670.0,0.24,,,20.45013552,False,False,,,,,,,,,,,,
MAF,St. Martin (French part),2025,,,,,,100.0,False,False,,,,,,,,,,,,
PSE,State of Palestine,2025,,3250.0,0.56,,,87.3818963,False,False,,,,,,,,,,,,
SDN,Sudan,2025,,900.0,5.44,,,34.9349445,False,False,,,,,,,,,,,,
SUR,Suriname,2025,,6140.0,1.94,,,65.78868364,False,False,,,,,,,,,,,,
SWE,Sweden,2025,95.76629783,63010.0,0.28,,,89.07786778,False,False,,,,,,,,,,,,
CHE,Switzerland,2025,97.32103855,110330.0,0.27,,,85.72721578,False,False,,,,,,,,,,,,
SYR,Syrian Arab Republic,2025,,,3.13,,,72.08362862,False,False,,,,,,,,,,,,
TJK,Tajikistan,2025,,2080.0,2.5,,,26.16476271,False,False,,,,,,,,,,,,
TZA,Tanzania,2025,,1270.0,3.99,,,36.88331159,False,False,,,,,,,,,,,,
THA,Thailand,2025,,7690.0,0.61,,92.08723155,62.79933771,False,True,,,,,,,,,,,,
TLS,Timor-Leste,2025,,1510.0,3.08,,,28.7864319,False,True,,,,,,,,,,,,
TGO,Togo,2025,,1350.0,5.68,,,44.39498921,False,False,,,,,,,,,,,,
TON,Tonga,2025,,6840.0,2.88,,,21.15614062,False,False,,,,,,,,,,,,
TTO,Trinidad and Tobago,2025,,18550.0,1.49,,,53.96960874,False,False,,,,,,,,,,,,
TUN,Tunisia,2025,,4300.0,0.91,,,70.7029326,False,False,,,,,,,,,,,,
TUR,Turkiye,2025,89.77024003,16300.0,0.55,,,89.49406,False,False,,,,,,,,,,,,
TKM,Turkmenistan,2025,,6340.0,2.02,,,47.10536083,False,False,,,,,,,,,,,,
TCA,Turks & Caicos Is.,2025,,,1.47,,,94.39594507,False,False,,,,,,,,,,,,
TUV,Tuvalu,2025,,9780.0,1.99,,,65.44807095,False,False,,,,,,,,,,,,
UGA,Uganda,2025,,1120.0,3.03,,,31.93995575,False,False,,,,,,,,,,,,
UKR,Ukraine,2025,,5510.0,1.38,,,69.59549246,False,False,,,,,,,,,,,,
ARE,United Arab Emirates,2025,,,0.38,,,85.96176413,False,False,,,,,,,,,,,,
GBR,United Kingdom,2025,,54550.0,0.29,,,83.32360808,False,False,,,,,,,,,,,,
USA,United States,2025,,88810.0,0.61,,,80.1921733,False,False,,,,,,,,,,,,
URY,Uruguay,2025,,24020.0,0.53,,,95.65371921,False,False,,,,,,,,,,,,
UZB,Uzbekistan,2025,,3670.0,0.45,,98.11984149,51.01734951,False,False,,,,,,,,,,,,
VUT,Vanuatu,2025,,4410.0,2.49,,,22.32198888,False,False,,,,,,,,,,,,
VEN,Venezuela,2025,,3860.0,7.56,,,89.32191123,False,False,,,,,,,,,,,,
VNM,Viet Nam,2025,,4970.0,0.76,,,38.82991604,False,True,,,,,,,,,,,,
VIR,Virgin Islands (U.S.),2025,,,,,,95.38857908,False,False,,,,,,,,,,,,
YEM,Yemen,2025,,,7.97,,,37.03366646,False,False,,,,,,,,,,,,
ZMB,Zambia,2025,,1200.0,1.91,,,45.91715102,False,False,,,,,,,,,,,,
ZWE,Zimbabwe,2025,,2660.0,,,,40.49512874,False,False,,,,,,,,,,,,
