kode_wilayah,nama_wilayah,tahun,gni_per_kapita_usd,pengguna_internet_persen,broadband_per_100,mobile_subs_per_100,populasi,populasi_juta,is_indonesia,is_asean,kelompok_negara,Kategori_Pendapatan,urutan_kategori,Line_Category
ABW,Aruba,2010,23050.0,62.0,19.19511757,131.6499191,101838,0.102,False,False,Negara lain,High Income,4,World Average
AFG,Afghanistan,2010,530.0,4.0,0.005303335031,36.11868143,28284089,28.284,False,False,Negara lain,Low Income,1,World Average
AGO,Angola,2010,3780.0,2.799999952,0.06439198406,40.36675528,23294825,23.295,False,False,Negara lain,Lower-Middle Income,2,World Average
ALB,Albania,2010,4430.0,45.0,3.603585455,91.92992711,2913021,2.913,False,False,Negara lain,Lower-Middle Income,2,World Average
ARE,United Arab Emirates,2010,42380.0,68.0,11.34011005,157.4725767,6869838,6.87,False,False,Negara lain,High Income,4,World Average
ARG,Argentina,2010,9160.0,45.0,9.756273715,138.2516434,41288694,41.289,False,False,Negara lain,Upper-Middle Income,3,World Average
ARM,Armenia,2010,3280.0,25.0,3.192886713,131.8748256,3044800,3.045,False,False,Negara lain,Lower-Middle Income,2,World Average
ATG,Antigua and Barbuda,2010,14390.0,47.0,8.343881857,196.8706048,85320,0.085,False,False,Negara lain,High Income,4,World Average
AUS,Australia,2010,46900.0,76.0,24.88530516,101.6187597,22031750,22.032,False,False,Negara lain,High Income,4,World Average
AUT,Austria,2010,49460.0,75.17,24.51138613,146.3343141,8363404,8.363,False,False,Negara lain,High Income,4,World Average
AZE,Azerbaijan,2010,5400.0,46.0,5.196269186,99.48902633,9054332,9.054,False,False,Negara lain,Upper-Middle Income,3,World Average
BDI,Burundi,2010,200.0,1.0,0.003754088437,17.8962195,9376444,9.376,False,False,Negara lain,Low Income,1,World Average
BEL,Belgium,2010,47110.0,77.63978551,30.84262916,111.1315409,10895586,10.896,False,False,Negara lain,High Income,4,World Average
BEN,Benin,2010,1020.0,3.13,0.2759279831,72.21153921,9797484,9.797,False,False,Negara lain,Low Income,1,World Average
BFA,Burkina Faso,2010,630.0,2.400000095,0.08472167462,35.28483112,16176498,16.176,False,False,Negara lain,Low Income,1,World Average
BGD,Bangladesh,2010,780.0,3.700000048,0.2723808174,44.62746579,152201981,152.202,False,False,Negara lain,Low Income,1,World Average
BGR,Bulgaria,2010,6960.0,46.23,15.12212476,137.1402518,7395599,7.396,False,False,Negara lain,Upper-Middle Income,3,World Average
BHR,Bahrain,2010,19510.0,55.0,12.76841262,129.1578611,1228543,1.229,False,False,Negara lain,High Income,4,World Average
BHS,Bahamas,2010,27320.0,43.0,6.722035061,116.5721485,367478,0.367,False,False,Negara lain,High Income,4,World Average
BIH,Bosnia and Herzegovina,2010,4820.0,42.75,10.25593262,81.60188505,3811472,3.811,False,False,Negara lain,Upper-Middle Income,3,World Average
BLR,Belarus,2010,6150.0,31.8,17.56057897,108.8733538,9483836,9.484,False,False,Negara lain,Upper-Middle Income,3,World Average
BLZ,Belize,2010,5060.0,28.2,2.783806148,60.64138394,320245,0.32,False,False,Negara lain,Upper-Middle Income,3,World Average
BMU,Bermuda,2010,105750.0,84.21,62.9266379,138.4072185,63725,0.064,False,False,Negara lain,High Income,4,World Average
BOL,Bolivia,2010,1760.0,22.39999962,0.9422976731,70.50726527,10182345,10.182,False,False,Negara lain,Lower-Middle Income,2,World Average
BRA,Brazil,2010,9750.0,40.65,7.279684861,101.6665033,193701929,193.702,False,False,Negara lain,Upper-Middle Income,3,World Average
BRB,Barbados,2010,16220.0,65.09999847,20.41468811,127.182526,275243,0.275,False,False,Negara lain,High Income,4,World Average
BRN,Brunei Darussalam,2010,35370.0,53.0,5.530774956,110.9019912,392332,0.392,False,True,ASEAN lain,High Income,4,World Average
BTN,Bhutan,2010,2180.0,13.6,1.236403129,56.19983125,701632,0.702,False,False,Negara lain,Lower-Middle Income,2,World Average
BWA,Botswana,2010,5370.0,6.0,0.589146387,116.2460387,2033111,2.033,False,False,Negara lain,Upper-Middle Income,3,World Average
CAF,Central African Rep.,2010,500.0,2.0,,21.7946381,4492995,4.493,False,False,Negara lain,Low Income,1,World Average
CAN,Canada,2010,44490.0,80.3,31.63182428,75.51971306,34005902,34.006,False,False,Negara lain,High Income,4,World Average
CHE,Switzerland,2010,80400.0,83.9,37.22986146,123.2361538,7824909,7.825,False,False,Negara lain,High Income,4,World Average
CHL,Chile,2010,10720.0,45.0,10.41445013,115.544531,17181464,17.181,False,False,Negara lain,Upper-Middle Income,3,World Average
CHN,China,2010,4410.0,34.3,9.347484276,63.5563377,1337705000,1337.705,False,False,Negara lain,Lower-Middle Income,2,World Average
CIV,Cote d'Ivoire,2010,1120.0,2.700000048,,69.36587919,22488065,22.488,False,False,Negara lain,Low Income,1,World Average
CMR,Cameroon,2010,1450.0,4.300000191,0.03027242231,43.91205521,19668066,19.668,False,False,Negara lain,Lower-Middle Income,2,World Average
COD,"Congo, Dem. Rep.",2010,320.0,0.72,0.0,17.24011704,68563038,68.563,False,False,Negara lain,Low Income,1,World Average
COG,Congo (Rep. of the),2010,2640.0,5.0,0.005602504544,83.33721027,4462290,4.462,False,False,Negara lain,Lower-Middle Income,2,World Average
COL,Colombia,2010,5690.0,36.5,5.902615563,99.33076386,44777319,44.777,False,False,Negara lain,Upper-Middle Income,3,World Average
COM,Comoros,2010,1450.0,5.099999905,0.05024158721,25.23960198,654836,0.655,False,False,Negara lain,Lower-Middle Income,2,World Average
CPV,Cabo Verde,2010,3600.0,30.0,3.152511652,72.94677746,509784,0.51,False,False,Negara lain,Lower-Middle Income,2,World Average
CRI,Costa Rica,2010,7290.0,36.5,8.697658146,68.66545419,4555962,4.556,False,False,Negara lain,Upper-Middle Income,3,World Average
CUB,Cuba,2010,5170.0,15.9,0.03280398187,8.878274656,11297409,11.297,False,False,Negara lain,Upper-Middle Income,3,World Average
CYM,Cayman Islands,2010,73550.0,66.0,34.84722453,185.8962273,54099,0.054,False,False,Negara lain,High Income,4,World Average
CYP,Cyprus,2010,32210.0,52.99,23.15491784,123.1330079,1127816,1.128,False,False,Negara lain,High Income,4,World Average
CZE,Czech Republic,2010,19420.0,68.82,21.60905425,123.6052823,10474410,10.474,False,False,Negara lain,High Income,4,World Average
DEU,Germany,2010,45530.0,82.0,32.36626368,109.3640845,81776930,81.777,False,False,Negara lain,High Income,4,World Average
DMA,Dominica,2010,7250.0,47.45,12.06959148,153.3089357,68859,0.069,False,False,Negara lain,Upper-Middle Income,3,World Average
DNK,Denmark,2010,61290.0,88.72,38.07603036,115.7344729,5547683,5.548,False,False,Negara lain,High Income,4,World Average
DOM,Dominican Rep.,2010,5260.0,31.39999962,3.976558463,90.55625791,9820175,9.82,False,False,Negara lain,Upper-Middle Income,3,World Average
DZA,Algeria,2010,4870.0,12.5,2.48699605,90.58237876,36188236,36.188,False,False,Negara lain,Upper-Middle Income,3,World Average
ECU,Ecuador,2010,4290.0,29.03,1.467960982,98.03693714,15076695,15.077,False,False,Negara lain,Lower-Middle Income,2,World Average
EGY,Egypt,2010,2200.0,21.6,1.627457317,79.21986183,89196072,89.196,False,False,Negara lain,Lower-Middle Income,2,World Average
ERI,Eritrea,2010,550.0,0.610000014,0.004006538127,6.290774165,2945186,2.945,False,False,Negara lain,Low Income,1,World Average
ESP,Spain,2010,32060.0,65.8,22.74181231,109.7115719,46576897,46.577,False,False,Negara lain,High Income,4,World Average
EST,Estonia,2010,14580.0,74.1,26.12817023,124.1362036,1331475,1.331,False,False,Negara lain,High Income,4,World Average
ETH,Ethiopia,2010,370.0,0.75,0.004536191084,7.570258995,90538514,90.539,False,False,Negara lain,Low Income,1,World Average
FIN,Finland,2010,49750.0,86.89,29.07511164,156.4320807,5363352,5.363,False,False,Negara lain,High Income,4,World Average
FJI,Fiji,2010,3450.0,20.0,2.553769199,76.65920856,910419,0.91,False,False,Negara lain,Lower-Middle Income,2,World Average
FRA,France,2010,44040.0,77.28,33.64535987,91.11857899,65026211,65.026,False,False,Negara lain,High Income,4,World Average
FRO,Faroe Islands,2010,49050.0,75.2,33.58799228,123.4113226,48656,0.049,False,False,Negara lain,High Income,4,World Average
FSM,Micronesia,2010,2740.0,20.0,0.9280267807,25.58861819,107540,0.108,False,False,Negara lain,Lower-Middle Income,2,World Average
GAB,Gabon,2010,7420.0,13.0,0.2373422781,93.6112366,1719879,1.72,False,False,Negara lain,Upper-Middle Income,3,World Average
GBR,United Kingdom,2010,42010.0,85.0,30.39609115,121.7808444,62766365,62.766,False,False,Negara lain,High Income,4,World Average
GEO,Georgia,2010,3220.0,26.9,4.682636344,102.1129,3786695,3.787,False,False,Negara lain,Lower-Middle Income,2,World Average
GHA,Ghana,2010,1200.0,7.8,0.2044553885,68.44731078,25474995,25.475,False,False,Negara lain,Lower-Middle Income,2,World Average
GIN,Guinea,2010,680.0,1.0,0.004809502345,38.47601876,10396086,10.396,False,False,Negara lain,Low Income,1,World Average
GMB,Gambia,2010,830.0,9.2,0.01816643569,76.73227345,1926630,1.927,False,False,Negara lain,Low Income,1,World Average
GNB,Guinea-Bissau,2010,620.0,2.450000048,0.05107425111,43.24488763,1566347,1.566,False,False,Negara lain,Low Income,1,World Average
GNQ,Equatorial Guinea,2010,7920.0,6.0,0.09974055681,33.57960112,1189085,1.189,False,False,Negara lain,Upper-Middle Income,3,World Average
GRC,Greece,2010,27320.0,44.4,20.24916694,110.4996013,11121341,11.121,False,False,Negara lain,High Income,4,World Average
GRD,Grenada,2010,6610.0,27.0,12.93800298,109.2843188,111586,0.112,False,False,Negara lain,Upper-Middle Income,3,World Average
GTM,Guatemala,2010,2690.0,10.5,1.7861931,124.6057272,14500112,14.5,False,False,Negara lain,Lower-Middle Income,2,World Average
GUY,Guyana,2010,4520.0,29.9,1.493881931,74.79379545,749256,0.749,False,False,Negara lain,Upper-Middle Income,3,World Average
HKG,"Hong Kong SAR, China",2010,33620.0,72.0,30.52423131,194.2336372,7024200,7.024,False,False,Negara lain,High Income,4,World Average
HND,Honduras,2010,1730.0,11.09,0.01195331799,113.6171362,8365878,8.366,False,False,Negara lain,Lower-Middle Income,2,World Average
HRV,Croatia,2010,13900.0,56.55,19.47997568,114.5823263,4295427,4.295,False,False,Negara lain,High Income,4,World Average
HTI,Haiti,2010,1140.0,8.369999886,,40.80261186,9803294,9.803,False,False,Negara lain,Lower-Middle Income,2,World Average
HUN,Hungary,2010,13250.0,65.0,21.63937354,120.3694531,10000023,10.0,False,False,Negara lain,Upper-Middle Income,3,World Average
IDN,Indonesia,2010,2490.0,10.92,0.9258086595,85.7838691,246305322,246.305,True,True,Indonesia,Lower-Middle Income,2,Indonesia
IND,India,2010,1210.0,7.5,0.8838088411,60.49064351,1243481564,1243.482,False,False,Negara lain,Lower-Middle Income,2,World Average
IRL,Ireland,2010,44970.0,69.85,22.37214526,103.1233056,4560155,4.56,False,False,Negara lain,High Income,4,World Average
IRN,Iran (Islamic Republic of),2010,5910.0,15.9,1.275559623,69.81552074,77420842,77.421,False,False,Negara lain,Upper-Middle Income,3,World Average
IRQ,Iraq,2010,4390.0,2.5,0.01004014577,74.93681344,31045366,31.045,False,False,Negara lain,Lower-Middle Income,2,World Average
ISL,Iceland,2010,38480.0,93.39,34.326341,107.2036535,318041,0.318,False,False,Negara lain,High Income,4,World Average
ISR,Israel,2010,30770.0,67.5,24.01613252,124.183305,7623600,7.624,False,False,Negara lain,High Income,4,World Average
ITA,Italy,2010,37720.0,53.68,21.77046345,155.6840576,59819407,59.819,False,False,Negara lain,High Income,4,World Average
JAM,Jamaica,2010,4490.0,27.67,4.245301553,115.7691933,2748568,2.749,False,False,Negara lain,Upper-Middle Income,3,World Average
JOR,Jordan,2010,3950.0,27.2,4.019107466,90.72168,7297043,7.297,False,False,Negara lain,Lower-Middle Income,2,World Average
JPN,Japan,2010,44290.0,78.21,26.60350653,96.17885128,128070000,128.07,False,False,Negara lain,High Income,4,World Average
KAZ,Kazakhstan,2010,7210.0,31.6,5.164873869,115.2391694,16836810,16.837,False,False,Negara lain,Upper-Middle Income,3,World Average
KEN,Kenya,2010,930.0,7.2,0.01650537625,60.02344023,41598567,41.599,False,False,Negara lain,Low Income,1,World Average
KGZ,Kyrgyz Republic,2010,850.0,16.29999924,0.4197742764,96.06166401,5467059,5.467,False,False,Negara lain,Low Income,1,World Average
KHM,Cambodia,2010,910.0,1.26,0.2459600988,56.20935117,14500726,14.501,False,True,ASEAN lain,Low Income,1,World Average
KIR,Kiribati,2010,2030.0,9.07,0.7782602296,9.746651457,108704,0.109,False,False,Negara lain,Lower-Middle Income,2,World Average
KNA,Saint Kitts and Nevis,2010,15970.0,63.0,31.165948,170.7723178,46846,0.047,False,False,Negara lain,High Income,4,World Average
KOR,Korea (Rep. of),2010,23250.0,83.7,35.25632051,104.0966503,49554112,49.554,False,False,Negara lain,High Income,4,World Average
KWT,Kuwait,2010,42850.0,61.40000153,1.562833376,135.1900134,2943372,2.943,False,False,Negara lain,High Income,4,World Average
LAO,Lao P.D.R.,2010,990.0,7.0,0.09290842687,63.20291106,6334194,6.334,False,True,ASEAN lain,Low Income,1,World Average
LBN,Lebanon,2010,7340.0,43.68000031,6.567547817,56.80421353,5041288,5.041,False,False,Negara lain,Upper-Middle Income,3,World Average
LBR,Liberia,2010,440.0,2.3,0.004582533648,38.71275152,4058890,4.059,False,False,Negara lain,Low Income,1,World Average
LBY,Libya,2010,11550.0,14.0,1.120372481,167.7480775,6497839,6.498,False,False,Negara lain,Upper-Middle Income,3,World Average
LCA,Saint Lucia,2010,8240.0,32.5,11.98963173,115.9772038,170906,0.171,False,False,Negara lain,Upper-Middle Income,3,World Average
LKA,Sri Lanka,2010,2360.0,6.912399769,1.093515143,83.14209494,20879089,20.879,False,False,Negara lain,Lower-Middle Income,2,World Average
LSO,Lesotho,2010,1270.0,3.859999895,0.02003756041,49.46512237,1996251,1.996,False,False,Negara lain,Lower-Middle Income,2,World Average
LTU,Lithuania,2010,12430.0,62.12,21.92970959,157.8896414,3097282,3.097,False,False,Negara lain,Upper-Middle Income,3,World Average
LUX,Luxembourg,2010,77640.0,90.62,33.18184506,143.2766402,506953,0.507,False,False,Negara lain,High Income,4,World Average
LVA,Latvia,2010,12250.0,68.42,20.72979187,109.9278255,2097555,2.098,False,False,Negara lain,Upper-Middle Income,3,World Average
MAC,"Macao SAR, China",2010,45370.0,55.198,23.46829991,199.4045906,537000,0.537,False,False,Negara lain,High Income,4,World Average
MAR,Morocco,2010,3190.0,52.0,1.553881638,98.50698629,32467016,32.467,False,False,Negara lain,Lower-Middle Income,2,World Average
MDA,Moldova,2010,2380.0,29.68000031,7.454752103,70.22570534,2862354,2.862,False,False,Negara lain,Lower-Middle Income,2,World Average
MDG,Madagascar,2010,450.0,1.700000048,0.02430202125,34.76357032,22183340,22.183,False,False,Negara lain,Low Income,1,World Average
MDV,Maldives,2010,6000.0,26.53,4.310794031,137.018282,360792,0.361,False,False,Negara lain,Upper-Middle Income,3,World Average
MEX,Mexico,2010,9470.0,31.05,9.313943163,80.42629854,113623895,113.624,False,False,Negara lain,Upper-Middle Income,3,World Average
MHL,Marshall Islands,2010,3820.0,7.0,,,52044,0.052,False,False,Negara lain,Lower-Middle Income,2,World Average
MKD,North Macedonia,2010,5010.0,51.9,12.61225296,104.96806,1946298,1.946,False,False,Negara lain,Upper-Middle Income,3,World Average
MLI,Mali,2010,780.0,2.0,0.05029100297,46.66221768,15945198,15.945,False,False,Negara lain,Low Income,1,World Average
MLT,Malta,2010,21440.0,63.0,29.78556776,107.7908251,414508,0.415,False,False,Negara lain,High Income,4,World Average
MMR,Myanmar,2010,880.0,0.25,0.04681344071,1.211641995,49024382,49.024,False,True,ASEAN lain,Low Income,1,World Average
MNE,Montenegro,2010,6920.0,37.5,10.23037931,185.1008087,619428,0.619,False,False,Negara lain,Upper-Middle Income,3,World Average
MNG,Mongolia,2010,1990.0,10.2,2.840918344,92.92076342,2738622,2.739,False,False,Negara lain,Lower-Middle Income,2,World Average
MOZ,Mozambique,2010,550.0,4.17,0.07531989651,31.41050561,22999235,22.999,False,False,Negara lain,Low Income,1,World Average
MRT,Mauritania,2010,1550.0,4.0,0.1713081674,81.86607647,3390965,3.391,False,False,Negara lain,Lower-Middle Income,2,World Average
MUS,Mauritius,2010,8210.0,28.33,7.322159586,92.8425699,1250400,1.25,False,False,Negara lain,Upper-Middle Income,3,World Average
MWI,Malawi,2010,650.0,2.26,0.007317996207,21.02567551,14826463,14.826,False,False,Negara lain,Low Income,1,World Average
MYS,Malaysia,2010,8130.0,56.3,7.320688157,118.1566327,28655776,28.656,False,True,ASEAN lain,Upper-Middle Income,3,World Average
NAM,Namibia,2010,4520.0,11.6,0.447196455,92.4287531,2109811,2.11,False,False,Negara lain,Upper-Middle Income,3,World Average
NER,Niger,2010,510.0,0.829999983,0.009064082154,22.16847893,16548835,16.549,False,False,Negara lain,Low Income,1,World Average
NGA,Nigeria,2010,2050.0,11.5,0.05947328589,52.38614807,166642886,166.643,False,False,Negara lain,Lower-Middle Income,2,World Average
NIC,Nicaragua,2010,1490.0,10.0,1.27720503,69.05937307,5737450,5.737,False,False,Negara lain,Lower-Middle Income,2,World Average
NLD,Netherlands,2010,54000.0,90.72,37.73723283,114.3565158,16615394,16.615,False,False,Negara lain,High Income,4,World Average
NOR,Norway,2010,88970.0,93.39,35.24847407,114.5244522,4889252,4.889,False,False,Negara lain,High Income,4,World Average
NPL,Nepal,2010,530.0,7.93,0.2200903579,33.63169535,27341952,27.342,False,False,Negara lain,Low Income,1,World Average
NZL,New Zealand,2010,29750.0,80.45999908,25.116324,108.3313975,4350700,4.351,False,False,Negara lain,High Income,4,World Average
OMN,Oman,2010,22510.0,35.8278,1.925276038,151.4460942,2757446,2.757,False,False,Negara lain,High Income,4,World Average
PAK,Pakistan,2010,1000.0,8.0,0.3962511425,49.78233207,199239047,199.239,False,False,Negara lain,Low Income,1,World Average
PAN,Panama,2010,7500.0,40.1,7.118354928,183.1689098,3628535,3.629,False,False,Negara lain,Upper-Middle Income,3,World Average
PER,Peru,2010,4400.0,34.77,3.206017984,100.1001512,29086019,29.086,False,False,Negara lain,Lower-Middle Income,2,World Average
PHL,Philippines,2010,2310.0,25.0,,86.31162493,96337125,96.337,False,True,ASEAN lain,Lower-Middle Income,2,World Average
PNG,Papua New Guinea,2010,1660.0,1.28,0.0799106782,25.00913405,7633523,7.634,False,False,Negara lain,Lower-Middle Income,2,World Average
POL,Poland,2010,12730.0,62.32,15.37851167,123.2489261,38042794,38.043,False,False,Negara lain,Upper-Middle Income,3,World Average
PRI,Puerto Rico,2010,16910.0,45.3,14.84641583,78.98028338,3724465,3.724,False,False,Negara lain,High Income,4,World Average
PRT,Portugal,2010,23030.0,53.3,20.10357645,115.4246095,10573100,10.573,False,False,Negara lain,High Income,4,World Average
PRY,Paraguay,2010,4410.0,19.8,1.559662815,103.1873113,5737971,5.738,False,False,Negara lain,Lower-Middle Income,2,World Average
PSE,State of Palestine,2010,2510.0,37.40000153,,64.81544548,3786161,3.786,False,False,Negara lain,Lower-Middle Income,2,World Average
PYF,French Polynesia,2010,26220.0,49.0,11.91773228,79.78786311,270580,0.271,False,False,Negara lain,High Income,4,World Average
QAT,Qatar,2010,71900.0,69.0,8.529401268,127.9200739,1616832,1.617,False,False,Negara lain,High Income,4,World Average
ROU,Romania,2010,8770.0,39.93,14.68537444,119.2213962,20246871,20.247,False,False,Negara lain,Upper-Middle Income,3,World Average
RUS,Russian Federation,2010,9980.0,49.0,10.90774194,165.1371157,142849468,142.849,False,False,Negara lain,Upper-Middle Income,3,World Average
RWA,Rwanda,2010,580.0,8.0,0.03820673371,34.39537456,10317553,10.318,False,False,Negara lain,Low Income,1,World Average
SAU,Saudi Arabia,2010,21820.0,41.0,6.803630367,204.9692437,23978487,23.978,False,False,Negara lain,High Income,4,World Average
SEN,Senegal,2010,1340.0,8.0,0.6224331567,66.03438289,12635413,12.635,False,False,Negara lain,Lower-Middle Income,2,World Average
SGP,Singapore,2010,44930.0,71.0,26.36195212,145.4516375,5076732,5.077,False,True,ASEAN lain,High Income,4,World Average
SLB,Solomon Islands,2010,1600.0,5.0,0.4731991414,21.6710947,532968,0.533,False,False,Negara lain,Lower-Middle Income,2,World Average
SLE,Sierra Leone,2010,690.0,0.579999983,,32.14031691,6222714,6.223,False,False,Negara lain,Low Income,1,World Average
SLV,El Salvador,2010,2940.0,15.9,2.888378509,126.895518,6068249,6.068,False,False,Negara lain,Lower-Middle Income,2,World Average
SRB,Serbia,2010,6500.0,40.9,11.79567705,136.0150378,7291436,7.291,False,False,Negara lain,Upper-Middle Income,3,World Average
STP,Sao Tome and Principe,2010,1090.0,18.75,0.3217786383,56.50652908,181802,0.182,False,False,Negara lain,Low Income,1,World Average
SUR,Suriname,2010,7330.0,31.59,2.753658239,94.77072245,549923,0.55,False,False,Negara lain,Upper-Middle Income,3,World Average
SVK,Slovak Republic,2010,17370.0,75.71,16.26441458,109.888274,5391428,5.391,False,False,Negara lain,High Income,4,World Average
SVN,Slovenia,2010,24370.0,70.0,23.01302154,103.782527,2048583,2.049,False,False,Negara lain,High Income,4,World Average
SWE,Sweden,2010,54380.0,90.0,31.98403494,117.2119329,9378126,9.378,False,False,Negara lain,High Income,4,World Average
SWZ,Eswatini,2010,3260.0,11.04,0.3290604057,65.2905141,1111650,1.112,False,False,Negara lain,Lower-Middle Income,2,World Average
SYC,Seychelles,2010,10160.0,41.0,7.152709775,123.8135852,89770,0.09,False,False,Negara lain,Upper-Middle Income,3,World Average
SYR,Syrian Arab Republic,2010,2480.0,20.7,0.3105403995,52.02286711,22482421,22.482,False,False,Negara lain,Lower-Middle Income,2,World Average
TCD,Chad,2010,1150.0,1.700000048,0.002688308498,23.35258059,12312575,12.313,False,False,Negara lain,Lower-Middle Income,2,World Average
TGO,Togo,2010,790.0,3.0,0.4043763247,38.65203436,6325788,6.326,False,False,Negara lain,Low Income,1,World Average
THA,Thailand,2010,4490.0,22.4,4.741728232,104.5886241,68579447,68.579,False,True,ASEAN lain,Upper-Middle Income,3,World Average
TJK,Tajikistan,2010,910.0,11.55000019,0.06142071872,77.63633733,7652141,7.652,False,False,Negara lain,Low Income,1,World Average
TKM,Turkmenistan,2010,3720.0,3.0,0.01299341739,57.46620094,5564356,5.564,False,False,Negara lain,Lower-Middle Income,2,World Average
TLS,Timor-Leste,2010,2870.0,3.0,0.0460965871,43.60921526,1084679,1.085,False,True,ASEAN lain,Lower-Middle Income,2,World Average
TON,Tonga,2010,3270.0,16.0,1.024208566,50.55865922,107400,0.107,False,False,Negara lain,Lower-Middle Income,2,World Average
TTO,Trinidad and Tobago,2010,16590.0,48.5,11.74409766,136.605094,1317714,1.318,False,False,Negara lain,High Income,4,World Average
TUN,Tunisia,2010,4140.0,36.8,4.478960578,103.2345035,10765980,10.766,False,False,Negara lain,Lower-Middle Income,2,World Average
TUR,Turkiye,2010,10460.0,39.82,9.677540125,84.21589095,73142150,73.142,False,False,Negara lain,Upper-Middle Income,3,World Average
TUV,Tuvalu,2010,4460.0,14.60000038,2.2611645,15.07443,10614,0.011,False,False,Negara lain,Lower-Middle Income,2,World Average
TZA,Tanzania,2010,720.0,2.900000095,0.01687724572,46.88239916,44758488,44.758,False,False,Negara lain,Low Income,1,World Average
UGA,Uganda,2010,680.0,4.300000191,0.04322214683,39.60465073,32390802,32.391,False,False,Negara lain,Low Income,1,World Average
UKR,Ukraine,2010,2990.0,23.3,6.454904046,117.7678197,46456003,46.456,False,False,Negara lain,Lower-Middle Income,2,World Average
URY,Uruguay,2010,10930.0,46.4,11.55762404,133.7065251,3318580,3.319,False,False,Negara lain,Upper-Middle Income,3,World Average
USA,United States,2010,49180.0,71.69,27.17200601,91.65930776,309378227,309.378,False,False,Negara lain,High Income,4,World Average
UZB,Uzbekistan,2010,1460.0,15.89999962,0.4157051137,73.81231816,28385506,28.386,False,False,Negara lain,Lower-Middle Income,2,World Average
VCT,Saint Vincent and the Grenadines,2010,6310.0,33.70000076,11.36969234,119.8546731,109959,0.11,False,False,Negara lain,Upper-Middle Income,3,World Average
VEN,Venezuela,2010,11650.0,37.37,5.806650246,96.76199726,28813101,28.813,False,False,Negara lain,Upper-Middle Income,3,World Average
VNM,Viet Nam,2010,1370.0,30.65,4.195660194,127.5741891,87455152,87.455,False,True,ASEAN lain,Lower-Middle Income,2,World Average
VUT,Vanuatu,2010,2580.0,8.0,0.2098653504,71.32693664,238248,0.238,False,False,Negara lain,Lower-Middle Income,2,World Average
WSM,Samoa,2010,3430.0,7.0,0.1036145952,46.62656782,193023,0.193,False,False,Negara lain,Lower-Middle Income,2,World Average
YEM,Yemen,2010,1040.0,12.35,0.313967201,41.43245741,26754387,26.754,False,False,Negara lain,Low Income,1,World Average
ZAF,South Africa,2010,6730.0,24.0,1.419454524,96.23252125,52344051,52.344,False,False,Negara lain,Upper-Middle Income,3,World Average
ZMB,Zambia,2010,1310.0,3.0,0.07351638606,39.00293106,13965594,13.966,False,False,Negara lain,Lower-Middle Income,2,World Average
ZWE,Zimbabwe,2010,640.0,6.400000095,0.2470698267,57.64962624,13356548,13.357,False,False,Negara lain,Low Income,1,World Average
ABW,Aruba,2011,23100.0,69.0,,,102591,0.103,False,False,Negara lain,High Income,4,World Average
AFG,Afghanistan,2011,550.0,5.0,,47.01518429,29347708,29.348,False,False,Negara lain,Low Income,1,World Average
AGO,Angola,2011,3960.0,4.699999809,0.0653099765,49.85152582,24218352,24.218,False,False,Negara lain,Lower-Middle Income,2,World Average
ALB,Albania,2011,4460.0,47.0,4.403565992,106.4741797,2905195,2.905,False,False,Negara lain,Lower-Middle Income,2,World Average
ARE,United Arab Emirates,2011,45610.0,78.0,12.04218727,162.8936236,7104538,7.105,False,False,Negara lain,High Income,4,World Average
ARG,Argentina,2011,10590.0,51.0,10.95602849,145.5110679,41730660,41.731,False,False,Negara lain,Upper-Middle Income,3,World Average
ARM,Armenia,2011,3360.0,32.0,5.492922141,109.8500618,3027900,3.028,False,False,Negara lain,Lower-Middle Income,2,World Average
ATG,Antigua and Barbuda,2011,14100.0,52.0,6.949914284,203.8734189,86332,0.086,False,False,Negara lain,High Income,4,World Average
AUS,Australia,2011,50570.0,79.48769771,24.69775609,105.8240129,22340024,22.34,False,False,Negara lain,High Income,4,World Average
AUT,Austria,2011,50380.0,78.7399931,24.99264292,155.1549992,8391643,8.392,False,False,Negara lain,High Income,4,World Average
AZE,Azerbaijan,2011,5490.0,50.0,10.52131826,109.3338483,9173082,9.173,False,False,Negara lain,Upper-Middle Income,3,World Average
BDI,Burundi,2011,220.0,1.110000014,0.005114232611,19.70148523,9717978,9.718,False,False,Negara lain,Low Income,1,World Average
BEL,Belgium,2011,46720.0,81.609996,32.10324722,113.2018454,11038264,11.038,False,False,Negara lain,High Income,4,World Average
BEN,Benin,2011,1030.0,4.148323066,0.371868456,76.9318014,10093623,10.094,False,False,Negara lain,Low Income,1,World Average
BFA,Burkina Faso,2011,660.0,3.0,0.08440209849,46.10576412,16661908,16.662,False,False,Negara lain,Low Income,1,World Average
BGD,Bangladesh,2011,870.0,4.5,0.3050307428,54.93073048,153591076,153.591,False,False,Negara lain,Low Income,1,World Average
BGR,Bulgaria,2011,7210.0,47.97999305,17.02969841,141.9383132,7348328,7.348,False,False,Negara lain,Upper-Middle Income,3,World Average
BHR,Bahrain,2011,20040.0,76.9999665,24.15797098,140.350601,1195020,1.195,False,False,Negara lain,High Income,4,World Average
BHS,Bahamas,2011,26990.0,65.0,4.168628221,80.37844774,371729,0.372,False,False,Negara lain,High Income,4,World Average
BIH,Bosnia and Herzegovina,2011,4900.0,43.88769913,11.49840264,84.75291825,3741798,3.742,False,False,Negara lain,Upper-Middle Income,3,World Average
BLR,Belarus,2011,6350.0,39.64889566,22.14849249,112.9019233,9461643,9.462,False,False,Negara lain,Upper-Middle Income,3,World Average
BLZ,Belize,2011,5160.0,30.70000076,2.963048965,67.95244701,327298,0.327,False,False,Negara lain,Upper-Middle Income,3,World Average
BMU,Bermuda,2011,102930.0,88.336,,,63733,0.064,False,False,Negara lain,High Income,4,World Average
BOL,Bolivia,2011,1970.0,30.0,0.7106242588,80.71630407,10348929,10.349,False,False,Negara lain,Lower-Middle Income,2,World Average
BRA,Brazil,2011,11210.0,45.69,9.131820309,120.0081042,195284734,195.285,False,False,Negara lain,Upper-Middle Income,3,World Average
BRB,Barbados,2011,17150.0,66.5,22.68205505,125.9934308,276139,0.276,False,False,Negara lain,High Income,4,World Average
BRN,Brunei Darussalam,2011,36520.0,56.0,5.805117317,110.959741,399389,0.399,False,True,ASEAN lain,High Income,4,World Average
BTN,Bhutan,2011,2430.0,14.39999962,1.865439675,68.25552562,709377,0.709,False,False,Negara lain,Lower-Middle Income,2,World Average
BWA,Botswana,2011,6500.0,9.0,0.9223379398,139.8704628,2073535,2.074,False,False,Negara lain,Upper-Middle Income,3,World Average
CAF,Central African Rep.,2011,510.0,2.200000048,0.01774362046,21.74018477,4565021,4.565,False,False,Negara lain,Low Income,1,World Average
CAN,Canada,2011,47190.0,83.0,32.65064801,77.67225849,34339221,34.339,False,False,Negara lain,High Income,4,World Average
CHE,Switzerland,2011,82540.0,85.19302818,38.89554345,127.3965389,7912398,7.912,False,False,Negara lain,High Income,4,World Average
CHL,Chile,2011,11860.0,52.24960729,11.59097123,128.6046832,17351816,17.352,False,False,Negara lain,Upper-Middle Income,3,World Average
CHN,China,2011,5130.0,38.3,11.50427669,72.50523937,1345035000,1345.035,False,False,Negara lain,Upper-Middle Income,3,World Average
CIV,Cote d'Ivoire,2011,1020.0,2.900000095,,75.46881037,22982000,22.982,False,False,Negara lain,Low Income,1,World Average
CMR,Cameroon,2011,1470.0,5.0,0.05294997545,51.83104208,20232304,20.232,False,False,Negara lain,Lower-Middle Income,2,World Average
COD,"Congo, Dem. Rep.",2011,320.0,1.200000048,,22.08190423,70849311,70.849,False,False,Negara lain,Low Income,1,World Average
COG,Congo (Rep. of the),2011,2580.0,5.6,0.02843988057,84.27309314,4609724,4.61,False,False,Negara lain,Lower-Middle Income,2,World Average
COL,Colombia,2011,6370.0,40.35091575,7.397637108,102.0786898,45259614,45.26,False,False,Negara lain,Upper-Middle Income,3,World Average
COM,Comoros,2011,1490.0,5.5,0.05987522004,32.39818219,668056,0.668,False,False,Negara lain,Lower-Middle Income,2,World Average
CPV,Cabo Verde,2011,3760.0,32.0,4.17091116,77.51125728,511447,0.511,False,False,Negara lain,Lower-Middle Income,2,World Average
CRI,Costa Rica,2011,8130.0,39.212196,9.106230096,90.09148488,4609833,4.61,False,False,Negara lain,Upper-Middle Income,3,World Average
CUB,Cuba,2011,5590.0,16.0172908,0.0391184553,11.63679811,11301571,11.302,False,False,Negara lain,Upper-Middle Income,3,World Average
CYM,Cayman Islands,2011,73950.0,69.46594499,33.83807503,174.0405712,55606,0.056,False,False,Negara lain,High Income,4,World Average
CYP,Cyprus,2011,32680.0,56.85989235,24.6112529,126.5596288,1146493,1.146,False,False,Negara lain,High Income,4,World Average
CZE,Czech Republic,2011,19600.0,70.49,23.90641104,125.4603039,10496088,10.496,False,False,Negara lain,High Income,4,World Average
DEU,Germany,2011,48200.0,81.26999954,33.70988458,112.4194782,80274983,80.275,False,False,Negara lain,High Income,4,World Average
DMA,Dominica,2011,7510.0,48.59999847,12.02989008,157.7397072,69053,0.069,False,False,Negara lain,Upper-Middle Income,3,World Average
DNK,Denmark,2011,62050.0,89.81001339,38.47253803,128.762869,5570572,5.571,False,False,Negara lain,High Income,4,World Average
DOM,Dominican Rep.,2011,5460.0,38.0,4.262368333,88.18735401,9945621,9.946,False,False,Negara lain,Upper-Middle Income,3,World Average
DZA,Algeria,2011,5050.0,14.89999962,2.657621351,96.51129479,36903376,36.903,False,False,Negara lain,Upper-Middle Income,3,World Average
ECU,Ecuador,2011,4770.0,31.36680836,4.299316459,100.0423327,15326227,15.326,False,False,Negara lain,Upper-Middle Income,3,World Average
EGY,Egypt,2011,2380.0,25.6,2.025674646,91.58232901,91093059,91.093,False,False,Negara lain,Lower-Middle Income,2,World Average
ERI,Eritrea,2011,650.0,0.699999988,0.004702374699,8.068708031,2998485,2.998,False,False,Negara lain,Low Income,1,World Average
ESP,Spain,2011,31170.0,67.08999939,23.76228517,111.899355,46742697,46.743,False,False,Negara lain,High Income,4,World Average
EST,Estonia,2011,15900.0,76.5,26.28876309,136.0654021,1327439,1.327,False,False,Negara lain,High Income,4,World Average
ETH,Ethiopia,2011,380.0,1.100000024,0.006820184698,15.16550032,93149970,93.15,False,False,Negara lain,Low Income,1,World Average
FIN,Finland,2011,50200.0,88.70999491,29.80564529,165.9168549,5388272,5.388,False,False,Negara lain,High Income,4,World Average
FJI,Fiji,2011,3570.0,28.0,2.546580517,79.62856069,912989,0.913,False,False,Negara lain,Lower-Middle Income,2,World Average
FRA,France,2011,44610.0,77.81999899,35.69378918,93.85290315,65340830,65.341,False,False,Negara lain,High Income,4,World Average
FRO,Faroe Islands,2011,53420.0,80.7321728,33.49814328,121.9906538,48542,0.049,False,False,Negara lain,High Income,4,World Average
FSM,Micronesia,2011,2920.0,22.79999924,,25.62721685,107698,0.108,False,False,Negara lain,Lower-Middle Income,2,World Average
GAB,Gabon,2011,7680.0,18.0,0.2525273782,133.0104911,1781985,1.782,False,False,Negara lain,Upper-Middle Income,3,World Average
GBR,United Kingdom,2011,41240.0,85.37999855,32.41872586,121.4976645,63258810,63.259,False,False,Negara lain,High Income,4,World Average
GEO,Georgia,2011,3580.0,31.52000046,6.423409889,114.5169312,3756441,3.756,False,False,Negara lain,Lower-Middle Income,2,World Average
GHA,Ghana,2011,1350.0,9.0,0.2496600126,81.11044883,26095088,26.095,False,False,Negara lain,Lower-Middle Income,2,World Average
GIN,Guinea,2011,670.0,2.0,0.005630202659,45.61017791,10656810,10.657,False,False,Negara lain,Low Income,1,World Average
GMB,Gambia,2011,710.0,10.87030029,0.02202860795,70.63082473,1983784,1.984,False,False,Negara lain,Low Income,1,World Average
GNB,Guinea-Bissau,2011,660.0,2.671999931,0.06218611558,45.5596626,1608076,1.608,False,False,Negara lain,Low Income,1,World Average
GNQ,Equatorial Guinea,2011,9030.0,11.5,0.1083879904,38.56067835,1241835,1.242,False,False,Negara lain,Upper-Middle Income,3,World Average
GRC,Greece,2011,24470.0,51.64999517,22.18306423,109.1741409,11104899,11.105,False,False,Negara lain,High Income,4,World Average
GRD,Grenada,2011,6730.0,30.0,13.09255079,107.8301912,112079,0.112,False,False,Negara lain,Upper-Middle Income,3,World Average
GTM,Guatemala,2011,2850.0,12.30000019,,131.6856346,14792126,14.792,False,False,Negara lain,Lower-Middle Income,2,World Average
GUY,Guyana,2011,4860.0,30.0,2.752786627,70.86442057,746153,0.746,False,False,Negara lain,Upper-Middle Income,3,World Average
HKG,"Hong Kong SAR, China",2011,35690.0,72.19999695,32.18549147,214.0975533,7071600,7.072,False,False,Negara lain,High Income,4,World Average
HND,Honduras,2011,1860.0,15.9,0.670797298,94.39904747,8540583,8.541,False,False,Negara lain,Lower-Middle Income,2,World Average
HRV,Croatia,2011,14020.0,57.78997899,20.85661546,119.4896123,4280622,4.281,False,False,Negara lain,High Income,4,World Average
HTI,Haiti,2011,1260.0,9.0,,42.36047066,9914904,9.915,False,False,Negara lain,Lower-Middle Income,2,World Average
HUN,Hungary,2011,13260.0,68.01998789,23.25492456,117.526066,9971727,9.972,False,False,Negara lain,Upper-Middle Income,3,World Average
IDN,Indonesia,2011,2960.0,12.28,1.096876838,100.13452,249470032,249.47,True,True,Indonesia,Lower-Middle Income,2,Indonesia
IND,India,2011,1350.0,10.07,1.058588871,70.87256521,1261224954,1261.225,False,False,Negara lain,Lower-Middle Income,2,World Average
IRL,Ireland,2011,42670.0,74.88997297,23.38142048,107.1348995,4580084,4.58,False,False,Negara lain,High Income,4,World Average
IRN,Iran (Islamic Republic of),2011,6680.0,19.0,2.704274943,71.49838414,78383598,78.384,False,False,Negara lain,Upper-Middle Income,3,World Average
IRQ,Iraq,2011,4740.0,5.0,,79.34661102,32161424,32.161,False,False,Negara lain,Upper-Middle Income,3,World Average
ISL,Iceland,2011,39690.0,94.8196868,34.96429433,107.8173324,319014,0.319,False,False,Negara lain,High Income,4,World Average
ISR,Israel,2011,32820.0,68.87387799,25.15089299,123.1424398,7765800,7.766,False,False,Negara lain,High Income,4,World Average
ITA,Italy,2011,37710.0,54.3899983,22.393879,159.0927377,60026841,60.027,False,False,Negara lain,High Income,4,World Average
JAM,Jamaica,2011,4700.0,37.43861341,4.284341861,106.6981127,2760494,2.76,False,False,Negara lain,Upper-Middle Income,3,World Average
JOR,Jordan,2011,4140.0,34.9,3.965176306,100.0285679,7480424,7.48,False,False,Negara lain,Lower-Middle Income,2,World Average
JPN,Japan,2011,47800.0,79.05411352,27.86667313,103.641548,127833000,127.833,False,False,Negara lain,High Income,4,World Average
KAZ,Kazakhstan,2011,8030.0,50.6,6.992850464,147.9010726,17066002,17.066,False,False,Negara lain,Upper-Middle Income,3,World Average
KEN,Kenya,2011,1010.0,8.800000191,0.1266275697,65.67301615,42758461,42.758,False,False,Negara lain,Low Income,1,World Average
KGZ,Kyrgyz Republic,2011,870.0,17.5,0.6978238585,112.2007102,5546587,5.547,False,False,Negara lain,Low Income,1,World Average
KHM,Cambodia,2011,990.0,3.099999905,0.1494302902,93.44147739,14722584,14.723,False,True,ASEAN lain,Low Income,1,World Average
KIR,Kiribati,2011,2110.0,10.0,0.7682088082,12.46125064,110647,0.111,False,False,Negara lain,Lower-Middle Income,2,World Average
KNA,Saint Kitts and Nevis,2011,16760.0,63.20000076,26.87369364,164.2281278,46886,0.047,False,False,Negara lain,High Income,4,World Average
KOR,Korea (Rep. of),2011,24590.0,83.75912015,36.35330521,106.8783068,49936638,49.937,False,False,Negara lain,High Income,4,World Average
KWT,Kuwait,2011,44350.0,65.76907069,1.500248658,157.4992962,3132814,3.133,False,False,Negara lain,High Income,4,World Average
LAO,Lao P.D.R.,2011,1130.0,9.0,0.1018580616,85.28396864,6426590,6.427,False,True,ASEAN lain,Low Income,1,World Average
LBN,Lebanon,2011,7720.0,52.0,7.89496509,67.83038528,5096020,5.096,False,False,Negara lain,Upper-Middle Income,3,World Average
LBR,Liberia,2011,500.0,2.5,0.001492474376,47.86903087,4221178,4.221,False,False,Negara lain,Low Income,1,World Average
LBY,Libya,2011,6080.0,14.0,1.103543431,157.6490615,6343203,6.343,False,False,Negara lain,Upper-Middle Income,3,World Average
LCA,Saint Lucia,2011,8890.0,34.0,12.42134795,126.0353549,171801,0.172,False,False,Negara lain,Upper-Middle Income,3,World Average
LKA,Sri Lanka,2011,2830.0,7.956399918,1.708787566,87.19789207,21009048,21.009,False,False,Negara lain,Lower-Middle Income,2,World Average
LSO,Lesotho,2011,1350.0,7.0,0.06648431065,61.18910094,2014009,2.014,False,False,Negara lain,Lower-Middle Income,2,World Average
LTU,Lithuania,2011,13200.0,63.6399774,24.02723729,163.0433706,3028115,3.028,False,False,Negara lain,Upper-Middle Income,3,World Average
LUX,Luxembourg,2011,79210.0,90.02985856,32.73394474,147.5118785,518347,0.518,False,False,Negara lain,High Income,4,World Average
LVA,Latvia,2011,12470.0,69.74995456,22.20558744,112.090589,2059709,2.06,False,False,Negara lain,Upper-Middle Income,3,World Average
MAC,"Macao SAR, China",2011,54620.0,60.20369672,23.91471649,235.0792953,549600,0.55,False,False,Negara lain,High Income,4,World Average
MAR,Morocco,2011,3260.0,46.1074826,1.80844788,111.0637152,32912588,32.913,False,False,Negara lain,Lower-Middle Income,2,World Average
MDA,Moldova,2011,2730.0,32.06999969,10.0167938,90.44195739,2860699,2.861,False,False,Negara lain,Lower-Middle Income,2,World Average
MDG,Madagascar,2011,460.0,1.899999976,0.03002326672,38.03635918,22822300,22.822,False,False,Negara lain,Low Income,1,World Average
MDV,Maldives,2011,6720.0,34.0,4.720157142,141.9550196,373674,0.374,False,False,Negara lain,Upper-Middle Income,3,World Average
MEX,Mexico,2011,9760.0,37.17629541,10.03620039,82.07252445,115243504,115.244,False,False,Negara lain,Upper-Middle Income,3,World Average
MHL,Marshall Islands,2011,3860.0,10.0,,,51907,0.052,False,False,Negara lain,Lower-Middle Income,2,World Average
MKD,North Macedonia,2011,5140.0,56.7,13.799189,108.4676095,1937398,1.937,False,False,Negara lain,Upper-Middle Income,3,World Average
MLI,Mali,2011,830.0,2.2,0.05150267025,65.7107159,16469049,16.469,False,False,Negara lain,Low Income,1,World Average
MLT,Malta,2011,22060.0,68.01982379,30.30370112,122.8717842,416268,0.416,False,False,Negara lain,High Income,4,World Average
MMR,Myanmar,2011,1040.0,0.98,0.04431015734,2.516437737,49419820,49.42,False,True,ASEAN lain,Low Income,1,World Average
MNE,Montenegro,2011,7240.0,35.61154125,10.22810611,183.2043598,620345,0.62,False,False,Negara lain,Upper-Middle Income,3,World Average
MNG,Mongolia,2011,2570.0,12.49999111,3.426077707,107.1810592,2786317,2.786,False,False,Negara lain,Lower-Middle Income,2,World Average
MOZ,Mozambique,2011,570.0,4.599999905,0.1199795053,33.21633915,23649039,23.649,False,False,Negara lain,Low Income,1,World Average
MRT,Mauritania,2011,1640.0,4.5,0.1747168203,94.63162586,3502811,3.503,False,False,Negara lain,Lower-Middle Income,2,World Average
MUS,Mauritius,2011,8530.0,34.95000076,9.192103972,100.6089715,1252404,1.252,False,False,Negara lain,Upper-Middle Income,3,World Average
MWI,Malawi,2011,710.0,3.33,0.01133309864,25.88644812,15265022,15.265,False,False,Negara lain,Low Income,1,World Average
MYS,Malaysia,2011,8890.0,61.0,8.595763828,125.7158321,29162039,29.162,False,True,ASEAN lain,Upper-Middle Income,3,World Average
NAM,Namibia,2011,5160.0,12.0,0.8204722025,102.2443013,2146325,2.146,False,False,Negara lain,Upper-Middle Income,3,World Average
NER,Niger,2011,520.0,0.9,0.01230766866,27.61295328,17176283,17.176,False,False,Negara lain,Low Income,1,World Average
NGA,Nigeria,2011,2100.0,13.80000019,,55.53012675,171379598,171.38,False,False,Negara lain,Lower-Middle Income,2,World Average
NIC,Nicaragua,2011,1600.0,10.6,1.462300296,82.89210732,5819051,5.819,False,False,Negara lain,Lower-Middle Income,2,World Average
NLD,Netherlands,2011,54270.0,91.41999576,38.56142081,117.6739774,16693074,16.693,False,False,Negara lain,High Income,4,World Average
NOR,Norway,2011,91010.0,93.48998265,36.05264561,115.5962849,4953088,4.953,False,False,Negara lain,High Income,4,World Average
NPL,Nepal,2011,620.0,9.0,0.3446486216,48.62451498,27464494,27.464,False,False,Negara lain,Low Income,1,World Average
NRU,Naoero,2011,7000.0,54.0,,66.34977223,10098,0.01,False,False,Negara lain,Upper-Middle Income,3,World Average
NZL,New Zealand,2011,32270.0,81.23000336,26.87840829,109.9778675,4384000,4.384,False,False,Negara lain,High Income,4,World Average
OMN,Oman,2011,20820.0,48.0,2.405856711,147.92643,3076763,3.077,False,False,Negara lain,High Income,4,World Average
PAK,Pakistan,2011,1020.0,8.0,0.572428724,53.44619441,203746065,203.746,False,False,Negara lain,Low Income,1,World Average
PAN,Panama,2011,8860.0,42.7,7.657848033,182.3587351,3693505,3.694,False,False,Negara lain,Upper-Middle Income,3,World Average
PER,Peru,2011,4960.0,36.01,4.135146887,110.7743644,29304086,29.304,False,False,Negara lain,Upper-Middle Income,3,World Average
PHL,Philippines,2011,2450.0,29.0,1.822926479,95.86882824,98248614,98.249,False,True,ASEAN lain,Lower-Middle Income,2,World Average
PNG,Papua New Guinea,2011,1730.0,2.0,0.0954277875,30.536892,7859346,7.859,False,False,Negara lain,Lower-Middle Income,2,World Average
POL,Poland,2011,12900.0,61.94999897,18.24752059,131.2797788,38063255,38.063,False,False,Negara lain,Upper-Middle Income,3,World Average
PRI,Puerto Rico,2011,17600.0,48.0,15.154586,84.38156098,3693464,3.693,False,False,Negara lain,High Income,4,World Average
PRT,Portugal,2011,22750.0,55.24999688,21.24680261,116.837494,10557560,10.558,False,False,Negara lain,High Income,4,World Average
PRY,Paraguay,2011,4840.0,24.76351588,2.06549828,112.2867232,5814626,5.815,False,False,Negara lain,Upper-Middle Income,3,World Average
PSE,State of Palestine,2011,2880.0,41.08000183,3.789297526,70.09301471,3882986,3.883,False,False,Negara lain,Lower-Middle Income,2,World Average
PYF,French Polynesia,2011,25270.0,49.0,13.24859142,82.00399666,271727,0.272,False,False,Negara lain,High Income,4,World Average
QAT,Qatar,2011,82960.0,69.0,9.089207322,127.1280267,1624761,1.625,False,False,Negara lain,High Income,4,World Average
ROU,Romania,2011,9080.0,40.00999678,16.18749738,115.4717843,20147528,20.148,False,False,Negara lain,Upper-Middle Income,3,World Average
RUS,Russian Federation,2011,11060.0,58.0,12.24267366,141.4512256,143018195,143.018,False,False,Negara lain,Upper-Middle Income,3,World Average
RWA,Rwanda,2011,630.0,7.0,0.08175920463,42.04942569,10573733,10.574,False,False,Negara lain,Low Income,1,World Average
SAU,Saudi Arabia,2011,24110.0,47.5,7.475229974,206.8518131,25091867,25.092,False,False,Negara lain,High Income,4,World Average
SEN,Senegal,2011,1310.0,9.800000191,0.715438976,72.17333389,12958897,12.959,False,False,Negara lain,Lower-Middle Income,2,World Average
SGP,Singapore,2011,48250.0,71.0,27.17358269,150.4041014,5183688,5.184,False,True,ASEAN lain,High Income,4,World Average
SLB,Solomon Islands,2011,1690.0,6.0,0.4394650463,49.71054987,552945,0.553,False,False,Negara lain,Lower-Middle Income,2,World Average
SLE,Sierra Leone,2011,710.0,0.899999976,,33.45727293,6387251,6.387,False,False,Negara lain,Low Income,1,World Average
SLV,El Salvador,2011,3120.0,18.89999962,3.382523878,136.5513396,6090127,6.09,False,False,Negara lain,Lower-Middle Income,2,World Average
SOM,Somalia,2011,250.0,1.25,,14.5762797,12348830,12.349,False,False,Negara lain,Low Income,1,World Average
SRB,Serbia,2011,6380.0,42.2,13.44227351,141.0434365,7236519,7.237,False,False,Negara lain,Upper-Middle Income,3,World Average
STP,Sao Tome and Principe,2011,1140.0,20.16119957,0.3969857096,61.96532166,185649,0.186,False,False,Negara lain,Lower-Middle Income,2,World Average
SUR,Suriname,2011,7620.0,32.0,4.163453293,95.91079136,556269,0.556,False,False,Negara lain,Upper-Middle Income,3,World Average
SVK,Slovak Republic,2011,17560.0,74.43999717,17.65614588,110.8362021,5398384,5.398,False,False,Negara lain,High Income,4,World Average
SVN,Slovenia,2011,24340.0,67.33999481,24.12978499,105.8445805,2052843,2.053,False,False,Negara lain,High Income,4,World Average
SWE,Sweden,2011,56450.0,92.76998606,32.03911545,121.2185209,9449213,9.449,False,False,Negara lain,High Income,4,World Average
SWZ,Eswatini,2011,3620.0,18.13,0.71781742,68.57374939,1117833,1.118,False,False,Negara lain,Lower-Middle Income,2,World Average
SYC,Seychelles,2011,11150.0,43.16400146,9.700692612,130.4769954,87441,0.087,False,False,Negara lain,Upper-Middle Income,3,World Average
SYR,Syrian Arab Republic,2011,2600.0,22.5,0.530201418,56.46011307,22878098,22.878,False,False,Negara lain,Lower-Middle Income,2,World Average
TCD,Chad,2011,1190.0,1.899999976,0.1238651801,28.73901891,12754997,12.755,False,False,Negara lain,Lower-Middle Income,2,World Average
TGO,Togo,2011,850.0,3.5,0.4921438294,38.96978431,6500582,6.501,False,False,Negara lain,Low Income,1,World Average
THA,Thailand,2011,4840.0,23.66992562,5.644337907,112.2332032,69007208,69.007,False,True,ASEAN lain,Upper-Middle Income,3,World Average
TJK,Tajikistan,2011,1000.0,13.02999973,0.06415511736,80.82011199,7824785,7.825,False,False,Negara lain,Low Income,1,World Average
TKM,Turkmenistan,2011,4300.0,5.0,0.01935455378,93.25375914,5683417,5.683,False,False,Negara lain,Lower-Middle Income,2,World Average
TLS,Timor-Leste,2011,3740.0,4.0,0.04954031095,55.31860275,1110207,1.11,False,True,ASEAN lain,Lower-Middle Income,2,World Average
TON,Tonga,2011,3660.0,25.0,1.208515385,51.12949707,107570,0.108,False,False,Negara lain,Lower-Middle Income,2,World Average
TTO,Trinidad and Tobago,2011,15060.0,55.2,12.35269534,130.9119896,1328019,1.328,False,False,Negara lain,High Income,4,World Average
TUN,Tunisia,2011,4060.0,39.1,5.138307933,113.7940122,10886035,10.886,False,False,Negara lain,Lower-Middle Income,2,World Average
TUR,Turkiye,2011,11260.0,43.06571043,10.22885702,88.01666284,74223629,74.224,False,False,Negara lain,Upper-Middle Income,3,World Average
TUV,Tuvalu,2011,4740.0,16.5,4.174397032,19.75881262,10780,0.011,False,False,Negara lain,Upper-Middle Income,3,World Average
TZA,Tanzania,2011,760.0,3.200000048,0.06141296707,55.76104273,46029367,46.029,False,False,Negara lain,Low Income,1,World Average
UGA,Uganda,2011,860.0,4.599999905,0.1064742515,50.05912388,33354543,33.355,False,False,Negara lain,Low Income,1,World Average
UKR,Ukraine,2011,3100.0,28.70826284,6.956210822,121.9416066,46307853,46.308,False,False,Negara lain,Lower-Middle Income,2,World Average
URY,Uruguay,2011,12730.0,51.40466106,14.2140329,143.0019613,3326825,3.327,False,False,Negara lain,Upper-Middle Income,3,World Average
USA,United States,2011,50620.0,69.72946076,28.11702395,94.68296466,311839461,311.839,False,False,Negara lain,High Income,4,World Average
UZB,Uzbekistan,2011,1880.0,18.6,0.5126426646,88.26845226,28823196,28.823,False,False,Negara lain,Lower-Middle Income,2,World Average
VCT,Saint Vincent and the Grenadines,2011,6390.0,36.70000076,12.11625163,120.5397397,109349,0.109,False,False,Negara lain,Upper-Middle Income,3,World Average
VEN,Venezuela,2011,11850.0,40.22,6.221088954,98.61843388,29185212,29.185,False,False,Negara lain,Upper-Middle Income,3,World Average
VNM,Viet Nam,2011,1630.0,35.07,4.338509266,143.9137237,88468314,88.468,False,True,ASEAN lain,Lower-Middle Income,2,World Average
VUT,Vanuatu,2011,2790.0,9.199999809,0.1384131365,56.2507701,243474,0.243,False,False,Negara lain,Lower-Middle Income,2,World Average
WSM,Samoa,2011,3570.0,11.0,,,194713,0.195,False,False,Negara lain,Lower-Middle Income,2,World Average
YEM,Yemen,2011,930.0,14.90499973,0.3951724143,42.3015755,27582897,27.583,False,False,Negara lain,Low Income,1,World Average
ZAF,South Africa,2011,7620.0,33.97,1.711475595,120.7656429,52995205,52.995,False,False,Negara lain,Upper-Middle Income,3,World Average
ZMB,Zambia,2011,1380.0,3.5,0.1136946387,56.54985706,14437796,14.438,False,False,Negara lain,Lower-Middle Income,2,World Average
ZWE,Zimbabwe,2011,960.0,8.399999619,0.250084146,67.66982773,13595424,13.595,False,False,Negara lain,Low Income,1,World Average
ABW,Aruba,2012,23970.0,74.0,,132.6611833,104110,0.104,False,False,Negara lain,High Income,4,World Average
AFG,Afghanistan,2012,640.0,5.454500198,0.004908371502,50.19665554,30560034,30.56,False,False,Negara lain,Low Income,1,World Average
AGO,Angola,2012,4750.0,7.699999809,0.08146990908,50.78011251,25177394,25.177,False,False,Negara lain,Upper-Middle Income,3,World Average
ALB,Albania,2012,4430.0,49.40000153,5.50129828,120.2747488,2860708,2.861,False,False,Negara lain,Lower-Middle Income,2,World Average
ARE,United Arab Emirates,2012,51180.0,84.9999915,12.73806815,183.7406321,7391448,7.391,False,False,Negara lain,High Income,4,World Average
ARG,Argentina,2012,11770.0,55.79999924,12.21151053,152.5735797,42161721,42.162,False,False,Negara lain,Upper-Middle Income,3,World Average
ARM,Armenia,2012,3700.0,37.5,7.255807301,113.6973538,3024100,3.024,False,False,Negara lain,Lower-Middle Income,2,World Average
ATG,Antigua and Barbuda,2012,14530.0,58.0,14.97822599,145.9786844,87260,0.087,False,False,Negara lain,High Income,4,World Average
AUS,Australia,2012,60500.0,79.0,25.09556443,106.4997118,22733465,22.733,False,False,Negara lain,High Income,4,World Average
AUT,Austria,2012,49760.0,80.02999392,25.26447824,161.1556334,8429991,8.43,False,False,Negara lain,High Income,4,World Average
AZE,Azerbaijan,2012,6440.0,54.20000076,14.60716255,107.9885297,9295784,9.296,False,False,Negara lain,Upper-Middle Income,3,World Average
BDI,Burundi,2012,230.0,1.220000029,0.006970490004,22.31277681,10071028,10.071,False,False,Negara lain,Low Income,1,World Average
BEL,Belgium,2012,47170.0,80.71999055,33.23882977,110.8562237,11106932,11.107,False,False,Negara lain,High Income,4,World Average
BEN,Benin,2012,1050.0,4.5,0.4016385615,80.86289055,10397657,10.398,False,False,Negara lain,Low Income,1,World Average
BFA,Burkina Faso,2012,710.0,3.724999905,0.08343676064,58.09421308,17172287,17.172,False,False,Negara lain,Low Income,1,World Average
BGD,Bangladesh,2012,950.0,5.0,0.3872190681,62.66843149,155070101,155.07,False,False,Negara lain,Low Income,1,World Average
BGR,Bulgaria,2012,7400.0,51.89998767,18.20067585,147.3378621,7305888,7.306,False,False,Negara lain,Upper-Middle Income,3,World Average
BHR,Bahrain,2012,24670.0,88.0,24.28564264,174.6195644,1208964,1.209,False,False,Negara lain,High Income,4,World Average
BHS,Bahamas,2012,27910.0,71.74819946,20.75537528,79.90007164,375469,0.375,False,False,Negara lain,High Income,4,World Average
BIH,Bosnia and Herzegovina,2012,4900.0,45.0644989,12.78971519,91.483314,3670113,3.67,False,False,Negara lain,Upper-Middle Income,3,World Average
BLR,Belarus,2012,6630.0,46.91,26.7549579,112.8224163,9446836,9.447,False,False,Negara lain,Upper-Middle Income,3,World Average
BLZ,Belize,2012,5330.0,31.0,2.982231605,51.55974331,334414,0.334,False,False,Negara lain,Upper-Middle Income,3,World Average
BMU,Bermuda,2012,101910.0,91.29930452,,142.978349,63646,0.064,False,False,Negara lain,High Income,4,World Average
BOL,Bolivia,2012,2220.0,35.34,1.109833986,90.27559178,10515807,10.516,False,False,Negara lain,Lower-Middle Income,2,World Average
BRA,Brazil,2012,12460.0,48.56,9.711511418,126.1319628,196876111,196.876,False,False,Negara lain,Upper-Middle Income,3,World Average
BRB,Barbados,2012,19080.0,71.19999695,24.15125407,126.1278698,276938,0.277,False,False,Negara lain,High Income,4,World Average
BRN,Brunei Darussalam,2012,41690.0,60.27310181,4.894256541,115.8258888,405557,0.406,False,True,ASEAN lain,High Income,4,World Average
BTN,Bhutan,2012,2620.0,15.60000038,2.337444704,78.19690804,717279,0.717,False,False,Negara lain,Lower-Middle Income,2,World Average
BWA,Botswana,2012,6680.0,16.0,1.054530055,146.1491584,2108617,2.109,False,False,Negara lain,Upper-Middle Income,3,World Average
CAF,Central African Rep.,2012,540.0,2.400000095,0.01312123063,24.79183872,4610848,4.611,False,False,Negara lain,Low Income,1,World Average
CAN,Canada,2012,51080.0,83.0,33.47385967,79.37572425,34713395,34.713,False,False,Negara lain,High Income,4,World Average
CHE,Switzerland,2012,88060.0,85.2,40.16002898,132.0311627,7996861,7.997,False,False,Negara lain,High Income,4,World Average
CHL,Chile,2012,14170.0,55.04999924,12.36551907,136.6562611,17519119,17.519,False,False,Negara lain,High Income,4,World Average
CHN,China,2012,6010.0,42.30009842,12.79155394,81.20759816,1354190000,1354.19,False,False,Negara lain,Upper-Middle Income,3,World Average
CIV,Cote d'Ivoire,2012,1140.0,4.400000095,0.1967309266,77.12733558,23467078,23.467,False,False,Negara lain,Lower-Middle Income,2,World Average
CMR,Cameroon,2012,1470.0,7.5,0.06653682551,62.99065202,20809529,20.81,False,False,Negara lain,Lower-Middle Income,2,World Average
COD,"Congo, Dem. Rep.",2012,370.0,1.679999948,,27.42854792,73254618,73.255,False,False,Negara lain,Low Income,1,World Average
COG,Congo (Rep. of the),2012,3330.0,6.106699944,0.02936430086,90.35289899,4740450,4.74,False,False,Negara lain,Lower-Middle Income,2,World Average
COL,Colombia,2012,7340.0,48.98,8.615524914,107.3290816,45715810,45.716,False,False,Negara lain,Upper-Middle Income,3,World Average
COM,Comoros,2012,1510.0,5.975299835,0.1808899256,41.59309303,681630,0.682,False,False,Negara lain,Lower-Middle Income,2,World Average
CPV,Cabo Verde,2012,3730.0,34.74,3.877879892,83.07566095,511955,0.512,False,False,Negara lain,Lower-Middle Income,2,World Average
CRI,Costa Rica,2012,9330.0,47.5,9.618360809,115.3121378,4663934,4.664,False,False,Negara lain,Upper-Middle Income,3,World Average
CUB,Cuba,2012,6090.0,21.20000076,0.04435037058,14.87763394,11303175,11.303,False,False,Negara lain,Upper-Middle Income,3,World Average
CYM,Cayman Islands,2012,51150.0,69.7,33.82280874,172.9802576,57136,0.057,False,False,Negara lain,High Income,4,World Average
CYP,Cyprus,2012,29760.0,60.6898684,25.56263762,128.7443504,1165397,1.165,False,False,Negara lain,High Income,4,World Average
CZE,Czech Republic,2012,19650.0,73.43000782,25.28690672,128.6901008,10510785,10.511,False,False,Negara lain,High Income,4,World Average
DEU,Germany,2012,47480.0,82.34999847,34.55010783,114.1919455,80425823,80.426,False,False,Negara lain,High Income,4,World Average
DMA,Dominica,2012,7530.0,49.79999924,12.29780954,158.1353627,69118,0.069,False,False,Negara lain,Upper-Middle Income,3,World Average
DNK,Denmark,2012,61570.0,92.26001172,38.97670513,130.4160273,5591572,5.592,False,False,Negara lain,High Income,4,World Average
DOM,Dominican Rep.,2012,5700.0,42.32,4.802435571,88.71729267,10070411,10.07,False,False,Negara lain,Upper-Middle Income,3,World Average
DZA,Algeria,2012,5630.0,18.20000076,3.06737212,99.68532519,37646166,37.646,False,False,Negara lain,Upper-Middle Income,3,World Average
ECU,Ecuador,2012,5320.0,35.13514645,5.418016241,105.6802914,15572194,15.572,False,False,Negara lain,Upper-Middle Income,3,World Average
EGY,Egypt,2012,2630.0,26.4,2.456793052,103.9048528,93161001,93.161,False,False,Negara lain,Lower-Middle Income,2,World Average
ESP,Spain,2012,29710.0,69.80999994,24.51074871,107.7560742,46773055,46.773,False,False,Negara lain,High Income,4,World Average
EST,Estonia,2012,16910.0,78.38992593,26.42543263,151.196568,1322696,1.323,False,False,Negara lain,High Income,4,World Average
ETH,Ethiopia,2012,400.0,2.900000095,0.008909300471,21.42395945,95798767,95.799,False,False,Negara lain,Low Income,1,World Average
FIN,Finland,2012,48820.0,89.87999797,30.43237579,172.1472095,5413971,5.414,False,False,Negara lain,High Income,4,World Average
FJI,Fiji,2012,3910.0,33.74240112,1.477290861,93.86731926,914918,0.915,False,False,Negara lain,Lower-Middle Income,2,World Average
FRA,France,2012,43500.0,81.44,37.43455295,97.19246317,65657659,65.658,False,False,Negara lain,High Income,4,World Average
FRO,Faroe Islands,2012,56500.0,85.33518924,33.9439812,122.1060074,48290,0.048,False,False,Negara lain,High Income,4,World Average
FSM,Micronesia,2012,3030.0,25.97439957,,28.93039207,107890,0.108,False,False,Negara lain,Lower-Middle Income,2,World Average
GAB,Gabon,2012,8610.0,24.0,0.2707255282,138.4884527,1846889,1.847,False,False,Negara lain,Upper-Middle Income,3,World Average
GBR,United Kingdom,2012,41940.0,87.47999842,33.90479034,122.4652318,63711000,63.711,False,False,Negara lain,High Income,4,World Average
GEO,Georgia,2012,4250.0,36.93999863,12.06113344,122.384148,3728874,3.729,False,False,Negara lain,Lower-Middle Income,2,World Average
GHA,Ghana,2012,1490.0,10.6,0.2548489452,95.8261771,26734268,26.734,False,False,Negara lain,Lower-Middle Income,2,World Average
GIN,Guinea,2012,680.0,3.099999905,0.006409328466,51.13453812,10921581,10.922,False,False,Negara lain,Low Income,1,World Average
GMB,Gambia,2012,710.0,12.44919968,0.02447268701,74.69998933,2043094,2.043,False,False,Negara lain,Low Income,1,World Average
GNB,Guinea-Bissau,2012,630.0,2.894000053,0.07284653119,63.53289327,1651417,1.651,False,False,Negara lain,Low Income,1,World Average
GNQ,Equatorial Guinea,2012,11430.0,13.94320011,0.1144197488,38.73858412,1293483,1.293,False,False,Negara lain,Upper-Middle Income,3,World Average
GRC,Greece,2012,22750.0,55.06999344,24.34246433,120.9261372,11045011,11.045,False,False,Negara lain,High Income,4,World Average
GRD,Grenada,2012,6700.0,32.0,14.18754157,115.1957437,112775,0.113,False,False,Negara lain,Upper-Middle Income,3,World Average
GTM,Guatemala,2012,3090.0,16.0,1.857578246,137.7572318,15089647,15.09,False,False,Negara lain,Lower-Middle Income,2,World Average
GUY,Guyana,2012,5350.0,30.5,4.01734987,73.302398,746288,0.746,False,False,Negara lain,Upper-Middle Income,3,World Average
HKG,"Hong Kong SAR, China",2012,36340.0,72.9,31.31537144,227.5711315,7150100,7.15,False,False,Negara lain,High Income,4,World Average
HND,Honduras,2012,1950.0,18.12,0.7031149241,84.56649145,8715076,8.715,False,False,Negara lain,Lower-Middle Income,2,World Average
HRV,Croatia,2012,13540.0,61.93997315,21.58185177,116.719313,4260368,4.26,False,False,Negara lain,Upper-Middle Income,3,World Average
HTI,Haiti,2012,1320.0,9.800000191,0.0,60.52716591,10069771,10.07,False,False,Negara lain,Lower-Middle Income,2,World Average
HUN,Hungary,2012,13080.0,70.57999815,24.16180387,116.7678251,9920362,9.92,False,False,Negara lain,Upper-Middle Income,3,World Average
IDN,Indonesia,2012,3520.0,14.52,1.180458018,111.581049,252698525,252.699,True,True,Indonesia,Lower-Middle Income,2,Indonesia
IND,India,2012,1460.0,11.10000038,1.171696001,67.62635179,1278674502,1278.675,False,False,Negara lain,Lower-Middle Income,2,World Average
IRL,Ireland,2012,41070.0,76.91999254,24.17500193,108.989829,4599533,4.6,False,False,Negara lain,High Income,4,World Average
IRN,Iran (Islamic Republic of),2012,7310.0,22.73,4.792319774,73.27342071,79370580,79.371,False,False,Negara lain,Upper-Middle Income,3,World Average
IRQ,Iraq,2012,5980.0,7.099999905,,79.50119035,33654842,33.655,False,False,Negara lain,Upper-Middle Income,3,World Average
ISL,Iceland,2012,43190.0,96.20979955,35.35084356,109.7471957,320716,0.321,False,False,Negara lain,High Income,4,World Average
ISR,Israel,2012,33500.0,70.8,25.46077831,121.2574496,7910500,7.91,False,False,Negara lain,High Income,4,World Average
ITA,Italy,2012,35970.0,55.82999799,22.7375145,160.5587172,60191247,60.191,False,False,Negara lain,High Income,4,World Average
JAM,Jamaica,2012,5100.0,33.79,4.438200423,97.9262957,2772430,2.772,False,False,Negara lain,Upper-Middle Income,3,World Average
JOR,Jordan,2012,4400.0,37.0,3.957940865,118.4144143,7587127,7.587,False,False,Negara lain,Lower-Middle Income,2,World Average
JPN,Japan,2012,50540.0,79.4964,28.24426592,110.3190588,127629000,127.629,False,False,Negara lain,High Income,4,World Average
KAZ,Kazakhstan,2012,9640.0,61.90662747,9.460822671,174.7094349,17306106,17.306,False,False,Negara lain,Upper-Middle Income,3,World Average
KEN,Kenya,2012,1060.0,10.5,0.1238325392,70.02265273,43888303,43.888,False,False,Negara lain,Low Income,1,World Average
KGZ,Kyrgyz Republic,2012,1030.0,19.79999924,0.9587258464,119.3334385,5652076,5.652,False,False,Negara lain,Low Income,1,World Average
KHM,Cambodia,2012,1110.0,4.94,0.1989550411,127.8354389,14945085,14.945,False,True,ASEAN lain,Low Income,1,World Average
KIR,Kiribati,2012,2630.0,10.74680042,0.7124790709,16.0307791,112284,0.112,False,False,Negara lain,Lower-Middle Income,2,World Average
KNA,Saint Kitts and Nevis,2012,17010.0,64.0,27.64016754,161.5886718,47033,0.047,False,False,Negara lain,High Income,4,World Average
KOR,Korea (Rep. of),2012,26780.0,84.07,36.80003211,108.1146818,50199853,50.2,False,False,Negara lain,High Income,4,World Average
KWT,Kuwait,2012,50830.0,70.44999695,1.408440153,152.83074,3337109,3.337,False,False,Negara lain,High Income,4,World Average
LAO,Lao P.D.R.,2012,1350.0,10.74769974,0.1162452151,65.96125957,6518978,6.519,False,True,ASEAN lain,Lower-Middle Income,2,World Average
LBN,Lebanon,2012,8000.0,61.24980164,9.094890466,71.72181135,5235742,5.236,False,False,Negara lain,Upper-Middle Income,3,World Average
LBR,Liberia,2012,540.0,2.599999905,0.0119825028,54.42205805,4373043,4.373,False,False,Negara lain,Low Income,1,World Average
LBY,Libya,2012,13310.0,15.19999981,1.089115192,155.1463201,6179328,6.179,False,False,Negara lain,Upper-Middle Income,3,World Average
LCA,Saint Lucia,2012,9000.0,45.865,14.23803647,125.15427,172587,0.173,False,False,Negara lain,Upper-Middle Income,3,World Average
LKA,Sri Lanka,2012,3340.0,9.00039959,1.672220422,91.32422757,21169458,21.169,False,False,Negara lain,Lower-Middle Income,2,World Average
LSO,Lesotho,2012,1490.0,10.0,0.08041864887,75.93639062,2034354,2.034,False,False,Negara lain,Lower-Middle Income,2,World Average
LTU,Lithuania,2012,14040.0,67.22998933,25.72879358,167.2260651,2989139,2.989,False,False,Negara lain,High Income,4,World Average
LUX,Luxembourg,2012,87950.0,91.94992374,31.96175889,143.3879464,530946,0.531,False,False,Negara lain,High Income,4,World Average
LVA,Latvia,2012,13430.0,73.11994377,23.40181251,129.3045478,2034319,2.034,False,False,Negara lain,Upper-Middle Income,3,World Average
MAC,"Macao SAR, China",2012,60370.0,61.31,24.61434753,274.6562237,567900,0.568,False,False,Negara lain,High Income,4,World Average
MAR,Morocco,2012,3230.0,55.41605319,2.067264332,116.9721304,33355241,33.355,False,False,Negara lain,Lower-Middle Income,2,World Average
MDA,Moldova,2012,3140.0,34.65000153,12.01733979,102.9189755,2860324,2.86,False,False,Negara lain,Lower-Middle Income,2,World Average
MDG,Madagascar,2012,470.0,2.299999952,0.1324542658,37.41554906,23462438,23.462,False,False,Negara lain,Low Income,1,World Average
MDV,Maldives,2012,6810.0,38.93009949,4.66860384,144.912336,386818,0.387,False,False,Negara lain,Upper-Middle Income,3,World Average
MEX,Mexico,2012,10500.0,39.75,11.19455282,86.22562332,116818208,116.818,False,False,Negara lain,Upper-Middle Income,3,World Average
MHL,Marshall Islands,2012,3860.0,12.5,,,51419,0.051,False,False,Negara lain,Lower-Middle Income,2,World Average
MKD,North Macedonia,2012,5090.0,57.44994731,15.40342793,110.2684422,1929821,1.93,False,False,Negara lain,Upper-Middle Income,3,World Average
MLI,Mali,2012,830.0,2.799999952,0.02547615494,86.17565939,16957033,16.957,False,False,Negara lain,Low Income,1,World Average
MLT,Malta,2012,22450.0,68.19987429,31.82243308,124.7572144,420028,0.42,False,False,Negara lain,High Income,4,World Average
MMR,Myanmar,2012,1170.0,1.399999976,,7.483563664,49837446,49.837,False,True,ASEAN lain,Lower-Middle Income,2,World Average
MNE,Montenegro,2012,6980.0,56.83878255,13.85358462,156.4019636,621418,0.621,False,False,Negara lain,Upper-Middle Income,3,World Average
MNG,Mongolia,2012,3630.0,16.4,3.940855509,120.7388483,2839705,2.84,False,False,Negara lain,Lower-Middle Income,2,World Average
MOZ,Mozambique,2012,630.0,5.0,0.1209556507,36.17816466,24337846,24.338,False,False,Negara lain,Low Income,1,World Average
MRT,Mauritania,2012,1800.0,5.0,0.1850493806,111.2307317,3619034,3.619,False,False,Negara lain,Lower-Middle Income,2,World Average
MUS,Mauritius,2012,9700.0,35.42,10.92175586,115.2524493,1255882,1.256,False,False,Negara lain,Upper-Middle Income,3,World Average
MWI,Malawi,2012,650.0,4.350599766,0.007880543187,29.58000715,15709577,15.71,False,False,Negara lain,Low Income,1,World Average
MYS,Malaysia,2012,9980.0,65.8,9.847003477,139.3147539,29662831,29.663,False,True,ASEAN lain,Upper-Middle Income,3,World Average
NAM,Namibia,2012,5730.0,12.94139957,1.095981417,97.82102327,2194654,2.195,False,False,Negara lain,Upper-Middle Income,3,World Average
NER,Niger,2012,550.0,1.049999952,0.0205698689,30.24953679,17836769,17.837,False,False,Negara lain,Low Income,1,World Average
NGA,Nigeria,2012,2360.0,16.10000038,0.008103830506,64.00532631,176200625,176.201,False,False,Negara lain,Lower-Middle Income,2,World Average
NIC,Nicaragua,2012,1700.0,13.5,1.716778052,99.16011541,5901287,5.901,False,False,Negara lain,Lower-Middle Income,2,World Average
NLD,Netherlands,2012,52070.0,92.85999236,39.33741463,116.563842,16754962,16.755,False,False,Negara lain,High Income,4,World Average
NOR,Norway,2012,99780.0,94.64997805,37.017825,115.5235732,5018573,5.019,False,False,Negara lain,High Income,4,World Average
NPL,Nepal,2012,750.0,11.14929962,0.8375475283,60.31840665,27534915,27.535,False,False,Negara lain,Low Income,1,World Average
NZL,New Zealand,2012,36770.0,81.64447018,28.83257973,111.5675766,4408100,4.408,False,False,Negara lain,High Income,4,World Average
OMN,Oman,2012,21960.0,60.0,3.239652959,150.8732775,3547106,3.547,False,False,Negara lain,High Income,4,World Average
PAK,Pakistan,2012,1110.0,8.100000381,0.7304040059,57.85761083,207667125,207.667,False,False,Negara lain,Low Income,1,World Average
PAN,Panama,2012,9870.0,40.30189522,7.840354581,165.2870674,3759256,3.759,False,False,Negara lain,Upper-Middle Income,3,World Average
PER,Peru,2012,5780.0,38.2,4.882457293,99.45080545,29550366,29.55,False,False,Negara lain,Upper-Middle Income,3,World Average
PHL,Philippines,2012,2780.0,30.79999924,2.14283906,101.7996744,100175512,100.176,False,True,ASEAN lain,Lower-Middle Income,2,World Average
PNG,Papua New Guinea,2012,2150.0,3.5,0.113841802,33.52146104,8081390,8.081,False,False,Negara lain,Lower-Middle Income,2,World Average
POL,Poland,2012,13170.0,62.30999727,18.00799982,141.4097356,38063164,38.063,False,False,Negara lain,Upper-Middle Income,3,World Average
PRI,Puerto Rico,2012,18550.0,68.9999826,15.72020463,83.635328,3661045,3.661,False,False,Negara lain,High Income,4,World Average
PRT,Portugal,2012,21220.0,60.33999749,22.7408341,113.3586508,10514844,10.515,False,False,Negara lain,High Income,4,World Average
PRY,Paraguay,2012,5160.0,29.34,2.308831869,115.2059316,5897008,5.897,False,False,Negara lain,Upper-Middle Income,3,World Average
PSE,State of Palestine,2012,3210.0,43.4,4.421498475,74.36458455,3979998,3.98,False,False,Negara lain,Lower-Middle Income,2,World Average
PYF,French Polynesia,2012,24050.0,52.87663059,14.72074527,83.34468515,273084,0.273,False,False,Negara lain,High Income,4,World Average
QAT,Qatar,2012,92750.0,69.3,9.707165318,136.394883,1722438,1.722,False,False,Negara lain,High Income,4,World Average
ROU,Romania,2012,9260.0,45.87999425,17.56751957,113.3023508,20058035,20.058,False,False,Negara lain,Upper-Middle Income,3,World Average
RUS,Russian Federation,2012,13470.0,66.0,14.50076013,144.1981975,143378447,143.378,False,False,Negara lain,Upper-Middle Income,3,World Average
RWA,Rwanda,2012,680.0,8.023900032,0.05076685373,52.54665763,10829901,10.83,False,False,Negara lain,Low Income,1,World Average
SAU,Saudi Arabia,2012,27610.0,54.0,9.386259031,195.8433686,26168861,26.169,False,False,Negara lain,High Income,4,World Average
SEN,Senegal,2012,1320.0,10.80000019,0.7179372367,86.17745621,13310495,13.31,False,False,Negara lain,Lower-Middle Income,2,World Average
SGP,Singapore,2012,51710.0,72.0,27.06797598,152.4103874,5312437,5.312,False,True,ASEAN lain,High Income,4,World Average
SLB,Solomon Islands,2012,1820.0,6.997399807,0.3716836993,52.67500689,573606,0.574,False,False,Negara lain,Lower-Middle Income,2,World Average
SLE,Sierra Leone,2012,830.0,2.5,,33.73489562,6551080,6.551,False,False,Negara lain,Low Income,1,World Average
SLV,El Salvador,2012,3280.0,20.32138772,3.959780666,141.4627963,6113975,6.114,False,False,Negara lain,Lower-Middle Income,2,World Average
SOM,Somalia,2012,280.0,1.376700044,0.3209974031,18.45735068,12461160,12.461,False,False,Negara lain,Low Income,1,World Average
SRB,Serbia,2012,6310.0,48.09999847,14.81052489,127.1991843,7201497,7.201,False,False,Negara lain,Upper-Middle Income,3,World Average
SSD,South Sudan,2012,800.0,1.5,0.0001580477937,21.38293679,10756240,10.756,False,False,Negara lain,Low Income,1,World Average
STP,Sao Tome and Principe,2012,1170.0,21.57239914,0.4106862895,64.49147219,189439,0.189,False,False,Negara lain,Lower-Middle Income,2,World Average
SUR,Suriname,2012,8220.0,34.68119812,5.201970023,101.1439073,562633,0.563,False,False,Negara lain,Upper-Middle Income,3,World Average
SVK,Slovak Republic,2012,17830.0,76.70999012,19.34347739,112.7587689,5407579,5.408,False,False,Negara lain,High Income,4,World Average
SVN,Slovenia,2012,23010.0,68.34997453,24.80547367,109.1480582,2057159,2.057,False,False,Negara lain,High Income,4,World Average
SWE,Sweden,2012,58840.0,93.17998801,32.28297911,124.4652049,9519374,9.519,False,False,Negara lain,High Income,4,World Average
SWZ,Eswatini,2012,4010.0,20.78179932,0.3051083629,71.62794753,1123863,1.124,False,False,Negara lain,Lower-Middle Income,2,World Average
SYC,Seychelles,2012,12540.0,47.07600021,10.6255588,137.1065771,88303,0.088,False,False,Negara lain,Upper-Middle Income,3,World Average
SYR,Syrian Arab Republic,2012,1980.0,24.30010033,1.063956597,57.03047084,22759763,22.76,False,False,Negara lain,Lower-Middle Income,2,World Average
TCD,Chad,2012,1310.0,2.099999905,0.1472560968,33.32285721,13210998,13.211,False,False,Negara lain,Lower-Middle Income,2,World Average
TGO,Togo,2012,840.0,4.0,0.5843478761,46.64641806,6653718,6.654,False,False,Negara lain,Low Income,1,World Average
THA,Thailand,2012,5400.0,26.46,6.508142206,122.431995,69436098,69.436,False,True,ASEAN lain,Upper-Middle Income,3,World Average
TJK,Tajikistan,2012,1130.0,14.51000023,0.06738137509,81.45659566,8014084,8.014,False,False,Negara lain,Low Income,1,World Average
TKM,Turkmenistan,2012,5040.0,7.195799828,0.02410241737,101.5744732,5808546,5.809,False,False,Negara lain,Upper-Middle Income,3,World Average
TLS,Timor-Leste,2012,3570.0,7.0,0.05286879287,54.71920062,1134885,1.135,False,True,ASEAN lain,Lower-Middle Income,2,World Average
TON,Tonga,2012,4130.0,30.0,1.39586823,52.11241392,107460,0.107,False,False,Negara lain,Lower-Middle Income,2,World Average
TTO,Trinidad and Tobago,2012,17960.0,57.5,14.34739341,134.1837102,1335194,1.335,False,False,Negara lain,High Income,4,World Average
TUN,Tunisia,2012,4250.0,41.4416008,4.789508692,116.6603162,11009647,11.01,False,False,Negara lain,Lower-Middle Income,2,World Average
TUR,Turkiye,2012,11950.0,45.13,10.4644431,90.004081,75175827,75.176,False,False,Negara lain,Upper-Middle Income,3,World Average
TUV,Tuvalu,2012,4460.0,18.70000076,4.115602707,25.60819462,10934,0.011,False,False,Negara lain,Lower-Middle Income,2,World Average
TZA,Tanzania,2012,810.0,3.950000048,0.087230914,57.45584839,47374260,47.374,False,False,Negara lain,Low Income,1,World Average
UGA,Uganda,2012,830.0,4.800000191,0.1118312904,47.6342673,34337438,34.337,False,False,Negara lain,Low Income,1,World Average
UKR,Ukraine,2012,3600.0,35.27,8.037551512,130.8590206,46210056,46.21,False,False,Negara lain,Lower-Middle Income,2,World Average
URY,Uruguay,2012,14230.0,54.45376868,17.40927103,149.7708671,3335401,3.335,False,False,Negara lain,High Income,4,World Average
USA,United States,2012,52610.0,74.7,29.17361097,96.1284262,314339099,314.339,False,False,Negara lain,High Income,4,World Average
UZB,Uzbekistan,2012,2460.0,23.60000038,0.7537958143,69.28493338,29261903,29.262,False,False,Negara lain,Lower-Middle Income,2,World Average
VCT,Saint Vincent and the Grenadines,2012,6720.0,40.0,12.52207181,116.7892878,108736,0.109,False,False,Negara lain,Upper-Middle Income,3,World Average
VEN,Venezuela,2012,12480.0,49.05008307,6.89152396,103.4352473,29553826,29.554,False,False,Negara lain,Upper-Middle Income,3,World Average
VNM,Viet Nam,2012,1980.0,36.79999924,5.334989395,147.1044579,89510356,89.51,False,True,ASEAN lain,Lower-Middle Income,2,World Average
VUT,Vanuatu,2012,2840.0,10.59799957,0.1245565185,58.69585307,248883,0.249,False,False,Negara lain,Lower-Middle Income,2,World Average
WSM,Samoa,2012,3590.0,12.92249966,0.5516595589,51.04479435,196498,0.196,False,False,Negara lain,Lower-Middle Income,2,World Average
YEM,Yemen,2012,1080.0,17.44650078,0.588387413,48.88574441,28433647,28.434,False,False,Negara lain,Low Income,1,World Average
ZAF,South Africa,2012,8220.0,41.0,2.05865964,127.1676006,53782567,53.783,False,False,Negara lain,Upper-Middle Income,3,World Average
ZMB,Zambia,2012,1640.0,4.099999905,0.1005724361,70.57085837,14913629,14.914,False,False,Negara lain,Lower-Middle Income,2,World Average
ZWE,Zimbabwe,2012,1150.0,12.0,0.5203762341,91.28700358,13817887,13.818,False,False,Negara lain,Lower-Middle Income,2,World Average
ABW,Aruba,2013,24830.0,78.9,18.72111391,135.3380526,105675,0.106,False,False,Negara lain,High Income,4,World Average
AFG,Afghanistan,2013,670.0,5.900000095,0.004743427381,53.14901597,31622704,31.623,False,False,Negara lain,Low Income,1,World Average
AGO,Angola,2013,5330.0,13.0,0.08515754643,50.77348826,26165620,26.166,False,False,Negara lain,Upper-Middle Income,3,World Average
ALB,Albania,2013,4690.0,51.79999924,6.278638576,126.7718128,2816902,2.817,False,False,Negara lain,Upper-Middle Income,3,World Average
ARE,United Arab Emirates,2013,53780.0,88.0,13.30380943,205.1054751,7693031,7.693,False,False,Negara lain,High Income,4,World Average
ARG,Argentina,2013,12760.0,59.90000153,14.67980181,158.1907736,42582455,42.582,False,False,Negara lain,Upper-Middle Income,3,World Average
ARM,Armenia,2013,3940.0,41.9,8.316732352,114.4997225,3022000,3.022,False,False,Negara lain,Lower-Middle Income,2,World Average
ATG,Antigua and Barbuda,2013,14500.0,63.40000153,17.76775981,129.8578307,88064,0.088,False,False,Negara lain,High Income,4,World Average
AUS,Australia,2013,66360.0,83.45349717,25.73993158,107.3322009,23128129,23.128,False,False,Negara lain,High Income,4,World Average
AUT,Austria,2013,50260.0,80.6188,26.32228666,156.4834887,8479823,8.48,False,False,Negara lain,High Income,4,World Average
AZE,Azerbaijan,2013,7450.0,73.00000137,18.01455514,106.5831868,9416801,9.417,False,False,Negara lain,Upper-Middle Income,3,World Average
BDI,Burundi,2013,240.0,1.264218111,0.01469441414,24.30068143,10439341,10.439,False,False,Negara lain,Low Income,1,World Average
BEL,Belgium,2013,47950.0,82.1702,34.30845259,110.3486778,11159407,11.159,False,False,Negara lain,High Income,4,World Average
BEN,Benin,2013,1140.0,4.900000095,0.396653828,89.90191649,10708834,10.709,False,False,Negara lain,Lower-Middle Income,2,World Average
BFA,Burkina Faso,2013,750.0,5.0,0.07325063806,63.52430735,17695409,17.695,False,False,Negara lain,Low Income,1,World Average
BGD,Bangladesh,2013,1010.0,6.63,0.9744484361,74.45951691,156532141,156.532,False,False,Negara lain,Low Income,1,World Average
BGR,Bulgaria,2013,7580.0,53.0615,19.56820747,144.3551469,7160005,7.16,False,False,Negara lain,Upper-Middle Income,3,World Average
BHR,Bahrain,2013,25970.0,90.0000397,23.86694909,175.8021576,1253191,1.253,False,False,Negara lain,High Income,4,World Average
BHS,Bahamas,2013,26870.0,72.0,19.12902128,75.73498561,378953,0.379,False,False,Negara lain,High Income,4,World Average
BIH,Bosnia and Herzegovina,2013,5170.0,48.52130127,14.29310865,96.60634769,3610859,3.611,False,False,Negara lain,Upper-Middle Income,3,World Average
BLR,Belarus,2013,7030.0,54.17,29.43479142,117.4335168,9443211,9.443,False,False,Negara lain,Upper-Middle Income,3,World Average
BLZ,Belize,2013,5580.0,33.59999847,2.897897414,51.11276334,341627,0.342,False,False,Negara lain,Upper-Middle Income,3,World Average
BMU,Bermuda,2013,104040.0,95.3,63.07610029,148.3310787,63574,0.064,False,False,Negara lain,High Income,4,World Average
BOL,Bolivia,2013,2550.0,36.99,1.442512914,97.59511909,10682608,10.683,False,False,Negara lain,Lower-Middle Income,2,World Average
BRA,Brazil,2013,12950.0,51.04,10.76220177,136.5891386,198478299,198.478,False,False,Negara lain,Upper-Middle Income,3,World Average
BRB,Barbados,2013,19410.0,71.80000305,24.41719338,110.8198729,277665,0.278,False,False,Negara lain,High Income,4,World Average
BRN,Brunei Darussalam,2013,44580.0,64.5,6.701572463,114.0106322,411202,0.411,False,True,ASEAN lain,High Income,4,World Average
BTN,Bhutan,2013,2630.0,22.39999962,2.823902172,75.05270429,725273,0.725,False,False,Negara lain,Lower-Middle Income,2,World Average
BWA,Botswana,2013,6950.0,30.0,1.008557086,151.6706825,2140682,2.141,False,False,Negara lain,Upper-Middle Income,3,World Average
CAF,Central African Rep.,2013,360.0,2.5,,29.30153439,4642419,4.642,False,False,Negara lain,Low Income,1,World Average
CAN,Canada,2013,52800.0,85.80000305,34.26830425,80.35489208,35080992,35.081,False,False,Negara lain,High Income,4,World Average
CHE,Switzerland,2013,92160.0,86.34,42.49175833,136.5512442,8089346,8.089,False,False,Negara lain,High Income,4,World Average
CHL,Chile,2013,15080.0,58.0,12.97658292,133.7780911,17687006,17.687,False,False,Negara lain,High Income,4,World Average
CHN,China,2013,6860.0,45.79999924,13.6989049,89.13022726,1363240000,1363.24,False,False,Negara lain,Upper-Middle Income,3,World Average
CIV,Cote d'Ivoire,2013,1240.0,6.599999905,0.2350941059,80.99868107,23939775,23.94,False,False,Negara lain,Lower-Middle Income,2,World Average
CMR,Cameroon,2013,1530.0,10.0,0.07896319549,73.19124755,21402376,21.402,False,False,Negara lain,Lower-Middle Income,2,World Average
COD,"Congo, Dem. Rep.",2013,420.0,2.200000048,0.0005937506164,37.25046228,75789395,75.789,False,False,Negara lain,Low Income,1,World Average
COG,Congo (Rep. of the),2013,3560.0,6.599999905,0.009017728484,95.93714273,4857099,4.857,False,False,Negara lain,Lower-Middle Income,2,World Average
COL,Colombia,2013,8010.0,51.7,9.831994065,108.9780884,46151584,46.152,False,False,Negara lain,Upper-Middle Income,3,World Average
COM,Comoros,2013,1590.0,6.5,0.1867300974,49.91439143,696192,0.696,False,False,Negara lain,Lower-Middle Income,2,World Average
CPV,Cabo Verde,2013,3840.0,37.5,4.139196642,97.50754063,512225,0.512,False,False,Negara lain,Lower-Middle Income,2,World Average
CRI,Costa Rica,2013,9990.0,45.96,10.28133771,150.8006642,4716147,4.716,False,False,Negara lain,Upper-Middle Income,3,World Average
CUB,Cuba,2013,6640.0,27.93,0.04744132389,17.66390955,11298167,11.298,False,False,Negara lain,Upper-Middle Income,3,World Average
CYM,Cayman Islands,2013,44990.0,71.4,34.66882619,167.1400563,58655,0.059,False,False,Negara lain,High Income,4,World Average
CYP,Cyprus,2013,27820.0,65.4548,26.6505814,127.862907,1183895,1.184,False,False,Negara lain,High Income,4,World Average
CZE,Czech Republic,2013,19600.0,74.1104,27.17271153,130.5212373,10514272,10.514,False,False,Negara lain,High Income,4,World Average
DEU,Germany,2013,48160.0,84.17,35.34230242,123.4353989,80645605,80.646,False,False,Negara lain,High Income,4,World Average
DMA,Dominica,2013,7440.0,51.0,15.30086782,134.2250592,69715,0.07,False,False,Negara lain,Upper-Middle Income,3,World Average
DNK,Denmark,2013,63400.0,94.6297,40.46778704,125.2134468,5614932,5.615,False,False,Negara lain,High Income,4,World Average
DOM,Dominican Rep.,2013,5940.0,45.9,5.166898457,90.25466672,10193833,10.194,False,False,Negara lain,Upper-Middle Income,3,World Average
DZA,Algeria,2013,5970.0,22.5,3.332103666,102.8710082,38414171,38.414,False,False,Negara lain,Upper-Middle Income,3,World Average
ECU,Ecuador,2013,5880.0,40.27912194,6.69604877,105.181656,15807128,15.807,False,False,Negara lain,Upper-Middle Income,3,World Average
EGY,Egypt,2013,2810.0,29.4,2.807262413,104.5853982,95333553,95.334,False,False,Negara lain,Lower-Middle Income,2,World Average
ESP,Spain,2013,29400.0,71.635,26.14587984,107.0385673,46604197,46.604,False,False,Negara lain,High Income,4,World Average
EST,Estonia,2013,18370.0,80.0043,27.38772261,146.2474553,1317997,1.318,False,False,Negara lain,High Income,4,World Average
ETH,Ethiopia,2013,450.0,4.599999905,0.2418427678,26.05362699,98438751,98.439,False,False,Negara lain,Low Income,1,World Average
FIN,Finland,2013,49390.0,91.5144,31.62682916,136.2590142,5438972,5.439,False,False,Negara lain,High Income,4,World Average
FJI,Fiji,2013,4460.0,35.20000076,1.192445698,101.5336901,916352,0.916,False,False,Negara lain,Lower-Middle Income,2,World Average
FRA,France,2013,43950.0,81.9198,38.73408559,98.34792447,65997932,65.998,False,False,Negara lain,High Income,4,World Average
FRO,Faroe Islands,2013,59530.0,90.0,34.59060875,119.6192962,48245,0.048,False,False,Negara lain,High Income,4,World Average
FSM,Micronesia,2013,3090.0,27.79999924,1.908047465,29.03506257,108121,0.108,False,False,Negara lain,Lower-Middle Income,2,World Average
GAB,Gabon,2013,8870.0,30.53800011,0.4652234981,143.4994425,1913059,1.913,False,False,Negara lain,Upper-Middle Income,3,World Average
GBR,United Kingdom,2013,42960.0,89.8441,35.78198786,122.184696,64138000,64.138,False,False,Negara lain,High Income,4,World Average
GEO,Georgia,2013,4680.0,43.3,13.57085945,131.0830965,3717668,3.718,False,False,Negara lain,Upper-Middle Income,3,World Average
GHA,Ghana,2013,1790.0,15.0,0.2512032249,102.3379993,27386193,27.386,False,False,Negara lain,Lower-Middle Income,2,World Average
GIN,Guinea,2013,680.0,4.5,0.007148043942,66.44527685,11191873,11.192,False,False,Negara lain,Low Income,1,World Average
GMB,Gambia,2013,680.0,14.0,0.02081927161,87.88080729,2103820,2.104,False,False,Negara lain,Low Income,1,World Average
GNB,Guinea-Bissau,2013,660.0,3.099999905,0.08561457051,55.42004501,1695973,1.696,False,False,Negara lain,Low Income,1,World Average
GNQ,Equatorial Guinea,2013,12400.0,16.39999962,0.2613246889,37.94207179,1346218,1.346,False,False,Negara lain,Upper-Middle Income,3,World Average
GRC,Greece,2013,22030.0,59.8663,26.56193641,114.1426883,10965211,10.965,False,False,Negara lain,High Income,4,World Average
GRD,Grenada,2013,7040.0,35.0,15.8608475,117.1940398,113487,0.113,False,False,Negara lain,Upper-Middle Income,3,World Average
GTM,Guatemala,2013,3300.0,19.70000076,2.292963363,141.1313537,15387337,15.387,False,False,Negara lain,Lower-Middle Income,2,World Average
GUY,Guyana,2013,5610.0,31.0,4.919862244,74.00259459,750021,0.75,False,False,Negara lain,Upper-Middle Income,3,World Average
HKG,"Hong Kong SAR, China",2013,38570.0,74.2,30.7698227,233.6501965,7178900,7.179,False,False,Negara lain,High Income,4,World Average
HND,Honduras,2013,1990.0,17.8,0.7761147756,87.3775688,8889278,8.889,False,False,Negara lain,Lower-Middle Income,2,World Average
HRV,Croatia,2013,13940.0,66.7476,22.50425349,111.2817562,4233922,4.234,False,False,Negara lain,High Income,4,World Average
HTI,Haiti,2013,1410.0,10.60000038,0.0,70.044477,10222362,10.222,False,False,Negara lain,Lower-Middle Income,2,World Average
HUN,Hungary,2013,13560.0,72.6439,26.26219166,117.2001263,9872734,9.873,False,False,Negara lain,Upper-Middle Income,3,World Average
IDN,Indonesia,2013,3670.0,14.94,1.270966834,122.4248168,255852467,255.852,True,True,Indonesia,Lower-Middle Income,2,Indonesia
IND,India,2013,1500.0,12.30000019,1.151977932,68.39667082,1295829511,1295.83,False,False,Negara lain,Lower-Middle Income,2,World Average
IRL,Ireland,2013,44170.0,78.2477,25.71443769,105.537803,4623816,4.624,False,False,Negara lain,High Income,4,World Average
IRN,Iran (Islamic Republic of),2013,7220.0,29.95,6.418175904,81.13719302,80414686,80.415,False,False,Negara lain,Upper-Middle Income,3,World Average
IRQ,Iraq,2013,6620.0,9.199999809,,91.97327282,35281989,35.282,False,False,Negara lain,Upper-Middle Income,3,World Average
ISL,Iceland,2013,49540.0,96.5468,36.26811986,109.9970669,323764,0.324,False,False,Negara lain,High Income,4,World Average
ISR,Israel,2013,35470.0,70.25031195,25.8472324,122.5904682,8059500,8.06,False,False,Negara lain,High Income,4,World Average
ITA,Italy,2013,35700.0,58.4593,23.1031861,159.6981531,60311613,60.312,False,False,Negara lain,High Income,4,World Average
JAM,Jamaica,2013,5150.0,37.1,5.058614708,102.245547,2783687,2.784,False,False,Negara lain,Upper-Middle Income,3,World Average
JOR,Jordan,2013,4510.0,41.4,4.108982084,129.0568381,7991809,7.992,False,False,Negara lain,Upper-Middle Income,3,World Average
JPN,Japan,2013,49350.0,88.21942891,28.90510211,115.7871692,127445000,127.445,False,False,Negara lain,High Income,4,World Average
KAZ,Kazakhstan,2013,11490.0,63.30422443,11.15725103,172.955296,17556502,17.557,False,False,Negara lain,Upper-Middle Income,3,World Average
KEN,Kenya,2013,1130.0,13.0,0.1648128225,70.75410869,44986791,44.987,False,False,Negara lain,Low Income,1,World Average
KGZ,Kyrgyz Republic,2013,1180.0,23.0,2.349373992,116.2178908,5777150,5.777,False,False,Negara lain,Lower-Middle Income,2,World Average
KHM,Cambodia,2013,1230.0,6.0,0.2152112878,133.5809898,15170208,15.17,False,True,ASEAN lain,Lower-Middle Income,2,World Average
KIR,Kiribati,2013,3040.0,11.5,0.6149089056,17.56882588,113838,0.114,False,False,Negara lain,Lower-Middle Income,2,World Average
KNA,Saint Kitts and Nevis,2013,18460.0,64.59999847,28.25638956,163.5896237,47069,0.047,False,False,Negara lain,High Income,4,World Average
KOR,Korea (Rep. of),2013,28210.0,84.77,37.42176635,109.2062489,50428893,50.429,False,False,Negara lain,High Income,4,World Average
KWT,Kuwait,2013,53530.0,75.45999908,1.339891771,182.7384309,3507844,3.508,False,False,Negara lain,High Income,4,World Average
LAO,Lao P.D.R.,2013,1590.0,12.5,0.1365069498,69.7677113,6611385,6.611,False,True,ASEAN lain,Lower-Middle Income,2,World Average
LBN,Lebanon,2013,7880.0,70.5,8.357366566,67.63820473,5743436,5.743,False,False,Negara lain,Upper-Middle Income,3,World Average
LBR,Liberia,2013,610.0,3.200000048,0.1136404564,57.06126675,4470239,4.47,False,False,Negara lain,Low Income,1,World Average
LBY,Libya,2013,11960.0,16.5,1.026230255,162.3458196,6304628,6.305,False,False,Negara lain,Upper-Middle Income,3,World Average
LCA,Saint Lucia,2013,8710.0,49.3871994,14.24937561,122.318869,173369,0.173,False,False,Negara lain,Upper-Middle Income,3,World Average
LKA,Sri Lanka,2013,3630.0,10.04440022,1.986799181,95.11360338,20585000,20.585,False,False,Negara lain,Lower-Middle Income,2,World Average
LSO,Lesotho,2013,1440.0,15.0,0.1106246329,87.05526466,2056504,2.057,False,False,Negara lain,Lower-Middle Income,2,World Average
LTU,Lithuania,2013,15310.0,68.4529,28.2656607,154.3414595,2961250,2.961,False,False,Negara lain,High Income,4,World Average
LUX,Luxembourg,2013,85160.0,93.7765,32.48342701,145.0934382,543360,0.543,False,False,Negara lain,High Income,4,World Average
LVA,Latvia,2013,14340.0,75.2344,24.63971863,127.0733876,2012647,2.013,False,False,Negara lain,High Income,4,World Average
MAC,"Macao SAR, China",2013,67830.0,65.8,25.35244671,287.6434464,591900,0.592,False,False,Negara lain,High Income,4,World Average
MAR,Morocco,2013,3350.0,56.0,2.497782395,125.5603547,33787571,33.788,False,False,Negara lain,Lower-Middle Income,2,World Average
MDA,Moldova,2013,3620.0,37.43999863,13.76952409,108.4516909,2859558,2.86,False,False,Negara lain,Lower-Middle Income,2,World Average
MDG,Madagascar,2013,490.0,3.0,0.157565818,35.09485348,24109290,24.109,False,False,Negara lain,Low Income,1,World Average
MDV,Maldives,2013,7050.0,44.09999847,5.0868598,156.262904,400070,0.4,False,False,Negara lain,Upper-Middle Income,3,World Average
MEX,Mexico,2013,10710.0,43.46,10.7719183,90.20124228,118343573,118.344,False,False,Negara lain,Upper-Middle Income,3,World Average
MHL,Marshall Islands,2013,4350.0,14.0,2.533493814,,50681,0.051,False,False,Negara lain,Lower-Middle Income,2,World Average
MKD,North Macedonia,2013,5400.0,65.24,16.81266391,111.1246324,1922716,1.923,False,False,Negara lain,Upper-Middle Income,3,World Average
MLI,Mali,2013,880.0,3.5,0.01666130668,113.1145847,17459615,17.46,False,False,Negara lain,Low Income,1,World Average
MLT,Malta,2013,23330.0,68.9138,33.37830142,129.9216715,424810,0.425,False,False,Negara lain,High Income,4,World Average
MMR,Myanmar,2013,1260.0,1.799999952,,13.59335195,50262658,50.263,False,True,ASEAN lain,Lower-Middle Income,2,World Average
MNE,Montenegro,2013,7260.0,60.31,15.11697689,156.9644442,622587,0.623,False,False,Negara lain,Upper-Middle Income,3,World Average
MNG,Mongolia,2013,4310.0,17.69998424,4.899538235,100.9012648,2899011,2.899,False,False,Negara lain,Lower-Middle Income,2,World Average
MOZ,Mozambique,2013,690.0,5.5,0.115170238,49.5029641,25051611,25.052,False,False,Negara lain,Low Income,1,World Average
MRT,Mauritania,2013,1890.0,6.199999809,0.2016968025,106.7984837,3734318,3.734,False,False,Negara lain,Lower-Middle Income,2,World Average
MUS,Mauritius,2013,10360.0,40.11682513,12.57955172,118.7931067,1258927,1.259,False,False,Negara lain,Upper-Middle Income,3,World Average
MWI,Malawi,2013,590.0,5.050000191,0.05430701599,32.73174252,16161816,16.162,False,False,Negara lain,Low Income,1,World Average
MYS,Malaysia,2013,10590.0,57.05751226,9.739425302,142.5221128,30174265,30.174,False,True,ASEAN lain,Upper-Middle Income,3,World Average
NAM,Namibia,2013,5900.0,13.89999962,1.58667583,121.1055854,2252508,2.253,False,False,Negara lain,Upper-Middle Income,3,World Average
NER,Niger,2013,570.0,1.149999976,0.03455742575,37.83120188,18519898,18.52,False,False,Negara lain,Low Income,1,World Average
NGA,Nigeria,2013,2600.0,19.10000038,0.00830988472,70.28250951,181049443,181.049,False,False,Negara lain,Lower-Middle Income,2,World Average
NIC,Nicaragua,2013,1760.0,15.5,2.200708742,113.7885423,5983845,5.984,False,False,Negara lain,Lower-Middle Income,2,World Average
NLD,Netherlands,2013,52460.0,93.9564,40.03049909,114.7340586,16804432,16.804,False,False,Negara lain,High Income,4,World Average
NOR,Norway,2013,104810.0,95.0534,37.61168034,112.0455327,5079623,5.08,False,False,Negara lain,High Income,4,World Average
NPL,Nepal,2013,840.0,13.30000019,1.128876568,77.42766255,27589996,27.59,False,False,Negara lain,Low Income,1,World Average
NZL,New Zealand,2013,39940.0,82.77999878,29.54746353,107.0085191,4442100,4.442,False,False,Negara lain,High Income,4,World Average
OMN,Oman,2013,22920.0,66.45,4.098219138,149.2089101,3833913,3.834,False,False,Negara lain,High Income,4,World Average
PAK,Pakistan,2013,1210.0,9.0,0.771343306,60.51778017,211073978,211.074,False,False,Negara lain,Lower-Middle Income,2,World Average
PAN,Panama,2013,10950.0,44.03,8.032407147,162.1987547,3825329,3.825,False,False,Negara lain,Upper-Middle Income,3,World Average
PER,Peru,2013,6410.0,39.2,5.408868406,99.91742549,29817919,29.818,False,False,Negara lain,Upper-Middle Income,3,World Average
PHL,Philippines,2013,3060.0,32.70000076,2.520466644,100.7320335,102076336,102.076,False,True,ASEAN lain,Lower-Middle Income,2,World Average
PNG,Papua New Guinea,2013,2340.0,5.099999905,0.1361003375,36.13283297,8302698,8.303,False,False,Negara lain,Lower-Middle Income,2,World Average
POL,Poland,2013,13290.0,62.8492,18.37739317,148.9124464,38040196,38.04,False,False,Negara lain,Upper-Middle Income,3,World Average
PRI,Puerto Rico,2013,18960.0,68.99999,16.67891678,85.53766543,3631427,3.631,False,False,Negara lain,High Income,4,World Average
PRT,Portugal,2013,21380.0,62.0956,24.5102597,114.6553005,10457295,10.457,False,False,Negara lain,High Income,4,World Average
PRY,Paraguay,2013,5970.0,36.9,2.61725766,117.8999055,5982445,5.982,False,False,Negara lain,Upper-Middle Income,3,World Average
PSE,State of Palestine,2013,3470.0,46.59999847,4.937476551,73.92908563,4076708,4.077,False,False,Negara lain,Lower-Middle Income,2,World Average
PYF,French Polynesia,2013,24290.0,56.8,16.34343787,88.59490114,274728,0.275,False,False,Negara lain,High Income,4,World Average
QAT,Qatar,2013,96070.0,85.3,10.60133098,162.8596983,1916426,1.916,False,False,Negara lain,High Income,4,World Average
ROU,Romania,2013,9390.0,49.7645,18.89191509,114.1907502,19983693,19.984,False,False,Negara lain,Upper-Middle Income,3,World Average
RUS,Russian Federation,2013,15160.0,67.97,16.42093573,150.964167,143805638,143.806,False,False,Negara lain,High Income,4,World Average
RWA,Rwanda,2013,700.0,9.0,0.02506909551,60.298864,11093340,11.093,False,False,Negara lain,Low Income,1,World Average
SAU,Saudi Arabia,2013,28620.0,60.5,,189.4756184,27624004,27.624,False,False,Negara lain,High Income,4,World Average
SEN,Senegal,2013,1350.0,13.10000038,0.7784565347,95.79109215,13710849,13.711,False,False,Negara lain,Lower-Middle Income,2,World Average
SGP,Singapore,2013,54470.0,80.90209961,27.72956268,156.6792707,5399162,5.399,False,True,ASEAN lain,High Income,4,World Average
SLB,Solomon Islands,2013,2090.0,8.0,0.3166679273,54.30838145,594945,0.595,False,False,Negara lain,Lower-Middle Income,2,World Average
SLE,Sierra Leone,2013,970.0,4.0,,59.57655073,6714051,6.714,False,False,Negara lain,Low Income,1,World Average
SLV,El Salvador,2013,3420.0,23.1093,4.633253943,146.4755632,6138839,6.139,False,False,Negara lain,Lower-Middle Income,2,World Average
SOM,Somalia,2013,340.0,1.5,0.4662151735,40.27322074,12869594,12.87,False,False,Negara lain,Low Income,1,World Average
SRB,Serbia,2013,6630.0,53.45036417,16.41635824,128.668141,7166553,7.167,False,False,Negara lain,Upper-Middle Income,3,World Average
SSD,South Sudan,2013,1080.0,2.200000048,0.0008955537993,25.55219176,11166275,11.166,False,False,Negara lain,Low Income,1,World Average
STP,Sao Tome and Principe,2013,1330.0,23.0,0.5063474641,64.88754737,193148,0.193,False,False,Negara lain,Lower-Middle Income,2,World Average
SUR,Suriname,2013,8610.0,37.40000153,6.519103019,152.6484131,569020,0.569,False,False,Negara lain,Upper-Middle Income,3,World Average
SVK,Slovak Republic,2013,18280.0,77.8826,20.49858588,114.7491268,5413393,5.413,False,False,Negara lain,High Income,4,World Average
SVN,Slovenia,2013,23040.0,72.6756,25.51111362,111.0449072,2059953,2.06,False,False,Negara lain,High Income,4,World Average
SWE,Sweden,2013,61530.0,94.7836,32.78553885,125.1415846,9600379,9.6,False,False,Negara lain,High Income,4,World Average
SWZ,Eswatini,2013,4120.0,24.70000076,0.3716847052,79.02724803,1129990,1.13,False,False,Negara lain,Lower-Middle Income,2,World Average
SYC,Seychelles,2013,12350.0,50.40000153,12.15656313,133.9856797,89949,0.09,False,False,Negara lain,Upper-Middle Income,3,World Average
SYR,Syrian Arab Republic,2013,1270.0,26.20000076,1.597578465,56.72772919,21666917,21.667,False,False,Negara lain,Lower-Middle Income,2,World Average
TCD,Chad,2013,1310.0,2.5,0.1072888411,33.31543847,13691079,13.691,False,False,Negara lain,Lower-Middle Income,2,World Average
TGO,Togo,2013,890.0,4.5,0.09491531193,58.51385544,6798848,6.799,False,False,Negara lain,Low Income,1,World Average
THA,Thailand,2013,5580.0,28.94,7.433590845,134.3673088,69845114,69.845,False,True,ASEAN lain,Upper-Middle Income,3,World Average
TJK,Tajikistan,2013,1300.0,16.0,0.07058774275,91.72877171,8216724,8.217,False,False,Negara lain,Lower-Middle Income,2,World Average
TKM,Turkmenistan,2013,5880.0,9.600000381,0.03030639258,103.1309703,5939341,5.939,False,False,Negara lain,Upper-Middle Income,3,World Average
TLS,Timor-Leste,2013,3190.0,11.0,0.06041279198,56.09759255,1158695,1.159,False,True,ASEAN lain,Lower-Middle Income,2,World Average
TON,Tonga,2013,4330.0,32.75400162,1.587627711,53.69917257,107078,0.107,False,False,Negara lain,Lower-Middle Income,2,World Average
TTO,Trinidad and Tobago,2013,20110.0,59.90000153,15.04247681,137.6044223,1340557,1.341,False,False,Negara lain,High Income,4,World Average
TUN,Tunisia,2013,4300.0,43.79999924,4.667149732,114.1006471,11141361,11.141,False,False,Negara lain,Lower-Middle Income,2,World Average
TUR,Turkiye,2013,12640.0,46.25,11.64010234,91.17584353,76147624,76.148,False,False,Negara lain,Upper-Middle Income,3,World Average
TUV,Tuvalu,2013,5580.0,21.20000076,4.090537224,30.90628125,11001,0.011,False,False,Negara lain,Upper-Middle Income,3,World Average
TZA,Tanzania,2013,880.0,4.400000095,0.1155678602,56.20750257,48824128,48.824,False,False,Negara lain,Low Income,1,World Average
UGA,Uganda,2013,810.0,5.099999905,0.1174405034,51.13231606,35337042,35.337,False,False,Negara lain,Low Income,1,World Average
UKR,Ukraine,2013,3900.0,40.954129,8.858429483,138.4411243,46126770,46.127,False,False,Negara lain,Lower-Middle Income,2,World Average
URY,Uruguay,2013,16480.0,57.69,22.03299697,157.47134,3345337,3.345,False,False,Negara lain,High Income,4,World Average
USA,United States,2013,53750.0,71.4,29.99961648,97.05953057,316726282,316.726,False,False,Negara lain,High Income,4,World Average
UZB,Uzbekistan,2013,2780.0,26.79999924,1.030478166,72.33196402,29724065,29.724,False,False,Negara lain,Lower-Middle Income,2,World Average
VCT,Saint Vincent and the Grenadines,2013,6980.0,43.5,13.50534055,115.9458085,108135,0.108,False,False,Negara lain,Upper-Middle Income,3,World Average
VEN,Venezuela,2013,10330.0,54.90000153,7.466622814,103.28923,29912198,29.912,False,False,Negara lain,Upper-Middle Income,3,World Average
VNM,Viet Nam,2013,2200.0,38.5,5.688858803,136.6140184,90573104,90.573,False,True,ASEAN lain,Lower-Middle Income,2,World Average
VUT,Vanuatu,2013,3160.0,11.30000019,0.1218160813,50.00117887,254482,0.254,False,False,Negara lain,Lower-Middle Income,2,World Average
WSM,Samoa,2013,3750.0,15.30000019,0.6244073678,50.37978897,198268,0.198,False,False,Negara lain,Lower-Middle Income,2,World Average
YEM,Yemen,2013,1230.0,20.0,0.8760632501,57.46504139,29312952,29.313,False,False,Negara lain,Lower-Middle Income,2,World Average
ZAF,South Africa,2013,7930.0,46.5,2.953997282,140.576038,54678791,54.679,False,False,Negara lain,Upper-Middle Income,3,World Average
ZMB,Zambia,2013,1710.0,4.8,0.08732386921,67.50959819,15398997,15.399,False,False,Negara lain,Lower-Middle Income,2,World Average
ZWE,Zimbabwe,2013,1220.0,15.5,0.7415257866,97.28381465,14013808,14.014,False,False,Negara lain,Lower-Middle Income,2,World Average
ABW,Aruba,2014,25260.0,83.78,18.57351533,135.1416714,106807,0.107,False,False,Negara lain,High Income,4,World Average
AFG,Afghanistan,2014,640.0,7.0,0.004574213457,56.13221038,32792523,32.793,False,False,Negara lain,Low Income,1,World Average
AGO,Angola,2014,5430.0,21.36234076,0.3230762723,51.73843936,27160769,27.161,False,False,Negara lain,Upper-Middle Income,3,World Average
ALB,Albania,2014,4750.0,54.29999924,7.161913788,115.700565,2773767,2.774,False,False,Negara lain,Upper-Middle Income,3,World Average
ARE,United Arab Emirates,2014,53360.0,90.40001071,13.25457935,204.191833,8059440,8.059,False,False,Negara lain,High Income,4,World Average
ARG,Argentina,2014,12240.0,64.69999695,15.1530477,142.325481,43024071,43.024,False,False,Negara lain,Upper-Middle Income,3,World Average
ARM,Armenia,2014,4000.0,54.62280586,9.337631595,118.3654175,3013800,3.014,False,False,Negara lain,Lower-Middle Income,2,World Average
ATG,Antigua and Barbuda,2014,14830.0,67.77999878,12.11513547,135.2346082,88765,0.089,False,False,Negara lain,High Income,4,World Average
AUS,Australia,2014,65500.0,84.0,27.7000785,106.2062373,23475686,23.476,False,False,Negara lain,High Income,4,World Average
AUT,Austria,2014,49960.0,80.99582496,27.59768956,151.5311453,8546356,8.546,False,False,Negara lain,High Income,4,World Average
AZE,Azerbaijan,2014,7740.0,75.00001564,19.70763995,109.5666992,9535079,9.535,False,False,Negara lain,Upper-Middle Income,3,World Average
BDI,Burundi,2014,240.0,1.042392126,0.0157410541,29.56778306,10799785,10.8,False,False,Negara lain,Low Income,1,World Average
BEL,Belgium,2014,48050.0,85.00123795,35.78196628,113.6002571,11209057,11.209,False,False,Negara lain,High Income,4,World Average
BEN,Benin,2014,1180.0,6.0,0.4117768226,78.51703408,11030004,11.03,False,False,Negara lain,Lower-Middle Income,2,World Average
BFA,Burkina Faso,2014,730.0,6.0,0.02966626386,68.53955254,18229461,18.229,False,False,Negara lain,Low Income,1,World Average
BGD,Bangladesh,2014,1080.0,9.052900314,1.958137809,80.31282121,157964929,157.965,False,False,Negara lain,Low Income,1,World Average
BGR,Bulgaria,2014,7780.0,55.49037663,20.50113457,131.335142,7073572,7.074,False,False,Negara lain,Upper-Middle Income,3,World Average
BHR,Bahrain,2014,25480.0,90.50313348,21.90443981,177.4001255,1314562,1.315,False,False,Negara lain,High Income,4,World Average
BHS,Bahamas,2014,27220.0,76.91999817,20.18530047,82.35512611,382298,0.382,False,False,Negara lain,High Income,4,World Average
BIH,Bosnia and Herzegovina,2014,5180.0,49.91770172,15.21545634,97.93423471,3564829,3.565,False,False,Negara lain,Upper-Middle Income,3,World Average
BLR,Belarus,2014,7620.0,59.01631871,28.33769393,120.3660769,9448515,9.449,False,False,Negara lain,Upper-Middle Income,3,World Average
BLZ,Belize,2014,5670.0,38.70000076,2.837302213,49.38052235,348923,0.349,False,False,Negara lain,Upper-Middle Income,3,World Average
BMU,Bermuda,2014,102450.0,96.8,54.66952101,93.64384769,63529,0.064,False,False,Negara lain,High Income,4,World Average
BOL,Bolivia,2014,2800.0,34.60162023,1.592633273,96.32637926,10848888,10.849,False,False,Negara lain,Lower-Middle Income,2,World Average
BRA,Brazil,2014,12280.0,54.55100188,11.97907729,140.3046794,200085127,200.085,False,False,Negara lain,Upper-Middle Income,3,World Average
BRB,Barbados,2014,19620.0,71.92459869,27.92547459,109.738888,278348,0.278,False,False,Negara lain,High Income,4,World Average
BRN,Brunei Darussalam,2014,42370.0,68.76999664,7.260707858,108.4712657,416750,0.417,False,True,ASEAN lain,High Income,4,World Average
BTN,Bhutan,2014,2670.0,30.29999924,3.407130162,85.18657444,733139,0.733,False,False,Negara lain,Lower-Middle Income,2,World Average
BWA,Botswana,2014,6990.0,36.74474744,1.532657718,157.0183201,2172044,2.172,False,False,Negara lain,Upper-Middle Income,3,World Average
CAF,Central African Rep.,2014,380.0,2.700000048,,24.99620391,4623182,4.623,False,False,Negara lain,Low Income,1,World Average
CAN,Canada,2014,52200.0,87.12000275,35.26942496,80.79021921,35434066,35.434,False,False,Negara lain,High Income,4,World Average
CHE,Switzerland,2014,90030.0,83.61725126,43.17319344,136.1377299,8188649,8.189,False,False,Negara lain,High Income,4,World Average
CHL,Chile,2014,14690.0,61.11000061,13.93691124,132.5596703,17864195,17.864,False,False,Negara lain,High Income,4,World Average
CHN,China,2014,7600.0,47.90000153,14.44451999,92.66120341,1371860000,1371.86,False,False,Negara lain,Upper-Middle Income,3,World Average
CIV,Cote d'Ivoire,2014,1860.0,10.0,0.5172053534,90.12198401,24527395,24.527,False,False,Negara lain,Lower-Middle Income,2,World Average
CMR,Cameroon,2014,1570.0,16.21487223,0.07629683426,77.23998933,22059893,22.06,False,False,Negara lain,Lower-Middle Income,2,World Average
COD,"Congo, Dem. Rep.",2014,450.0,3.0,0.0006377287307,47.32324462,78403242,78.403,False,False,Negara lain,Low Income,1,World Average
COG,Congo (Rep. of the),2014,3800.0,7.110000134,0.01004847384,99.07996174,4975880,4.976,False,False,Negara lain,Lower-Middle Income,2,World Average
COL,Colombia,2014,8280.0,52.56813654,10.79898781,118.8226399,46565429,46.565,False,False,Negara lain,Upper-Middle Income,3,World Average
COM,Comoros,2014,1590.0,6.980000019,0.2224867639,53.82970978,711503,0.712,False,False,Negara lain,Lower-Middle Income,2,World Average
CPV,Cabo Verde,2014,3750.0,40.25999832,3.723410485,119.72416,512326,0.512,False,False,Negara lain,Lower-Middle Income,2,World Average
CRI,Costa Rica,2014,10410.0,53.0,10.83121693,147.2673957,4767119,4.767,False,False,Negara lain,Upper-Middle Income,3,World Average
CUB,Cuba,2014,6850.0,29.07018437,0.06905152725,22.42426417,11285775,11.286,False,False,Negara lain,Upper-Middle Income,3,World Average
CYM,Cayman Islands,2014,43420.0,74.1,39.01097074,151.3613697,60160,0.06,False,False,Negara lain,High Income,4,World Average
CYP,Cyprus,2014,26350.0,69.32869671,28.30053439,129.0429833,1201801,1.202,False,False,Negara lain,High Income,4,World Average
CZE,Czech Republic,2014,19080.0,74.23171164,28.47536033,132.2886852,10525347,10.525,False,False,Negara lain,High Income,4,World Average
DEU,Germany,2014,48610.0,86.19370066,36.3409223,122.3086686,80982500,80.982,False,False,Negara lain,High Income,4,World Average
DMA,Dominica,2014,7670.0,57.5,15.32547994,104.9919714,70373,0.07,False,False,Negara lain,Upper-Middle Income,3,World Average
DNK,Denmark,2014,63650.0,95.99350538,41.49263775,126.8691416,5643475,5.643,False,False,Negara lain,High Income,4,World Average
DOM,Dominican Rep.,2014,6230.0,49.58000183,5.816435184,80.49550154,10315528,10.316,False,False,Negara lain,Upper-Middle Income,3,World Average
DZA,Algeria,2014,6030.0,29.5,4.080323263,110.4403514,39205031,39.205,False,False,Negara lain,Upper-Middle Income,3,World Average
ECU,Ecuador,2014,6190.0,45.59039067,8.229602715,103.5585194,16035124,16.035,False,False,Negara lain,Upper-Middle Income,3,World Average
EGY,Egypt,2014,3000.0,33.89460391,3.145617082,97.73131289,97528654,97.529,False,False,Negara lain,Lower-Middle Income,2,World Average
ESP,Spain,2014,29350.0,76.18670898,27.83586616,108.7458188,46460733,46.461,False,False,Negara lain,High Income,4,World Average
EST,Estonia,2014,19210.0,84.24152803,28.22537453,144.3606157,1314545,1.315,False,False,Negara lain,High Income,4,World Average
ETH,Ethiopia,2014,530.0,7.699999809,0.4660853057,30.15360339,101115610,101.116,False,False,Negara lain,Low Income,1,World Average
FIN,Finland,2014,49210.0,86.53039275,32.19702934,139.1988259,5461512,5.462,False,False,Negara lain,High Income,4,World Average
FJI,Fiji,2014,4740.0,37.40000153,1.354315949,95.48717558,917585,0.918,False,False,Negara lain,Upper-Middle Income,3,World Average
FRA,France,2014,43470.0,83.75109967,40.14221557,101.1322906,66312067,66.312,False,False,Negara lain,High Income,4,World Average
FRO,Faroe Islands,2014,60440.0,93.3,35.80738297,120.1938544,48427,0.048,False,False,Negara lain,High Income,4,World Average
FSM,Micronesia,2014,3090.0,29.64999962,2.852503782,,108396,0.108,False,False,Negara lain,Lower-Middle Income,2,World Average
GAB,Gabon,2014,8880.0,38.07120132,0.5458959492,148.2375901,1978399,1.978,False,False,Negara lain,Upper-Middle Income,3,World Average
GBR,United Kingdom,2014,44780.0,91.61330092,36.58284884,120.958261,64619000,64.619,False,False,Negara lain,High Income,4,World Average
GEO,Georgia,2014,4850.0,49.10245471,15.840741,142.3908676,3719414,3.719,False,False,Negara lain,Upper-Middle Income,3,World Average
GHA,Ghana,2014,1830.0,19.0,0.250235436,108.2704969,28041592,28.042,False,False,Negara lain,Lower-Middle Income,2,World Average
GIN,Guinea,2014,730.0,6.400000095,0.007844556453,75.68689551,11472924,11.473,False,False,Negara lain,Low Income,1,World Average
GMB,Gambia,2014,600.0,15.56000042,0.1267250874,105.5052649,2164528,2.165,False,False,Negara lain,Low Income,1,World Average
GNB,Guinea-Bissau,2014,660.0,3.319999933,0.08012074972,63.65418391,1741122,1.741,False,False,Negara lain,Low Income,1,World Average
GNQ,Equatorial Guinea,2014,12620.0,18.86000061,0.2772483477,36.90024774,1399828,1.4,False,False,Negara lain,Upper-Middle Income,3,World Average
GRC,Greece,2014,21670.0,63.20734048,28.97294506,111.4882303,10892413,10.892,False,False,Negara lain,High Income,4,World Average
GRD,Grenada,2014,7170.0,51.6,16.48179301,102.6451828,114132,0.114,False,False,Negara lain,Upper-Middle Income,3,World Average
GTM,Guatemala,2014,3460.0,23.39999962,2.765856435,107.8440733,15681725,15.682,False,False,Negara lain,Lower-Middle Income,2,World Average
GUY,Guyana,2014,5640.0,32.0,5.996189486,75.16351135,754229,0.754,False,False,Negara lain,Upper-Middle Income,3,World Average
HKG,"Hong Kong SAR, China",2014,40240.0,79.86627043,31.16708366,231.7023387,7229500,7.23,False,False,Negara lain,High Income,4,World Average
HND,Honduras,2014,1980.0,23.0,1.741695632,85.23654432,9063122,9.063,False,False,Negara lain,Lower-Middle Income,2,World Average
HRV,Croatia,2014,13820.0,68.56789925,23.33190899,105.7322954,4201598,4.202,False,False,Negara lain,Upper-Middle Income,3,World Average
HTI,Haiti,2014,1460.0,11.39999962,0.0,65.25748236,10373235,10.373,False,False,Negara lain,Lower-Middle Income,2,World Average
HUN,Hungary,2014,13630.0,75.65319745,26.16423339,118.8956591,9833038,9.833,False,False,Negara lain,Upper-Middle Income,3,World Average
IDN,Indonesia,2014,3570.0,17.14315984,1.31336301,125.7671856,258877399,258.877,True,True,Indonesia,Lower-Middle Income,2,Indonesia
IND,India,2014,1540.0,13.5,1.200203746,71.93668254,1312277191,1312.277,False,False,Negara lain,Lower-Middle Income,2,World Average
IRL,Ireland,2014,47580.0,83.49172234,27.02218585,105.4608834,4657740,4.658,False,False,Negara lain,High Income,4,World Average
IRN,Iran (Islamic Republic of),2014,6660.0,39.35361451,7.539958046,84.52689868,81502045,81.502,False,False,Negara lain,Upper-Middle Income,3,World Average
IRQ,Iraq,2014,6440.0,11.64532673,,90.28713196,36550059,36.55,False,False,Negara lain,Upper-Middle Income,3,World Average
ISL,Iceland,2014,50800.0,98.15802331,36.53209653,112.9873104,327386,0.327,False,False,Negara lain,High Income,4,World Average
ISR,Israel,2014,37000.0,75.01775316,26.98431934,120.2961209,8215700,8.216,False,False,Negara lain,High Income,4,World Average
ITA,Italy,2014,35370.0,55.63846022,23.70837145,148.2169912,60320707,60.321,False,False,Negara lain,High Income,4,World Average
JAM,Jamaica,2014,5060.0,40.4027351,5.42475362,107.5790989,2793749,2.794,False,False,Negara lain,Upper-Middle Income,3,World Average
JOR,Jordan,2014,4380.0,46.2,4.001303501,126.1689023,8791710,8.792,False,False,Negara lain,Lower-Middle Income,2,World Average
JPN,Japan,2014,45180.0,89.10683302,29.64148979,123.8220996,127276000,127.276,False,False,Negara lain,High Income,4,World Average
KAZ,Kazakhstan,2014,11720.0,66.0,12.05638549,160.5025964,17816285,17.816,False,False,Negara lain,Upper-Middle Income,3,World Average
KEN,Kenya,2014,1250.0,16.5,0.2210853776,73.03274556,46051440,46.051,False,False,Negara lain,Lower-Middle Income,2,World Average
KGZ,Kyrgyz Republic,2014,1230.0,28.29999924,2.89414662,128.2305009,5905848,5.906,False,False,Negara lain,Lower-Middle Income,2,World Average
KHM,Cambodia,2014,1330.0,14.0,0.4293822108,132.8329211,15396772,15.397,False,True,ASEAN lain,Lower-Middle Income,2,World Average
KIR,Kiribati,2014,3260.0,12.25,0.4335535786,26.01321471,115326,0.115,False,False,Negara lain,Lower-Middle Income,2,World Average
KNA,Saint Kitts and Nevis,2014,18850.0,65.38179779,29.76916053,138.0364841,47089,0.047,False,False,Negara lain,High Income,4,World Average
KOR,Korea (Rep. of),2014,29480.0,87.55682649,37.98831146,113.3585796,50746659,50.747,False,False,Negara lain,High Income,4,World Average
KWT,Kuwait,2014,51350.0,78.69999695,1.309412548,207.3236535,3665876,3.666,False,False,Negara lain,High Income,4,World Average
LAO,Lao P.D.R.,2014,1810.0,14.26000023,0.240468244,68.90149917,6703172,6.703,False,True,ASEAN lain,Lower-Middle Income,2,World Average
LBN,Lebanon,2014,7440.0,73.0,17.83741585,69.12371061,6346990,6.347,False,False,Negara lain,Upper-Middle Income,3,World Average
LBR,Liberia,2014,620.0,5.409999847,0.1314551892,70.66281678,4564293,4.564,False,False,Negara lain,Low Income,1,World Average
LBY,Libya,2014,9130.0,17.76000023,0.9770894311,132.2039341,6427252,6.427,False,False,Negara lain,Upper-Middle Income,3,World Average
LCA,Saint Lucia,2014,9040.0,53.17969894,16.19347874,108.1619176,174138,0.174,False,False,Negara lain,Upper-Middle Income,3,World Average
LKA,Sri Lanka,2014,3810.0,10.50000262,2.634190319,102.6710531,20778000,20.778,False,False,Negara lain,Lower-Middle Income,2,World Average
LSO,Lesotho,2014,1330.0,22.0,0.07220844877,102.8219946,2080089,2.08,False,False,Negara lain,Lower-Middle Income,2,World Average
LTU,Lithuania,2014,16020.0,72.13353786,27.33777949,145.4942915,2937253,2.937,False,False,Negara lain,High Income,4,World Average
LUX,Luxembourg,2014,86760.0,94.67020528,33.58027177,144.2441652,556319,0.556,False,False,Negara lain,High Income,4,World Average
LVA,Latvia,2014,14810.0,75.82610414,25.32408561,119.5497428,1993782,1.994,False,False,Negara lain,High Income,4,World Average
MAC,"Macao SAR, China",2014,68530.0,69.78094922,26.4618944,304.1849636,621700,0.622,False,False,Negara lain,High Income,4,World Average
MAR,Morocco,2014,3330.0,56.77463792,2.904421546,128.9718396,34204780,34.205,False,False,Negara lain,Lower-Middle Income,2,World Average
MDA,Moldova,2014,3730.0,66.9999982,15.23300413,111.829208,2857815,2.858,False,False,Negara lain,Lower-Middle Income,2,World Average
MDG,Madagascar,2014,500.0,3.700000048,0.1002852972,39.22527256,24764348,24.764,False,False,Negara lain,Low Income,1,World Average
MDV,Maldives,2014,7720.0,49.27999878,4.797191605,160.9745247,413617,0.414,False,False,Negara lain,Upper-Middle Income,3,World Average
MEX,Mexico,2014,10950.0,44.38569627,10.87999282,87.61446464,119784261,119.784,False,False,Negara lain,Upper-Middle Income,3,World Average
MHL,Marshall Islands,2014,4560.0,16.79999924,2.755241385,31.12699815,49796,0.05,False,False,Negara lain,Upper-Middle Income,3,World Average
MKD,North Macedonia,2014,5630.0,68.05848154,17.72390385,111.3425897,1917557,1.918,False,False,Negara lain,Upper-Middle Income,3,World Average
MLI,Mali,2014,910.0,7.0,,130.4395712,18020267,18.02,False,False,Negara lain,Low Income,1,World Average
MLT,Malta,2014,24590.0,73.11411578,34.88198672,125.7187245,433481,0.433,False,False,Negara lain,High Income,4,World Average
MMR,Myanmar,2014,1260.0,7.400000095,,57.27783362,50681634,50.682,False,True,ASEAN lain,Lower-Middle Income,2,World Average
MNE,Montenegro,2014,7280.0,63.88688401,16.45028707,160.4903583,623744,0.624,False,False,Negara lain,Upper-Middle Income,3,World Average
MNG,Mongolia,2014,4180.0,19.94244743,6.771176081,103.9204418,2963113,2.963,False,False,Negara lain,Lower-Middle Income,2,World Average
MOZ,Mozambique,2014,710.0,6.0,0.1434167782,71.67014723,25788475,25.788,False,False,Negara lain,Low Income,1,World Average
MRT,Mauritania,2014,1790.0,11.80000019,0.2078724412,97.5267337,3848514,3.849,False,False,Negara lain,Lower-Middle Income,2,World Average
MUS,Mauritius,2014,10720.0,44.80327537,14.08663279,127.8632823,1261208,1.261,False,False,Negara lain,Upper-Middle Income,3,World Average
MWI,Malawi,2014,530.0,5.829999924,0.05150546237,33.88684007,16621538,16.622,False,False,Negara lain,Low Income,1,World Average
MYS,Malaysia,2014,10840.0,63.66542588,9.971938814,146.3656486,30696137,30.696,False,True,ASEAN lain,Upper-Middle Income,3,World Average
NAM,Namibia,2014,5690.0,14.84000015,1.782418791,115.5200012,2312139,2.312,False,False,Negara lain,Upper-Middle Income,3,World Average
NER,Niger,2014,590.0,1.248675689,0.1558812544,42.86240115,19215909,19.216,False,False,Negara lain,Low Income,1,World Average
NGA,Nigeria,2014,2870.0,21.0,0.008467058208,74.75127815,185896915,185.897,False,False,Negara lain,Lower-Middle Income,2,World Average
NIC,Nicaragua,2014,1850.0,17.60000038,1.836464962,116.5065412,6066492,6.066,False,False,Negara lain,Lower-Middle Income,2,World Average
NLD,Netherlands,2014,52220.0,91.66666667,40.2287974,114.8672799,16865008,16.865,False,False,Negara lain,High Income,4,World Average
NOR,Norway,2014,105010.0,96.30050982,38.48504933,111.6900881,5137232,5.137,False,False,Negara lain,High Income,4,World Average
NPL,Nepal,2014,860.0,15.43999958,0.9056036762,83.19251297,27672370,27.672,False,False,Negara lain,Low Income,1,World Average
NZL,New Zealand,2014,41700.0,84.0,31.17411673,112.7574435,4516500,4.516,False,False,Negara lain,High Income,4,World Average
OMN,Oman,2014,22060.0,70.22000122,4.396612089,153.8060369,4002439,4.002,False,False,Negara lain,High Income,4,World Average
PAK,Pakistan,2014,1250.0,10.0,0.9374780339,63.36184382,214264647,214.265,False,False,Negara lain,Lower-Middle Income,2,World Average
PAN,Panama,2014,11520.0,44.92381526,7.966519882,177.4386122,3892101,3.892,False,False,Negara lain,Upper-Middle Income,3,World Average
PER,Peru,2014,6520.0,40.24465601,5.867536225,105.858106,30115826,30.116,False,False,Negara lain,Upper-Middle Income,3,World Average
PHL,Philippines,2014,3220.0,34.70000076,2.794719291,107.2844985,103767130,103.767,False,True,ASEAN lain,Lower-Middle Income,2,World Average
PNG,Papua New Guinea,2014,2790.0,6.5,0.1548670308,39.40779317,8523441,8.523,False,False,Negara lain,Lower-Middle Income,2,World Average
POL,Poland,2014,13540.0,66.59873606,18.9045672,148.7132836,38011735,38.012,False,False,Negara lain,Upper-Middle Income,3,World Average
PRI,Puerto Rico,2014,19010.0,76.13385972,17.11840604,89.9998233,3585017,3.585,False,False,Negara lain,High Income,4,World Average
PRT,Portugal,2014,21210.0,64.59242006,27.4622463,114.3128918,10401062,10.401,False,False,Negara lain,High Income,4,World Average
PRY,Paraguay,2014,6280.0,43.00737501,3.04993022,120.3542746,6069811,6.07,False,False,Negara lain,Upper-Middle Income,3,World Average
PSE,State of Palestine,2014,3560.0,53.66519979,5.324915838,72.41022292,4173398,4.173,False,False,Negara lain,Lower-Middle Income,2,World Average
PYF,French Polynesia,2014,23990.0,60.68,17.9965049,92.30643988,276387,0.276,False,False,Negara lain,High Income,4,World Average
QAT,Qatar,2014,91410.0,91.48999786,10.16384989,149.0201824,2151745,2.152,False,False,Negara lain,High Income,4,World Average
ROU,Romania,2014,9760.0,54.07832066,20.11395233,114.7826536,19908979,19.909,False,False,Negara lain,Upper-Middle Income,3,World Average
RUS,Russian Federation,2014,14590.0,70.51756826,17.21610499,152.5129412,144237223,144.237,False,False,Negara lain,High Income,4,World Average
RWA,Rwanda,2014,710.0,10.60000038,0.02566706882,68.16704484,11364757,11.365,False,False,Negara lain,Low Income,1,World Average
SAU,Saudi Arabia,2014,29080.0,64.71365737,,181.8565667,28309273,28.309,False,False,Negara lain,High Income,4,World Average
SEN,Senegal,2014,1370.0,17.70000076,0.7303650016,101.6084324,14152102,14.152,False,False,Negara lain,Lower-Middle Income,2,World Average
SGP,Singapore,2014,56380.0,79.02923586,27.0067242,148.4783525,5469724,5.47,False,True,ASEAN lain,High Income,4,World Average
SLB,Solomon Islands,2014,2090.0,9.0,0.2164017974,61.06194116,616908,0.617,False,False,Negara lain,Lower-Middle Income,2,World Average
SLE,Sierra Leone,2014,970.0,6.057300091,,69.17588239,6876385,6.876,False,False,Negara lain,Low Income,1,World Average
SLV,El Salvador,2014,3480.0,24.76171215,5.17470921,149.1710064,6162955,6.163,False,False,Negara lain,Lower-Middle Income,2,World Average
SOM,Somalia,2014,410.0,1.629999995,0.5247576538,41.23095851,13339491,13.339,False,False,Negara lain,Low Income,1,World Average
SRB,Serbia,2014,6450.0,62.07508046,16.74180777,131.3531175,7131787,7.132,False,False,Negara lain,Upper-Middle Income,3,World Average
SSD,South Sudan,2014,1170.0,2.599999905,0.0008900698732,25.59927292,11235073,11.235,False,False,Negara lain,Lower-Middle Income,2,World Average
STP,Sao Tome and Principe,2014,1440.0,24.40999985,0.5590368304,65.30566609,196767,0.197,False,False,Negara lain,Lower-Middle Income,2,World Average
SUR,Suriname,2014,8900.0,40.08000183,8.064333919,161.2519183,575373,0.575,False,False,Negara lain,Upper-Middle Income,3,World Average
SVK,Slovak Republic,2014,18380.0,79.98430177,21.99751442,117.7806852,5418649,5.419,False,False,Negara lain,High Income,4,World Average
SVN,Slovenia,2014,23400.0,71.58625159,27.00227021,113.0190862,2061980,2.062,False,False,Negara lain,High Income,4,World Average
SWE,Sweden,2014,61350.0,92.5236065,33.84139302,126.9800245,9696110,9.696,False,False,Negara lain,High Income,4,World Average
SWZ,Eswatini,2014,3890.0,25.0,0.4488255292,80.68298925,1136299,1.136,False,False,Negara lain,Lower-Middle Income,2,World Average
SYC,Seychelles,2014,13340.0,51.25469971,11.30104917,144.6060351,91359,0.091,False,False,Negara lain,Upper-Middle Income,3,World Average
SYR,Syrian Arab Republic,2014,1070.0,28.09000015,2.47214378,69.2511845,20273659,20.274,False,False,Negara lain,Low Income,1,World Average
TCD,Chad,2014,1260.0,2.900000095,0.07140200095,37.01232772,14188678,14.189,False,False,Negara lain,Lower-Middle Income,2,World Average
TGO,Togo,2014,910.0,5.699999809,0.1687532202,60.43685806,6937644,6.938,False,False,Negara lain,Low Income,1,World Average
THA,Thailand,2014,5620.0,34.88605358,7.747481438,138.2811503,70216367,70.216,False,True,ASEAN lain,Upper-Middle Income,3,World Average
TJK,Tajikistan,2014,1320.0,17.48999977,0.07239881731,94.93858681,8425552,8.426,False,False,Negara lain,Lower-Middle Income,2,World Average
TKM,Turkmenistan,2014,6480.0,12.19999981,0.0378583187,118.6134045,6075283,6.075,False,False,Negara lain,Upper-Middle Income,3,World Average
TLS,Timor-Leste,2014,2700.0,17.5,0.08697837301,116.4011767,1181903,1.182,False,True,ASEAN lain,Lower-Middle Income,2,World Average
TON,Tonga,2014,4360.0,35.95439911,1.688412798,63.78448349,106609,0.107,False,False,Negara lain,Lower-Middle Income,2,World Average
TTO,Trinidad and Tobago,2014,20620.0,62.40000153,17.45848905,139.3654772,1345343,1.345,False,False,Negara lain,High Income,4,World Average
TUN,Tunisia,2014,4310.0,46.15999985,5.033923207,126.6921069,11274288,11.274,False,False,Negara lain,Lower-Middle Income,2,World Average
TUR,Turkiye,2014,12670.0,51.03736655,11.36186312,92.1219362,77181884,77.182,False,False,Negara lain,Upper-Middle Income,3,World Average
TUV,Tuvalu,2014,4790.0,24.10000038,4.096868172,34.59577567,10984,0.011,False,False,Negara lain,Upper-Middle Income,3,World Average
TZA,Tanzania,2014,970.0,7.0,0.1680187876,63.28043535,50351512,50.352,False,False,Negara lain,Low Income,1,World Average
UGA,Uganda,2014,830.0,5.400000095,0.151661444,55.9572452,36395539,36.396,False,False,Negara lain,Low Income,1,World Average
UKR,Ukraine,2014,3500.0,46.23597546,9.30621027,144.2788474,45972380,45.972,False,False,Negara lain,Lower-Middle Income,2,World Average
URY,Uruguay,2014,17140.0,61.46249517,25.03508292,163.7826867,3356334,3.356,False,False,Negara lain,High Income,4,World Average
USA,United States,2014,55520.0,73.0,30.27092084,99.83956907,319257560,319.258,False,False,Negara lain,High Income,4,World Average
UZB,Uzbekistan,2014,3000.0,35.5,2.714654941,71.59846572,30222994,30.223,False,False,Negara lain,Lower-Middle Income,2,World Average
VCT,Saint Vincent and the Grenadines,2014,6860.0,47.4,13.68484679,106.9577347,107535,0.108,False,False,Negara lain,Upper-Middle Income,3,World Average
VEN,Venezuela,2014,8380.0,57.0,7.933088956,100.9054746,30254079,30.254,False,False,Negara lain,Upper-Middle Income,3,World Average
VNM,Viet Nam,2014,2390.0,41.0,6.54510757,148.5043092,91679578,91.68,False,True,ASEAN lain,Lower-Middle Income,2,World Average
VUT,Vanuatu,2014,3330.0,18.79999924,1.755687058,59.96426376,260240,0.26,False,False,Negara lain,Lower-Middle Income,2,World Average
WSM,Samoa,2014,3830.0,21.20000076,1.010313092,53.25214835,200037,0.2,False,False,Negara lain,Lower-Middle Income,2,World Average
YEM,Yemen,2014,1250.0,22.54999924,1.124847893,56.57323228,30226309,30.226,False,False,Negara lain,Lower-Middle Income,2,World Average
ZAF,South Africa,2014,7230.0,49.0,3.069193223,142.6044825,55594838,55.595,False,False,Negara lain,Upper-Middle Income,3,World Average
ZMB,Zambia,2014,1740.0,6.5,0.1291009332,63.63426582,15895315,15.895,False,False,Negara lain,Lower-Middle Income,2,World Average
ZWE,Zimbabwe,2014,1270.0,16.36473996,1.071515121,83.04606085,14207359,14.207,False,False,Negara lain,Lower-Middle Income,2,World Average
ABW,Aruba,2015,25430.0,88.66122693,18.23696537,135.3374798,107906,0.108,False,False,Negara lain,High Income,4,World Average
AFG,Afghanistan,2015,590.0,8.260000229,0.02088865363,58.25601645,33831764,33.832,False,False,Negara lain,Low Income,1,World Average
AGO,Angola,2015,4450.0,22.0,0.5453942102,49.3097223,28157798,28.158,False,False,Negara lain,Lower-Middle Income,2,World Average
ALB,Albania,2015,4660.0,56.90000153,8.378780059,117.3296576,2731293,2.731,False,False,Negara lain,Upper-Middle Income,3,World Average
ARE,United Arab Emirates,2015,49990.0,90.5,14.23053863,206.8394133,8505237,8.505,False,False,Negara lain,High Income,4,World Average
ARG,Argentina,2015,12500.0,68.04306411,15.76887805,142.240711,43477012,43.477,False,False,Negara lain,Upper-Middle Income,3,World Average
ARM,Armenia,2015,3910.0,59.10083377,9.801494398,118.5991126,3004600,3.005,False,False,Negara lain,Lower-Middle Income,2,World Average
ATG,Antigua and Barbuda,2015,14550.0,70.0,11.18455636,196.848192,89409,0.089,False,False,Negara lain,High Income,4,World Average
AUS,Australia,2015,60780.0,84.56051491,28.51177313,107.608142,23815995,23.816,False,False,Negara lain,High Income,4,World Average
AUT,Austria,2015,47190.0,83.94014193,28.40685934,155.8371382,8642699,8.643,False,False,Negara lain,High Income,4,World Average
AZE,Azerbaijan,2015,6610.0,77.0,19.47590704,109.6821134,9649341,9.649,False,False,Negara lain,Upper-Middle Income,3,World Average
BDI,Burundi,2015,240.0,2.0,0.02508241624,45.23792541,11047580,11.048,False,False,Negara lain,Low Income,1,World Average
BEL,Belgium,2015,45520.0,85.05294175,36.54923778,113.2923323,11274196,11.274,False,False,Negara lain,High Income,4,World Average
BEN,Benin,2015,1100.0,11.25500011,0.6448821158,82.01933493,11360681,11.361,False,False,Negara lain,Low Income,1,World Average
BFA,Burkina Faso,2015,680.0,6.545700073,0.04981497258,76.93732926,18777487,18.777,False,False,Negara lain,Low Income,1,World Average
BGD,Bangladesh,2015,1200.0,12.36880016,3.069922454,82.4275967,159383179,159.383,False,False,Negara lain,Lower-Middle Income,2,World Average
BGR,Bulgaria,2015,7530.0,56.65625161,22.49442251,128.1032563,6984225,6.984,False,False,Negara lain,Upper-Middle Income,3,World Average
BHR,Bahrain,2015,23640.0,93.4783008,18.47486584,183.9196145,1370322,1.37,False,False,Negara lain,High Income,4,World Average
BHS,Bahamas,2015,27620.0,78.0,21.0247414,80.7521033,385346,0.385,False,False,Negara lain,High Income,4,World Average
BIH,Bosnia and Herzegovina,2015,5140.0,52.59999847,18.04688364,97.86783783,3518541,3.519,False,False,Negara lain,Upper-Middle Income,3,World Average
BLR,Belarus,2015,6740.0,62.23036091,30.60406166,120.6696262,9461076,9.461,False,False,Negara lain,Upper-Middle Income,3,World Average
BLZ,Belize,2015,5790.0,41.59000015,4.877179492,59.4797563,356333,0.356,False,False,Negara lain,Upper-Middle Income,3,World Average
BMU,Bermuda,2015,103940.0,98.32360965,47.27089374,59.8764654,63464,0.063,False,False,Negara lain,High Income,4,World Average
BOL,Bolivia,2015,2920.0,37.48681763,1.642812949,92.26601166,11014705,11.015,False,False,Negara lain,Lower-Middle Income,2,World Average
BRA,Brazil,2015,10330.0,58.32795173,12.63538405,127.836169,201675532,201.676,False,False,Negara lain,Upper-Middle Income,3,World Average
BRB,Barbados,2015,19280.0,72.04940033,28.05441055,120.0014337,278990,0.279,False,False,Negara lain,High Income,4,World Average
BRN,Brunei Darussalam,2015,38180.0,71.19999695,8.153486874,109.7514992,422212,0.422,False,True,ASEAN lain,High Income,4,World Average
BTN,Bhutan,2015,2740.0,39.79999924,3.763613631,91.24096363,740618,0.741,False,False,Negara lain,Lower-Middle Income,2,World Average
BWA,Botswana,2015,6140.0,38.89379883,1.672284824,157.7347428,2203273,2.203,False,False,Negara lain,Upper-Middle Income,3,World Average
CAF,Central African Rep.,2015,390.0,2.900000095,0.04013548426,26.83966544,4629320,4.629,False,False,Negara lain,Low Income,1,World Average
CAN,Canada,2015,47580.0,90.0,36.46985891,82.76738314,35704498,35.704,False,False,Negara lain,High Income,4,World Average
CHE,Switzerland,2015,88150.0,87.4790556,44.67156547,135.7230755,8282396,8.282,False,False,Negara lain,High Income,4,World Average
CHL,Chile,2015,14080.0,76.62959195,15.06812669,128.5839716,18047625,18.048,False,False,Negara lain,High Income,4,World Average
CHN,China,2015,8040.0,50.29999924,19.84379476,92.54011714,1379860000,1379.86,False,False,Negara lain,Upper-Middle Income,3,World Average
CIV,Cote d'Ivoire,2015,1880.0,38.44000017,0.4345461216,100.6387777,25246342,25.246,False,False,Negara lain,Lower-Middle Income,2,World Average
CMR,Cameroon,2015,1530.0,18.29999924,0.0898239605,79.78006726,22763414,22.763,False,False,Negara lain,Lower-Middle Income,2,World Average
COD,"Congo, Dem. Rep.",2015,460.0,3.799999952,0.00123402659,46.58793684,81035531,81.036,False,False,Negara lain,Low Income,1,World Average
COG,Congo (Rep. of the),2015,3080.0,7.616000175,,102.323043,5097581,5.098,False,False,Negara lain,Lower-Middle Income,2,World Average
COL,Colombia,2015,7420.0,55.90497251,11.76446681,122.0514014,46969940,46.97,False,False,Negara lain,Upper-Middle Income,3,World Average
COM,Comoros,2015,1480.0,7.459199905,0.2201788403,58.45555552,726682,0.727,False,False,Negara lain,Lower-Middle Income,2,World Average
CPV,Cabo Verde,2015,3620.0,42.68301416,3.23344926,119.3355113,512394,0.512,False,False,Negara lain,Lower-Middle Income,2,World Average
CRI,Costa Rica,2015,10770.0,59.76295014,11.59509327,156.403893,4818038,4.818,False,False,Negara lain,Upper-Middle Income,3,World Average
CUB,Cuba,2015,7270.0,37.30509742,0.07234548094,29.58161217,11275065,11.275,False,False,Negara lain,Upper-Middle Income,3,World Average
CYM,Cayman Islands,2015,44430.0,77.0,44.42263392,151.2669933,61642,0.062,False,False,Negara lain,High Income,4,World Average
CYP,Cyprus,2015,25650.0,71.71574092,30.17365131,128.631975,1219502,1.22,False,False,Negara lain,High Income,4,World Average
CZE,Czech Republic,2015,18340.0,75.6688387,27.99800008,118.3398206,10546059,10.546,False,False,Negara lain,High Income,4,World Average
DEU,Germany,2015,46590.0,87.58979935,37.41270177,117.4011651,81686611,81.687,False,False,Negara lain,High Income,4,World Average
DJI,Djibouti,2015,2280.0,22.89999962,2.368390876,30.80917326,1020313,1.02,False,False,Negara lain,Lower-Middle Income,2,World Average
DMA,Dominica,2015,7510.0,65.0,21.52961227,109.7202102,70410,0.07,False,False,Negara lain,Upper-Middle Income,3,World Average
DNK,Denmark,2015,60350.0,96.33050162,42.31330958,124.5535084,5683483,5.683,False,False,Negara lain,High Income,4,World Average
DOM,Dominican Rep.,2015,6470.0,54.21576634,6.575162851,84.3065756,10434829,10.435,False,False,Negara lain,Upper-Middle Income,3,World Average
DZA,Algeria,2015,5390.0,38.20000076,5.670601471,108.0163712,40019529,40.02,False,False,Negara lain,Upper-Middle Income,3,World Average
ECU,Ecuador,2015,5970.0,48.94043379,9.145281096,79.57464624,16266225,16.266,False,False,Negara lain,Upper-Middle Income,3,World Average
EGY,Egypt,2015,3100.0,37.81938343,3.841879636,94.39624604,99597342,99.597,False,False,Negara lain,Lower-Middle Income,2,World Average
ESP,Spain,2015,28700.0,78.68963187,29.00993293,109.3910408,46422303,46.422,False,False,Negara lain,High Income,4,World Average
EST,Estonia,2015,18900.0,88.4097035,29.68827972,144.8029631,1315407,1.315,False,False,Negara lain,High Income,4,World Average
ETH,Ethiopia,2015,570.0,13.85517556,0.4602033165,40.73630124,103867135,103.867,False,False,Negara lain,Low Income,1,World Average
FIN,Finland,2015,46860.0,86.42213333,31.56909381,134.9741237,5479531,5.48,False,False,Negara lain,High Income,4,World Average
FJI,Fiji,2015,4820.0,42.5,1.386273131,105.1571015,918578,0.919,False,False,Negara lain,Upper-Middle Income,3,World Average
FRA,France,2015,41130.0,78.00603771,41.3871171,102.7183666,66548272,66.548,False,False,Negara lain,High Income,4,World Average
FRO,Faroe Islands,2015,57670.0,94.2,36.38892298,108.8333947,48898,0.049,False,False,Negara lain,High Income,4,World Average
FSM,Micronesia,2015,3460.0,31.50110054,3.014275728,20.70072482,108716,0.109,False,False,Negara lain,Lower-Middle Income,2,World Average
GAB,Gabon,2015,7610.0,45.78450012,0.5429720591,138.2444981,2040989,2.041,False,False,Negara lain,Upper-Middle Income,3,World Average
GBR,United Kingdom,2015,44630.0,92.00029987,37.72149446,121.2117397,65087000,65.087,False,False,Negara lain,High Income,4,World Average
GEO,Georgia,2015,4500.0,47.56975964,16.7646515,146.3964956,3725276,3.725,False,False,Negara lain,Upper-Middle Income,3,World Average
GHA,Ghana,2015,1880.0,23.0,0.2548502464,121.9971565,28696068,28.696,False,False,Negara lain,Lower-Middle Income,2,World Average
GIN,Guinea,2015,740.0,9.199999809,0.008498292268,91.47561797,11767070,11.767,False,False,Negara lain,Low Income,1,World Average
GMB,Gambia,2015,590.0,17.59950066,0.1606182702,122.0785164,2224529,2.225,False,False,Negara lain,Low Income,1,World Average
GNB,Guinea-Bissau,2015,670.0,6.099999905,0.05883153079,69.32677361,1786457,1.786,False,False,Negara lain,Low Income,1,World Average
GNQ,Equatorial Guinea,2015,9920.0,21.31999969,0.2612930671,36.68254784,1453923,1.454,False,False,Negara lain,Upper-Middle Income,3,World Average
GRC,Greece,2015,19920.0,66.83495949,31.78139569,116.1330898,10820883,10.821,False,False,Negara lain,High Income,4,World Average
GRD,Grenada,2015,7410.0,52.5,17.22853954,104.4394642,114676,0.115,False,False,Negara lain,Upper-Middle Income,3,World Average
GTM,Guatemala,2015,3610.0,28.80590057,2.879128471,113.4590633,15971743,15.972,False,False,Negara lain,Lower-Middle Income,2,World Average
GUY,Guyana,2015,5530.0,34.0,7.075427561,71.50917063,758781,0.759,False,False,Negara lain,Upper-Middle Income,3,World Average
HKG,"Hong Kong SAR, China",2015,41180.0,84.94835296,31.872151,227.0365384,7291300,7.291,False,False,Negara lain,High Income,4,World Average
HND,Honduras,2015,2030.0,27.13954548,2.136759585,87.12917891,9237305,9.237,False,False,Negara lain,Lower-Middle Income,2,World Average
HRV,Croatia,2015,13570.0,69.84503592,23.57263102,105.543643,4151725,4.152,False,False,Negara lain,Upper-Middle Income,3,World Average
HTI,Haiti,2015,1430.0,14.19999981,0.01280974057,69.37025681,10523242,10.523,False,False,Negara lain,Lower-Middle Income,2,World Average
HUN,Hungary,2015,13310.0,72.83473703,27.63223596,100.623739,9797755,9.798,False,False,Negara lain,Upper-Middle Income,3,World Average
IDN,Indonesia,2015,3390.0,22.0627426,1.521394739,129.4687977,261799249,261.799,True,True,Indonesia,Lower-Middle Income,2,Indonesia
IND,India,2015,1580.0,14.89999962,1.275785953,75.37933235,1328024498,1328.024,False,False,Negara lain,Lower-Middle Income,2,World Average
IRL,Ireland,2015,52340.0,83.49479167,27.84626518,104.2429038,4701957,4.702,False,False,Negara lain,High Income,4,World Average
IRN,Iran (Islamic Republic of),2015,5460.0,45.33497615,7.99892645,89.83222964,82619362,82.619,False,False,Negara lain,Upper-Middle Income,3,World Average
IRQ,Iraq,2015,5460.0,15.21440029,,89.34643769,37560535,37.561,False,False,Negara lain,Upper-Middle Income,3,World Average
ISL,Iceland,2015,53170.0,98.19999695,37.59941019,116.0044357,330815,0.331,False,False,Negara lain,High Income,4,World Average
ISR,Israel,2015,36900.0,77.35208966,26.98404104,131.2569323,8380100,8.38,False,False,Negara lain,High Income,4,World Average
ITA,Italy,2015,33460.0,58.14173496,24.59776025,144.7639794,60229605,60.23,False,False,Negara lain,High Income,4,World Average
JAM,Jamaica,2015,4940.0,42.22122119,8.167251495,111.9420139,2802534,2.803,False,False,Negara lain,Upper-Middle Income,3,World Average
JOR,Jordan,2015,4220.0,54.22000122,3.244995222,144.561129,9544729,9.545,False,False,Negara lain,Lower-Middle Income,2,World Average
JPN,Japan,2015,40140.0,91.05802839,30.54198599,126.1509597,127141000,127.141,False,False,Negara lain,High Income,4,World Average
KAZ,Kazakhstan,2015,11040.0,70.8299336,12.72383597,145.4824936,18084169,18.084,False,False,Negara lain,Upper-Middle Income,3,World Average
KEN,Kenya,2015,1320.0,16.58785485,0.2869212767,80.09582632,47088526,47.089,False,False,Negara lain,Lower-Middle Income,2,World Average
KGZ,Kyrgyz Republic,2015,1160.0,30.24699974,3.524244562,126.2843721,6040036,6.04,False,False,Negara lain,Lower-Middle Income,2,World Average
KHM,Cambodia,2015,1430.0,6.43319107,0.5344854282,133.458414,15623251,15.623,False,True,ASEAN lain,Lower-Middle Income,2,World Average
KIR,Kiribati,2015,3490.0,14.89999962,0.1001583701,35.09823225,116815,0.117,False,False,Negara lain,Lower-Middle Income,2,World Average
KNA,Saint Kitts and Nevis,2015,18670.0,66.17310333,34.77817657,155.051288,47087,0.047,False,False,Negara lain,High Income,4,World Average
KOR,Korea (Rep. of),2015,30130.0,89.8962558,39.27595631,115.5954471,51014947,51.015,False,False,Negara lain,High Income,4,World Average
KWT,Kuwait,2015,41830.0,82.0,1.434363276,199.8913796,3834574,3.835,False,False,Negara lain,High Income,4,World Average
LAO,Lao P.D.R.,2015,1960.0,18.20000076,0.2139188388,54.79794961,6801645,6.802,False,True,ASEAN lain,Lower-Middle Income,2,World Average
LBN,Lebanon,2015,7360.0,74.0,,71.96096266,6472469,6.472,False,False,Negara lain,Upper-Middle Income,3,World Average
LBR,Liberia,2015,620.0,10.0,0.1502329362,78.37866898,4659431,4.659,False,False,Negara lain,Low Income,1,World Average
LBY,Libya,2015,8370.0,25.0,0.9338899317,149.2245881,6531819,6.532,False,False,Negara lain,Upper-Middle Income,3,World Average
LCA,Saint Lucia,2015,9020.0,57.26330185,16.25225122,107.3388411,174905,0.175,False,False,Negara lain,Upper-Middle Income,3,World Average
LKA,Sri Lanka,2015,3920.0,15.26249981,2.880431824,109.9846935,20970000,20.97,False,False,Negara lain,Lower-Middle Income,2,World Average
LSO,Lesotho,2015,1280.0,25.0,0.09797535031,101.688198,2104611,2.105,False,False,Negara lain,Lower-Middle Income,2,World Average
LTU,Lithuania,2015,15220.0,71.37805901,28.67741496,143.9914941,2911109,2.911,False,False,Negara lain,High Income,4,World Average
LUX,Luxembourg,2015,73530.0,96.37671417,34.29107203,141.6591752,569604,0.57,False,False,Negara lain,High Income,4,World Average
LVA,Latvia,2015,14580.0,79.20058292,25.45686843,130.9491488,1977527,1.978,False,False,Negara lain,High Income,4,World Average
MAC,"Macao SAR, China",2015,57990.0,77.60013186,27.31352231,304.7510443,642900,0.643,False,False,Negara lain,High Income,4,World Average
MAR,Morocco,2015,3300.0,57.07999935,3.315842179,124.4804925,34607588,34.608,False,False,Negara lain,Lower-Middle Income,2,World Average
MDA,Moldova,2015,3290.0,69.00000447,16.25696193,112.9586781,2835978,2.836,False,False,Negara lain,Lower-Middle Income,2,World Average
MDG,Madagascar,2015,470.0,4.173999786,0.09318550239,42.05722394,25426702,25.427,False,False,Negara lain,Low Income,1,World Average
MDV,Maldives,2015,8210.0,54.4620018,5.41277204,172.7859602,428154,0.428,False,False,Negara lain,Upper-Middle Income,3,World Average
MEX,Mexico,2015,10580.0,57.43104299,12.18915084,88.94542902,121072306,121.072,False,False,Negara lain,Upper-Middle Income,3,World Average
MHL,Marshall Islands,2015,4980.0,19.28240013,2.049180328,31.76229508,48800,0.049,False,False,Negara lain,Upper-Middle Income,3,World Average
MKD,North Macedonia,2015,5550.0,70.38020308,18.40169948,105.2120164,1912430,1.912,False,False,Negara lain,Upper-Middle Income,3,World Average
MLI,Mali,2015,890.0,10.32999992,0.01881888808,122.0829782,18593022,18.593,False,False,Negara lain,Low Income,1,World Average
MLT,Malta,2015,25470.0,75.96001898,36.67684688,117.7940182,444220,0.444,False,False,Negara lain,High Income,4,World Average
MMR,Myanmar,2015,1230.0,10.89999962,0.06443845821,80.23972297,51089056,51.089,False,True,ASEAN lain,Lower-Middle Income,2,World Average
MNE,Montenegro,2015,7150.0,68.11978601,17.89300241,160.4549905,624651,0.625,False,False,Negara lain,Upper-Middle Income,3,World Average
MNG,Mongolia,2015,3770.0,22.50000413,6.989591221,103.078421,3026864,3.027,False,False,Negara lain,Lower-Middle Income,2,World Average
MOZ,Mozambique,2015,670.0,6.5,0.1603536474,75.84472132,26547572,26.548,False,False,Negara lain,Low Income,1,World Average
MRT,Mauritania,2015,1680.0,17.60000038,0.2430181452,91.89411691,3965959,3.966,False,False,Negara lain,Lower-Middle Income,2,World Average
MUS,Mauritius,2015,10660.0,50.13931848,15.27538643,136.3719023,1262879,1.263,False,False,Negara lain,Upper-Middle Income,3,World Average
MWI,Malawi,2015,510.0,6.0,0.03426864994,38.43419017,17085587,17.086,False,False,Negara lain,Low Income,1,World Average
MYS,Malaysia,2015,10350.0,71.06406781,9.80955981,141.2105313,31232798,31.233,False,True,ASEAN lain,Upper-Middle Income,3,World Average
NAM,Namibia,2015,5180.0,25.68790054,2.965421387,107.3923683,2374300,2.374,False,False,Negara lain,Upper-Middle Income,3,World Average
NER,Niger,2015,560.0,2.476200104,0.1363524799,44.93092053,19939498,19.939,False,False,Negara lain,Low Income,1,World Average
NGA,Nigeria,2015,2760.0,22.51420021,0.008227747146,79.10452794,190671878,190.672,False,False,Negara lain,Lower-Middle Income,2,World Average
NIC,Nicaragua,2015,1910.0,19.70429993,1.891366287,118.1274745,6149417,6.149,False,False,Negara lain,Lower-Middle Income,2,World Average
NLD,Netherlands,2015,49670.0,91.72413793,41.08797036,121.6375011,16939923,16.94,False,False,Negara lain,High Income,4,World Average
NOR,Norway,2015,93290.0,96.81032569,39.5096431,110.1183463,5188607,5.189,False,False,Negara lain,High Income,4,World Average
NPL,Nepal,2015,870.0,17.58160019,1.087942195,98.89455829,27823629,27.824,False,False,Negara lain,Low Income,1,World Average
NZL,New Zealand,2015,40660.0,85.19999695,31.44540271,121.3689814,4609400,4.609,False,False,Negara lain,High Income,4,World Average
OMN,Oman,2015,20560.0,73.52999878,5.465549095,155.7561043,4184895,4.185,False,False,Negara lain,High Income,4,World Average
PAK,Pakistan,2015,1280.0,11.0,0.8252527558,57.94059846,217290883,217.291,False,False,Negara lain,Lower-Middle Income,2,World Average
PAN,Panama,2015,12570.0,51.20542499,7.983969839,144.9969255,3960035,3.96,False,False,Negara lain,Upper-Middle Income,3,World Average
PER,Peru,2015,6340.0,40.85260091,6.564729329,112.4048185,30457600,30.458,False,False,Negara lain,Upper-Middle Income,3,World Average
PHL,Philippines,2015,3280.0,36.90000153,2.753696334,111.8931974,105312992,105.313,False,True,ASEAN lain,Lower-Middle Income,2,World Average
PNG,Papua New Guinea,2015,2520.0,7.900000095,0.1715609969,40.71714327,8743246,8.743,False,False,Negara lain,Lower-Middle Income,2,World Average
POL,Poland,2015,13320.0,67.99698716,18.98679345,142.5202072,37986412,37.986,False,False,Negara lain,Upper-Middle Income,3,World Average
PRI,Puerto Rico,2015,19080.0,63.46633538,20.00138565,91.00411692,3535167,3.535,False,False,Negara lain,High Income,4,World Average
PRT,Portugal,2015,20450.0,68.63286148,30.29997203,112.9642371,10358076,10.358,False,False,Negara lain,High Income,4,World Average
PRY,Paraguay,2015,6100.0,49.71630466,3.492959933,120.3419719,6159103,6.159,False,False,Negara lain,Upper-Middle Income,3,World Average
PSE,State of Palestine,2015,3670.0,56.70000076,6.070906865,78.09243039,4270092,4.27,False,False,Negara lain,Lower-Middle Income,2,World Average
PYF,French Polynesia,2015,23060.0,64.56020975,18.68094693,96.5695695,277866,0.278,False,False,Negara lain,High Income,4,World Average
QAT,Qatar,2015,80090.0,92.88482645,9.795697414,154.0980196,2344557,2.345,False,False,Negara lain,High Income,4,World Average
ROU,Romania,2015,9610.0,55.76315563,21.44898558,116.3503492,19815616,19.816,False,False,Negara lain,Upper-Middle Income,3,World Average
RUS,Russian Federation,2015,11740.0,70.09924123,18.49969309,156.4185651,144640716,144.641,False,False,Negara lain,Upper-Middle Income,3,World Average
RWA,Rwanda,2015,720.0,12.45600033,0.1814859113,75.25431653,11640022,11.64,False,False,Negara lain,Low Income,1,World Average
SAU,Saudi Arabia,2015,26580.0,69.6162358,21.1361805,176.134029,29816382,29.816,False,False,Negara lain,High Income,4,World Average
SDN,Sudan,2015,1180.0,12.0,0.07018962993,69.80363319,40024431,40.024,False,False,Negara lain,Lower-Middle Income,2,World Average
SEN,Senegal,2015,1320.0,21.70000076,0.6894313574,102.5089954,14593331,14.593,False,False,Negara lain,Lower-Middle Income,2,World Average
SGP,Singapore,2015,53160.0,79.012957,26.89789226,149.006215,5535002,5.535,False,True,ASEAN lain,High Income,4,World Average
SLB,Solomon Islands,2015,2010.0,10.00049973,0.2220779932,66.42196383,639415,0.639,False,False,Negara lain,Lower-Middle Income,2,World Average
SLE,Sierra Leone,2015,950.0,6.344399929,,80.38188857,7037655,7.038,False,False,Negara lain,Low Income,1,World Average
SLV,El Salvador,2015,3520.0,26.80260496,5.708594694,150.9479475,6183676,6.184,False,False,Negara lain,Lower-Middle Income,2,World Average
SOM,Somalia,2015,440.0,1.75999999,0.5939032356,42.26852784,13806963,13.807,False,False,Negara lain,Low Income,1,World Average
SRB,Serbia,2015,6210.0,65.3170254,18.65687672,129.3835881,7095383,7.095,False,False,Negara lain,Upper-Middle Income,3,World Average
SSD,South Sudan,2015,1050.0,3.0,0.001350431476,26.099339,11107561,11.108,False,False,Negara lain,Low Income,1,World Average
STP,Sao Tome and Principe,2015,1400.0,25.81999969,0.6560454539,92.35112911,200291,0.2,False,False,Negara lain,Lower-Middle Income,2,World Average
SUR,Suriname,2015,8550.0,42.76380157,9.059242435,129.0273663,581627,0.582,False,False,Negara lain,Upper-Middle Income,3,World Average
SVK,Slovak Republic,2015,17800.0,77.63468203,23.50086103,123.1588675,5423801,5.424,False,False,Negara lain,High Income,4,World Average
SVN,Slovenia,2015,22080.0,73.09865997,27.62333206,114.2711924,2063531,2.064,False,False,Negara lain,High Income,4,World Average
SWE,Sweden,2015,57900.0,90.61019664,35.67780783,128.9744528,9799186,9.799,False,False,Negara lain,High Income,4,World Average
SWZ,Eswatini,2015,3540.0,25.64299965,0.5250202789,82.34068041,1142813,1.143,False,False,Negara lain,Lower-Middle Income,2,World Average
SYC,Seychelles,2015,14750.0,54.25960159,12.51515434,138.2486245,93419,0.093,False,False,Negara lain,High Income,4,World Average
SYR,Syrian Arab Republic,2015,900.0,29.97979927,3.754313212,73.68109375,19424618,19.425,False,False,Negara lain,Low Income,1,World Average
TCD,Chad,2015,1130.0,3.5,0.07739823416,37.31525413,14647621,14.648,False,False,Negara lain,Low Income,1,World Average
TGO,Togo,2015,910.0,7.119999886,0.8621991219,63.35746383,7071502,7.072,False,False,Negara lain,Low Income,1,World Average
THA,Thailand,2015,5560.0,39.31612674,8.830351288,145.932577,70540795,70.541,False,True,ASEAN lain,Upper-Middle Income,3,World Average
TJK,Tajikistan,2015,1230.0,18.97999954,0.06941359396,98.20866652,8643840,8.644,False,False,Negara lain,Lower-Middle Income,2,World Average
TKM,Turkmenistan,2015,6300.0,14.99680042,0.4536847406,126.1629694,6215770,6.216,False,False,Negara lain,Upper-Middle Income,3,World Average
TLS,Timor-Leste,2015,2180.0,18.60000038,0.08530192983,114.2339712,1205131,1.205,False,True,ASEAN lain,Lower-Middle Income,2,World Average
TON,Tonga,2015,4220.0,38.65129852,2.316791555,69.27093642,106095,0.106,False,False,Negara lain,Lower-Middle Income,2,World Average
TTO,Trinidad and Tobago,2015,20650.0,65.09999847,19.48812892,148.5720563,1349667,1.35,False,False,Negara lain,High Income,4,World Average
TUN,Tunisia,2015,4130.0,46.49999434,5.033886253,128.0085692,11402264,11.402,False,False,Negara lain,Lower-Middle Income,2,World Average
TUR,Turkiye,2015,12080.0,53.74497914,11.87863018,92.03271053,78218479,78.218,False,False,Negara lain,Upper-Middle Income,3,World Average
TUV,Tuvalu,2015,5650.0,27.29999924,4.104715862,60.20249932,10963,0.011,False,False,Negara lain,Upper-Middle Income,3,World Average
TZA,Tanzania,2015,970.0,10.0,0.2037640134,76.24926275,52020962,52.021,False,False,Negara lain,Low Income,1,World Average
UGA,Uganda,2015,850.0,5.699999809,0.2150836395,53.87555012,37531446,37.531,False,False,Negara lain,Low Income,1,World Average
UKR,Ukraine,2015,2760.0,48.88464368,11.64370424,142.0030379,45784896,45.785,False,False,Negara lain,Lower-Middle Income,2,World Average
URY,Uruguay,2015,17070.0,64.5707871,26.74965714,153.3684064,3368017,3.368,False,False,Negara lain,High Income,4,World Average
USA,United States,2015,56320.0,74.55420245,31.34121298,101.8319588,321815121,321.815,False,False,Negara lain,High Income,4,World Average
UZB,Uzbekistan,2015,3170.0,42.79999924,5.814061867,70.84150668,30749346,30.749,False,False,Negara lain,Lower-Middle Income,2,World Average
VCT,Saint Vincent and the Grenadines,2015,7110.0,49.40000153,15.85639491,105.9938295,106960,0.107,False,False,Negara lain,Upper-Middle Income,3,World Average
VEN,Venezuela,2015,5280.0,58.0,8.470319133,95.15779304,30573972,30.574,False,False,Negara lain,Upper-Middle Income,3,World Average
VNM,Viet Nam,2015,2460.0,45.0,8.249677392,129.6270566,92823254,92.823,False,True,ASEAN lain,Lower-Middle Income,2,World Average
VUT,Vanuatu,2015,3400.0,22.35140038,1.614800395,65.69610787,266101,0.266,False,False,Negara lain,Lower-Middle Income,2,World Average
YEM,Yemen,2015,1030.0,24.08539963,1.267676098,48.21005258,31159379,31.159,False,False,Negara lain,Low Income,1,World Average
ZAF,South Africa,2015,6450.0,51.91910172,2.484589422,155.1375261,56723537,56.724,False,False,Negara lain,Upper-Middle Income,3,World Average
ZMB,Zambia,2015,1530.0,8.8,0.1426298741,70.47784789,16399089,16.399,False,False,Negara lain,Lower-Middle Income,2,World Average
ZWE,Zimbabwe,2015,1330.0,22.74279976,1.138876672,88.59919774,14399013,14.399,False,False,Negara lain,Lower-Middle Income,2,World Average
ABW,Aruba,2016,25560.0,93.54245387,,,108727,0.109,False,False,Negara lain,High Income,4,World Average
AFG,Afghanistan,2016,560.0,11.0,0.02536266507,62.25533429,34700612,34.701,False,False,Negara lain,Low Income,1,World Average
AGO,Angola,2016,2960.0,23.20000076,0.2903190103,44.55022724,29183070,29.183,False,False,Negara lain,Lower-Middle Income,2,World Average
ALB,Albania,2016,4670.0,59.59999847,9.192243812,116.2840117,2689469,2.689,False,False,Negara lain,Upper-Middle Income,3,World Average
ARE,United Arab Emirates,2016,46180.0,90.60000732,14.36832297,220.4116147,8935095,8.935,False,False,Negara lain,High Income,4,World Average
ARG,Argentina,2016,12130.0,70.96898082,16.51849954,145.1465847,43900313,43.9,False,False,Negara lain,Upper-Middle Income,3,World Average
ARM,Armenia,2016,3690.0,64.34602977,10.24978476,117.6707975,2992300,2.992,False,False,Negara lain,Lower-Middle Income,2,World Average
ATG,Antigua and Barbuda,2016,15080.0,70.27159882,10.29354555,200.0689126,89969,0.09,False,False,Negara lain,High Income,4,World Average
AUS,Australia,2016,54330.0,86.54000092,30.3083075,109.1288137,24190907,24.191,False,False,Negara lain,High Income,4,World Average
AUT,Austria,2016,45980.0,84.32374257,28.87759837,126.7975255,8736668,8.737,False,False,Negara lain,High Income,4,World Average
AZE,Azerbaijan,2016,4790.0,78.2,18.2770954,103.2484606,9757812,9.758,False,False,Negara lain,Upper-Middle Income,3,World Average
BDI,Burundi,2016,240.0,2.200000048,0.02887151695,47.66973049,11239451,11.239,False,False,Negara lain,Low Income,1,World Average
BEL,Belgium,2016,43240.0,86.51647666,37.68129945,110.7487174,11331422,11.331,False,False,Negara lain,High Income,4,World Average
BEN,Benin,2016,1040.0,14.5,0.1906163547,76.01820917,11697842,11.698,False,False,Negara lain,Low Income,1,World Average
BFA,Burkina Faso,2016,650.0,7.140999794,0.06405012791,79.66979428,19334856,19.335,False,False,Negara lain,Low Income,1,World Average
BGD,Bangladesh,2016,1400.0,16.89909935,4.099444561,84.55954997,160811932,160.812,False,False,Negara lain,Lower-Middle Income,2,World Average
BGR,Bulgaria,2016,7490.0,59.82554766,23.8176881,125.9060273,6894139,6.894,False,False,Negara lain,Upper-Middle Income,3,World Average
BHR,Bahrain,2016,22720.0,97.9999807,16.25520074,209.4891313,1423726,1.424,False,False,Negara lain,High Income,4,World Average
BHS,Bahamas,2016,27820.0,80.0,21.93709655,92.8218938,388055,0.388,False,False,Negara lain,High Income,4,World Average
BIH,Bosnia and Herzegovina,2016,5070.0,60.25653543,19.07478917,98.01439849,3473003,3.473,False,False,Negara lain,Upper-Middle Income,3,World Average
BLR,Belarus,2016,5640.0,71.11304576,32.29296065,120.4315078,9469379,9.469,False,False,Negara lain,Upper-Middle Income,3,World Average
BLZ,Belize,2016,5640.0,44.57569885,5.038044447,61.12556724,364705,0.365,False,False,Negara lain,Upper-Middle Income,3,World Average
BMU,Bermuda,2016,105430.0,98.0,35.92964428,100.6966225,63449,0.063,False,False,Negara lain,High Income,4,World Average
BOL,Bolivia,2016,3000.0,39.69749832,2.572347813,90.39533024,11180020,11.18,False,False,Negara lain,Lower-Middle Income,2,World Average
BRA,Brazil,2016,9050.0,60.87254007,13.21770903,120.1011815,203218114,203.218,False,False,Negara lain,Upper-Middle Income,3,World Average
BRB,Barbados,2016,19300.0,71.57299805,31.07568724,118.8163005,279598,0.28,False,False,Negara lain,High Income,4,World Average
BRN,Brunei Darussalam,2016,32570.0,90.0,8.447858098,122.426818,427564,0.428,False,True,ASEAN lain,High Income,4,World Average
BTN,Bhutan,2016,2880.0,46.50320053,2.204806743,93.38210321,747866,0.748,False,False,Negara lain,Lower-Middle Income,2,World Average
BWA,Botswana,2016,6060.0,41.16859818,2.642636219,147.1729605,2234776,2.235,False,False,Negara lain,Upper-Middle Income,3,World Average
CAF,Central African Rep.,2016,400.0,3.099999905,0.0156141837,26.4835649,4713663,4.714,False,False,Negara lain,Low Income,1,World Average
CAN,Canada,2016,43900.0,91.16000366,36.82328748,84.59194523,36110803,36.111,False,False,Negara lain,High Income,4,World Average
CHE,Switzerland,2016,84250.0,89.13468774,45.08609714,134.2356763,8373338,8.373,False,False,Negara lain,High Income,4,World Average
CHL,Chile,2016,13310.0,83.55858602,15.90050287,127.5651233,18267221,18.267,False,False,Negara lain,Upper-Middle Income,3,World Average
CHN,China,2016,8360.0,53.2,22.97613299,97.21387709,1387790000,1387.79,False,False,Negara lain,Upper-Middle Income,3,World Average
CIV,Cote d'Ivoire,2016,1880.0,41.20781493,0.5247522981,105.6247729,25989405,25.989,False,False,Negara lain,Lower-Middle Income,2,World Average
CMR,Cameroon,2016,1470.0,20.60000038,1.555293323,79.80461548,23454161,23.454,False,False,Negara lain,Lower-Middle Income,2,World Average
COD,"Congo, Dem. Rep.",2016,460.0,10.1,0.001191094212,34.40989828,83956415,83.956,False,False,Negara lain,Low Income,1,World Average
COG,Congo (Rep. of the),2016,2260.0,8.121899605,,103.8575895,5222536,5.223,False,False,Negara lain,Lower-Middle Income,2,World Average
COL,Colombia,2016,6560.0,58.13649357,12.46475152,123.7099534,47437512,47.438,False,False,Negara lain,Upper-Middle Income,3,World Average
COM,Comoros,2016,1410.0,7.938300133,0.220292528,61.25979284,741741,0.742,False,False,Negara lain,Lower-Middle Income,2,World Average
CPV,Cabo Verde,2016,3580.0,50.32281787,3.032070767,117.4424548,512554,0.513,False,False,Negara lain,Lower-Middle Income,2,World Average
CRI,Costa Rica,2016,11170.0,65.88044919,13.13103067,171.166374,4866998,4.867,False,False,Negara lain,Upper-Middle Income,3,World Average
CUB,Cuba,2016,7530.0,42.97867519,0.1280711603,35.3988758,11265612,11.266,False,False,Negara lain,Upper-Middle Income,3,World Average
CUW,Curacao,2016,18260.0,61.85551074,25.45743882,111.2419687,159664,0.16,False,False,Negara lain,High Income,4,World Average
CYM,Cayman Islands,2016,47830.0,79.0,38.88272583,151.5942948,63100,0.063,False,False,Negara lain,High Income,4,World Average
CYP,Cyprus,2016,24400.0,75.9002054,32.01321991,130.3345212,1237112,1.237,False,False,Negara lain,High Income,4,World Average
CZE,Czech Republic,2016,17660.0,76.4811987,29.14911847,118.5444991,10566332,10.566,False,False,Negara lain,High Income,4,World Average
DEU,Germany,2016,45340.0,84.16520664,38.49910673,125.0240122,82348669,82.349,False,False,Negara lain,High Income,4,World Average
DJI,Djibouti,2016,2370.0,30.79999924,2.339414043,33.2718163,1037653,1.038,False,False,Negara lain,Lower-Middle Income,2,World Average
DMA,Dominica,2016,8000.0,67.02999878,22.24951872,112.6971813,69606,0.07,False,False,Negara lain,Upper-Middle Income,3,World Average
DNK,Denmark,2016,57830.0,96.96778525,42.96991324,121.9411644,5728010,5.728,False,False,Negara lain,High Income,4,World Average
DOM,Dominican Rep.,2016,6750.0,63.87086474,7.214709286,82.53033949,10551430,10.551,False,False,Negara lain,Upper-Middle Income,3,World Average
DZA,Algeria,2016,4920.0,42.94549942,7.000040464,115.1542001,40850721,40.851,False,False,Negara lain,Upper-Middle Income,3,World Average
ECU,Ecuador,2016,5750.0,54.06292473,9.752029353,84.10883422,16505139,16.505,False,False,Negara lain,Upper-Middle Income,3,World Average
EGY,Egypt,2016,3200.0,41.24806709,4.396853826,96.20919516,101644589,101.645,False,False,Negara lain,Lower-Middle Income,2,World Average
ESP,Spain,2016,27760.0,80.56133294,30.19863085,110.247062,46458139,46.458,False,False,Negara lain,High Income,4,World Average
EST,Estonia,2016,18640.0,87.24023275,31.49890299,144.2354708,1315790,1.316,False,False,Negara lain,High Income,4,World Average
ETH,Ethiopia,2016,620.0,15.36692386,0.5238096211,47.99932742,106718162,106.718,False,False,Negara lain,Low Income,1,World Average
FIN,Finland,2016,45160.0,87.70364996,31.15293708,131.382781,5495303,5.495,False,False,Negara lain,High Income,4,World Average
FJI,Fiji,2016,5010.0,49.41999817,1.341651018,113.6557488,919166,0.919,False,False,Negara lain,Upper-Middle Income,3,World Average
FRA,France,2016,39020.0,79.26981132,42.52778845,103.8166616,66724104,66.724,False,False,Negara lain,High Income,4,World Average
FRO,Faroe Islands,2016,57410.0,95.10868167,36.29222785,110.0236254,49463,0.049,False,False,Negara lain,High Income,4,World Average
FSM,Micronesia,2016,3400.0,33.35219955,2.905340362,21.46413019,109075,0.109,False,False,Negara lain,Lower-Middle Income,2,World Average
GAB,Gabon,2016,7180.0,48.0522995,0.7150386658,141.0502089,2100306,2.1,False,False,Negara lain,Upper-Middle Income,3,World Average
GBR,United Kingdom,2016,43310.0,94.77580063,38.65885694,119.7865588,65606000,65.606,False,False,Negara lain,High Income,4,World Average
GEO,Georgia,2016,4180.0,58.45928961,17.95959291,145.8805867,3727505,3.728,False,False,Negara lain,Lower-Middle Income,2,World Average
GHA,Ghana,2016,1760.0,28.0,0.294978237,130.4813661,29356742,29.357,False,False,Negara lain,Lower-Middle Income,2,World Average
GIN,Guinea,2016,760.0,13.10000038,0.009111217317,92.0232949,12073030,12.073,False,False,Negara lain,Low Income,1,World Average
GMB,Gambia,2016,590.0,19.90640068,0.1642022464,124.273821,2283769,2.284,False,False,Negara lain,Low Income,1,World Average
GNB,Guinea-Bissau,2016,670.0,13.80000019,0.04836527024,70.19159962,1831893,1.832,False,False,Negara lain,Low Income,1,World Average
GNQ,Equatorial Guinea,2016,6970.0,23.78000069,0.2242428984,38.16836915,1508186,1.508,False,False,Negara lain,Upper-Middle Income,3,World Average
GRC,Greece,2016,18500.0,69.08791547,33.5485839,116.3651092,10775971,10.776,False,False,Negara lain,High Income,4,World Average
GRD,Grenada,2016,8000.0,53.29999924,18.08477373,103.3379658,115130,0.115,False,False,Negara lain,Upper-Middle Income,3,World Average
GTM,Guatemala,2016,3760.0,34.50930023,3.110255484,112.2674377,16268760,16.269,False,False,Negara lain,Lower-Middle Income,2,World Average
GUY,Guyana,2016,5610.0,35.65999985,7.491735948,76.57134849,763548,0.764,False,False,Negara lain,Upper-Middle Income,3,World Average
HKG,"Hong Kong SAR, China",2016,42970.0,87.47941467,35.44849426,237.3777708,7336600,7.337,False,False,Negara lain,High Income,4,World Average
HND,Honduras,2016,2090.0,29.52821808,2.341448178,83.21808087,9412380,9.412,False,False,Negara lain,Lower-Middle Income,2,World Average
HRV,Croatia,2016,13090.0,72.69726967,25.23411413,106.7184035,4106867,4.107,False,False,Negara lain,Upper-Middle Income,3,World Average
HTI,Haiti,2016,1380.0,22.79999924,0.01263182713,60.94772251,10671457,10.671,False,False,Negara lain,Lower-Middle Income,2,World Average
HUN,Hungary,2016,13230.0,79.25941213,28.68879078,101.4420115,9759755,9.76,False,False,Negara lain,Upper-Middle Income,3,World Average
IDN,Indonesia,2016,3370.0,25.4473537,1.975378455,145.7042513,264627418,264.627,True,True,Indonesia,Lower-Middle Income,2,Indonesia
IND,India,2016,1670.0,16.5,1.387952764,83.91783821,1343944296,1343.944,False,False,Negara lain,Lower-Middle Income,2,World Average
IRL,Ireland,2016,52880.0,83.5,28.61477104,102.5583869,4762722,4.763,False,False,Negara lain,High Income,4,World Average
IRN,Iran (Islamic Republic of),2016,5530.0,53.22677167,9.078102541,96.07219725,83812228,83.812,False,False,Negara lain,Upper-Middle Income,3,World Average
IRQ,Iraq,2016,5060.0,19.87719917,,86.94391552,38469627,38.47,False,False,Negara lain,Upper-Middle Income,3,World Average
ISL,Iceland,2016,59210.0,98.23999786,38.15045266,119.679415,335439,0.335,False,False,Negara lain,High Income,4,World Average
ISR,Israel,2016,37240.0,79.65312418,27.50302832,128.745354,8546000,8.546,False,False,Negara lain,High Income,4,World Average
ITA,Italy,2016,32400.0,61.32425277,25.73374031,142.1273073,60115223,60.115,False,False,Negara lain,High Income,4,World Average
JAM,Jamaica,2016,4990.0,44.36685637,10.18066383,116.2791045,2809915,2.81,False,False,Negara lain,Upper-Middle Income,3,World Average
JOR,Jordan,2016,4200.0,56.15000153,2.971348143,98.12198573,10006367,10.006,False,False,Negara lain,Lower-Middle Income,2,World Average
JPN,Japan,2016,39220.0,93.18272128,31.30355563,131.214861,127076000,127.076,False,False,Negara lain,High Income,4,World Average
KAZ,Kazakhstan,2016,8500.0,74.58772647,12.79651049,139.0511664,18363600,18.364,False,False,Negara lain,Upper-Middle Income,3,World Average
KEN,Kenya,2016,1490.0,16.6,0.2756602884,80.9772361,48139687,48.14,False,False,Negara lain,Lower-Middle Income,2,World Average
KGZ,Kyrgyz Republic,2016,1090.0,40.52619934,3.943267552,124.6390335,6175338,6.175,False,False,Negara lain,Low Income,1,World Average
KHM,Cambodia,2016,1550.0,32.39845171,0.6159226226,125.6276445,15852803,15.853,False,True,ASEAN lain,Lower-Middle Income,2,World Average
KIR,Kiribati,2016,2990.0,19.41939926,0.09284424112,43.8900049,118478,0.118,False,False,Negara lain,Lower-Middle Income,2,World Average
KNA,Saint Kitts and Nevis,2016,19640.0,66.97389984,30.11789697,162.6829527,47075,0.047,False,False,Negara lain,High Income,4,World Average
KOR,Korea (Rep. of),2016,30850.0,92.84302568,40.0712455,119.489513,51217803,51.218,False,False,Negara lain,High Income,4,World Average
KWT,Kuwait,2016,34920.0,85.59999847,2.532236123,191.2942177,4004096,4.004,False,False,Negara lain,High Income,4,World Average
LAO,Lao P.D.R.,2016,2110.0,21.87000084,0.3535489945,57.29661959,6908802,6.909,False,True,ASEAN lain,Lower-Middle Income,2,World Average
LBN,Lebanon,2016,7670.0,76.11000061,,67.64198031,6323060,6.323,False,False,Negara lain,Upper-Middle Income,3,World Average
LBR,Liberia,2016,610.0,15.69999981,0.1682224439,65.54371176,4755608,4.756,False,False,Negara lain,Low Income,1,World Average
LBY,Libya,2016,7670.0,35.0,2.546996242,115.4994341,6632126,6.632,False,False,Negara lain,Upper-Middle Income,3,World Average
LCA,Saint Lucia,2016,9710.0,58.22259903,16.95797229,100.5704656,175646,0.176,False,False,Negara lain,Upper-Middle Income,3,World Average
LKA,Sri Lanka,2016,4020.0,22.19,4.071896691,117.7375174,21209000,21.209,False,False,Negara lain,Lower-Middle Income,2,World Average
LSO,Lesotho,2016,1240.0,32.45385695,0.1046740974,107.1579715,2130422,2.13,False,False,Negara lain,Lower-Middle Income,2,World Average
LTU,Lithuania,2016,14890.0,74.37664556,29.89641387,146.5503937,2877325,2.877,False,False,Negara lain,High Income,4,World Average
LUX,Luxembourg,2016,73730.0,98.13669867,34.80684003,130.9326725,582014,0.582,False,False,Negara lain,High Income,4,World Average
LVA,Latvia,2016,14300.0,79.84209778,26.48930053,135.2274623,1959537,1.96,False,False,Negara lain,High Income,4,World Average
MAC,"Macao SAR, China",2016,59680.0,81.64298546,28.05543644,310.5683008,652500,0.652,False,False,Negara lain,High Income,4,World Average
MAR,Morocco,2016,3150.0,58.27123642,3.584534788,118.5317971,35023457,35.023,False,False,Negara lain,Lower-Middle Income,2,World Average
MDA,Moldova,2016,3170.0,70.99999911,17.21551773,117.0083705,2803186,2.803,False,False,Negara lain,Lower-Middle Income,2,World Average
MDG,Madagascar,2016,450.0,4.713699818,0.1010921399,30.64470387,26099952,26.1,False,False,Negara lain,Low Income,1,World Average
MDV,Maldives,2016,8720.0,59.47750092,6.611430428,183.1972353,443308,0.443,False,False,Negara lain,Upper-Middle Income,3,World Average
MEX,Mexico,2016,9740.0,59.540446,13.0255992,91.39419245,122251351,122.251,False,False,Negara lain,Upper-Middle Income,3,World Average
MHL,Marshall Islands,2016,5060.0,29.78779984,2.096040579,,47709,0.048,False,False,Negara lain,Upper-Middle Income,3,World Average
MKD,North Macedonia,2016,5440.0,72.15681447,19.45337153,104.5498835,1906313,1.906,False,False,Negara lain,Upper-Middle Income,3,World Average
MLI,Mali,2016,870.0,14.0,0.1117381954,105.3483015,19191289,19.191,False,False,Negara lain,Low Income,1,World Average
MLT,Malta,2016,23820.0,78.0751488,37.6179797,128.5986966,454505,0.455,False,False,Negara lain,High Income,4,World Average
MMR,Myanmar,2016,1230.0,16.0,0.174162128,98.2342602,51495696,51.496,False,True,ASEAN lain,Lower-Middle Income,2,World Average
MNE,Montenegro,2016,7020.0,69.88164684,18.39778678,166.7198506,625353,0.625,False,False,Negara lain,Upper-Middle Income,3,World Average
MNG,Mongolia,2016,3460.0,22.2657705,7.437059575,110.7458468,3088856,3.089,False,False,Negara lain,Lower-Middle Income,2,World Average
MOZ,Mozambique,2016,550.0,7.0,0.1704606249,54.96411562,27337105,27.337,False,False,Negara lain,Low Income,1,World Average
MRT,Mauritania,2016,1550.0,19.23279953,0.2726189157,88.43834949,4086657,4.087,False,False,Negara lain,Lower-Middle Income,2,World Average
MUS,Mauritius,2016,10650.0,52.19129944,16.45761776,140.4238882,1263747,1.264,False,False,Negara lain,Upper-Middle Income,3,World Average
MWI,Malawi,2016,490.0,6.300000191,0.04950523527,40.88444418,17557739,17.558,False,False,Negara lain,Low Income,1,World Average
MYS,Malaysia,2016,9800.0,78.78830993,8.552459705,136.7251673,31789685,31.79,False,True,ASEAN lain,Upper-Middle Income,3,World Average
NAM,Namibia,2016,4580.0,31.0333004,2.637859014,109.0495582,2439213,2.439,False,False,Negara lain,Upper-Middle Income,3,World Average
NER,Niger,2016,520.0,4.322800159,0.03725752696,36.12052218,20685753,20.686,False,False,Negara lain,Low Income,1,World Average
NGA,Nigeria,2016,2370.0,24.13750076,0.05522357589,78.9701423,195443700,195.444,False,False,Negara lain,Lower-Middle Income,2,World Average
NIC,Nicaragua,2016,1980.0,24.57180023,2.840261294,124.2728553,6232666,6.233,False,False,Negara lain,Lower-Middle Income,2,World Average
NLD,Netherlands,2016,46960.0,90.4109589,41.98139426,121.420359,17030314,17.03,False,False,Negara lain,High Income,4,World Average
NOR,Norway,2016,81840.0,97.29820367,40.2402949,109.4268068,5234519,5.235,False,False,Negara lain,High Income,4,World Average
NPL,Nepal,2016,860.0,20.70000076,0.8019327314,114.8981369,27955462,27.955,False,False,Negara lain,Low Income,1,World Average
NZL,New Zealand,2016,39440.0,86.5,32.4618168,129.3806485,4714100,4.714,False,False,Negara lain,High Income,4,World Average
OMN,Oman,2016,18550.0,76.84539047,6.354835519,153.2914555,4390877,4.391,False,False,Negara lain,High Income,4,World Average
PAK,Pakistan,2016,1360.0,12.38544676,1.130347408,62.00132426,220138869,220.139,False,False,Negara lain,Lower-Middle Income,2,World Average
PAN,Panama,2016,13180.0,54.0,10.67068313,127.6162385,4029086,4.029,False,False,Negara lain,Upper-Middle Income,3,World Average
PER,Peru,2016,6130.0,45.46174069,6.870757657,119.6545387,30866494,30.866,False,False,Negara lain,Upper-Middle Income,3,World Average
PHL,Philippines,2016,3350.0,39.20000076,2.797050536,112.5179988,106735719,106.736,False,True,ASEAN lain,Lower-Middle Income,2,World Average
PNG,Papua New Guinea,2016,2410.0,9.601499557,0.1896957704,42.20172962,8961718,8.962,False,False,Negara lain,Lower-Middle Income,2,World Average
POL,Poland,2016,12740.0,73.3007041,19.15131393,138.5186967,37970087,37.97,False,False,Negara lain,Upper-Middle Income,3,World Average
PRI,Puerto Rico,2016,19290.0,68.6438072,19.75976465,93.56065924,3480432,3.48,False,False,Negara lain,High Income,4,World Average
PRT,Portugal,2016,19950.0,70.42356709,32.62590017,111.8467904,10325452,10.325,False,False,Negara lain,High Income,4,World Average
PRY,Paraguay,2016,5870.0,53.40412748,3.947111964,119.8483436,6249126,6.249,False,False,Negara lain,Upper-Middle Income,3,World Average
PSE,State of Palestine,2016,3900.0,59.90000153,6.922125334,80.15107262,4367088,4.367,False,False,Negara lain,Lower-Middle Income,2,World Average
PYF,French Polynesia,2016,22170.0,68.44041949,19.85937287,100.3341954,279178,0.279,False,False,Negara lain,High Income,4,World Average
QAT,Qatar,2016,69170.0,95.12466217,9.76074221,140.5177481,2477113,2.477,False,False,Negara lain,High Income,4,World Average
ROU,Romania,2016,9460.0,59.50395129,22.49829866,115.7907718,19702267,19.702,False,False,Negara lain,Upper-Middle Income,3,World Average
RUS,Russian Federation,2016,9680.0,73.09143462,18.87978583,157.1739823,145015460,145.015,False,False,Negara lain,Upper-Middle Income,3,World Average
RWA,Rwanda,2016,720.0,14.63710022,0.1822356448,74.85020576,11919183,11.919,False,False,Negara lain,Low Income,1,World Average
SAU,Saudi Arabia,2016,23940.0,74.87927469,20.82681486,156.041476,30954198,30.954,False,False,Negara lain,High Income,4,World Average
SDN,Sudan,2016,1140.0,14.09999994,0.06392648822,67.39545755,41259892,41.26,False,False,Negara lain,Lower-Middle Income,2,World Average
SEN,Senegal,2016,1270.0,25.66480064,0.6541811342,101.0107672,15034521,15.035,False,False,Negara lain,Lower-Middle Income,2,World Average
SGP,Singapore,2016,53600.0,84.45226789,28.53926098,151.6817171,5607283,5.607,False,True,ASEAN lain,High Income,4,World Average
SLB,Solomon Islands,2016,2000.0,11.00090027,0.2474414195,62.89027883,662379,0.662,False,False,Negara lain,Lower-Middle Income,2,World Average
SLE,Sierra Leone,2016,930.0,7.680099964,,87.14759411,7205328,7.205,False,False,Negara lain,Low Income,1,World Average
SLV,El Salvador,2016,3600.0,28.99710083,6.375096762,155.4196071,6200800,6.201,False,False,Negara lain,Lower-Middle Income,2,World Average
SOM,Somalia,2016,450.0,1.879999995,0.6411712805,46.36671931,14348740,14.349,False,False,Negara lain,Low Income,1,World Average
SRB,Serbia,2016,5920.0,67.05684137,20.60940259,129.1774948,7058322,7.058,False,False,Negara lain,Upper-Middle Income,3,World Average
STP,Sao Tome and Principe,2016,1420.0,28.0,0.6995959527,87.41120041,203689,0.204,False,False,Negara lain,Lower-Middle Income,2,World Average
SUR,Suriname,2016,6660.0,45.40000153,12.11674212,137.2813935,587757,0.588,False,False,Negara lain,Upper-Middle Income,3,World Average
SVK,Slovak Republic,2016,16900.0,80.47585728,24.62644587,128.7924899,5430798,5.431,False,False,Negara lain,High Income,4,World Average
SVN,Slovenia,2016,21610.0,75.49850426,28.58890652,115.7363078,2065042,2.065,False,False,Negara lain,High Income,4,World Average
SWE,Sweden,2016,53850.0,89.65094761,37.08217444,126.4016333,9923085,9.923,False,False,Negara lain,High Income,4,World Average
SWZ,Eswatini,2016,3270.0,28.56999969,0.6089567093,86.55884653,1149507,1.15,False,False,Negara lain,Lower-Middle Income,2,World Average
SYC,Seychelles,2016,15630.0,56.51470184,12.77988727,138.2768323,94677,0.095,False,False,Negara lain,High Income,4,World Average
SYR,Syrian Arab Republic,2016,750.0,31.8696003,5.260095508,69.55285744,19193834,19.194,False,False,Negara lain,Low Income,1,World Average
TCD,Chad,2016,940.0,5.800000191,0.03391410522,36.95558384,15114655,15.115,False,False,Negara lain,Low Income,1,World Average
TGO,Togo,2016,870.0,11.31000042,0.6205294817,70.05881306,7200884,7.201,False,False,Negara lain,Low Income,1,World Average
THA,Thailand,2016,5550.0,47.50496562,10.1877169,168.8812708,70859841,70.86,False,True,ASEAN lain,Upper-Middle Income,3,World Average
TJK,Tajikistan,2016,1090.0,20.46999931,0.06767707792,106.0274221,8865631,8.866,False,False,Negara lain,Low Income,1,World Average
TKM,Turkmenistan,2016,5890.0,17.99029922,0.7343663351,134.8261749,6360041,6.36,False,False,Negara lain,Upper-Middle Income,3,World Average
TLS,Timor-Leste,2016,1730.0,21.20000076,,121.477605,1228312,1.228,False,True,ASEAN lain,Lower-Middle Income,2,World Average
TON,Tonga,2016,4280.0,39.95000076,2.842955157,75.81213752,105524,0.106,False,False,Negara lain,Lower-Middle Income,2,World Average
TTO,Trinidad and Tobago,2016,17870.0,67.80000305,17.7852732,150.7173148,1353895,1.354,False,False,Negara lain,High Income,4,World Average
TUN,Tunisia,2016,3930.0,49.59999484,5.553691604,123.8830936,11528674,11.529,False,False,Negara lain,Lower-Middle Income,2,World Average
TUR,Turkiye,2016,11350.0,58.34773401,12.85906124,91.92869508,79277962,79.278,False,False,Negara lain,Upper-Middle Income,3,World Average
TUV,Tuvalu,2016,5390.0,31.0,4.117108875,69.53339433,10930,0.011,False,False,Negara lain,Upper-Middle Income,3,World Average
TZA,Tanzania,2016,960.0,13.50423285,0.591695,74.39836565,53824013,53.824,False,False,Negara lain,Low Income,1,World Average
UGA,Uganda,2016,810.0,5.9,0.2374149827,58.86336382,38799152,38.799,False,False,Negara lain,Low Income,1,World Average
UKR,Ukraine,2016,2330.0,53.0009696,12.03425849,133.1689539,45616832,45.617,False,False,Negara lain,Lower-Middle Income,2,World Average
URY,Uruguay,2016,16490.0,66.40000153,27.27433601,151.4148416,3379283,3.379,False,False,Negara lain,High Income,4,World Average
USA,United States,2016,56830.0,85.54442129,32.11440064,102.7518649,324353340,324.353,False,False,Negara lain,High Income,4,World Average
UZB,Uzbekistan,2016,3230.0,46.79130173,8.778641278,74.36698183,31284568,31.285,False,False,Negara lain,Lower-Middle Income,2,World Average
VCT,Saint Vincent and the Grenadines,2016,7480.0,51.5,20.55966676,105.9238921,106349,0.106,False,False,Negara lain,Upper-Middle Income,3,World Average
VEN,Venezuela,2016,3680.0,60.0,8.496440194,89.71313852,30765720,30.766,False,False,Negara lain,Lower-Middle Income,2,World Average
VNM,Viet Nam,2016,2560.0,53.0,9.67901774,128.2979627,94000117,94.0,False,True,ASEAN lain,Lower-Middle Income,2,World Average
YEM,Yemen,2016,970.0,24.57920074,0.8602538664,51.17895257,32109010,32.109,False,False,Negara lain,Low Income,1,World Average
ZAF,South Africa,2016,5880.0,54.0,2.009743318,143.9286173,57259551,57.26,False,False,Negara lain,Upper-Middle Income,3,World Average
ZMB,Zambia,2016,1320.0,10.30000019,0.187910637,71.04607707,16914423,16.914,False,False,Negara lain,Lower-Middle Income,2,World Average
ZWE,Zimbabwe,2016,1240.0,23.12000084,1.170099725,88.21004563,14600294,14.6,False,False,Negara lain,Lower-Middle Income,2,World Average
ABW,Aruba,2017,26460.0,97.17,,,108735,0.109,False,False,Negara lain,High Income,4,World Average
AFG,Afghanistan,2017,530.0,13.5,0.02572786215,67.05079039,35688935,35.689,False,False,Negara lain,Low Income,1,World Average
AGO,Angola,2017,2440.0,26.0,0.3205540469,44.06820886,30234839,30.235,False,False,Negara lain,Lower-Middle Income,2,World Average
ALB,Albania,2017,4700.0,62.40000153,10.47572977,125.0999399,2648285,2.648,False,False,Negara lain,Upper-Middle Income,3,World Average
ARE,United Arab Emirates,2017,42230.0,94.81992254,29.90829759,214.7013421,9223225,9.223,False,False,Negara lain,High Income,4,World Average
ARG,Argentina,2017,13070.0,74.29490687,17.70822726,139.7582405,44288894,44.289,False,False,Negara lain,Upper-Middle Income,3,World Average
ARM,Armenia,2017,3900.0,64.74488433,10.81725566,119.6764419,2979400,2.979,False,False,Negara lain,Lower-Middle Income,2,World Average
ATG,Antigua and Barbuda,2017,15860.0,70.54419708,9.948269001,203.3868329,90468,0.09,False,False,Negara lain,High Income,4,World Average
AUS,Australia,2017,51700.0,86.54504885,32.03262233,107.7997616,24592588,24.593,False,False,Negara lain,High Income,4,World Average
AUT,Austria,2017,44800.0,87.93558659,28.54259989,123.4148651,8797566,8.798,False,False,Negara lain,High Income,4,World Average
AZE,Azerbaijan,2017,4110.0,79.0,18.10916576,101.5899066,9854033,9.854,False,False,Negara lain,Lower-Middle Income,2,World Average
BDI,Burundi,2017,240.0,2.660748535,0.03401478192,51.45332805,11506762,11.507,False,False,Negara lain,Low Income,1,World Average
BEL,Belgium,2017,42310.0,87.67968082,38.49111609,99.8303972,11375158,11.375,False,False,Negara lain,High Income,4,World Average
BEN,Benin,2017,1020.0,18.7,0.2376704558,72.86714541,12039780,12.04,False,False,Negara lain,Low Income,1,World Average
BFA,Burkina Faso,2017,650.0,7.790400028,0.06213304071,90.20814242,19894407,19.894,False,False,Negara lain,Low Income,1,World Average
BGD,Bangladesh,2017,1640.0,21.5,4.501309227,93.06898449,162186147,162.186,False,False,Negara lain,Lower-Middle Income,2,World Average
BGR,Bulgaria,2017,7730.0,63.41010138,25.39251595,120.5956327,6803468,6.803,False,False,Negara lain,Upper-Middle Income,3,World Average
BHR,Bahrain,2017,22360.0,95.87813575,13.10146121,159.5468946,1501116,1.501,False,False,Negara lain,High Income,4,World Average
BHS,Bahamas,2017,29570.0,80.59999847,22.24618103,90.53868907,390485,0.39,False,False,Negara lain,High Income,4,World Average
BIH,Bosnia and Herzegovina,2017,5070.0,64.89202051,20.42612876,100.3325768,3428682,3.429,False,False,Negara lain,Upper-Middle Income,3,World Average
BLR,Belarus,2017,5320.0,74.43644541,33.31251007,120.2126521,9458989,9.459,False,False,Negara lain,Upper-Middle Income,3,World Average
BLZ,Belize,2017,5490.0,48.8771019,5.092684391,64.1585522,373202,0.373,False,False,Negara lain,Upper-Middle Income,3,World Average
BMU,Bermuda,2017,113460.0,98.37,35.87404448,102.2319041,63578,0.064,False,False,Negara lain,High Income,4,World Average
BOL,Bolivia,2017,3250.0,43.83229828,3.349579848,96.63837035,11344587,11.345,False,False,Negara lain,Lower-Middle Income,2,World Average
BRA,Brazil,2017,8830.0,67.47128452,14.12182731,108.0925702,204703445,204.703,False,False,Negara lain,Upper-Middle Income,3,World Average
BRB,Barbados,2017,19570.0,71.14849854,31.8876686,117.6299474,280171,0.28,False,False,Negara lain,High Income,4,World Average
BRN,Brunei Darussalam,2017,29230.0,94.86669922,9.490447626,125.8704352,432772,0.433,False,True,ASEAN lain,High Income,4,World Average
BTN,Bhutan,2017,2960.0,54.33549881,2.214798465,96.85656903,754335,0.754,False,False,Negara lain,Lower-Middle Income,2,World Average
BWA,Botswana,2017,6210.0,43.57640076,1.430861053,142.962095,2266747,2.267,False,False,Negara lain,Upper-Middle Income,3,World Average
CAF,Central African Rep.,2017,420.0,4.0,0.01291329049,24.52041938,4793511,4.794,False,False,Negara lain,Low Income,1,World Average
CAN,Canada,2017,42900.0,92.70140076,37.82769234,86.10240184,36545075,36.545,False,False,Negara lain,High Income,4,World Average
CHE,Switzerland,2017,81790.0,89.68614767,46.33182345,131.1696942,8451840,8.452,False,False,Negara lain,High Income,4,World Average
CHL,Chile,2017,13200.0,82.32748693,16.50096331,124.0008119,18558868,18.559,False,False,Negara lain,Upper-Middle Income,3,World Average
CHN,China,2017,8830.0,54.3,27.91012714,104.0731816,1396215000,1396.215,False,False,Negara lain,Upper-Middle Income,3,World Average
CIV,Cote d'Ivoire,2017,1870.0,43.83992085,0.534257332,118.7550639,26733372,26.733,False,False,Negara lain,Lower-Middle Income,2,World Average
CMR,Cameroon,2017,1410.0,23.20297197,1.584667093,83.45029204,24128601,24.129,False,False,Negara lain,Lower-Middle Income,2,World Average
COG,Congo (Rep. of the),2017,1740.0,8.649999619,,94.48681754,5351011,5.351,False,False,Negara lain,Lower-Middle Income,2,World Average
COL,Colombia,2017,6030.0,62.25988032,13.1537299,129.2720142,48131078,48.131,False,False,Negara lain,Upper-Middle Income,3,World Average
COM,Comoros,2017,1380.0,8.478199959,0.2172680525,61.97082212,756669,0.757,False,False,Negara lain,Lower-Middle Income,2,World Average
CPV,Cabo Verde,2017,3620.0,57.16214635,2.923221803,119.3736315,512893,0.513,False,False,Negara lain,Lower-Middle Income,2,World Average
CRI,Costa Rica,2017,11580.0,71.58166462,15.14378578,179.9312746,4913177,4.913,False,False,Negara lain,Upper-Middle Income,3,World Average
CUB,Cuba,2017,8010.0,57.14840432,0.2981553151,41.01931137,11247829,11.248,False,False,Negara lain,Upper-Middle Income,3,World Average
CUW,Curacao,2017,18230.0,68.12721625,29.28386622,111.0778798,160175,0.16,False,False,Negara lain,High Income,4,World Average
CYM,Cayman Islands,2017,51890.0,81.06769325,48.39544433,149.7729914,64535,0.065,False,False,Negara lain,High Income,4,World Average
CYP,Cyprus,2017,24600.0,80.74318897,33.65422263,133.9404735,1254275,1.254,False,False,Negara lain,High Income,4,World Average
CZE,Czech Republic,2017,18350.0,78.71917285,29.84526069,119.8742911,10594438,10.594,False,False,Negara lain,High Income,4,World Average
DEU,Germany,2017,44730.0,84.3941537,39.98880463,132.0032619,82657002,82.657,False,False,Negara lain,High Income,4,World Average
DJI,Djibouti,2017,2450.0,55.68140925,2.312102013,35.36570914,1054841,1.055,False,False,Negara lain,Lower-Middle Income,2,World Average
DMA,Dominica,2017,8070.0,69.61969757,22.51664331,109.831231,68496,0.068,False,False,Negara lain,Upper-Middle Income,3,World Average
DNK,Denmark,2017,56600.0,97.09936216,43.56977975,123.8621147,5764980,5.765,False,False,Negara lain,High Income,4,World Average
DOM,Dominican Rep.,2017,6920.0,67.57124533,7.692791579,82.2092066,10666843,10.667,False,False,Negara lain,Upper-Middle Income,3,World Average
DZA,Algeria,2017,4440.0,47.69110107,7.700458096,109.969863,41689299,41.689,False,False,Negara lain,Lower-Middle Income,2,World Average
ECU,Ecuador,2017,5930.0,55.79999924,10.61251818,87.42138721,16759519,16.76,False,False,Negara lain,Upper-Middle Income,3,World Average
EGY,Egypt,2017,2880.0,44.95020425,5.04732017,99.28843678,103696057,103.696,False,False,Negara lain,Lower-Middle Income,2,World Average
ESP,Spain,2017,27290.0,84.6022457,31.29646128,112.0300851,46571232,46.571,False,False,Negara lain,High Income,4,World Average
EST,Estonia,2017,19140.0,88.10245687,32.52200315,144.5566161,1317384,1.317,False,False,Negara lain,High Income,4,World Average
ETH,Ethiopia,2017,670.0,15.62440014,0.05740131299,36.10948363,109666481,109.666,False,False,Negara lain,Low Income,1,World Average
FIN,Finland,2017,44520.0,87.46892907,31.04351975,129.9833926,5508214,5.508,False,False,Negara lain,High Income,4,World Average
FJI,Fiji,2017,5120.0,53.6473999,1.320803388,112.5338636,918759,0.919,False,False,Negara lain,Upper-Middle Income,3,World Average
FRA,France,2017,38120.0,80.50245972,43.62425935,105.7183684,66918020,66.918,False,False,Negara lain,High Income,4,World Average
FRO,Faroe Islands,2017,57920.0,97.58195894,35.9074896,112.690325,50179,0.05,False,False,Negara lain,High Income,4,World Average
FSM,Micronesia,2017,3430.0,35.30410004,3.449000283,21.11233913,109481,0.109,False,False,Negara lain,Lower-Middle Income,2,World Average
GAB,Gabon,2017,6240.0,51.60490036,0.6837127359,123.4754972,2156900,2.157,False,False,Negara lain,Upper-Middle Income,3,World Average
GBR,United Kingdom,2017,42140.0,90.42455049,39.24894677,119.2067374,65964000,65.964,False,False,Negara lain,High Income,4,World Average
GEO,Georgia,2017,4130.0,59.7055046,20.46443066,145.0724902,3728004,3.728,False,False,Negara lain,Lower-Middle Income,2,World Average
GHA,Ghana,2017,1830.0,37.88420105,0.189313949,122.4717657,30008354,30.008,False,False,Negara lain,Lower-Middle Income,2,World Average
GIN,Guinea,2017,800.0,18.70000076,0.009099233234,94.46408948,12385659,12.386,False,False,Negara lain,Low Income,1,World Average
GMB,Gambia,2017,620.0,22.5156002,0.170780411,126.6336747,2342189,2.342,False,False,Negara lain,Low Income,1,World Average
GNB,Guinea-Bissau,2017,710.0,14.80000019,0.04544311566,76.4393694,1877072,1.877,False,False,Negara lain,Low Income,1,World Average
GNQ,Equatorial Guinea,2017,6630.0,26.23999977,0.1214160815,36.23364371,1562396,1.562,False,False,Negara lain,Upper-Middle Income,3,World Average
GRC,Greece,2017,17890.0,69.89297065,35.13513187,120.3056335,10754679,10.755,False,False,Negara lain,High Income,4,World Average
GRD,Grenada,2017,8400.0,54.20000076,19.26142172,98.04137286,115438,0.115,False,False,Negara lain,Upper-Middle Income,3,World Average
GTM,Guatemala,2017,3980.0,37.90000153,3.205097832,120.6377215,16567357,16.567,False,False,Negara lain,Lower-Middle Income,2,World Average
GUY,Guyana,2017,5870.0,42.6753006,8.443822147,83.69909913,768479,0.768,False,False,Negara lain,Upper-Middle Income,3,World Average
HKG,"Hong Kong SAR, China",2017,46380.0,89.41594465,35.70324938,247.0789969,7393200,7.393,False,False,Negara lain,High Income,4,World Average
HND,Honduras,2017,2210.0,31.73579247,2.485269036,85.87172878,9588137,9.588,False,False,Negara lain,Lower-Middle Income,2,World Average
HRV,Croatia,2017,13350.0,67.09619204,26.8650961,105.7947637,4041407,4.041,False,False,Negara lain,Upper-Middle Income,3,World Average
HTI,Haiti,2017,1370.0,27.20000076,0.2763974851,58.29178589,10817754,10.818,False,False,Negara lain,Lower-Middle Income,2,World Average
HUN,Hungary,2017,13310.0,76.75054712,30.21361788,101.6292607,9726756,9.727,False,False,Negara lain,Upper-Middle Income,3,World Average
IDN,Indonesia,2017,3490.0,32.33580625,2.325042343,162.7825118,267346658,267.347,True,True,Indonesia,Lower-Middle Income,2,Indonesia
IND,India,2017,1790.0,18.20000076,1.31327377,85.97035378,1359657400,1359.657,False,False,Negara lain,Lower-Middle Income,2,World Average
IRL,Ireland,2017,54410.0,84.11400706,29.07946159,101.8421246,4827445,4.827,False,False,Negara lain,High Income,4,World Average
IRN,Iran (Islamic Republic of),2017,5640.0,64.04397362,10.11440352,102.3759569,85026754,85.027,False,False,Negara lain,Upper-Middle Income,3,World Average
IRQ,Iraq,2017,4430.0,25.96920013,10.91052314,84.94646297,39337353,39.337,False,False,Negara lain,Lower-Middle Income,2,World Average
ISL,Iceland,2017,62770.0,98.25520119,39.18831197,116.7961552,343400,0.343,False,False,Negara lain,High Income,4,World Average
ISR,Israel,2017,38600.0,81.58118359,28.00833362,126.0494604,8713300,8.713,False,False,Negara lain,High Income,4,World Average
ITA,Italy,2017,31790.0,63.077347,27.4652917,138.8824331,60002252,60.002,False,False,Negara lain,High Income,4,World Average
JAM,Jamaica,2017,5300.0,55.07206705,8.492188976,109.7827091,2815764,2.816,False,False,Negara lain,Upper-Middle Income,3,World Average
JOR,Jordan,2017,4300.0,64.5,3.243283859,94.81212355,10234226,10.234,False,False,Negara lain,Lower-Middle Income,2,World Average
JPN,Japan,2017,39700.0,91.72654724,31.89907912,135.9858431,126972000,126.972,False,False,Negara lain,High Income,4,World Average
KAZ,Kazakhstan,2017,7780.0,76.42674823,13.81143861,143.1127962,18651931,18.652,False,False,Negara lain,Upper-Middle Income,3,World Average
KEN,Kenya,2017,1540.0,17.82710075,0.5860083159,87.02653084,49197766,49.198,False,False,Negara lain,Lower-Middle Income,2,World Average
KGZ,Kyrgyz Republic,2017,1090.0,50.80530167,4.148018938,136.1376494,6306696,6.307,False,False,Negara lain,Low Income,1,World Average
KHM,Cambodia,2017,1690.0,32.90027854,0.8313936864,115.5511924,16073372,16.073,False,True,ASEAN lain,Lower-Middle Income,2,World Average
KIR,Kiribati,2017,3130.0,25.30960083,0.09228850551,38.34795261,120275,0.12,False,False,Negara lain,Lower-Middle Income,2,World Average
KNA,Saint Kitts and Nevis,2017,20420.0,67.78440094,62.21466525,163.3963868,47050,0.047,False,False,Negara lain,High Income,4,World Average
KOR,Korea (Rep. of),2017,31940.0,95.06942188,41.16809782,123.6420661,51361911,51.362,False,False,Negara lain,High Income,4,World Average
KWT,Kuwait,2017,30650.0,97.99998933,2.833403736,171.8260951,4154812,4.155,False,False,Negara lain,High Income,4,World Average
LAO,Lao P.D.R.,2017,2240.0,25.51040077,0.3878089188,52.88878959,7018147,7.018,False,True,ASEAN lain,Lower-Middle Income,2,World Average
LBN,Lebanon,2017,8260.0,78.18080139,,71.41223364,6160128,6.16,False,False,Negara lain,Upper-Middle Income,3,World Average
LBR,Liberia,2017,620.0,16.29999924,0.1856081503,54.85751997,4848925,4.849,False,False,Negara lain,Low Income,1,World Average
LBY,Libya,2017,9760.0,47.5,4.718962066,89.33381018,6738770,6.739,False,False,Negara lain,Upper-Middle Income,3,World Average
LCA,Saint Lucia,2017,10260.0,59.16009903,18.04901838,100.1996121,176342,0.176,False,False,Negara lain,Upper-Middle Income,3,World Average
LKA,Sri Lanka,2017,4220.0,25.07550049,5.525762464,127.6697449,21453000,21.453,False,False,Negara lain,Lower-Middle Income,2,World Average
LSO,Lesotho,2017,1160.0,39.0,0.2234934704,110.3700785,2157110,2.157,False,False,Negara lain,Lower-Middle Income,2,World Average
LTU,Lithuania,2017,15260.0,77.61525651,28.23190647,154.1479857,2842639,2.843,False,False,Negara lain,High Income,4,World Average
LUX,Luxembourg,2017,75800.0,97.36296032,35.97683132,133.110923,596336,0.596,False,False,Negara lain,High Income,4,World Average
LVA,Latvia,2017,14360.0,80.114077,27.0886248,126.8469891,1942248,1.942,False,False,Negara lain,High Income,4,World Average
MAC,"Macao SAR, China",2017,66890.0,83.17408907,28.76789874,316.6015522,648400,0.648,False,False,Negara lain,High Income,4,World Average
MAR,Morocco,2017,3160.0,61.76221201,3.890006633,123.8943191,35446392,35.446,False,False,Negara lain,Lower-Middle Income,2,World Average
MDA,Moldova,2017,3300.0,71.76709747,18.29749644,117.3210434,2755189,2.755,False,False,Negara lain,Lower-Middle Income,2,World Average
MDG,Madagascar,2017,450.0,6.406000137,0.09355550682,32.5906256,26788375,26.788,False,False,Negara lain,Low Income,1,World Average
MDV,Maldives,2017,9400.0,64.95500183,7.971860428,196.4096734,458287,0.458,False,False,Negara lain,Upper-Middle Income,3,World Average
MEX,Mexico,2017,9270.0,53.03178861,13.77672135,92.64935186,123400057,123.4,False,False,Negara lain,Upper-Middle Income,3,World Average
MHL,Marshall Islands,2017,5310.0,38.70119858,2.149197275,34.3871564,46529,0.047,False,False,Negara lain,Upper-Middle Income,3,World Average
MKD,North Macedonia,2017,5390.0,74.51682418,20.41832592,103.4586906,1898657,1.899,False,False,Negara lain,Upper-Middle Income,3,World Average
MLI,Mali,2017,860.0,18.89999962,0.07772670191,111.2103052,19813011,19.813,False,False,Negara lain,Low Income,1,World Average
MLT,Malta,2017,26690.0,81.01191108,38.75127698,129.2490735,467106,0.467,False,False,Negara lain,High Income,4,World Average
MMR,Myanmar,2017,1230.0,23.62108195,0.2149862863,92.39179552,51894938,51.895,False,True,ASEAN lain,Lower-Middle Income,2,World Average
MNE,Montenegro,2017,7240.0,71.27233254,22.16140903,168.4648307,625982,0.626,False,False,Negara lain,Upper-Middle Income,3,World Average
MNG,Mongolia,2017,3200.0,23.71430016,9.18362022,125.183999,3148917,3.149,False,False,Negara lain,Lower-Middle Income,2,World Average
MOZ,Mozambique,2017,480.0,7.796326608,0.2188459133,42.16196941,28166393,28.166,False,False,Negara lain,Low Income,1,World Average
MRT,Mauritania,2017,1560.0,21.01720047,0.3001234978,96.75953546,4210600,4.211,False,False,Negara lain,Lower-Middle Income,2,World Average
MUS,Mauritius,2017,11020.0,55.4032403,19.06008964,142.5245321,1264887,1.265,False,False,Negara lain,Upper-Middle Income,3,World Average
MWI,Malawi,2017,480.0,7.0,0.05995660131,43.08550883,18039715,18.04,False,False,Negara lain,Low Income,1,World Average
MYS,Malaysia,2017,9560.0,80.14047901,8.307051468,130.8535228,32355644,32.356,False,True,ASEAN lain,Upper-Middle Income,3,World Average
NAM,Namibia,2017,4430.0,36.83739853,2.623967181,106.9147652,2506853,2.507,False,False,Negara lain,Lower-Middle Income,2,World Average
NER,Niger,2017,520.0,10.22431156,0.04035372066,40.95498643,21435446,21.435,False,False,Negara lain,Low Income,1,World Average
NGA,Nigeria,2017,2020.0,25.87789917,0.05534654965,72.36796818,200254579,200.255,False,False,Negara lain,Lower-Middle Income,2,World Average
NIC,Nicaragua,2017,2050.0,30.39999962,3.326730767,129.5056498,6316231,6.316,False,False,Negara lain,Lower-Middle Income,2,World Average
NLD,Netherlands,2017,46710.0,93.19727891,42.09889826,118.5767327,17131296,17.131,False,False,Negara lain,High Income,4,World Average
NOR,Norway,2017,76270.0,96.3576013,41.03282632,108.3926401,5276968,5.277,False,False,Negara lain,High Income,4,World Average
NPL,Nepal,2017,970.0,24.3,1.796441988,128.8638875,28011258,28.011,False,False,Negara lain,Low Income,1,World Average
NRU,Naoero,2017,11300.0,62.38510132,,88.30801837,11324,0.011,False,False,Negara lain,Upper-Middle Income,3,World Average
NZL,New Zealand,2017,38790.0,87.69999695,32.89178416,132.9800497,4813600,4.814,False,False,Negara lain,High Income,4,World Average
OMN,Oman,2017,16640.0,80.18560028,7.478169402,148.8216278,4537396,4.537,False,False,Negara lain,High Income,4,World Average
PAK,Pakistan,2017,1450.0,13.77999973,1.038186866,64.73017833,223273967,223.274,False,False,Negara lain,Lower-Middle Income,2,World Average
PAN,Panama,2017,14230.0,59.9506309,10.7634676,128.8258712,4098707,4.099,False,False,Negara lain,High Income,4,World Average
PER,Peru,2017,6090.0,50.45041218,7.375079877,124.2325202,31324637,31.325,False,False,Negara lain,Upper-Middle Income,3,World Average
PHL,Philippines,2017,3440.0,41.59999847,3.144007262,110.9621371,108119693,108.12,False,True,ASEAN lain,Lower-Middle Income,2,World Average
PNG,Papua New Guinea,2017,2310.0,11.20919991,0.1961059033,43.77519552,9178714,9.179,False,False,Negara lain,Lower-Middle Income,2,World Average
POL,Poland,2017,12780.0,75.98536595,19.95317261,131.9014719,37974826,37.975,False,False,Negara lain,Upper-Middle Income,3,World Average
PRI,Puerto Rico,2017,19500.0,68.74077314,19.57596873,100.5198296,3410837,3.411,False,False,Negara lain,High Income,4,World Average
PRT,Portugal,2017,20030.0,73.79121395,34.60160661,113.8736196,10300300,10.3,False,False,Negara lain,High Income,4,World Average
PRY,Paraguay,2017,5810.0,61.07575622,4.579264387,117.8210379,6338660,6.339,False,False,Negara lain,Upper-Middle Income,3,World Average
PSE,State of Palestine,2017,3930.0,63.29999924,7.587845262,84.25938323,4454805,4.455,False,False,Negara lain,Lower-Middle Income,2,World Average
PYF,French Polynesia,2017,22220.0,72.70389531,20.5950294,102.7677115,280087,0.28,False,False,Negara lain,High Income,4,World Average
QAT,Qatar,2017,60920.0,97.38884917,9.478669484,147.3583603,2545820,2.546,False,False,Negara lain,High Income,4,World Average
ROU,Romania,2017,10030.0,63.74728218,24.14894186,113.7667926,19588715,19.589,False,False,Negara lain,Upper-Middle Income,3,World Average
RUS,Russian Federation,2017,9160.0,76.00813853,21.27636367,155.4857652,145293260,145.293,False,False,Negara lain,Upper-Middle Income,3,World Average
RWA,Rwanda,2017,720.0,17.2,0.1784944509,72.27645988,12202060,12.202,False,False,Negara lain,Low Income,1,World Average
SAU,Saudi Arabia,2017,23130.0,94.17559961,21.61394358,130.6297182,30977355,30.977,False,False,Negara lain,High Income,4,World Average
SDN,Sudan,2017,1010.0,18.60000038,0.07151936403,67.05982534,42714306,42.714,False,False,Negara lain,Low Income,1,World Average
SEN,Senegal,2017,1270.0,29.64310074,0.72242317,101.831108,15475002,15.475,False,False,Negara lain,Lower-Middle Income,2,World Average
SGP,Singapore,2017,55360.0,84.45226789,26.33260993,149.5678683,5612253,5.612,False,True,ASEAN lain,High Income,4,World Average
SLB,Solomon Islands,2017,2020.0,15.14840031,0.1700521532,67.86495584,685672,0.686,False,False,Negara lain,Lower-Middle Income,2,World Average
SLE,Sierra Leone,2017,840.0,9.297100067,,89.77817541,7379299,7.379,False,False,Negara lain,Low Income,1,World Average
SLV,El Salvador,2017,3700.0,33.8207289,7.262583139,152.5387247,6213533,6.214,False,False,Negara lain,Lower-Middle Income,2,World Average
SMR,San Marino,2017,40010.0,60.18230057,30.54278899,110.5358078,33825,0.034,False,False,Negara lain,High Income,4,World Average
SRB,Serbia,2017,5810.0,70.33083553,21.14926578,123.1427546,7020858,7.021,False,False,Negara lain,Upper-Middle Income,3,World Average
STP,Sao Tome and Principe,2017,1440.0,32.61640167,0.7145963183,84.05227811,206970,0.207,False,False,Negara lain,Lower-Middle Income,2,World Average
SUR,Suriname,2017,5700.0,48.94520187,11.99518959,134.049785,593713,0.594,False,False,Negara lain,Upper-Middle Income,3,World Average
SVK,Slovak Republic,2017,16710.0,81.62566752,25.85907979,130.9445518,5439232,5.439,False,False,Negara lain,High Income,4,World Average
SVN,Slovenia,2017,22040.0,78.88542636,29.18042484,118.4619935,2066388,2.066,False,False,Negara lain,High Income,4,World Average
SWE,Sweden,2017,52240.0,93.00626697,38.3266046,124.4729049,10057698,10.058,False,False,Negara lain,High Income,4,World Average
SWZ,Eswatini,2017,3290.0,35.33160019,1.341915653,88.71304055,1158195,1.158,False,False,Negara lain,Lower-Middle Income,2,World Average
SYC,Seychelles,2017,16180.0,62.55310059,13.5385628,148.7916604,95843,0.096,False,False,Negara lain,High Income,4,World Average
SYR,Syrian Arab Republic,2017,720.0,32.70000076,7.402312487,80.03259146,19224668,19.225,False,False,Negara lain,Low Income,1,World Average
TCD,Chad,2017,830.0,6.351900101,0.002118703873,40.76488666,15622759,15.623,False,False,Negara lain,Low Income,1,World Average
TGO,Togo,2017,850.0,12.36022497,0.6273938395,75.33572707,7324386,7.324,False,False,Negara lain,Low Income,1,World Average
THA,Thailand,2017,5800.0,52.89192934,11.53453967,170.7836996,71160187,71.16,False,True,ASEAN lain,Upper-Middle Income,3,World Average
TJK,Tajikistan,2017,1000.0,21.95999908,0.06603605172,109.0035094,9085946,9.086,False,False,Negara lain,Low Income,1,World Average
TLS,Timor-Leste,2017,1780.0,24.20000076,0.2673158089,124.3604913,1251703,1.252,False,True,ASEAN lain,Lower-Middle Income,2,World Average
TON,Tonga,2017,4450.0,46.20080185,2.847488515,102.4507384,105356,0.105,False,False,Negara lain,Lower-Middle Income,2,World Average
TTO,Trinidad and Tobago,2017,16930.0,70.59999847,22.61017214,140.503134,1356633,1.357,False,False,Negara lain,High Income,4,World Average
TUN,Tunisia,2017,3700.0,55.50015506,6.881980496,123.034054,11650498,11.65,False,False,Negara lain,Lower-Middle Income,2,World Average
TUR,Turkiye,2017,11140.0,64.68461768,14.35288806,93.64075695,80312698,80.313,False,False,Negara lain,Upper-Middle Income,3,World Average
TUV,Tuvalu,2017,5320.0,35.20000076,4.140215291,73.6038274,10869,0.011,False,False,Negara lain,Upper-Middle Income,3,World Average
TZA,Tanzania,2017,960.0,14.46339989,1.37184,71.79116844,55652890,55.653,False,False,Negara lain,Low Income,1,World Average
UGA,Uganda,2017,760.0,7.417900085,,62.09681426,40177388,40.177,False,False,Negara lain,Low Income,1,World Average
UKR,Ukraine,2017,2330.0,58.88947945,12.35354321,131.3565115,45436041,45.436,False,False,Negara lain,Lower-Middle Income,2,World Average
URY,Uruguay,2017,16720.0,70.3223544,28.1333464,150.4400848,3388438,3.388,False,False,Negara lain,High Income,4,World Average
USA,United States,2017,58860.0,87.27488917,32.57028363,102.3805626,326608609,326.609,False,False,Negara lain,High Income,4,World Average
UZB,Uzbekistan,2017,2890.0,48.69999885,10.43461902,76.26048668,31819178,31.819,False,False,Negara lain,Lower-Middle Income,2,World Average
VCT,Saint Vincent and the Grenadines,2017,7730.0,53.70000076,18.24006511,109.6353501,105663,0.106,False,False,Negara lain,Upper-Middle Income,3,World Average
VNM,Viet Nam,2017,2680.0,58.14,11.84103168,126.0979123,95176977,95.177,False,True,ASEAN lain,Lower-Middle Income,2,World Average
XKX,Kosovo,2017,3950.0,83.89359681,,,1791019,1.791,False,False,Negara lain,Lower-Middle Income,2,World Average
ZAF,South Africa,2017,5850.0,56.16740036,1.94879126,153.5479505,57635162,57.635,False,False,Negara lain,Upper-Middle Income,3,World Average
ZMB,Zambia,2017,1260.0,12.19999981,0.2059018469,77.05001112,17441320,17.441,False,False,Negara lain,Lower-Middle Income,2,World Average
ZWE,Zimbabwe,2017,1680.0,24.39999962,1.264541621,95.1366827,14812482,14.812,False,False,Negara lain,Lower-Middle Income,2,World Average
AFG,Afghanistan,2018,520.0,16.79999924,0.04354294156,59.81093453,36743039,36.743,False,False,Negara lain,Low Income,1,World Average
AGO,Angola,2018,2300.0,29.0,0.350066963,42.45887845,31297155,31.297,False,False,Negara lain,Lower-Middle Income,2,World Average
ALB,Albania,2018,5400.0,65.40000153,12.50580897,93.80308621,2607733,2.608,False,False,Negara lain,Upper-Middle Income,3,World Average
ARE,United Arab Emirates,2018,44570.0,98.45000178,32.35912129,214.8421343,9346701,9.347,False,False,Negara lain,High Income,4,World Average
ARG,Argentina,2018,12390.0,77.7,18.97587592,131.2242657,44654882,44.655,False,False,Negara lain,Upper-Middle Income,3,World Average
ARM,Armenia,2018,4220.0,68.24505226,11.93993742,123.0000017,2969000,2.969,False,False,Negara lain,Lower-Middle Income,2,World Average
ATG,Antigua and Barbuda,2018,17460.0,70.81790161,,,90926,0.091,False,False,Negara lain,High Income,4,World Average
AUS,Australia,2018,53280.0,90.0082016,33.54862513,110.0331349,24963258,24.963,False,False,Negara lain,High Income,4,World Average
AUT,Austria,2018,48710.0,87.47913723,28.51503961,124.2302059,8840521,8.841,False,False,Negara lain,High Income,4,World Average
AZE,Azerbaijan,2018,4080.0,79.79999549,18.83420002,102.9872754,9939771,9.94,False,False,Negara lain,Lower-Middle Income,2,World Average
BDI,Burundi,2018,250.0,4.019499779,0.03318030201,53.27369423,11859446,11.859,False,False,Negara lain,Low Income,1,World Average
BEL,Belgium,2018,45980.0,88.647343,39.40069676,100.164027,11427054,11.427,False,False,Negara lain,High Income,4,World Average
BEN,Benin,2018,1120.0,19.0,0.2183093149,76.40803411,12383347,12.383,False,False,Negara lain,Low Income,1,World Average
BFA,Burkina Faso,2018,730.0,8.498900414,0.06760840243,94.62196149,20438288,20.438,False,False,Negara lain,Low Income,1,World Average
BGD,Bangladesh,2018,2020.0,25.56509972,4.924618511,98.92890609,163523103,163.523,False,False,Negara lain,Lower-Middle Income,2,World Average
BGR,Bulgaria,2018,8860.0,64.78201069,27.10341799,119.3945118,6710798,6.711,False,False,Negara lain,Upper-Middle Income,3,World Average
BHR,Bahrain,2018,24200.0,98.64467258,8.434415535,139.7354213,1503091,1.503,False,False,Negara lain,High Income,4,World Average
BHS,Bahamas,2018,30650.0,83.0,20.67850386,98.97890848,392717,0.393,False,False,Negara lain,High Income,4,World Average
BIH,Bosnia and Herzegovina,2018,5720.0,70.12013504,21.15045763,102.1865368,3387000,3.387,False,False,Negara lain,Upper-Middle Income,3,World Average
BLR,Belarus,2018,5730.0,79.12988669,33.77118704,122.5697574,9438785,9.439,False,False,Negara lain,Upper-Middle Income,3,World Average
BLZ,Belize,2018,5610.0,53.59360123,6.485090446,64.78015706,380226,0.38,False,False,Negara lain,Upper-Middle Income,3,World Average
BOL,Bolivia,2018,3730.0,44.2861422,4.380264865,99.45658672,11508368,11.508,False,False,Negara lain,Lower-Middle Income,2,World Average
BRA,Brazil,2018,9320.0,70.43428254,15.1537621,101.6024603,206107261,206.107,False,False,Negara lain,Upper-Middle Income,3,World Average
BRB,Barbados,2018,20240.0,70.72650146,31.82632672,117.3185233,280711,0.281,False,False,Negara lain,High Income,4,World Average
BRN,Brunei Darussalam,2018,28790.0,95.0,11.29531075,129.2681757,437810,0.438,False,True,ASEAN lain,High Income,4,World Average
BTN,Bhutan,2018,3150.0,63.48680115,1.421766639,92.6022594,759759,0.76,False,False,Negara lain,Lower-Middle Income,2,World Average
BWA,Botswana,2018,6680.0,46.12509918,1.741693963,147.0648386,2299141,2.299,False,False,Negara lain,Upper-Middle Income,3,World Average
CAF,Central African Rep.,2018,470.0,5.099999905,0.01246244612,26.22158106,4878657,4.879,False,False,Negara lain,Low Income,1,World Average
CAN,Canada,2018,45060.0,94.64,38.73335317,89.0494585,37072620,37.073,False,False,Negara lain,High Income,4,World Average
CHE,Switzerland,2018,84760.0,91.80000305,45.604992,126.6811439,8514329,8.514,False,False,Negara lain,High Income,4,World Average
CHL,Chile,2018,14460.0,84.90000153,17.20666456,133.2701342,18893191,18.893,False,False,Negara lain,High Income,4,World Average
CHN,China,2018,9720.0,65.35839844,28.70890971,116.2291255,1402760000,1402.76,False,False,Negara lain,Upper-Middle Income,3,World Average
CIV,Cote d'Ivoire,2018,2010.0,37.54653613,0.6405363089,123.0980084,27464173,27.464,False,False,Negara lain,Lower-Middle Income,2,World Average
CMR,Cameroon,2018,1520.0,29.70000076,1.595609485,74.39954467,24806383,24.806,False,False,Negara lain,Lower-Middle Income,2,World Average
COD,"Congo, Dem. Rep.",2018,460.0,11.69999981,0.005130617299,40.50144832,90047644,90.048,False,False,Negara lain,Low Income,1,World Average
COG,Congo (Rep. of the),2018,2070.0,11.8071003,,91.18899137,5483118,5.483,False,False,Negara lain,Lower-Middle Income,2,World Average
COL,Colombia,2018,6350.0,64.12637682,13.62287788,131.5954738,49024465,49.024,False,False,Negara lain,Upper-Middle Income,3,World Average
CPV,Cabo Verde,2018,4040.0,59.5,3.049579775,118.8761528,513415,0.513,False,False,Negara lain,Lower-Middle Income,2,World Average
CRI,Costa Rica,2018,12100.0,73.47972844,16.83772982,171.3573391,4957818,4.958,False,False,Negara lain,Upper-Middle Income,3,World Average
CUB,Cuba,2018,8710.0,62.67892362,0.880350594,47.86015432,11227118,11.227,False,False,Negara lain,Upper-Middle Income,3,World Average
CYP,Cyprus,2018,27120.0,84.43358252,35.23556504,134.8436306,1270737,1.271,False,False,Negara lain,High Income,4,World Average
CZE,Czech Republic,2018,20700.0,80.68816754,30.55127735,120.4316795,10629928,10.63,False,False,Negara lain,High Income,4,World Average
DEU,Germany,2018,48770.0,87.03711209,40.96514985,128.9455772,82905782,82.906,False,False,Negara lain,High Income,4,World Average
DJI,Djibouti,2018,2600.0,57.06169891,2.379739561,36.85452317,1071882,1.072,False,False,Negara lain,Lower-Middle Income,2,World Average
DNK,Denmark,2018,61090.0,97.31920437,43.76908929,124.5501244,5793636,5.794,False,False,Negara lain,High Income,4,World Average
DOM,Dominican Rep.,2018,7600.0,74.82204836,7.982023461,82.89374018,10782053,10.782,False,False,Negara lain,Upper-Middle Income,3,World Average
DZA,Algeria,2018,4450.0,49.03846808,7.215667509,110.9380665,42505035,42.505,False,False,Negara lain,Lower-Middle Income,2,World Average
ECU,Ecuador,2018,6120.0,57.5,11.45841001,92.51177172,17049547,17.05,False,False,Negara lain,Upper-Middle Income,3,World Average
EGY,Egypt,2018,2710.0,46.92433677,6.268252974,88.74208813,105682094,105.682,False,False,Negara lain,Lower-Middle Income,2,World Average
ESP,Spain,2018,29530.0,86.10723553,32.22774444,115.0090669,46782011,46.782,False,False,Negara lain,High Income,4,World Average
EST,Estonia,2018,21600.0,89.35700777,33.37251743,145.5434902,1321977,1.322,False,False,Negara lain,High Income,4,World Average
ETH,Ethiopia,2018,730.0,15.88619995,,,112664152,112.664,False,False,Negara lain,Low Income,1,World Average
FIN,Finland,2018,47900.0,88.88996,31.49171752,129.6291193,5515525,5.516,False,False,Negara lain,High Income,4,World Average
FJI,Fiji,2018,5690.0,58.2364006,2.082143091,110.6653002,917180,0.917,False,False,Negara lain,Upper-Middle Income,3,World Average
FRA,France,2018,40960.0,82.04318678,44.4142292,107.4824347,67158348,67.158,False,False,Negara lain,High Income,4,World Average
FSM,Micronesia,2018,3420.0,36.61460114,,,109909,0.11,False,False,Negara lain,Lower-Middle Income,2,World Average
GAB,Gabon,2018,6690.0,55.42020035,0.9531179514,132.4653147,2212318,2.212,False,False,Negara lain,Upper-Middle Income,3,World Average
GBR,United Kingdom,2018,42540.0,90.69200899,39.82939958,118.1843819,66287000,66.287,False,False,Negara lain,High Income,4,World Average
GEO,Georgia,2018,4580.0,62.7179082,22.59114064,143.8581277,3726549,3.727,False,False,Negara lain,Upper-Middle Income,3,World Average
GHA,Ghana,2018,2060.0,43.0,0.1999765974,133.6099924,30637585,30.638,False,False,Negara lain,Lower-Middle Income,2,World Average
GIN,Guinea,2018,860.0,21.83002304,0.00954759211,94.55500743,12704774,12.705,False,False,Negara lain,Low Income,1,World Average
GMB,Gambia,2018,680.0,28.30900002,0.1847366596,132.5783704,2399632,2.4,False,False,Negara lain,Low Income,1,World Average
GNB,Guinea-Bissau,2018,750.0,15.69999981,0.06263760504,77.02193565,1922168,1.922,False,False,Negara lain,Low Income,1,World Average
GNQ,Equatorial Guinea,2018,6270.0,29.39999962,0.1002213531,36.57603027,1616422,1.616,False,False,Negara lain,Upper-Middle Income,3,World Average
GRC,Greece,2018,19060.0,72.23837339,36.92033916,113.4184506,10732882,10.733,False,False,Negara lain,High Income,4,World Average
GRD,Grenada,2018,9220.0,61.42459869,23.32679292,102.6190456,115691,0.116,False,False,Negara lain,Upper-Middle Income,3,World Average
GTM,Guatemala,2018,4270.0,41.5,,121.5000755,16845685,16.846,False,False,Negara lain,Lower-Middle Income,2,World Average
GUY,Guyana,2018,6100.0,48.59889984,,,791556,0.792,False,False,Negara lain,Upper-Middle Income,3,World Average
HKG,"Hong Kong SAR, China",2018,50050.0,90.50739533,36.33527653,266.3400924,7452600,7.453,False,False,Negara lain,High Income,4,World Average
HND,Honduras,2018,2280.0,36.04006082,3.633931068,77.71009533,9765210,9.765,False,False,Negara lain,Lower-Middle Income,2,World Average
HRV,Croatia,2018,14670.0,75.29462599,28.015602,109.0340354,3988775,3.989,False,False,Negara lain,High Income,4,World Average
HTI,Haiti,2018,1430.0,32.47362713,0.2836979841,60.23225652,10962362,10.962,False,False,Negara lain,Lower-Middle Income,2,World Average
HUN,Hungary,2018,15180.0,76.07436064,31.50629082,102.7372029,9706964,9.707,False,False,Negara lain,High Income,4,World Average
IDN,Indonesia,2018,3810.0,39.90463864,3.287295913,118.3302169,269951846,269.952,True,True,Indonesia,Lower-Middle Income,2,Indonesia
IND,India,2018,1970.0,20.08130004,1.321782286,85.55007564,1374659064,1374.659,False,False,Negara lain,Lower-Middle Income,2,World Average
IRL,Ireland,2018,59110.0,87.00014011,29.35133018,102.0304949,4898022,4.898,False,False,Negara lain,High Income,4,World Average
IRN,Iran (Islamic Republic of),2018,5390.0,70.200565,11.38757429,103.0242737,86117998,86.118,False,False,Negara lain,Upper-Middle Income,3,World Average
IRQ,Iraq,2018,4820.0,33.92810059,11.1567326,90.715974,40265624,40.266,False,False,Negara lain,Upper-Middle Income,3,World Average
ISL,Iceland,2018,72840.0,99.01095399,39.10654265,116.5810789,352721,0.353,False,False,Negara lain,High Income,4,World Average
ISR,Israel,2018,41960.0,83.73315696,28.61317073,125.7334402,8882800,8.883,False,False,Negara lain,High Income,4,World Average
ITA,Italy,2018,34270.0,74.38718292,28.4648522,138.2646715,59877221,59.877,False,False,Negara lain,High Income,4,World Average
JAM,Jamaica,2018,5610.0,68.21451709,10.09738318,105.1373056,2820097,2.82,False,False,Negara lain,Upper-Middle Income,3,World Average
JOR,Jordan,2018,4480.0,65.2,3.819387428,83.45922973,10462306,10.462,False,False,Negara lain,Upper-Middle Income,3,World Average
JPN,Japan,2018,42720.0,88.74635089,32.69653365,141.7287289,126811000,126.811,False,False,Negara lain,High Income,4,World Average
KAZ,Kazakhstan,2018,7800.0,78.90391906,13.00024027,137.6748315,18932727,18.933,False,False,Negara lain,Upper-Middle Income,3,World Average
KEN,Kenya,2018,1720.0,19.5,0.7399311018,98.59446791,50207107,50.207,False,False,Negara lain,Lower-Middle Income,2,World Average
KGZ,Kyrgyz Republic,2018,1200.0,62.8,3.951791088,137.7422761,6444079,6.444,False,False,Negara lain,Lower-Middle Income,2,World Average
KHM,Cambodia,2018,1920.0,65.0,1.02122815,119.3099435,16274522,16.275,False,True,ASEAN lain,Lower-Middle Income,2,World Average
KIR,Kiribati,2018,3280.0,32.9864006,0.07126240949,43.68959077,122084,0.122,False,False,Negara lain,Lower-Middle Income,2,World Average
KNA,Saint Kitts and Nevis,2018,21930.0,68.60479736,34.84726004,152.3017359,47008,0.047,False,False,Negara lain,High Income,4,World Average
KOR,Korea (Rep. of),2018,34610.0,96.02285958,41.21899594,128.4946345,51585058,51.585,False,False,Negara lain,High Income,4,World Average
KWT,Kuwait,2018,32340.0,99.59884959,2.401381139,164.2195806,4323515,4.324,False,False,Negara lain,High Income,4,World Average
LAO,Lao P.D.R.,2018,2460.0,36.27130127,0.6366261717,51.37924915,7128045,7.128,False,True,ASEAN lain,Lower-Middle Income,2,World Average
LBN,Lebanon,2018,8700.0,80.90000153,,73.93210262,5984119,5.984,False,False,Negara lain,Upper-Middle Income,3,World Average
LBR,Liberia,2018,620.0,17.27770042,,,4944726,4.945,False,False,Negara lain,Low Income,1,World Average
LBY,Libya,2018,11000.0,47.5,,,6849055,6.849,False,False,Negara lain,Upper-Middle Income,3,World Average
LCA,Saint Lucia,2018,11060.0,60.11259842,18.22706294,104.478101,177017,0.177,False,False,Negara lain,Upper-Middle Income,3,World Average
LKA,Sri Lanka,2018,4350.0,28.33620071,6.939760082,136.0842287,21670000,21.67,False,False,Negara lain,Lower-Middle Income,2,World Average
LSO,Lesotho,2018,1250.0,40.79999924,0.2639216011,72.4555242,2183603,2.184,False,False,Negara lain,Lower-Middle Income,2,World Average
LTU,Lithuania,2018,17550.0,79.72258277,28.14448499,134.3336148,2819200,2.819,False,False,Negara lain,High Income,4,World Average
LUX,Luxembourg,2018,80120.0,97.06129871,36.88532004,131.3268684,607950,0.608,False,False,Negara lain,High Income,4,World Average
LVA,Latvia,2018,16010.0,83.57717486,27.28772954,107.3974314,1927174,1.927,False,False,Negara lain,High Income,4,World Average
MAC,"Macao SAR, China",2018,72780.0,83.79408961,29.30558676,331.099986,658900,0.659,False,False,Negara lain,High Income,4,World Average
MAR,Morocco,2018,3380.0,64.80386519,4.332057469,124.827524,35839760,35.84,False,False,Negara lain,Lower-Middle Income,2,World Average
MDA,Moldova,2018,3850.0,72.54239655,19.75839732,115.3199993,2707203,2.707,False,False,Negara lain,Lower-Middle Income,2,World Average
MDG,Madagascar,2018,480.0,7.747799873,0.09896735129,38.75155001,27494926,27.495,False,False,Negara lain,Low Income,1,World Average
MDV,Maldives,2018,10220.0,70.93689728,10.01798778,181.3434397,473099,0.473,False,False,Negara lain,Upper-Middle Income,3,World Average
MEX,Mexico,2018,9560.0,56.6595668,14.73739512,96.46122046,124573711,124.574,False,False,Negara lain,Upper-Middle Income,3,World Average
MHL,Marshall Islands,2018,6040.0,43.88249969,2.208236723,,45285,0.045,False,False,Negara lain,Upper-Middle Income,3,World Average
MKD,North Macedonia,2018,6050.0,79.16775519,22.29294983,102.5722915,1889051,1.889,False,False,Negara lain,Upper-Middle Income,3,World Average
MLI,Mali,2018,930.0,21.39999962,0.5915948661,107.4040347,20442030,20.442,False,False,Negara lain,Low Income,1,World Average
MLT,Malta,2018,29030.0,81.65804429,39.58927517,127.0937638,483903,0.484,False,False,Negara lain,High Income,4,World Average
MMR,Myanmar,2018,1310.0,29.37899971,0.2468805292,116.9721363,52272247,52.272,False,True,ASEAN lain,Lower-Middle Income,2,World Average
MNE,Montenegro,2018,8250.0,71.51710049,25.82499046,184.2190989,626438,0.626,False,False,Negara lain,Upper-Middle Income,3,World Average
MNG,Mongolia,2018,3650.0,47.13000188,9.666553651,133.2838654,3208189,3.208,False,False,Negara lain,Lower-Middle Income,2,World Average
MOZ,Mozambique,2018,470.0,10.89999962,0.2417135687,48.50070872,29018644,29.019,False,False,Negara lain,Low Income,1,World Average
MRT,Mauritania,2018,1680.0,22.96699905,0.3048630779,105.2750949,4337685,4.338,False,False,Negara lain,Lower-Middle Income,2,World Average
MUS,Mauritius,2018,12190.0,58.5961697,21.31385525,148.8167978,1265577,1.266,False,False,Negara lain,Upper-Middle Income,3,World Average
MWI,Malawi,2018,490.0,8.798299789,0.06130154548,38.1955692,18528081,18.528,False,False,Negara lain,Low Income,1,World Average
MYS,Malaysia,2018,10200.0,81.20104862,8.191798193,128.8731504,32910967,32.911,False,True,ASEAN lain,Upper-Middle Income,3,World Average
NAM,Namibia,2018,4670.0,42.8207016,2.438650586,107.0602605,2577327,2.577,False,False,Negara lain,Upper-Middle Income,3,World Average
NER,Niger,2018,580.0,10.74180031,,,22188069,22.188,False,False,Negara lain,Low Income,1,World Average
NGA,Nigeria,2018,1950.0,27.74370003,0.03609127029,84.28401109,204938755,204.939,False,False,Negara lain,Lower-Middle Income,2,World Average
NIC,Nicaragua,2018,1990.0,33.9129982,3.006415545,116.272406,6400080,6.4,False,False,Negara lain,Lower-Middle Income,2,World Average
NLD,Netherlands,2018,51290.0,91.89189189,42.51524572,121.1621649,17231624,17.232,False,False,Negara lain,High Income,4,World Average
NOR,Norway,2018,81200.0,96.49165799,41.52793655,107.7025433,5311916,5.312,False,False,Negara lain,High Income,4,World Average
NPL,Nepal,2018,1120.0,28.60000038,2.820405169,139.5259435,28079689,28.08,False,False,Negara lain,Low Income,1,World Average
NZL,New Zealand,2018,41570.0,89.0,33.61939273,128.936896,4900600,4.901,False,False,Negara lain,High Income,4,World Average
OMN,Oman,2018,17250.0,85.5,9.171272567,139.9674164,4597877,4.598,False,False,Negara lain,High Income,4,World Average
PAK,Pakistan,2018,1560.0,15.34000015,0.9528707345,67.8567659,226928892,226.929,False,False,Negara lain,Lower-Middle Income,2,World Average
PAN,Panama,2018,14910.0,61.80553132,12.96156781,137.297558,4167860,4.168,False,False,Negara lain,High Income,4,World Average
PER,Peru,2018,6500.0,55.05433424,8.095108394,132.1566267,31897584,31.898,False,False,Negara lain,Upper-Middle Income,3,World Average
PHL,Philippines,2018,3610.0,44.09999847,3.46090446,122.9604569,109465287,109.465,False,True,ASEAN lain,Lower-Middle Income,2,World Average
PNG,Papua New Guinea,2018,2310.0,12.35789967,,45.77139869,9394513,9.395,False,False,Negara lain,Lower-Middle Income,2,World Average
POL,Poland,2018,14310.0,77.54173454,20.53138627,126.2661917,37974750,37.975,False,False,Negara lain,High Income,4,World Average
PRI,Puerto Rico,2018,20380.0,70.85639974,18.51107637,101.2224063,3290690,3.291,False,False,Negara lain,High Income,4,World Average
PRT,Portugal,2018,22040.0,74.66096815,36.65428194,114.8585235,10283822,10.284,False,False,Negara lain,High Income,4,World Average
PRY,Paraguay,2018,6060.0,64.99354302,4.989589852,115.7499585,6427382,6.427,False,False,Negara lain,Upper-Middle Income,3,World Average
PSE,State of Palestine,2018,4190.0,64.39999371,7.506011637,90.20552543,4569087,4.569,False,False,Negara lain,Lower-Middle Income,2,World Average
QAT,Qatar,2018,63410.0,99.65284913,9.702724452,142.9110853,2580734,2.581,False,False,Negara lain,High Income,4,World Average
ROU,Romania,2018,11490.0,70.68127793,25.97021758,115.492131,19473970,19.474,False,False,Negara lain,Upper-Middle Income,3,World Average
RUS,Russian Federation,2018,10180.0,80.86472187,21.89629723,156.682906,145398106,145.398,False,False,Negara lain,Upper-Middle Income,3,World Average
RWA,Rwanda,2018,760.0,19.16659927,0.06006568228,77.67946915,12487996,12.488,False,False,Negara lain,Low Income,1,World Average
SAU,Saudi Arabia,2018,26570.0,93.31000185,22.46614792,136.0461696,30196281,30.196,False,False,Negara lain,High Income,4,World Average
SEN,Senegal,2018,1390.0,35.29999924,0.8157341815,104.0556981,15914498,15.914,False,False,Negara lain,Lower-Middle Income,2,World Average
SGP,Singapore,2018,56440.0,88.16563603,26.50873594,152.073817,5638676,5.639,False,True,ASEAN lain,High Income,4,World Average
SLB,Solomon Islands,2018,2150.0,20.8593998,0.2098431676,67.97748135,709101,0.709,False,False,Negara lain,Lower-Middle Income,2,World Average
SLE,Sierra Leone,2018,830.0,14.42230034,,84.12334373,7554563,7.555,False,False,Negara lain,Low Income,1,World Average
SLV,El Salvador,2018,3940.0,43.79999924,7.914473874,151.6686129,6219807,6.22,False,False,Negara lain,Lower-Middle Income,2,World Average
SRB,Serbia,2018,6700.0,73.36070915,22.28909538,121.0748239,6982604,6.983,False,False,Negara lain,Upper-Middle Income,3,World Average
STP,Sao Tome and Principe,2018,1660.0,37.99380112,0.7407689343,77.36444214,210187,0.21,False,False,Negara lain,Lower-Middle Income,2,World Average
SUR,Suriname,2018,5730.0,55.10210037,12.20590713,125.4801814,599513,0.6,False,False,Negara lain,Upper-Middle Income,3,World Average
SVK,Slovak Republic,2018,18460.0,80.44892248,27.69538392,133.0404804,5446771,5.447,False,False,Negara lain,High Income,4,World Average
SVN,Slovenia,2018,24510.0,79.7499766,29.60863134,119.1534013,2073894,2.074,False,False,Negara lain,High Income,4,World Average
SWE,Sweden,2018,54930.0,89.24696316,38.74133757,124.0862845,10175214,10.175,False,False,Negara lain,High Income,4,World Average
SWZ,Eswatini,2018,3460.0,39.38100052,1.87102895,89.2003706,1168929,1.169,False,False,Negara lain,Lower-Middle Income,2,World Average
SYC,Seychelles,2018,17620.0,69.23660278,17.11491655,155.5511127,96762,0.097,False,False,Negara lain,High Income,4,World Average
SYR,Syrian Arab Republic,2018,810.0,33.77000046,6.786691794,87.49520695,19577845,19.578,False,False,Negara lain,Low Income,1,World Average
TCD,Chad,2018,890.0,6.956299782,0.002067275457,43.22790579,16156531,16.157,False,False,Negara lain,Low Income,1,World Average
TGO,Togo,2018,920.0,15.5,0.3167054496,74.39971143,7458206,7.458,False,False,Negara lain,Low Income,1,World Average
THA,Thailand,2018,6430.0,56.81748093,12.87406107,175.2660019,71376079,71.376,False,True,ASEAN lain,Upper-Middle Income,3,World Average
TJK,Tajikistan,2018,1000.0,32.59999847,,107.4421642,9307333,9.307,False,False,Negara lain,Low Income,1,World Average
TLS,Timor-Leste,2018,1790.0,27.60000038,0.005486069693,115.0893563,1275959,1.276,False,True,ASEAN lain,Lower-Middle Income,2,World Average
TON,Tonga,2018,4650.0,48.80789948,2.386162342,102.245967,105567,0.106,False,False,Negara lain,Upper-Middle Income,3,World Average
TTO,Trinidad and Tobago,2018,16800.0,72.76029968,23.27071141,134.1428667,1359193,1.359,False,False,Negara lain,High Income,4,World Average
TUN,Tunisia,2018,3700.0,64.19081023,8.618501495,125.5329261,11765514,11.766,False,False,Negara lain,Lower-Middle Income,2,World Average
TUR,Turkiye,2018,10760.0,71.04276084,15.88233383,94.90858181,81407204,81.407,False,False,Negara lain,Upper-Middle Income,3,World Average
TZA,Tanzania,2018,1010.0,15.49069977,1.49944,75.73019341,57437145,57.437,False,False,Negara lain,Low Income,1,World Average
UGA,Uganda,2018,770.0,9.326299667,,58.87536087,41565831,41.566,False,False,Negara lain,Low Income,1,World Average
UKR,Ukraine,2018,2720.0,62.55315539,12.80325605,127.753861,45208907,45.209,False,False,Negara lain,Lower-Middle Income,2,World Average
URY,Uruguay,2018,17700.0,80.72684288,28.79305377,131.3633329,3394534,3.395,False,False,Negara lain,High Income,4,World Average
USA,United States,2018,63040.0,88.49890317,33.05591773,103.9353074,328529577,328.53,False,False,Negara lain,High Income,4,World Average
UZB,Uzbekistan,2018,2490.0,55.20000067,12.73729833,71.74436862,32373490,32.373,False,False,Negara lain,Lower-Middle Income,2,World Average
VCT,Saint Vincent and the Grenadines,2018,8370.0,56.0,23.45748432,107.1640966,104926,0.105,False,False,Negara lain,Upper-Middle Income,3,World Average
VNM,Viet Nam,2018,3020.0,69.84792868,13.50250728,146.1378408,96237319,96.237,False,True,ASEAN lain,Lower-Middle Income,2,World Average
XKX,Kosovo,2018,4300.0,89.44303197,,,1797086,1.797,False,False,Negara lain,Lower-Middle Income,2,World Average
ZAF,South Africa,2018,6250.0,62.40000153,1.88868166,157.6919052,58613001,58.613,False,False,Negara lain,Upper-Middle Income,3,World Average
ZMB,Zambia,2018,1390.0,14.2999971,0.4018567487,86.0723321,17973569,17.974,False,False,Negara lain,Lower-Middle Income,2,World Average
ZWE,Zimbabwe,2018,2140.0,25.0,1.350604598,85.86273713,15034452,15.034,False,False,Negara lain,Lower-Middle Income,2,World Average
AFG,Afghanistan,2019,520.0,17.60000038,0.05199423364,59.64708059,37856121,37.856,False,False,Negara lain,Low Income,1,World Average
AGO,Angola,2019,2460.0,32.12939835,0.3677704268,45.80653128,32375632,32.376,False,False,Negara lain,Lower-Middle Income,2,World Average
ALB,Albania,2019,5900.0,68.55039112,15.11925435,91.16349683,2567801,2.568,False,False,Negara lain,Upper-Middle Income,3,World Average
AND,Andorra,2019,46450.0,90.71869659,47.54295578,114.9527944,76474,0.076,False,False,Negara lain,High Income,4,World Average
ARE,United Arab Emirates,2019,46690.0,99.14999796,32.48034437,209.0332141,9445785,9.446,False,False,Negara lain,High Income,4,World Average
ARG,Argentina,2019,11210.0,79.94695203,19.55193134,125.3026579,44973465,44.973,False,False,Negara lain,Upper-Middle Income,3,World Average
ARM,Armenia,2019,4650.0,66.54394969,13.28194624,124.6137015,2962500,2.962,False,False,Negara lain,Upper-Middle Income,3,World Average
ATG,Antigua and Barbuda,2019,18250.0,71.09259796,8.756184055,201.3922333,91364,0.091,False,False,Negara lain,High Income,4,World Average
AUS,Australia,2019,55090.0,93.60990143,34.54341637,109.7528309,25334826,25.335,False,False,Negara lain,High Income,4,World Average
AUT,Austria,2019,50900.0,87.75220479,28.363193,120.7763739,8879920,8.88,False,False,Negara lain,High Income,4,World Average
AZE,Azerbaijan,2019,4510.0,81.09999907,19.21782112,106.3283377,10024283,10.024,False,False,Negara lain,Upper-Middle Income,3,World Average
BDI,Burundi,2019,250.0,6.072199821,0.03174943551,53.2995505,12255336,12.255,False,False,Negara lain,Low Income,1,World Average
BEL,Belgium,2019,48070.0,90.27542801,39.95178501,100.1649607,11488980,11.489,False,False,Negara lain,High Income,4,World Average
BEN,Benin,2019,1170.0,20.50099945,0.1998545584,81.32353455,12726755,12.727,False,False,Negara lain,Lower-Middle Income,2,World Average
BFA,Burkina Faso,2019,750.0,9.27180601,0.05731813526,97.14986467,20961952,20.962,False,False,Negara lain,Low Income,1,World Average
BGD,Bangladesh,2019,2220.0,30.38310051,4.902886554,100.3995712,164913055,164.913,False,False,Negara lain,Lower-Middle Income,2,World Average
BGR,Bulgaria,2019,9920.0,67.94698094,28.88367793,116.6169759,6616726,6.617,False,False,Negara lain,Upper-Middle Income,3,World Average
BHR,Bahrain,2019,25800.0,99.70150438,9.490129033,129.1427437,1483756,1.484,False,False,Negara lain,High Income,4,World Average
BHS,Bahamas,2019,31630.0,90.69329834,20.85133338,107.8119972,394675,0.395,False,False,Negara lain,High Income,4,World Average
BIH,Bosnia and Herzegovina,2019,6180.0,69.94634763,22.29501248,112.2547887,3345533,3.346,False,False,Negara lain,Upper-Middle Income,3,World Average
BLR,Belarus,2019,6370.0,82.78915209,34.07235015,123.229811,9419758,9.42,False,False,Negara lain,Upper-Middle Income,3,World Average
BLZ,Belize,2019,5850.0,58.76520157,7.671792426,66.07046127,385829,0.386,False,False,Negara lain,Upper-Middle Income,3,World Average
BOL,Bolivia,2019,4170.0,47.47481911,6.399171444,100.1494595,11671386,11.671,False,False,Negara lain,Lower-Middle Income,2,World Average
BRA,Brazil,2019,9410.0,73.91243991,15.86219912,97.37473768,207455459,207.455,False,False,Negara lain,Upper-Middle Income,3,World Average
BRB,Barbados,2019,20800.0,70.30709839,37.98020675,117.111594,281207,0.281,False,False,Negara lain,High Income,4,World Average
BRN,Brunei Darussalam,2019,31550.0,95.0,12.24247764,129.8452607,442680,0.443,False,True,ASEAN lain,High Income,4,World Average
BTN,Bhutan,2019,3370.0,74.17939758,1.147192034,95.34729559,764824,0.765,False,False,Negara lain,Lower-Middle Income,2,World Average
BWA,Botswana,2019,7100.0,48.82279968,2.103012629,160.6615202,2332083,2.332,False,False,Negara lain,Upper-Middle Income,3,World Average
CAF,Central African Rep.,2019,500.0,7.509200096,0.01009160712,32.26268595,4944703,4.945,False,False,Negara lain,Low Income,1,World Average
CAN,Canada,2019,46580.0,91.91290283,40.07675687,90.958921,37618495,37.618,False,False,Negara lain,High Income,4,World Average
CHE,Switzerland,2019,84160.0,93.14608695,46.91237238,126.9206358,8575280,8.575,False,False,Negara lain,High Income,4,World Average
CHL,Chile,2019,14700.0,85.01760101,17.8649533,130.4927704,19197744,19.198,False,False,Negara lain,High Income,4,World Average
CHN,China,2019,10510.0,64.0808813,31.56112224,122.6703919,1407745000,1407.745,False,False,Negara lain,Upper-Middle Income,3,World Average
CIV,Cote d'Ivoire,2019,2120.0,36.28895457,0.7687118463,132.5740115,28193009,28.193,False,False,Negara lain,Lower-Middle Income,2,World Average
CMR,Cameroon,2019,1560.0,36.53919983,1.571894875,83.90440011,25506095,25.506,False,False,Negara lain,Lower-Middle Income,2,World Average
COD,"Congo, Dem. Rep.",2019,460.0,13.02970028,0.01280293437,39.93999964,92947442,92.947,False,False,Negara lain,Low Income,1,World Average
COG,Congo (Rep. of the),2019,2180.0,16.11639977,,91.06542125,5616661,5.617,False,False,Negara lain,Lower-Middle Income,2,World Average
COL,Colombia,2019,6630.0,65.00690072,13.92533079,132.8107616,49907985,49.908,False,False,Negara lain,Upper-Middle Income,3,World Average
COM,Comoros,2019,1530.0,16.38380051,0.1624759401,73.12917473,786578,0.787,False,False,Negara lain,Lower-Middle Income,2,World Average
CPV,Cabo Verde,2019,4420.0,61.94339776,3.939280768,115.8678011,514104,0.514,False,False,Negara lain,Lower-Middle Income,2,World Average
CRI,Costa Rica,2019,12310.0,81.20259644,18.09629781,144.5140796,4999553,5.0,False,False,Negara lain,Upper-Middle Income,3,World Average
CUB,Cuba,2019,9010.0,67.97080866,1.631121235,53.93833853,11202846,11.203,False,False,Negara lain,Upper-Middle Income,3,World Average
CYP,Cyprus,2019,28380.0,86.06362996,36.18849734,137.7605275,1286671,1.287,False,False,Negara lain,High Income,4,World Average
CZE,Czech Republic,2019,22440.0,80.86694441,35.43020642,124.1261502,10671870,10.672,False,False,Negara lain,High Income,4,World Average
DEU,Germany,2019,50350.0,88.13451691,42.11555747,128.2922981,83092962,83.093,False,False,Negara lain,High Income,4,World Average
DJI,Djibouti,2019,2780.0,58.4762001,2.24265621,38.01438217,1088709,1.089,False,False,Negara lain,Lower-Middle Income,2,World Average
DMA,Dominica,2019,9350.0,73.38200378,22.39982322,115.1031232,67880,0.068,False,False,Negara lain,Upper-Middle Income,3,World Average
DNK,Denmark,2019,63020.0,98.04643475,43.62295167,124.5733598,5814422,5.814,False,False,Negara lain,High Income,4,World Average
DOM,Dominican Rep.,2019,7940.0,79.71549988,8.535701576,82.13761411,10894043,10.894,False,False,Negara lain,Upper-Middle Income,3,World Average
DZA,Algeria,2019,4480.0,55.79069901,8.275266358,104.922068,43294546,43.295,False,False,Negara lain,Upper-Middle Income,3,World Average
ECU,Ecuador,2019,6100.0,59.2,12.06721722,91.42491811,17340021,17.34,False,False,Negara lain,Upper-Middle Income,3,World Average
EGY,Egypt,2019,2640.0,57.2828664,7.04130696,88.64478159,107553158,107.553,False,False,Negara lain,Lower-Middle Income,2,World Average
ESP,Spain,2019,30560.0,90.71866533,32.92200237,116.6961213,47118501,47.119,False,False,Negara lain,High Income,4,World Average
EST,Estonia,2019,23490.0,90.2289282,33.85081043,147.0469287,1326898,1.327,False,False,Negara lain,High Income,4,World Average
ETH,Ethiopia,2019,790.0,15.98460007,0.1373799855,36.21993077,115737383,115.737,False,False,Negara lain,Low Income,1,World Average
FIN,Finland,2019,49590.0,89.60738511,32.54397738,129.487723,5521606,5.522,False,False,Negara lain,High Income,4,World Average
FJI,Fiji,2019,5570.0,63.21789932,2.344958296,112.580733,914899,0.915,False,False,Negara lain,Upper-Middle Income,3,World Average
FRA,France,2019,42720.0,83.33974409,45.27650228,109.6007804,67382061,67.382,False,False,Negara lain,High Income,4,World Average
FSM,Micronesia,2019,3850.0,37.97370148,4.53383145,20.85562467,110282,0.11,False,False,Negara lain,Lower-Middle Income,2,World Average
GAB,Gabon,2019,7040.0,59.51760101,1.07496298,131.9752649,2267706,2.268,False,False,Negara lain,Upper-Middle Income,3,World Average
GBR,United Kingdom,2019,43640.0,92.51662855,40.02276946,120.2501088,66628000,66.628,False,False,Negara lain,High Income,4,World Average
GEO,Georgia,2019,4780.0,68.84671356,24.68060606,141.7554143,3720161,3.72,False,False,Negara lain,Upper-Middle Income,3,World Average
GHA,Ghana,2019,2170.0,22.0732,0.1872040147,130.7052333,31258945,31.259,False,False,Negara lain,Lower-Middle Income,2,World Average
GIN,Guinea,2019,970.0,23.89049911,0.009590047709,98.76214733,13034346,13.034,False,False,Negara lain,Low Income,1,World Average
GMB,Gambia,2019,720.0,31.11829948,0.203513125,105.2046447,2456844,2.457,False,False,Negara lain,Low Income,1,World Average
GNB,Guinea-Bissau,2019,850.0,17.92149925,0.06235719339,80.82452777,1967696,1.968,False,False,Negara lain,Low Income,1,World Average
GNQ,Equatorial Guinea,2019,5570.0,49.13370132,0.05987389361,36.94219235,1670177,1.67,False,False,Negara lain,Upper-Middle Income,3,World Average
GRC,Greece,2019,19770.0,75.67120669,38.35656901,110.8550334,10721582,10.722,False,False,Negara lain,High Income,4,World Average
GRD,Grenada,2019,9400.0,64.31279755,27.4070753,100.1750287,115981,0.116,False,False,Negara lain,Upper-Middle Income,3,World Average
GTM,Guatemala,2019,4490.0,44.40104984,3.420291967,122.0437934,17103803,17.104,False,False,Negara lain,Upper-Middle Income,3,World Average
GUY,Guyana,2019,6380.0,55.31269836,10.27653792,96.3270663,807665,0.808,False,False,Negara lain,Upper-Middle Income,3,World Average
HKG,"Hong Kong SAR, China",2019,50480.0,91.74340039,37.46807461,286.6186478,7507900,7.508,False,False,Negara lain,High Income,4,World Average
HND,Honduras,2019,2330.0,39.38835219,3.925899116,76.02683044,9943633,9.944,False,False,Negara lain,Lower-Middle Income,2,World Average
HRV,Croatia,2019,15770.0,79.07978368,28.96829518,110.4938021,3949390,3.949,False,False,Negara lain,High Income,4,World Average
HTI,Haiti,2019,1410.0,35.76409912,0.2800499191,61.62340886,11105163,11.105,False,False,Negara lain,Lower-Middle Income,2,World Average
HUN,Hungary,2019,16840.0,80.37169361,32.64663299,105.1415579,9694824,9.695,False,False,Negara lain,High Income,4,World Average
IDN,Indonesia,2019,4020.0,47.69064898,3.774225609,125.2443481,272489381,272.489,True,True,Indonesia,Lower-Middle Income,2,Indonesia
IND,India,2019,2070.0,29.52350044,1.379131818,82.89814492,1389030312,1389.03,False,False,Negara lain,Lower-Middle Income,2,World Average
IRL,Ireland,2019,62460.0,87.00005524,29.64531607,104.5975152,4976456,4.976,False,False,Negara lain,High Income,4,World Average
IRN,Iran (Islamic Republic of),2019,4710.0,72.45090477,9.909269035,135.6222676,87051648,87.052,False,False,Negara lain,Upper-Middle Income,3,World Average
IRQ,Iraq,2019,5520.0,44.32634655,11.06776577,90.36852901,41192171,41.192,False,False,Negara lain,Upper-Middle Income,3,World Average
ISL,Iceland,2019,75560.0,99.50494117,38.60299418,114.6232326,360563,0.361,False,False,Negara lain,High Income,4,World Average
ISR,Israel,2019,44110.0,86.78787762,28.65676524,135.1433455,9054000,9.054,False,False,Negara lain,High Income,4,World Average
ITA,Italy,2019,35030.0,67.85071029,29.05446447,132.1812344,59729081,59.729,False,False,Negara lain,High Income,4,World Average
JAM,Jamaica,2019,5930.0,70.84101697,11.2602368,107.1053045,2823271,2.823,False,False,Negara lain,Upper-Middle Income,3,World Average
JOR,Jordan,2019,4580.0,70.08470154,4.286925344,72.89026846,10671891,10.672,False,False,Negara lain,Upper-Middle Income,3,World Average
JPN,Japan,2019,42960.0,92.73039781,33.54592125,147.2099108,126633000,126.633,False,False,Negara lain,High Income,4,World Average
KAZ,Kazakhstan,2019,8500.0,81.87762047,13.07994901,133.8797281,19209555,19.21,False,False,Negara lain,Upper-Middle Income,3,World Average
KEN,Kenya,2019,1880.0,22.66877336,0.9592888299,106.5478221,51202827,51.203,False,False,Negara lain,Lower-Middle Income,2,World Average
KGZ,Kyrgyz Republic,2019,1240.0,64.1,4.143664147,132.7766943,6590211,6.59,False,False,Negara lain,Lower-Middle Income,2,World Average
KHM,Cambodia,2019,2100.0,52.30587822,1.118716092,129.9574415,16481304,16.481,False,True,ASEAN lain,Lower-Middle Income,2,World Average
KIR,Kiribati,2019,3610.0,41.79299927,0.08473140146,44.10713277,123921,0.124,False,False,Negara lain,Lower-Middle Income,2,World Average
KNA,Saint Kitts and Nevis,2019,23670.0,69.43499756,43.40390186,138.9163401,46952,0.047,False,False,Negara lain,High Income,4,World Average
KOR,Korea (Rep. of),2019,35790.0,96.15757918,42.03735075,133.0797905,51764822,51.765,False,False,Negara lain,High Income,4,World Average
KWT,Kuwait,2019,35680.0,99.54267645,1.904351769,164.9416482,4442316,4.442,False,False,Negara lain,High Income,4,World Average
LAO,Lao P.D.R.,2019,2520.0,47.03229904,1.05393529,64.06685829,7237636,7.238,False,True,ASEAN lain,Lower-Middle Income,2,World Average
LBN,Lebanon,2019,8630.0,81.48120117,7.248135072,73.13647859,5794594,5.795,False,False,Negara lain,Upper-Middle Income,3,World Average
LBR,Liberia,2019,600.0,19.89579964,0.2180929516,38.40418612,5043721,5.044,False,False,Negara lain,Low Income,1,World Average
LBY,Libya,2019,10100.0,71.40409851,4.574859593,164.0044005,6951033,6.951,False,False,Negara lain,Upper-Middle Income,3,World Average
LCA,Saint Lucia,2019,11060.0,61.08050156,8.884898768,83.18651814,177661,0.178,False,False,Negara lain,Upper-Middle Income,3,World Average
LKA,Sri Lanka,2019,4220.0,32.02090073,7.435412568,126.5144518,21803000,21.803,False,False,Negara lain,Lower-Middle Income,2,World Average
LSO,Lesotho,2019,1290.0,42.30173357,0.2090155494,76.11248277,2209405,2.209,False,False,Negara lain,Lower-Middle Income,2,World Average
LTU,Lithuania,2019,19200.0,81.58186838,28.27916272,132.528842,2811089,2.811,False,False,Negara lain,High Income,4,World Average
LUX,Luxembourg,2019,79280.0,97.12063569,37.36114538,131.8701696,620001,0.62,False,False,Negara lain,High Income,4,World Average
LVA,Latvia,2019,17010.0,86.13545644,26.58589755,108.221911,1913822,1.914,False,False,Negara lain,High Income,4,World Average
MAC,"Macao SAR, China",2019,71600.0,86.46792571,29.8074143,416.2605406,672000,0.672,False,False,Negara lain,High Income,4,World Average
MAR,Morocco,2019,3510.0,84.12036305,4.836502536,128.874799,36210898,36.211,False,False,Negara lain,Lower-Middle Income,2,World Average
MDA,Moldova,2019,4490.0,73.32610321,21.54270341,116.1051892,2664224,2.664,False,False,Negara lain,Upper-Middle Income,3,World Average
MDG,Madagascar,2019,500.0,9.379400253,0.1063092634,46.07797841,28219554,28.22,False,False,Negara lain,Low Income,1,World Average
MDV,Maldives,2019,10730.0,77.46970367,10.901296,169.7743223,487731,0.488,False,False,Negara lain,Upper-Middle Income,3,World Average
MEX,Mexico,2019,9860.0,69.63210927,15.38851552,97.03586068,125762982,125.763,False,False,Negara lain,Upper-Middle Income,3,World Average
MHL,Marshall Islands,2019,6770.0,49.75749969,2.27236576,36.35785216,44007,0.044,False,False,Negara lain,Upper-Middle Income,3,World Average
MKD,North Macedonia,2019,6520.0,81.41288276,23.94025003,101.2316344,1876262,1.876,False,False,Negara lain,Upper-Middle Income,3,World Average
MLI,Mali,2019,960.0,24.96030045,0.6764726613,108.8145116,21068405,21.068,False,False,Negara lain,Low Income,1,World Average
MLT,Malta,2019,29830.0,85.77859638,40.17995496,125.8664921,503912,0.504,False,False,Negara lain,High Income,4,World Average
MMR,Myanmar,2019,1380.0,36.54050064,0.922960523,155.6694169,52640713,52.641,False,True,ASEAN lain,Lower-Middle Income,2,World Average
MNE,Montenegro,2019,8970.0,73.47666575,29.22848543,188.1739574,626753,0.627,False,False,Negara lain,Upper-Middle Income,3,World Average
MNG,Mongolia,2019,3800.0,51.07999408,9.836382577,136.7191989,3267673,3.268,False,False,Negara lain,Lower-Middle Income,2,World Average
MOZ,Mozambique,2019,500.0,12.47929955,0.2341524234,49.43506942,29884380,29.884,False,False,Negara lain,Low Income,1,World Average
MRT,Mauritania,2019,1720.0,25.0977993,0.2420704307,105.4410897,4467708,4.468,False,False,Negara lain,Lower-Middle Income,2,World Average
MUS,Mauritius,2019,12710.0,61.72995515,23.88301057,145.1172771,1265985,1.266,False,False,Negara lain,Upper-Middle Income,3,World Average
MWI,Malawi,2019,540.0,11.05860043,0.05969803454,46.78410083,19025752,19.026,False,False,Negara lain,Low Income,1,World Average
MYS,Malaysia,2019,10750.0,84.18714501,8.864973579,133.3729219,33440596,33.441,False,True,ASEAN lain,Upper-Middle Income,3,World Average
NAM,Namibia,2019,4870.0,49.77590179,2.60177914,106.5331595,2650494,2.65,False,False,Negara lain,Upper-Middle Income,3,World Average
NER,Niger,2019,600.0,11.28549957,0.04793496811,52.81126168,22947757,22.948,False,False,Negara lain,Low Income,1,World Average
NGA,Nigeria,2019,2260.0,29.74410057,0.0397927035,88.11690105,209485641,209.486,False,False,Negara lain,Lower-Middle Income,2,World Average
NIC,Nicaragua,2019,1930.0,39.01079941,3.356408274,89.27727053,6483657,6.484,False,False,Negara lain,Lower-Middle Income,2,World Average
NLD,Netherlands,2019,52940.0,93.2885906,42.52926599,124.0883325,17344874,17.345,False,False,Negara lain,High Income,4,World Average
NOR,Norway,2019,82500.0,98.00000439,42.27223514,108.0052658,5347896,5.348,False,False,Negara lain,High Income,4,World Average
NPL,Nepal,2019,1240.0,33.33660126,3.628484824,136.1860802,28414064,28.414,False,False,Negara lain,Lower-Middle Income,2,World Average
NRU,Naoero,2019,15840.0,74.73789978,,86.30361612,11587,0.012,False,False,Negara lain,High Income,4,World Average
NZL,New Zealand,2019,43090.0,89.86370087,34.0227879,120.4753354,4970300,4.97,False,False,Negara lain,High Income,4,World Average
OMN,Oman,2019,17860.0,90.25939941,10.24420698,138.2321115,4591241,4.591,False,False,Negara lain,High Income,4,World Average
PAK,Pakistan,2019,1520.0,17.07090172,0.8815143307,71.66603238,230800899,230.801,False,False,Negara lain,Lower-Middle Income,2,World Average
PAN,Panama,2019,15640.0,63.62841477,12.64861738,137.570005,4234700,4.235,False,False,Negara lain,High Income,4,World Average
PER,Peru,2019,6850.0,59.9505036,7.387785802,122.7903508,32449303,32.449,False,False,Negara lain,Upper-Middle Income,3,World Average
PHL,Philippines,2019,3760.0,43.02661187,5.697307035,151.0066429,110804683,110.805,False,True,ASEAN lain,Lower-Middle Income,2,World Average
PNG,Papua New Guinea,2019,2420.0,13.62419987,0.2081379872,47.19528859,9609010,9.609,False,False,Negara lain,Lower-Middle Income,2,World Average
POL,Poland,2019,15510.0,80.43590688,20.50432057,126.5973149,37965475,37.965,False,False,Negara lain,High Income,4,World Average
PRI,Puerto Rico,2019,21310.0,77.73643937,18.55041989,102.5529284,3302691,3.303,False,False,Negara lain,High Income,4,World Average
PRT,Portugal,2019,23250.0,75.34637794,38.36057519,115.1455645,10286263,10.286,False,False,Negara lain,High Income,4,World Average
PRY,Paraguay,2019,5950.0,68.51762842,6.326666624,119.1370514,6515058,6.515,False,False,Negara lain,Upper-Middle Income,3,World Average
PSE,State of Palestine,2019,4200.0,70.6225837,7.359783677,86.73721723,4685306,4.685,False,False,Negara lain,Lower-Middle Income,2,World Average
QAT,Qatar,2019,65700.0,99.65280421,10.17466183,140.0172128,2638657,2.639,False,False,Negara lain,High Income,4,World Average
ROU,Romania,2019,12660.0,73.65747575,27.06055757,116.2523456,19371648,19.372,False,False,Negara lain,Upper-Middle Income,3,World Average
RUS,Russian Federation,2019,11190.0,82.64216187,22.42334421,163.6463024,145453291,145.453,False,False,Negara lain,Upper-Middle Income,3,World Average
RWA,Rwanda,2019,820.0,21.3579998,0.0695438977,75.59854519,12776103,12.776,False,False,Negara lain,Low Income,1,World Average
SAU,Saudi Arabia,2019,29140.0,95.7247356,22.32137035,135.5261548,30063799,30.064,False,False,Negara lain,High Income,4,World Average
SEN,Senegal,2019,1430.0,43.37969971,0.9297849033,109.3418901,16352922,16.353,False,False,Negara lain,Lower-Middle Income,2,World Average
SGP,Singapore,2019,58510.0,88.94925269,26.52761774,159.3473783,5703569,5.704,False,True,ASEAN lain,High Income,4,World Average
SLB,Solomon Islands,2019,2210.0,22.48880005,0.1435149771,65.66201605,728147,0.728,False,False,Negara lain,Lower-Middle Income,2,World Average
SLE,Sierra Leone,2019,850.0,15.71370029,0.002224524059,87.03843551,7731991,7.732,False,False,Negara lain,Low Income,1,World Average
SLV,El Salvador,2019,4130.0,50.49119407,8.438784389,167.0886316,6222318,6.222,False,False,Negara lain,Lower-Middle Income,2,World Average
SMR,San Marino,2019,43770.0,67.85070038,31.97702941,111.8229302,34663,0.035,False,False,Negara lain,High Income,4,World Average
SOM,Somalia,2019,520.0,2.731400013,0.6113166819,51.31941166,16030971,16.031,False,False,Negara lain,Low Income,1,World Average
SRB,Serbia,2019,7380.0,77.41677362,23.44245929,122.0477413,6945235,6.945,False,False,Negara lain,Upper-Middle Income,3,World Average
STP,Sao Tome and Principe,2019,1810.0,44.25790024,0.7694758941,77.679107,213392,0.213,False,False,Negara lain,Lower-Middle Income,2,World Average
SUR,Suriname,2019,6000.0,62.03350067,13.27405872,134.3491238,605768,0.606,False,False,Negara lain,Upper-Middle Income,3,World Average
SVK,Slovak Republic,2019,19230.0,82.8536605,29.1811069,135.7556728,5454147,5.454,False,False,Negara lain,High Income,4,World Average
SVN,Slovenia,2019,25900.0,83.1083578,30.13954332,120.5688767,2088385,2.088,False,False,Negara lain,High Income,4,World Average
SWE,Sweden,2019,56100.0,94.49344341,39.29055245,125.4567291,10278887,10.279,False,False,Negara lain,High Income,4,World Average
SWZ,Eswatini,2019,3680.0,43.93389893,2.043692801,91.05192588,1179874,1.18,False,False,Negara lain,Lower-Middle Income,2,World Average
SYC,Seychelles,2019,18700.0,76.63420105,22.92732682,164.6170846,97625,0.098,False,False,Negara lain,High Income,4,World Average
TCD,Chad,2019,930.0,7.618199825,0.0004075462462,45.93788767,16685223,16.685,False,False,Negara lain,Low Income,1,World Average
TGO,Togo,2019,950.0,20.72730064,0.3769200484,73.72247275,7619925,7.62,False,False,Negara lain,Low Income,1,World Average
THA,Thailand,2019,7070.0,66.65241946,14.13380596,181.2218742,71522271,71.522,False,True,ASEAN lain,Upper-Middle Income,3,World Average
TJK,Tajikistan,2019,1050.0,22.68630028,0.06295930122,115.3729195,9529966,9.53,False,False,Negara lain,Low Income,1,World Average
TLS,Timor-Leste,2019,2180.0,28.00460052,0.006841180834,109.5554385,1300945,1.301,False,True,ASEAN lain,Lower-Middle Income,2,World Average
TON,Tonga,2019,4980.0,51.56299973,3.504339021,58.77220377,105669,0.106,False,False,Negara lain,Upper-Middle Income,3,World Average
TTO,Trinidad and Tobago,2019,17240.0,74.98670197,22.8528097,145.7157885,1363985,1.364,False,False,Negara lain,High Income,4,World Average
TUN,Tunisia,2019,3590.0,66.6999983,10.05419668,124.3869242,11875081,11.875,False,False,Negara lain,Lower-Middle Income,2,World Average
TUR,Turkiye,2019,9970.0,73.97670229,16.67334367,94.64981308,82579440,82.579,False,False,Negara lain,Upper-Middle Income,3,World Average
TZA,Tanzania,2019,1050.0,16.59090042,1.75692,80.58355697,59174891,59.175,False,False,Negara lain,Low Income,1,World Average
UGA,Uganda,2019,810.0,11.72579956,0.07527970527,59.05980788,42999637,43.0,False,False,Negara lain,Low Income,1,World Average
UKR,Ukraine,2019,3270.0,70.1248443,16.15913118,130.6294363,44957458,44.957,False,False,Negara lain,Lower-Middle Income,2,World Average
URY,Uruguay,2019,18390.0,83.35153377,29.80125432,133.2367245,3397206,3.397,False,False,Negara lain,High Income,4,World Average
USA,United States,2019,65840.0,89.43028486,33.83521636,105.3207405,330226227,330.226,False,False,Negara lain,High Income,4,World Average
UZB,Uzbekistan,2019,2240.0,70.39999865,10.55543019,101.2598294,32964701,32.965,False,False,Negara lain,Lower-Middle Income,2,World Average
VCT,Saint Vincent and the Grenadines,2019,8700.0,59.57630157,20.84633329,92.51778394,104167,0.104,False,False,Negara lain,Upper-Middle Income,3,World Average
VEN,Venezuela,2019,2370.0,49.05009842,8.85037434,63.84744429,28938098,28.938,False,False,Negara lain,Lower-Middle Income,2,World Average
VNM,Viet Nam,2019,3290.0,68.66158021,15.23289576,140.1925618,97173776,97.174,False,True,ASEAN lain,Lower-Middle Income,2,World Average
ZAF,South Africa,2019,6570.0,69.69689941,2.098339285,162.7385483,59587885,59.588,False,False,Negara lain,Upper-Middle Income,3,World Average
ZMB,Zambia,2019,1380.0,14.47189999,0.4801327267,93.01478208,18513839,18.514,False,False,Negara lain,Lower-Middle Income,2,World Average
ZWE,Zimbabwe,2019,2430.0,26.5883007,1.338609612,86.40942972,15271368,15.271,False,False,Negara lain,Lower-Middle Income,2,World Average
AFG,Afghanistan,2020,490.0,17.04850006,0.06800792004,58.04611377,39068979,39.069,False,False,Negara lain,Low Income,1,World Average
AGO,Angola,2020,2000.0,33.32089996,0.3632642387,43.78043171,33451132,33.451,False,False,Negara lain,Lower-Middle Income,2,World Average
ALB,Albania,2020,5970.0,72.23767711,17.72093146,91.18809006,2528480,2.528,False,False,Negara lain,Upper-Middle Income,3,World Average
AND,Andorra,2020,42450.0,93.20570374,48.65598346,103.8769708,77380,0.077,False,False,Negara lain,High Income,4,World Average
ARE,United Arab Emirates,2020,41310.0,100.0,34.34529033,194.4677497,9401038,9.401,False,False,Negara lain,High Income,4,World Average
ARG,Argentina,2020,9040.0,85.51438646,21.17978716,121.1806125,45191965,45.192,False,False,Negara lain,Upper-Middle Income,3,World Average
ARM,Armenia,2020,4230.0,76.50770055,14.88838047,120.6823707,2961500,2.962,False,False,Negara lain,Lower-Middle Income,2,World Average
ATG,Antigua and Barbuda,2020,15460.0,71.36840057,8.710232345,200.3353439,91846,0.092,False,False,Negara lain,High Income,4,World Average
AUS,Australia,2020,53770.0,94.6934967,35.34684927,104.9301558,25649248,25.649,False,False,Negara lain,High Income,4,World Average
AUT,Austria,2020,49000.0,87.52942813,29.21064563,120.1318066,8916864,8.917,False,False,Negara lain,High Income,4,World Average
AZE,Azerbaijan,2020,4480.0,84.59999573,19.59857509,101.5966835,10093121,10.093,False,False,Negara lain,Upper-Middle Income,3,World Average
BDI,Burundi,2020,240.0,6.430099964,0.03352609916,52.55712197,12617036,12.617,False,False,Negara lain,Low Income,1,World Average
BEL,Belgium,2020,46330.0,91.52641629,41.02396971,99.91006149,11538604,11.539,False,False,Negara lain,High Income,4,World Average
BEN,Benin,2020,1190.0,22.12059975,0.2293849452,85.2390738,13070169,13.07,False,False,Negara lain,Lower-Middle Income,2,World Average
BFA,Burkina Faso,2020,780.0,12.97319984,0.06508311261,102.9728442,21478690,21.479,False,False,Negara lain,Low Income,1,World Average
BGD,Bangladesh,2020,2320.0,36.10910034,6.045062207,106.0021405,166298024,166.298,False,False,Negara lain,Lower-Middle Income,2,World Average
BGR,Bulgaria,2020,10090.0,70.16248359,30.50428548,114.5967378,6550696,6.551,False,False,Negara lain,Upper-Middle Income,3,World Average
BHR,Bahrain,2020,23870.0,99.67103159,10.1824113,119.4116017,1472204,1.472,False,False,Negara lain,High Income,4,World Average
BHS,Bahamas,2020,25180.0,92.4437027,20.96684964,117.7174932,395863,0.396,False,False,Negara lain,High Income,4,World Average
BIH,Bosnia and Herzegovina,2020,6160.0,73.21175294,23.35078829,106.3747424,3299349,3.299,False,False,Negara lain,Upper-Middle Income,3,World Average
BLR,Belarus,2020,6410.0,85.08791245,34.81522293,125.164732,9379952,9.38,False,False,Negara lain,Upper-Middle Income,3,World Average
BLZ,Belize,2020,5170.0,64.43589783,9.211590228,67.55166167,390812,0.391,False,False,Negara lain,Upper-Middle Income,3,World Average
BOL,Bolivia,2020,3620.0,59.94010155,7.886716475,99.89881773,11816299,11.816,False,False,Negara lain,Lower-Middle Income,2,World Average
BRA,Brazil,2020,8080.0,81.34269353,17.41805969,98.64561986,208660842,208.661,False,False,Negara lain,Upper-Middle Income,3,World Average
BRB,Barbados,2020,18290.0,69.89009857,45.43873226,104.7220783,281698,0.282,False,False,Negara lain,High Income,4,World Average
BRN,Brunei Darussalam,2020,30810.0,96.30549622,15.88676006,119.9338853,447404,0.447,False,True,ASEAN lain,High Income,4,World Average
BTN,Bhutan,2020,3040.0,76.85079956,0.414152617,96.77028491,770006,0.77,False,False,Negara lain,Lower-Middle Income,2,World Average
BWA,Botswana,2020,6600.0,51.67819977,3.586044007,161.8588153,2365894,2.366,False,False,Negara lain,Upper-Middle Income,3,World Average
CAN,Canada,2020,43900.0,92.3,40.79498056,84.77477491,38028638,38.029,False,False,Negara lain,High Income,4,World Average
CHE,Switzerland,2020,83150.0,94.34999847,46.48137128,127.3763735,8638167,8.638,False,False,Negara lain,High Income,4,World Average
CHL,Chile,2020,12960.0,87.45929718,19.43058726,129.4137401,19370624,19.371,False,False,Negara lain,Upper-Middle Income,3,World Average
CHN,China,2020,10740.0,70.05275998,33.90697946,120.4967154,1411100000,1411.1,False,False,Negara lain,Upper-Middle Income,3,World Average
CIV,Cote d'Ivoire,2020,2120.0,36.01660156,0.9039112621,138.6637503,28915449,28.915,False,False,Negara lain,Lower-Middle Income,2,World Average
CMR,Cameroon,2020,1540.0,37.69749832,2.756824177,85.27216399,26210558,26.211,False,False,Negara lain,Lower-Middle Income,2,World Average
COD,"Congo, Dem. Rep.",2020,480.0,14.51049995,0.03229503141,42.50275742,95989998,95.99,False,False,Negara lain,Low Income,1,World Average
COG,Congo (Rep. of the),2020,2230.0,21.99850082,,97.656129,5752791,5.753,False,False,Negara lain,Lower-Middle Income,2,World Average
COL,Colombia,2020,5850.0,69.79533474,15.33630745,133.6610192,50629997,50.63,False,False,Negara lain,Upper-Middle Income,3,World Average
COM,Comoros,2020,1530.0,22.42040062,0.1480995758,97.43393799,802163,0.802,False,False,Negara lain,Lower-Middle Income,2,World Average
CPV,Cabo Verde,2020,3510.0,69.37339783,4.826114918,105.8385907,514679,0.515,False,False,Negara lain,Lower-Middle Income,2,World Average
CRI,Costa Rica,2020,11780.0,80.53018608,19.71914777,142.4815268,5034320,5.034,False,False,Negara lain,Upper-Middle Income,3,World Average
CYP,Cyprus,2020,26780.0,90.80194644,36.3127392,135.5888464,1302247,1.302,False,False,Negara lain,High Income,4,World Average
CZE,Czech Republic,2020,22190.0,81.33889705,36.44908986,123.2194602,10697858,10.698,False,False,Negara lain,High Income,4,World Average
DEU,Germany,2020,48540.0,89.81294133,43.30486966,128.4247988,83160871,83.161,False,False,Negara lain,High Income,4,World Average
DJI,Djibouti,2020,2780.0,59.92570114,2.266854146,39.27250386,1105188,1.105,False,False,Negara lain,Lower-Middle Income,2,World Average
DMA,Dominica,2020,8230.0,75.65670013,27.06110429,110.4094831,67573,0.068,False,False,Negara lain,Upper-Middle Income,3,World Average
DNK,Denmark,2020,62710.0,96.54914573,44.41856597,124.3700195,5831404,5.831,False,False,Negara lain,High Income,4,World Average
DOM,Dominican Rep.,2020,7080.0,81.61730194,9.373454575,81.66190057,11008300,11.008,False,False,Negara lain,Upper-Middle Income,3,World Average
DZA,Algeria,2020,4020.0,63.47269821,8.606446501,103.4366715,44042091,44.042,False,False,Negara lain,Lower-Middle Income,2,World Average
ECU,Ecuador,2020,5410.0,70.7,13.51469404,88.25549204,17546065,17.546,False,False,Negara lain,Upper-Middle Income,3,World Average
EGY,Egypt,2020,2960.0,71.91420096,8.539630802,87.23168717,109315124,109.315,False,False,Negara lain,Lower-Middle Income,2,World Average
ESP,Spain,2020,27410.0,93.20564892,33.95275902,116.7120415,47359424,47.359,False,False,Negara lain,High Income,4,World Average
EST,Estonia,2020,23580.0,89.05828666,34.27003262,144.8322101,1329522,1.33,False,False,Negara lain,High Income,4,World Average
ETH,Ethiopia,2020,820.0,16.06959915,0.1782745981,37.42084723,118917671,118.918,False,False,Negara lain,Low Income,1,World Average
FIN,Finland,2020,49630.0,92.17027106,33.38389746,128.7612946,5529543,5.53,False,False,Negara lain,High Income,4,World Average
FJI,Fiji,2020,4560.0,68.62560272,2.520539082,108.3650377,914963,0.915,False,False,Negara lain,Upper-Middle Income,3,World Average
FRA,France,2020,39690.0,84.70639801,46.47124084,110.3872153,67601110,67.601,False,False,Negara lain,High Income,4,World Average
FSM,Micronesia,2020,4070.0,39.38330078,5.40949908,19.83482996,110916,0.111,False,False,Negara lain,Lower-Middle Income,2,World Average
GAB,Gabon,2020,6820.0,63.91790009,1.920613604,131.3015626,2322539,2.323,False,False,Negara lain,Upper-Middle Income,3,World Average
GBR,United Kingdom,2020,39350.0,94.81820132,40.57752465,117.3048507,66740000,66.74,False,False,Negara lain,High Income,4,World Average
GEO,Georgia,2020,4330.0,72.53157487,25.51204291,134.3660079,3722716,3.723,False,False,Negara lain,Lower-Middle Income,2,World Average
GHA,Ghana,2020,2120.0,62.51760101,0.2457710406,126.8873914,31887809,31.888,False,False,Negara lain,Lower-Middle Income,2,World Average
GIN,Guinea,2020,1030.0,26.14550018,0.007478769829,107.776552,13371183,13.371,False,False,Negara lain,Low Income,1,World Average
GMB,Gambia,2020,720.0,36.01100159,0.1987492313,106.4482598,2515733,2.516,False,False,Negara lain,Low Income,1,World Average
GNB,Guinea-Bissau,2020,860.0,20.45730019,0.1183655324,95.06287082,2013255,2.013,False,False,Negara lain,Low Income,1,World Average
GNQ,Equatorial Guinea,2020,6140.0,55.00130081,0.1073716492,43.34954103,1716468,1.716,False,False,Negara lain,Upper-Middle Income,3,World Average
GRC,Greece,2020,18030.0,78.11584474,39.78763607,106.6697952,10698599,10.699,False,False,Negara lain,High Income,4,World Average
GRD,Grenada,2020,8390.0,65.65380096,27.46409262,102.0792326,116341,0.116,False,False,Negara lain,Upper-Middle Income,3,World Average
GTM,Guatemala,2020,4360.0,47.51229858,3.525888926,117.4758841,17357325,17.357,False,False,Negara lain,Lower-Middle Income,2,World Average
GUY,Guyana,2020,8090.0,62.95399857,11.76498271,106.0086863,807481,0.807,False,False,Negara lain,Upper-Middle Income,3,World Average
HKG,"Hong Kong SAR, China",2020,48550.0,92.41313602,38.52463908,291.916275,7481000,7.481,False,False,Negara lain,High Income,4,World Average
HND,Honduras,2020,2120.0,45.24829865,3.922234388,68.78361286,10119640,10.12,False,False,Negara lain,Lower-Middle Income,2,World Average
HRV,Croatia,2020,15060.0,78.32090004,26.07445501,110.6662994,3914206,3.914,False,False,Negara lain,High Income,4,World Average
HTI,Haiti,2020,1340.0,39.38809967,0.275706324,65.09337373,11243848,11.244,False,False,Negara lain,Lower-Middle Income,2,World Average
HUN,Hungary,2020,16330.0,84.77115202,33.49220372,105.9819024,9670419,9.67,False,False,Negara lain,High Income,4,World Average
IDN,Indonesia,2020,3850.0,53.72649449,3.929937691,129.4036211,274814866,274.815,True,True,Indonesia,Lower-Middle Income,2,Indonesia
IND,India,2020,1900.0,43.40544313,1.636226328,82.25404799,1402617695,1402.618,False,False,Negara lain,Lower-Middle Income,2,World Average
IRL,Ireland,2020,64420.0,91.99989097,30.43533846,105.0456127,5039747,5.04,False,False,Negara lain,High Income,4,World Average
IRN,Iran (Islamic Republic of),2020,3980.0,75.56986637,10.90266715,145.4855699,87723443,87.723,False,False,Negara lain,Lower-Middle Income,2,World Average
IRQ,Iraq,2020,4720.0,53.67779922,14.84948514,88.97992846,42116605,42.117,False,False,Negara lain,Upper-Middle Income,3,World Average
ISL,Iceland,2020,66730.0,99.5327519,38.68264714,114.9394186,366463,0.366,False,False,Negara lain,High Income,4,World Average
ISR,Israel,2020,43330.0,90.12734091,29.56781619,139.4258609,9215100,9.215,False,False,Negara lain,High Income,4,World Average
ITA,Italy,2020,32600.0,70.48342785,30.25863652,129.4900057,59438851,59.439,False,False,Negara lain,High Income,4,World Average
JAM,Jamaica,2020,5360.0,76.38400269,13.62199058,101.5020813,2830739,2.831,False,False,Negara lain,Upper-Middle Income,3,World Average
JOR,Jordan,2020,4460.0,78.4178009,5.803329668,64.31426013,10865228,10.865,False,False,Negara lain,Lower-Middle Income,2,World Average
JPN,Japan,2020,41880.0,90.21945812,34.83706124,154.4322068,126261000,126.261,False,False,Negara lain,High Income,4,World Average
KAZ,Kazakhstan,2020,8380.0,85.94259898,13.45028366,124.6984606,19482117,19.482,False,False,Negara lain,Upper-Middle Income,3,World Average
KEN,Kenya,2020,1910.0,24.7227993,1.291124897,117.6025264,52217334,52.217,False,False,Negara lain,Lower-Middle Income,2,World Average
KGZ,Kyrgyz Republic,2020,1210.0,72.0,4.336643588,109.7801067,6726596,6.727,False,False,Negara lain,Lower-Middle Income,2,World Average
KHM,Cambodia,2020,2050.0,56.37590027,1.397700298,126.0758948,16725474,16.725,False,True,ASEAN lain,Lower-Middle Income,2,World Average
KIR,Kiribati,2020,3070.0,52.95090103,0.1467101246,43.34768713,126099,0.126,False,False,Negara lain,Lower-Middle Income,2,World Average
KNA,Saint Kitts and Nevis,2020,19340.0,70.27529907,45.95690207,133.4008961,46870,0.047,False,False,Negara lain,High Income,4,World Average
KOR,Korea (Rep. of),2020,35000.0,96.50506052,43.05406009,135.9732743,51836239,51.836,False,False,Negara lain,High Income,4,World Average
KWT,Kuwait,2020,33150.0,99.10587017,1.680581363,153.8664644,4400267,4.4,False,False,Negara lain,High Income,4,World Average
LAO,Lao P.D.R.,2020,2470.0,54.0,1.672108463,63.1139886,7346533,7.347,False,True,ASEAN lain,Lower-Middle Income,2,World Average
LBN,Lebanon,2020,6350.0,82.0664978,7.576987787,75.20031047,5702398,5.702,False,False,Negara lain,Upper-Middle Income,3,World Average
LBR,Liberia,2020,570.0,22.91069984,0.2524535083,32.10043455,5149463,5.149,False,False,Negara lain,Low Income,1,World Average
LBY,Libya,2020,7000.0,74.35810089,4.712295216,164.9871072,7045399,7.045,False,False,Negara lain,Upper-Middle Income,3,World Average
LCA,Saint Lucia,2020,8700.0,62.06399918,19.97251052,81.8687237,178250,0.178,False,False,Negara lain,Upper-Middle Income,3,World Average
LKA,Sri Lanka,2020,3880.0,36.18473435,7.896220369,131.7734213,21919000,21.919,False,False,Negara lain,Lower-Middle Income,2,World Average
LSO,Lesotho,2020,1170.0,43.65750122,0.2263245915,69.89440124,2235727,2.236,False,False,Negara lain,Lower-Middle Income,2,World Average
LTU,Lithuania,2020,19800.0,83.05554724,28.49885452,131.3413323,2810369,2.81,False,False,Negara lain,High Income,4,World Average
LUX,Luxembourg,2020,80090.0,98.45962893,37.29608609,132.9089736,630419,0.63,False,False,Negara lain,High Income,4,World Average
LVA,Latvia,2020,17350.0,88.89796078,25.80416943,107.9024871,1900449,1.9,False,False,Negara lain,High Income,4,World Average
MAC,"Macao SAR, China",2020,43810.0,87.46230316,30.45089281,237.3437745,685400,0.685,False,False,Negara lain,High Income,4,World Average
MAR,Morocco,2020,3260.0,84.12036305,5.746834809,135.0884048,36584208,36.584,False,False,Negara lain,Lower-Middle Income,2,World Average
MDA,Moldova,2020,4360.0,74.11830139,23.42685926,111.4446728,2635130,2.635,False,False,Negara lain,Lower-Middle Income,2,World Average
MDG,Madagascar,2020,450.0,11.35470009,0.1105218302,54.80846636,28953556,28.954,False,False,Negara lain,Low Income,1,World Average
MDV,Maldives,2020,7050.0,79.09780121,12.68327365,142.9361226,502118,0.502,False,False,Negara lain,Upper-Middle Income,3,World Average
MEX,Mexico,2020,8920.0,71.49017499,17.75205594,96.92374519,126799054,126.799,False,False,Negara lain,Upper-Middle Income,3,World Average
MHL,Marshall Islands,2020,6610.0,56.41910172,2.341591345,37.46546153,42706,0.043,False,False,Negara lain,Upper-Middle Income,3,World Average
MKD,North Macedonia,2020,6460.0,81.40553811,25.40412336,99.47238671,1856124,1.856,False,False,Negara lain,Upper-Middle Income,3,World Average
MLI,Mali,2020,930.0,29.11300087,1.122814044,116.5874054,21713836,21.714,False,False,Negara lain,Low Income,1,World Average
MLT,Malta,2020,26910.0,86.85876183,41.10944082,122.1756943,515490,0.515,False,False,Negara lain,High Income,4,World Average
MMR,Myanmar,2020,1320.0,45.4477005,1.299245922,148.1582081,53016522,53.017,False,True,ASEAN lain,Lower-Middle Income,2,World Average
MNE,Montenegro,2020,7780.0,77.60879306,30.29534407,177.6652109,626590,0.627,False,False,Negara lain,Upper-Middle Income,3,World Average
MNG,Mongolia,2020,3690.0,62.50002848,9.34755689,132.6102738,3327204,3.327,False,False,Negara lain,Lower-Middle Income,2,World Average
MOZ,Mozambique,2020,480.0,14.28740025,0.2273931571,50.23188255,30783688,30.784,False,False,Negara lain,Low Income,1,World Average
MRT,Mauritania,2020,1720.0,29.90649986,0.4012277042,126.2770343,4600131,4.6,False,False,Negara lain,Lower-Middle Income,2,World Average
MUS,Mauritius,2020,10780.0,67.73290684,25.18658098,149.069959,1266014,1.266,False,False,Negara lain,Upper-Middle Income,3,World Average
MWI,Malawi,2020,560.0,13.89949989,0.06273712637,51.21704394,19533888,19.534,False,False,Negara lain,Low Income,1,World Average
MYS,Malaysia,2020,10110.0,89.55501192,9.911017429,129.0179117,33889558,33.89,False,True,ASEAN lain,Upper-Middle Income,3,World Average
NAM,Namibia,2020,4240.0,57.8608017,2.886950199,106.2065875,2728762,2.729,False,False,Negara lain,Lower-Middle Income,2,World Average
NER,Niger,2020,570.0,11.85680008,0.05059531075,60.03555248,23717613,23.718,False,False,Negara lain,Low Income,1,World Average
NGA,Nigeria,2020,2460.0,31.88879967,0.03052063812,95.43566481,213996181,213.996,False,False,Negara lain,Lower-Middle Income,2,World Average
NIC,Nicaragua,2020,1810.0,44.87490082,4.422531483,90.81406742,6565267,6.565,False,False,Negara lain,Lower-Middle Income,2,World Average
NLD,Netherlands,2020,51490.0,91.33333333,42.66672775,121.4227285,17441500,17.442,False,False,Negara lain,High Income,4,World Average
NOR,Norway,2020,78460.0,94.60755647,44.38630566,108.2968445,5379475,5.379,False,False,Negara lain,High Income,4,World Average
NPL,Nepal,2020,1190.0,36.96530151,4.384363853,131.9210204,28966574,28.967,False,False,Negara lain,Lower-Middle Income,2,World Average
NRU,Naoero,2020,17180.0,77.46659851,,85.88851671,11643,0.012,False,False,Negara lain,High Income,4,World Average
NZL,New Zealand,2020,41880.0,90.92099762,34.81302867,123.000575,5072400,5.072,False,False,Negara lain,High Income,4,World Average
OMN,Oman,2020,17190.0,95.23229321,11.38296026,140.3786008,4522497,4.522,False,False,Negara lain,High Income,4,World Average
PAK,Pakistan,2020,1370.0,18.935,1.039540362,74.73321666,235001746,235.002,False,False,Negara lain,Lower-Middle Income,2,World Average
PAN,Panama,2020,13070.0,64.82430267,13.83468184,142.2830804,4293261,4.293,False,False,Negara lain,Upper-Middle Income,3,World Average
PER,Peru,2020,6080.0,65.25179796,8.411865203,119.854099,32838579,32.839,False,False,Negara lain,Upper-Middle Income,3,World Average
PHL,Philippines,2020,3350.0,53.76490021,7.08108895,133.4562091,112081264,112.081,False,True,ASEAN lain,Lower-Middle Income,2,World Average
PNG,Papua New Guinea,2020,2410.0,15.02040005,0.2139419663,49.0843997,9815746,9.816,False,False,Negara lain,Lower-Middle Income,2,World Average
POL,Poland,2020,15640.0,83.18488715,21.92558583,129.2884873,37515748,37.516,False,False,Negara lain,High Income,4,World Average
PRT,Portugal,2020,21910.0,78.26166044,40.12154069,114.2763829,10297081,10.297,False,False,Negara lain,High Income,4,World Average
PRY,Paraguay,2020,5550.0,73.95751114,8.515918028,119.0999523,6603739,6.604,False,False,Negara lain,Upper-Middle Income,3,World Average
PSE,State of Palestine,2020,3700.0,76.18160248,7.43459366,80.12979881,4803269,4.803,False,False,Negara lain,Lower-Middle Income,2,World Average
QAT,Qatar,2020,57730.0,99.65284913,10.56319615,135.4978909,2794148,2.794,False,False,Negara lain,High Income,4,World Average
ROU,Romania,2020,12720.0,78.45526895,29.31408064,116.478206,19265250,19.265,False,False,Negara lain,Upper-Middle Income,3,World Average
RUS,Russian Federation,2020,10660.0,84.99466978,23.15570418,163.1011125,145245148,145.245,False,False,Negara lain,Upper-Middle Income,3,World Average
RWA,Rwanda,2020,780.0,23.8,0.135352982,81.23787248,13065837,13.066,False,False,Negara lain,Low Income,1,World Average
SAU,Saudi Arabia,2020,26940.0,97.8623325,25.45967635,139.4441946,31552510,31.553,False,False,Negara lain,High Income,4,World Average
SEN,Senegal,2020,1430.0,53.30879974,1.056410069,113.6380912,16789219,16.789,False,False,Negara lain,Lower-Middle Income,2,World Average
SGP,Singapore,2020,56290.0,92.00434653,26.86227236,150.2593347,5685807,5.686,False,True,ASEAN lain,High Income,4,World Average
SLB,Solomon Islands,2020,2170.0,24.1984005,0.1343186953,63.66706156,744498,0.744,False,False,Negara lain,Lower-Middle Income,2,World Average
SLE,Sierra Leone,2020,840.0,17.12080002,0.002274864841,87.00348231,7912558,7.913,False,False,Negara lain,Low Income,1,World Average
SLV,El Salvador,2020,3800.0,54.60136976,8.536790943,159.5753298,6234673,6.235,False,False,Negara lain,Lower-Middle Income,2,World Average
SMR,San Marino,2020,40570.0,77.94999695,31.63737812,112.1688861,34770,0.035,False,False,Negara lain,High Income,4,World Average
SOM,Somalia,2020,500.0,15.02369976,0.7146635937,53.11331784,16651191,16.651,False,False,Negara lain,Low Income,1,World Average
SRB,Serbia,2020,7790.0,78.36804864,25.18349944,120.2168595,6899126,6.899,False,False,Negara lain,Upper-Middle Income,3,World Average
STP,Sao Tome and Principe,2020,2030.0,51.55469894,1.155287787,80.11727643,217435,0.217,False,False,Negara lain,Lower-Middle Income,2,World Average
SVK,Slovak Republic,2020,19420.0,89.92090413,31.19254837,133.6329043,5458827,5.459,False,False,Negara lain,High Income,4,World Average
SVN,Slovenia,2020,25380.0,86.60130109,30.99301329,121.3314282,2102419,2.102,False,False,Negara lain,High Income,4,World Average
SWE,Sweden,2020,54590.0,94.53943122,40.36798103,123.548657,10353442,10.353,False,False,Negara lain,High Income,4,World Average
SWZ,Eswatini,2020,3430.0,49.01300049,2.290042415,104.7472645,1192729,1.193,False,False,Negara lain,Lower-Middle Income,2,World Average
SYC,Seychelles,2020,15400.0,79.25170135,29.06784381,152.5450782,98462,0.098,False,False,Negara lain,High Income,4,World Average
TCD,Chad,2020,890.0,8.343099594,0.0,50.4343274,17224679,17.225,False,False,Negara lain,Low Income,1,World Average
TGO,Togo,2020,970.0,29.02370071,0.6079319747,75.16401914,7788054,7.788,False,False,Negara lain,Low Income,1,World Average
THA,Thailand,2020,6910.0,77.84374066,16.02181356,162.3277374,71641484,71.641,False,True,ASEAN lain,Upper-Middle Income,3,World Average
TJK,Tajikistan,2020,1030.0,27.54409981,0.3699646437,62.28262308,9749310,9.749,False,False,Negara lain,Low Income,1,World Average
TLS,Timor-Leste,2020,2040.0,32.01269913,0.006259176669,103.9110051,1326053,1.326,False,True,ASEAN lain,Lower-Middle Income,2,World Average
TON,Tonga,2020,5210.0,54.47370148,4.730189964,58.65435556,105704,0.106,False,False,Negara lain,Upper-Middle Income,3,World Average
TTO,Trinidad and Tobago,2020,15040.0,77.28130341,25.43989834,134.2311806,1366725,1.367,False,False,Negara lain,High Income,4,World Average
TUN,Tunisia,2020,3270.0,68.55639648,11.14679845,124.0419768,11974057,11.974,False,False,Negara lain,Lower-Middle Income,2,World Average
TUR,Turkiye,2020,9330.0,77.6695605,19.43840644,95.39608537,83384680,83.385,False,False,Negara lain,Upper-Middle Income,3,World Average
TZA,Tanzania,2020,1060.0,19.48139954,1.86248,84.00505583,60972798,60.973,False,False,Negara lain,Low Income,1,World Average
UGA,Uganda,2020,820.0,7.4,0.07781875006,62.28241296,44457152,44.457,False,False,Negara lain,Low Income,1,World Average
UKR,Ukraine,2020,3530.0,75.03790912,18.61702284,129.3412308,44680014,44.68,False,False,Negara lain,Lower-Middle Income,2,World Average
URY,Uruguay,2020,16130.0,85.47100067,31.29482243,133.9017019,3398968,3.399,False,False,Negara lain,High Income,4,World Average
USA,United States,2020,64630.0,90.34470367,35.71569993,103.85517,331578104,331.578,False,False,Negara lain,High Income,4,World Average
UZB,Uzbekistan,2020,2090.0,71.09999824,15.80704221,99.40639019,33586372,33.586,False,False,Negara lain,Lower-Middle Income,2,World Average
VCT,Saint Vincent and the Grenadines,2020,8360.0,63.38100052,23.89061685,96.94376292,103526,0.104,False,False,Negara lain,Upper-Middle Income,3,World Average
VEN,Venezuela,2020,1670.0,72.44110107,9.006064778,58.1625658,28444077,28.444,False,False,Negara lain,Lower-Middle Income,2,World Average
VNM,Viet Nam,2020,3400.0,70.30000012,17.02629154,141.6555587,98079191,98.079,False,True,ASEAN lain,Lower-Middle Income,2,World Average
ZAF,South Africa,2020,5930.0,72.1128006,2.151594733,158.4472694,60562381,60.562,False,False,Negara lain,Upper-Middle Income,3,World Average
ZMB,Zambia,2020,1110.0,14.64579964,0.4318972349,100.2351229,19059395,19.059,False,False,Negara lain,Low Income,1,World Average
ZWE,Zimbabwe,2020,1980.0,29.29856532,1.310378487,84.9604119,15526888,15.527,False,False,Negara lain,Lower-Middle Income,2,World Average
AFG,Afghanistan,2021,380.0,16.51429939,0.06642431583,56.69447605,40000412,40.0,False,False,Negara lain,Low Income,1,World Average
AGO,Angola,2021,1960.0,34.55649948,0.3909252952,44.38686893,34532429,34.532,False,False,Negara lain,Lower-Middle Income,2,World Average
ALB,Albania,2021,6940.0,79.32371752,19.63037371,92.48433571,2489762,2.49,False,False,Negara lain,Upper-Middle Income,3,World Average
AND,Andorra,2021,44720.0,93.89749908,50.27691287,119.6876117,78364,0.078,False,False,Negara lain,High Income,4,World Average
ARE,United Arab Emirates,2021,43230.0,100.0,36.50053611,186.3008946,9575152,9.575,False,False,Negara lain,High Income,4,World Average
ARG,Argentina,2021,10070.0,87.15070683,23.15000209,130.3527999,45312281,45.312,False,False,Negara lain,Upper-Middle Income,3,World Average
ARM,Armenia,2021,4580.0,78.61225758,16.25659458,125.3951349,2962300,2.962,False,False,Negara lain,Upper-Middle Income,3,World Average
ATG,Antigua and Barbuda,2021,16690.0,71.64530182,8.662790068,199.2441716,92349,0.092,False,False,Negara lain,High Income,4,World Average
AUS,Australia,2021,57220.0,96.97219849,35.83598615,105.1185146,25685412,25.685,False,False,Negara lain,High Income,4,World Average
AUT,Austria,2021,53440.0,92.52915104,29.25373397,121.357732,8955797,8.956,False,False,Negara lain,High Income,4,World Average
AZE,Azerbaijan,2021,4910.0,85.99998954,20.08569945,105.6935595,10137750,10.138,False,False,Negara lain,Upper-Middle Income,3,World Average
BDI,Burundi,2021,250.0,6.777999878,0.03048864905,59.70078549,12965481,12.965,False,False,Negara lain,Low Income,1,World Average
BEL,Belgium,2021,51140.0,92.78867618,43.0218055,101.4629356,11586195,11.586,False,False,Negara lain,High Income,4,World Average
BEN,Benin,2021,1280.0,28.20470047,0.1541665334,94.91825983,13413417,13.413,False,False,Negara lain,Lower-Middle Income,2,World Average
BFA,Burkina Faso,2021,820.0,18.1522007,0.07406601509,112.1984194,21995243,21.995,False,False,Negara lain,Low Income,1,World Average
BGD,Bangladesh,2021,2600.0,38.91744466,6.642465181,110.012054,167658854,167.659,False,False,Negara lain,Lower-Middle Income,2,World Average
BGR,Bulgaria,2021,11720.0,75.27144583,32.76884208,114.9119885,6507301,6.507,False,False,Negara lain,Upper-Middle Income,3,World Average
BHR,Bahrain,2021,25240.0,100.0,16.50578919,128.0789125,1504365,1.504,False,False,Negara lain,High Income,4,World Average
BHS,Bahamas,2021,29910.0,92.34980011,20.74233109,100.2573334,396373,0.396,False,False,Negara lain,High Income,4,World Average
BIH,Bosnia and Herzegovina,2021,6970.0,75.67620138,24.58908684,114.9116138,3244907,3.245,False,False,Negara lain,Upper-Middle Income,3,World Average
BLR,Belarus,2021,7040.0,86.88841196,35.00976342,127.1173173,9302585,9.303,False,False,Negara lain,Upper-Middle Income,3,World Average
BLZ,Belize,2021,6120.0,70.65370178,9.105947702,66.77694981,395346,0.395,False,False,Negara lain,Upper-Middle Income,3,World Average
BOL,Bolivia,2021,3990.0,65.9773785,9.445740097,100.809065,11937360,11.937,False,False,Negara lain,Lower-Middle Income,2,World Average
BRA,Brazil,2021,8060.0,80.68989314,19.83631624,104.8247272,209550294,209.55,False,False,Negara lain,Upper-Middle Income,3,World Average
BRB,Barbados,2021,20700.0,69.4756012,36.3512637,112.2227066,282147,0.282,False,False,Negara lain,High Income,4,World Average
BRN,Brunei Darussalam,2021,29890.0,97.62879944,17.58098472,133.5970654,451721,0.452,False,True,ASEAN lain,High Income,4,World Average
BTN,Bhutan,2021,3300.0,85.63688389,0.3645662732,100.330908,775442,0.775,False,False,Negara lain,Lower-Middle Income,2,World Average
BWA,Botswana,2021,7440.0,54.70069885,5.548376995,173.2523514,2401441,2.401,False,False,Negara lain,Upper-Middle Income,3,World Average
CAN,Canada,2021,49080.0,93.93710327,41.69309626,87.40560196,38239864,38.24,False,False,Negara lain,High Income,4,World Average
CHE,Switzerland,2021,91900.0,95.56937154,47.94330967,123.2123655,8704546,8.705,False,False,Negara lain,High Income,4,World Average
CHL,Chile,2021,14790.0,90.23280334,22.01404437,136.5715813,19456334,19.456,False,False,Negara lain,High Income,4,World Average
CHN,China,2021,12220.0,73.05323517,37.56117513,121.4919184,1412360000,1412.36,False,False,Negara lain,Upper-Middle Income,3,World Average
CIV,Cote d'Ivoire,2021,2300.0,35.95069885,1.130377814,150.3437986,29639736,29.64,False,False,Negara lain,Lower-Middle Income,2,World Average
CMR,Cameroon,2021,1610.0,38.89260101,2.233851263,80.80810134,26915758,26.916,False,False,Negara lain,Lower-Middle Income,2,World Average
COD,"Congo, Dem. Rep.",2021,530.0,16.1595993,0.03126609574,47.2882542,99148932,99.149,False,False,Negara lain,Low Income,1,World Average
COG,Congo (Rep. of the),2021,2040.0,30.02739906,0.2568996924,95.86149989,5892183,5.892,False,False,Negara lain,Lower-Middle Income,2,World Average
COL,Colombia,2021,6310.0,73.02837449,16.47679045,146.6278373,51188173,51.188,False,False,Negara lain,Upper-Middle Income,3,World Average
COM,Comoros,2021,1590.0,30.68120003,0.1504569933,104.3114301,818174,0.818,False,False,Negara lain,Lower-Middle Income,2,World Average
CPV,Cabo Verde,2021,3870.0,70.28250122,5.909621426,114.2305511,516649,0.517,False,False,Negara lain,Lower-Middle Income,2,World Average
CRI,Costa Rica,2021,12750.0,82.74901607,20.92429863,140.7880612,5059988,5.06,False,False,Negara lain,Upper-Middle Income,3,World Average
CYP,Cyprus,2021,29560.0,90.75951564,36.65024737,142.0514089,1317309,1.317,False,False,Negara lain,High Income,4,World Average
CZE,Czech Republic,2021,25500.0,82.67062427,37.49847944,126.1731457,10505772,10.506,False,False,Negara lain,High Income,4,World Average
DEU,Germany,2021,52850.0,91.43060973,44.06433615,127.1250994,83196078,83.196,False,False,Negara lain,High Income,4,World Average
DJI,Djibouti,2021,2990.0,61.41120148,1.391128457,43.64235209,1121248,1.121,False,False,Negara lain,Lower-Middle Income,2,World Average
DMA,Dominica,2021,8660.0,78.07949829,20.95622154,92.51361567,67202,0.067,False,False,Negara lain,Upper-Middle Income,3,World Average
DNK,Denmark,2021,69810.0,98.8658506,44.95983797,125.6041378,5856733,5.857,False,False,Negara lain,High Income,4,World Average
DOM,Dominican Rep.,2021,8160.0,85.24298638,10.31952602,87.52076239,11123476,11.123,False,False,Negara lain,Upper-Middle Income,3,World Average
DZA,Algeria,2021,4120.0,72.21240234,9.331841919,105.0370926,44761099,44.761,False,False,Negara lain,Lower-Middle Income,2,World Average
ECU,Ecuador,2021,6100.0,69.1147995,14.02843746,94.95062167,17682454,17.682,False,False,Negara lain,Upper-Middle Income,3,World Average
EGY,Egypt,2021,3470.0,72.05599976,9.765822993,84.08662209,110957008,110.957,False,False,Negara lain,Lower-Middle Income,2,World Average
ESP,Spain,2021,30380.0,93.89752157,34.93024209,118.9998069,47443821,47.444,False,False,Negara lain,High Income,4,World Average
EST,Estonia,2021,26490.0,90.97970174,37.35718968,148.7395898,1330932,1.331,False,False,Negara lain,High Income,4,World Average
ETH,Ethiopia,2021,880.0,16.6981031,0.3993823803,52.80886332,122138588,122.139,False,False,Negara lain,Low Income,1,World Average
FIN,Finland,2021,52810.0,92.80806082,33.63968183,129.0363332,5541017,5.541,False,False,Negara lain,High Income,4,World Average
FJI,Fiji,2021,4380.0,70.56800079,2.515732875,108.1584054,916711,0.917,False,False,Negara lain,Lower-Middle Income,2,World Average
FRA,France,2021,44300.0,86.09548575,47.64423363,113.9527194,67842811,67.843,False,False,Negara lain,High Income,4,World Average
GAB,Gabon,2021,7000.0,65.76809692,2.651424946,132.3086587,2376722,2.377,False,False,Negara lain,Upper-Middle Income,3,World Average
GBR,United Kingdom,2021,45880.0,96.19650269,41.113487,117.8874303,66978000,66.978,False,False,Negara lain,High Income,4,World Average
GEO,Georgia,2021,4760.0,76.4427093,26.64637869,146.5664727,3708610,3.709,False,False,Negara lain,Upper-Middle Income,3,World Average
GHA,Ghana,2021,2250.0,68.6,0.3522377072,124.4026254,32518665,32.519,False,False,Negara lain,Lower-Middle Income,2,World Average
GIN,Guinea,2021,1120.0,28.61330032,0.007293673111,110.1855197,13710513,13.711,False,False,Negara lain,Low Income,1,World Average
GMB,Gambia,2021,760.0,41.67309952,0.1940986254,108.8474035,2576010,2.576,False,False,Negara lain,Low Income,1,World Average
GNB,Guinea-Bissau,2021,910.0,23.3519001,0.1604300672,108.6296125,2058841,2.059,False,False,Negara lain,Low Income,1,World Average
GNQ,Equatorial Guinea,2021,5980.0,58.71730042,0.09768101406,46.43481356,1758786,1.759,False,False,Negara lain,Upper-Middle Income,3,World Average
GRC,Greece,2021,20350.0,78.49426371,41.92130467,108.643525,10570130,10.57,False,False,Negara lain,High Income,4,World Average
GRD,Grenada,2021,8890.0,67.02279663,26.11750994,86.57102701,116688,0.117,False,False,Negara lain,Upper-Middle Income,3,World Average
GTM,Guatemala,2021,4800.0,50.84164945,3.47753947,125.7189557,17598650,17.599,False,False,Negara lain,Upper-Middle Income,3,World Average
GUY,Guyana,2021,7810.0,71.65090179,11.64955204,104.9685953,815482,0.815,False,False,Negara lain,Upper-Middle Income,3,World Average
HKG,"Hong Kong SAR, China",2021,54380.0,93.08715788,39.21889757,319.8520669,7413100,7.413,False,False,Negara lain,High Income,4,World Average
HND,Honduras,2021,2440.0,51.95159912,4.09584099,73.47716596,10289877,10.29,False,False,Negara lain,Lower-Middle Income,2,World Average
HRV,Croatia,2021,17390.0,81.25396608,26.7157501,112.1694385,3878981,3.879,False,False,Negara lain,High Income,4,World Average
HTI,Haiti,2021,1450.0,43.37919998,0.2725373917,64.34519903,11374586,11.375,False,False,Negara lain,Lower-Middle Income,2,World Average
HUN,Hungary,2021,18070.0,88.64083466,34.83918684,105.1372858,9630932,9.631,False,False,Negara lain,High Income,4,World Average
IDN,Indonesia,2021,4130.0,62.10447842,4.487463279,132.1994443,276758053,276.758,True,True,Indonesia,Lower-Middle Income,2,Indonesia
IND,India,2021,2170.0,49.2580986,1.948799609,81.60397431,1414203896,1414.204,False,False,Negara lain,Lower-Middle Income,2,World Average
IRL,Ireland,2021,74070.0,93.50610352,31.36164279,106.8697242,5110585,5.111,False,False,Negara lain,High Income,4,World Average
IRN,Iran (Islamic Republic of),2021,4110.0,78.5957366,12.06810255,153.6246389,88455488,88.455,False,False,Negara lain,Lower-Middle Income,2,World Average
IRQ,Iraq,2021,4740.0,65.00219727,14.82752366,94.60928322,43071211,43.071,False,False,Negara lain,Upper-Middle Income,3,World Average
ISL,Iceland,2021,68000.0,99.68701957,38.40770279,117.3425575,372520,0.373,False,False,Negara lain,High Income,4,World Average
ISR,Israel,2021,49640.0,90.29689758,29.70787854,139.7753129,9371400,9.371,False,False,Negara lain,High Income,4,World Average
ITA,Italy,2021,36760.0,74.8623274,31.28529274,130.7814885,59133173,59.133,False,False,Negara lain,High Income,4,World Average
JAM,Jamaica,2021,5690.0,82.36071561,14.57175258,102.3866663,2837682,2.838,False,False,Negara lain,Upper-Middle Income,3,World Average
JOR,Jordan,2021,4650.0,85.999997,6.45876565,65.74488477,11066356,11.066,False,False,Negara lain,Upper-Middle Income,3,World Average
JPN,Japan,2021,45160.0,82.91407928,35.93917244,159.5161235,125681593,125.682,False,False,Negara lain,High Income,4,World Average
KAZ,Kazakhstan,2021,8540.0,90.9239507,13.94679583,123.9439428,19743603,19.744,False,False,Negara lain,Upper-Middle Income,3,World Average
KEN,Kenya,2021,2070.0,26.96290016,1.482541083,122.2975197,53219166,53.219,False,False,Negara lain,Lower-Middle Income,2,World Average
KGZ,Kyrgyz Republic,2021,1270.0,77.11769867,4.432577243,108.1716548,6851224,6.851,False,False,Negara lain,Lower-Middle Income,2,World Average
KHM,Cambodia,2021,2120.0,60.76269913,1.980894063,117.2347852,16974305,16.974,False,True,ASEAN lain,Lower-Middle Income,2,World Average
KIR,Kiribati,2021,3150.0,67.08760071,0.08646408625,40.99799808,128377,0.128,False,False,Negara lain,Lower-Middle Income,2,World Average
KNA,Saint Kitts and Nevis,2021,19070.0,74.37159729,43.02546885,121.2561213,46763,0.047,False,False,Negara lain,High Income,4,World Average
KOR,Korea (Rep. of),2021,37450.0,97.57132698,44.25260823,140.5163828,51769539,51.77,False,False,Negara lain,High Income,4,World Average
KWT,Kuwait,2021,35990.0,99.7,1.615871794,158.6468541,4360865,4.361,False,False,Negara lain,High Income,4,World Average
LAO,Lao P.D.R.,2021,2500.0,62.0,2.02268987,64.71014977,7453194,7.453,False,True,ASEAN lain,Lower-Middle Income,2,World Average
LBN,Lebanon,2021,4770.0,82.65599823,7.556152177,74.9935206,5718122,5.718,False,False,Negara lain,Upper-Middle Income,3,World Average
LBR,Liberia,2021,630.0,26.38229942,0.2471801028,31.42990077,5259323,5.259,False,False,Negara lain,Low Income,1,World Average
LBY,Libya,2021,6950.0,77.438797,4.653004306,195.1178492,7135175,7.135,False,False,Negara lain,Upper-Middle Income,3,World Average
LCA,Saint Lucia,2021,10030.0,63.06330109,10.67543496,96.23743852,178522,0.179,False,False,Negara lain,Upper-Middle Income,3,World Average
LKA,Sri Lanka,2021,4010.0,44.45308724,10.54014886,135.5226029,22156000,22.156,False,False,Negara lain,Lower-Middle Income,2,World Average
LSO,Lesotho,2021,1190.0,45.05670166,0.3536525079,80.53681957,2261542,2.262,False,False,Negara lain,Lower-Middle Income,2,World Average
LTU,Lithuania,2021,22040.0,86.93054425,28.71270158,133.3572733,2808380,2.808,False,False,Negara lain,High Income,4,World Average
LUX,Luxembourg,2021,86850.0,98.66086333,38.03996414,136.8710896,640064,0.64,False,False,Negara lain,High Income,4,World Average
LVA,Latvia,2021,19310.0,91.17964988,25.97615491,114.6446703,1884490,1.884,False,False,Negara lain,High Income,4,World Average
MAC,"Macao SAR, China",2021,46220.0,88.46810492,29.61584212,183.5747881,682500,0.682,False,False,Negara lain,High Income,4,World Average
MAR,Morocco,2021,3630.0,88.13031937,6.146178584,138.9112681,36954442,36.954,False,False,Negara lain,Lower-Middle Income,2,World Average
MDA,Moldova,2021,5270.0,74.91899872,25.21127543,128.9836423,2595809,2.596,False,False,Negara lain,Upper-Middle Income,3,World Average
MDG,Madagascar,2021,470.0,13.74590015,0.1041827945,53.91772338,29691083,29.691,False,False,Negara lain,Low Income,1,World Average
MDV,Maldives,2021,9350.0,81.95760345,14.82464536,136.7892141,516154,0.516,False,False,Negara lain,Upper-Middle Income,3,World Average
MEX,Mexico,2021,9880.0,75.62650476,19.27967259,99.09481491,127648148,127.648,False,False,Negara lain,Upper-Middle Income,3,World Average
MHL,Marshall Islands,2021,6720.0,63.97259903,2.27717746,38.67817342,41367,0.041,False,False,Negara lain,Upper-Middle Income,3,World Average
MKD,North Macedonia,2021,7050.0,81.873703,26.94488922,104.8751342,1837114,1.837,False,False,Negara lain,Upper-Middle Income,3,World Average
MLI,Mali,2021,960.0,33.95650101,0.648338018,108.6931224,22388630,22.389,False,False,Negara lain,Low Income,1,World Average
MLT,Malta,2021,32440.0,87.46977742,42.18309,123.9414085,518150,0.518,False,False,Negara lain,High Income,4,World Average
MNE,Montenegro,2021,9220.0,82.21969752,31.18087078,185.4884731,625053,0.625,False,False,Negara lain,Upper-Middle Income,3,World Average
MNG,Mongolia,2021,3690.0,81.60682285,11.39299824,140.3521422,3383741,3.384,False,False,Negara lain,Lower-Middle Income,2,World Average
MOZ,Mozambique,2021,490.0,16.35759926,0.2065580078,43.16361905,31707800,31.708,False,False,Negara lain,Low Income,1,World Average
MRT,Mauritania,2021,1810.0,35.63660049,0.4059030927,137.5403231,4734874,4.735,False,False,Negara lain,Lower-Middle Income,2,World Average
MUS,Mauritius,2021,10900.0,71.59999847,25.7028828,154.053186,1266334,1.266,False,False,Negara lain,Upper-Middle Income,3,World Average
MWI,Malawi,2021,600.0,15.30300045,0.06708149314,59.55994082,20047258,20.047,False,False,Negara lain,Low Income,1,World Average
MYS,Malaysia,2021,10520.0,96.7514278,10.89217823,137.6849386,34282399,34.282,False,True,ASEAN lain,Upper-Middle Income,3,World Average
NAM,Namibia,2021,4140.0,60.25999832,3.178134656,103.7273514,2810548,2.811,False,False,Negara lain,Lower-Middle Income,2,World Average
NER,Niger,2021,580.0,12.45689964,,61.50630924,24502140,24.502,False,False,Negara lain,Low Income,1,World Average
NGA,Nigeria,2021,2860.0,35.50979996,0.03016392046,89.29158584,218529286,218.529,False,False,Negara lain,Lower-Middle Income,2,World Average
NIC,Nicaragua,2021,2060.0,51.62039948,4.513795195,93.81650842,6644741,6.645,False,False,Negara lain,Lower-Middle Income,2,World Average
NLD,Netherlands,2021,59560.0,92.05298013,42.94605631,123.4478497,17533044,17.533,False,False,Negara lain,High Income,4,World Average
NOR,Norway,2021,83640.0,99.0000036,44.93922162,109.5856375,5408320,5.408,False,False,Negara lain,High Income,4,World Average
NPL,Nepal,2021,1250.0,40.98910141,4.308734755,129.6454183,29475010,29.475,False,False,Negara lain,Lower-Middle Income,2,World Average
NRU,Naoero,2021,19620.0,80.29499817,,85.40438979,11709,0.012,False,False,Negara lain,High Income,4,World Average
NZL,New Zealand,2021,45750.0,91.99060059,35.26282001,114.4547141,5084600,5.085,False,False,Negara lain,High Income,4,World Average
OMN,Oman,2021,17910.0,95.23880005,11.58529555,135.0769728,4500424,4.5,False,False,Negara lain,High Income,4,World Average
PAN,Panama,2021,14920.0,66.04270172,14.8381106,147.899862,4345405,4.345,False,False,Negara lain,High Income,4,World Average
PER,Peru,2021,6550.0,71.10782643,9.057714103,129.9937369,33155882,33.156,False,False,Negara lain,Upper-Middle Income,3,World Average
PHL,Philippines,2021,3570.0,66.90779877,8.508977157,144.42429,113100950,113.101,False,True,ASEAN lain,Lower-Middle Income,2,World Average
PNG,Papua New Guinea,2021,2370.0,16.55960083,0.2097295328,48.1179471,10012896,10.013,False,False,Negara lain,Lower-Middle Income,2,World Average
POL,Poland,2021,17470.0,85.37490906,22.81656439,132.9872039,36981559,36.982,False,False,Negara lain,High Income,4,World Average
PRI,Puerto Rico,2021,22580.0,84.78666399,23.64409307,112.5404139,3262731,3.263,False,False,Negara lain,High Income,4,World Average
PRT,Portugal,2021,23980.0,82.30902804,41.51457287,119.7687008,10361831,10.362,False,False,Negara lain,High Income,4,World Average
PRY,Paraguay,2021,5720.0,77.01838621,10.81186898,119.3126399,6684182,6.684,False,False,Negara lain,Upper-Middle Income,3,World Average
QAT,Qatar,2021,66970.0,99.65280151,11.07957351,137.7095484,2504910,2.505,False,False,Negara lain,High Income,4,World Average
ROU,Romania,2021,14180.0,83.5904265,31.69496037,119.1230684,19122059,19.122,False,False,Negara lain,High Income,4,World Average
RUS,Russian Federation,2021,11710.0,88.21384578,23.74091065,169.0726138,144746762,144.747,False,False,Negara lain,Upper-Middle Income,3,World Average
RWA,Rwanda,2021,850.0,24.4416008,0.2388721747,81.63816354,13355260,13.355,False,False,Negara lain,Low Income,1,World Average
SAU,Saudi Arabia,2021,30480.0,100.0,33.79736102,145.0037578,30784383,30.784,False,False,Negara lain,High Income,4,World Average
SEN,Senegal,2021,1540.0,55.04040146,1.20966035,115.3250937,17220867,17.221,False,False,Negara lain,Lower-Middle Income,2,World Average
SGP,Singapore,2021,65540.0,96.92468156,27.52109969,157.9776752,5453566,5.454,False,True,ASEAN lain,High Income,4,World Average
SLB,Solomon Islands,2021,2120.0,26.03790092,0.1311318911,62.1565164,762591,0.763,False,False,Negara lain,Lower-Middle Income,2,World Average
SLE,Sierra Leone,2021,890.0,18.65390015,0.00227311979,101.6367821,8094602,8.095,False,False,Negara lain,Low Income,1,World Average
SLV,El Salvador,2021,4380.0,57.26380157,9.071783512,176.9734463,6255782,6.256,False,False,Negara lain,Lower-Middle Income,2,World Average
SMR,San Marino,2021,48190.0,81.66999817,34.71017008,115.7005669,34252,0.034,False,False,Negara lain,High Income,4,World Average
SOM,Somalia,2021,540.0,23.87479973,0.688999076,51.20594813,17271431,17.271,False,False,Negara lain,Low Income,1,World Average
SRB,Serbia,2021,8890.0,81.16588116,26.47942028,125.0755873,6834326,6.834,False,False,Negara lain,Upper-Middle Income,3,World Average
STP,Sao Tome and Principe,2021,2220.0,54.94950104,1.542162812,85.25777051,221961,0.222,False,False,Negara lain,Lower-Middle Income,2,World Average
SVK,Slovak Republic,2021,21010.0,88.92560523,32.6060735,135.2682527,5447247,5.447,False,False,Negara lain,High Income,4,World Average
SVN,Slovenia,2021,28320.0,89.00399524,31.550267,123.3629241,2108079,2.108,False,False,Negara lain,High Income,4,World Average
SWE,Sweden,2021,59840.0,94.6703163,40.83514311,124.9614948,10415811,10.416,False,False,Negara lain,High Income,4,World Average
SWZ,Eswatini,2021,3620.0,53.99530029,2.552807782,118.6274908,1206593,1.207,False,False,Negara lain,Lower-Middle Income,2,World Average
SYC,Seychelles,2021,14890.0,81.99530029,33.56452308,149.4792133,99258,0.099,False,False,Negara lain,High Income,4,World Average
TCD,Chad,2021,890.0,9.653699875,0.0,58.03231754,17828273,17.828,False,False,Negara lain,Low Income,1,World Average
TGO,Togo,2021,1040.0,30.33839989,0.7493259749,70.4496733,7936176,7.936,False,False,Negara lain,Low Income,1,World Average
THA,Thailand,2021,7100.0,85.26956666,17.31688556,168.4852854,71727332,71.727,False,True,ASEAN lain,Upper-Middle Income,3,World Average
TJK,Tajikistan,2021,1130.0,36.70560074,0.4959913345,64.08746825,9966908,9.967,False,False,Negara lain,Low Income,1,World Average
TLS,Timor-Leste,2021,2050.0,35.04199982,0.01014710337,102.6688363,1350139,1.35,False,True,ASEAN lain,Lower-Middle Income,2,World Average
TON,Tonga,2021,5240.0,57.549,6.457484122,60.9801877,105490,0.105,False,False,Negara lain,Upper-Middle Income,3,World Average
TTO,Trinidad and Tobago,2021,16310.0,84.36576986,24.92994299,134.2215623,1367558,1.368,False,False,Negara lain,High Income,4,World Average
TUN,Tunisia,2021,3640.0,68.31552226,12.42204295,129.846077,12048622,12.049,False,False,Negara lain,Lower-Middle Income,2,World Average
TUR,Turkiye,2021,10230.0,81.40843745,20.92112114,99.54154322,84147318,84.147,False,False,Negara lain,Upper-Middle Income,3,World Average
TZA,Tanzania,2021,1130.0,22.87540054,1.97842,86.01628141,62830412,62.83,False,False,Negara lain,Low Income,1,World Average
UGA,Uganda,2021,860.0,10.0,0.0838841644,65.622073,45910930,45.911,False,False,Negara lain,Low Income,1,World Average
UKR,Ukraine,2021,4060.0,79.21829353,18.26779424,135.025689,44298640,44.299,False,False,Negara lain,Lower-Middle Income,2,World Average
URY,Uruguay,2021,16220.0,87.64440155,32.54510635,138.1129892,3396695,3.397,False,False,Negara lain,High Income,4,World Average
USA,United States,2021,71510.0,91.2684021,37.00742789,106.3245143,332100166,332.1,False,False,Negara lain,High Income,4,World Average
UZB,Uzbekistan,2021,2360.0,76.59043014,21.89442109,102.4100903,34243696,34.244,False,False,Negara lain,Lower-Middle Income,2,World Average
VCT,Saint Vincent and the Grenadines,2021,8720.0,68.83339691,27.10203129,95.51735203,102841,0.103,False,False,Negara lain,Upper-Middle Income,3,World Average
VEN,Venezuela,2021,1790.0,74.11219788,9.242436015,60.23448831,28237826,28.238,False,False,Negara lain,Lower-Middle Income,2,World Average
VNM,Viet Nam,2021,3540.0,74.20999985,19.53623273,136.8063132,98935098,98.935,False,True,ASEAN lain,Lower-Middle Income,2,World Average
ZAF,South Africa,2021,6320.0,74.96859741,2.75540858,163.1280631,61502603,61.503,False,False,Negara lain,Upper-Middle Income,3,World Average
ZMB,Zambia,2021,1050.0,14.82190037,0.411108017,103.2825796,19603607,19.604,False,False,Negara lain,Low Income,1,World Average
ZWE,Zimbabwe,2021,2330.0,32.5923996,1.299805472,90.25384862,15797210,15.797,False,False,Negara lain,Lower-Middle Income,2,World Average
AFG,Afghanistan,2022,370.0,15.86629963,0.07963016786,56.26551886,40578842,40.579,False,False,Negara lain,Low Income,1,World Average
AGO,Angola,2022,2290.0,35.83800125,0.3866981559,66.60080731,35635029,35.635,False,False,Negara lain,Lower-Middle Income,2,World Average
ALB,Albania,2022,7720.0,82.61367544,20.69894413,98.3950392,2451636,2.452,False,False,Negara lain,Upper-Middle Income,3,World Average
AND,Andorra,2022,47600.0,94.05169678,51.20506869,142.4264475,79705,0.08,False,False,Negara lain,High Income,4,World Average
ARE,United Arab Emirates,2022,46990.0,100.0,36.84858729,195.6245925,10074977,10.075,False,False,Negara lain,High Income,4,World Average
ARG,Argentina,2022,11890.0,88.37535691,24.68317851,131.4835563,45407904,45.408,False,False,Negara lain,Upper-Middle Income,3,World Average
ARM,Armenia,2022,5690.0,77.02767465,17.7300708,130.5400722,2969200,2.969,False,False,Negara lain,Upper-Middle Income,3,World Average
ATG,Antigua and Barbuda,2022,18730.0,71.9233017,10.68181818,200.5407152,92840,0.093,False,False,Negara lain,High Income,4,World Average
AUS,Australia,2022,60790.0,96.11940002,36.39332019,109.4691711,26018721,26.019,False,False,Negara lain,High Income,4,World Average
AUT,Austria,2022,56310.0,93.61409139,29.23425733,121.1664574,9041851,9.042,False,False,Negara lain,High Income,4,World Average
AZE,Azerbaijan,2022,5670.0,88.0,20.36559581,107.5062961,10141756,10.142,False,False,Negara lain,Upper-Middle Income,3,World Average
BDI,Burundi,2022,280.0,7.144800186,0.03006509149,56.2599912,13321097,13.321,False,False,Negara lain,Low Income,1,World Average
BEL,Belgium,2022,54330.0,94.00783071,43.56571395,101.6803558,11680210,11.68,False,False,Negara lain,High Income,4,World Average
BEN,Benin,2022,1360.0,30.53730011,0.1530724116,105.7450194,13759501,13.76,False,False,Negara lain,Lower-Middle Income,2,World Average
BFA,Burkina Faso,2022,840.0,25.3987999,0.214398323,113.9961468,22509038,22.509,False,False,Negara lain,Low Income,1,World Average
BGD,Bangladesh,2022,2850.0,41.61650085,7.170204791,109.8665408,169384897,169.385,False,False,Negara lain,Lower-Middle Income,2,World Average
BGR,Bulgaria,2022,13100.0,79.12686326,34.96679688,116.6791633,6465097,6.465,False,False,Negara lain,Upper-Middle Income,3,World Average
BHR,Bahrain,2022,28300.0,100.0,18.00256805,139.6361429,1524693,1.525,False,False,Negara lain,High Income,4,World Average
BHS,Bahamas,2022,33790.0,92.2559967,21.13558955,101.6237441,397538,0.398,False,False,Negara lain,High Income,4,World Average
BIH,Bosnia and Herzegovina,2022,7710.0,78.8455371,27.31903562,118.9443529,3204802,3.205,False,False,Negara lain,Upper-Middle Income,3,World Average
BLR,Belarus,2022,7210.0,89.50733148,34.06717825,128.3149994,9228071,9.228,False,False,Negara lain,Upper-Middle Income,3,World Average
BLZ,Belize,2022,6710.0,69.98329926,9.753856774,67.17502663,402733,0.403,False,False,Negara lain,Upper-Middle Income,3,World Average
BOL,Bolivia,2022,4190.0,72.62270355,10.99752475,101.5715043,12077154,12.077,False,False,Negara lain,Lower-Middle Income,2,World Average
BRA,Brazil,2022,8440.0,80.52775094,20.9534469,101.2454689,210306415,210.306,False,False,Negara lain,Upper-Middle Income,3,World Average
BRB,Barbados,2022,24760.0,69.06359863,37.48432619,114.580721,282318,0.282,False,False,Negara lain,High Income,4,World Average
BRN,Brunei Darussalam,2022,30970.0,98.97042579,19.80499374,116.1084393,455370,0.455,False,True,ASEAN lain,High Income,4,World Average
BTN,Bhutan,2022,3600.0,88.35620117,0.6318237348,95.12980943,780914,0.781,False,False,Negara lain,Lower-Middle Income,2,World Average
BWA,Botswana,2022,7690.0,57.9,4.531921905,178.2050189,2439892,2.44,False,False,Negara lain,Upper-Middle Income,3,World Average
CAF,Central African Rep.,2022,520.0,13.75360012,0.01608461607,38.8217901,5098039,5.098,False,False,Negara lain,Low Income,1,World Average
CAN,Canada,2022,54070.0,94.0,42.17921165,91.238669,38950132,38.95,False,False,Negara lain,High Income,4,World Average
CHE,Switzerland,2022,97920.0,96.45279694,46.67475036,123.9712281,8777088,8.777,False,False,Negara lain,High Income,4,World Average
CHL,Chile,2022,15430.0,92.31819916,22.79018972,135.114281,19553036,19.553,False,False,Negara lain,High Income,4,World Average
CHN,China,2022,13170.0,75.61131603,41.37361971,124.195249,1412175000,1412.175,False,False,Negara lain,Upper-Middle Income,3,World Average
CIV,Cote d'Ivoire,2022,2440.0,38.41328122,1.251791331,161.2318334,30395002,30.395,False,False,Negara lain,Lower-Middle Income,2,World Average
CMR,Cameroon,2022,1660.0,40.12559891,2.128624741,89.82741905,27632771,27.633,False,False,Negara lain,Lower-Middle Income,2,World Average
COD,"Congo, Dem. Rep.",2022,610.0,17.99620056,0.03222751674,48.67735342,102396968,102.397,False,False,Negara lain,Low Income,1,World Average
COG,Congo (Rep. of the),2022,2170.0,40.98669815,0.4358831265,93.62592592,6035104,6.035,False,False,Negara lain,Lower-Middle Income,2,World Average
COL,Colombia,2022,6560.0,72.79637855,17.00746555,156.1951611,51737944,51.738,False,False,Negara lain,Upper-Middle Income,3,World Average
COM,Comoros,2022,1630.0,31.37409973,0.219375009,100.5490369,834188,0.834,False,False,Negara lain,Lower-Middle Income,2,World Average
CPV,Cabo Verde,2022,4550.0,73.32740021,6.567694294,113.2473674,519741,0.52,False,False,Negara lain,Upper-Middle Income,3,World Average
CRI,Costa Rica,2022,13490.0,82.59801121,21.757598,136.518375,5081765,5.082,False,False,Negara lain,Upper-Middle Income,3,World Average
CYP,Cyprus,2022,31900.0,89.60099194,36.76567274,146.7158361,1331370,1.331,False,False,Negara lain,High Income,4,World Average
CZE,Czech Republic,2022,27210.0,84.54009378,37.71368565,128.105295,10672118,10.672,False,False,Negara lain,High Income,4,World Average
DEU,Germany,2022,55200.0,91.62984383,44.61863178,124.1582643,83177813,83.178,False,False,Negara lain,High Income,4,World Average
DJI,Djibouti,2022,3310.0,63.77600098,1.412457699,46.77705312,1137096,1.137,False,False,Negara lain,Lower-Middle Income,2,World Average
DMA,Dominica,2022,9740.0,80.57980347,20.86014426,85.18989615,66826,0.067,False,False,Negara lain,Upper-Middle Income,3,World Average
DNK,Denmark,2022,72040.0,97.86011812,44.88636441,126.483541,5903037,5.903,False,False,Negara lain,High Income,4,World Average
DOM,Dominican Rep.,2022,9150.0,81.51269675,10.67444924,90.37601639,11230734,11.231,False,False,Negara lain,Upper-Middle Income,3,World Average
DZA,Algeria,2022,4430.0,74.78150177,10.35172446,107.7871159,45477389,45.477,False,False,Negara lain,Lower-Middle Income,2,World Average
ECU,Ecuador,2022,6550.0,69.71811356,15.11288469,98.13090257,17823897,17.824,False,False,Negara lain,Upper-Middle Income,3,World Average
EGY,Egypt,2022,4040.0,72.19806556,10.68324983,90.67947158,112618250,112.618,False,False,Negara lain,Lower-Middle Income,2,World Average
ESP,Spain,2022,32690.0,94.4855432,35.78464143,123.3995288,47786102,47.786,False,False,Negara lain,High Income,4,World Average
EST,Estonia,2022,27580.0,91.52016546,39.72191504,152.2707729,1348840,1.349,False,False,Negara lain,High Income,4,World Average
ETH,Ethiopia,2022,960.0,17.9836998,0.4515765201,56.96429888,125384287,125.384,False,False,Negara lain,Low Income,1,World Average
FIN,Finland,2022,54120.0,92.98879471,34.29515995,128.0232934,5556106,5.556,False,False,Negara lain,High Income,4,World Average
FJI,Fiji,2022,5250.0,72.56549835,2.533765779,111.7491206,919422,0.919,False,False,Negara lain,Upper-Middle Income,3,World Average
FRA,France,2022,46010.0,85.33331734,48.25022656,115.9505194,68184457,68.184,False,False,Negara lain,High Income,4,World Average
FSM,Micronesia,2022,4020.0,39.0279007,5.818185062,19.98858305,112114,0.112,False,False,Negara lain,Lower-Middle Income,2,World Average
GAB,Gabon,2022,7150.0,67.67169952,3.305485927,123.2331872,2430747,2.431,False,False,Negara lain,Upper-Middle Income,3,World Average
GBR,United Kingdom,2022,49690.0,95.46530151,41.28671577,119.8339995,67636000,67.636,False,False,Negara lain,High Income,4,World Average
GEO,Georgia,2022,5690.0,78.71127536,28.33370753,154.0135618,3712502,3.713,False,False,Negara lain,Upper-Middle Income,3,World Average
GHA,Ghana,2022,2270.0,69.91329956,0.6249450966,120.803416,33149152,33.149,False,False,Negara lain,Lower-Middle Income,2,World Average
GIN,Guinea,2022,1280.0,31.31399918,0.006275285684,95.31746293,14055137,14.055,False,False,Negara lain,Lower-Middle Income,2,World Average
GMB,Gambia,2022,830.0,48.22539902,0.215818879,106.7822505,2636470,2.636,False,False,Negara lain,Low Income,1,World Average
GNB,Guinea-Bissau,2022,960.0,27.67379951,0.2191848224,125.9346701,2105529,2.106,False,False,Negara lain,Low Income,1,World Average
GNQ,Equatorial Guinea,2022,5210.0,63.65950012,0.1006905844,49.53804868,1803545,1.804,False,False,Negara lain,Upper-Middle Income,3,World Average
GRC,Greece,2022,21980.0,83.17066333,42.92304043,109.0269561,10437805,10.438,False,False,Negara lain,High Income,4,World Average
GRD,Grenada,2022,9980.0,68.42030334,29.7674339,95.75923978,116913,0.117,False,False,Negara lain,Upper-Middle Income,3,World Average
GTM,Guatemala,2022,5220.0,54.40430069,5.024390296,115.1564357,17847877,17.848,False,False,Negara lain,Upper-Middle Income,3,World Average
GUY,Guyana,2022,14680.0,76.56240082,12.93563946,112.5650378,821637,0.822,False,False,Negara lain,High Income,4,World Average
HKG,"Hong Kong SAR, China",2022,54000.0,95.61357052,39.95178086,292.8076599,7346100,7.346,False,False,Negara lain,High Income,4,World Average
HND,Honduras,2022,2700.0,56.88069916,4.409801649,75.85514234,10463872,10.464,False,False,Negara lain,Lower-Middle Income,2,World Average
HRV,Croatia,2022,19370.0,82.07155532,27.66067396,114.6771957,3855641,3.856,False,False,Negara lain,High Income,4,World Average
HTI,Haiti,2022,1610.0,47.77470016,0.3067907576,65.18893293,11503606,11.504,False,False,Negara lain,Lower-Middle Income,2,World Average
HUN,Hungary,2022,19200.0,89.14282688,36.53381048,105.7938483,9605074,9.605,False,False,Negara lain,High Income,4,World Average
IDN,Indonesia,2022,4520.0,66.48461277,4.821515079,122.8730122,278830529,278.831,True,True,Indonesia,Upper-Middle Income,3,Indonesia
IND,India,2022,2360.0,55.9,2.352315559,80.18180077,1425423212,1425.423,False,False,Negara lain,Lower-Middle Income,2,World Average
IRL,Ireland,2022,75970.0,95.03690338,31.5362809,110.6088513,5212836,5.213,False,False,Negara lain,High Income,4,World Average
IRN,Iran (Islamic Republic of),2022,4390.0,81.71649933,12.21024861,162.7129437,89524246,89.524,False,False,Negara lain,Lower-Middle Income,2,World Average
IRQ,Iraq,2022,5510.0,78.71560926,14.49129601,99.13236619,44070551,44.071,False,False,Negara lain,Upper-Middle Income,3,World Average
ISL,Iceland,2022,74620.0,97.58339691,37.42125798,120.1148398,382003,0.382,False,False,Negara lain,High Income,4,World Average
ISR,Israel,2022,55460.0,91.85079615,29.16766952,151.1379631,9557500,9.558,False,False,Negara lain,High Income,4,World Average
ITA,Italy,2022,39060.0,85.06074504,31.19136706,131.6739656,59013667,59.014,False,False,Negara lain,High Income,4,World Average
JAM,Jamaica,2022,6340.0,85.84329987,14.96017814,105.7620184,2839144,2.839,False,False,Negara lain,Upper-Middle Income,3,World Average
JOR,Jordan,2022,4810.0,90.4999984,7.07365313,67.74570743,11256263,11.256,False,False,Negara lain,Upper-Middle Income,3,World Average
JPN,Japan,2022,44300.0,84.92343147,36.84142104,168.6029437,125124989,125.125,False,False,Negara lain,High Income,4,World Average
KAZ,Kazakhstan,2022,9400.0,92.29685266,14.47395355,125.6415835,20034609,20.035,False,False,Negara lain,Upper-Middle Income,3,World Average
KEN,Kenya,2022,2170.0,29.40589905,1.476469427,121.1689991,54252461,54.252,False,False,Negara lain,Lower-Middle Income,2,World Average
KGZ,Kyrgyz Republic,2022,1540.0,84.1937027,5.604843046,106.925973,6975220,6.975,False,False,Negara lain,Lower-Middle Income,2,World Average
KHM,Cambodia,2022,2270.0,65.49079895,2.963830835,113.3915066,17201724,17.202,False,True,ASEAN lain,Lower-Middle Income,2,World Average
KIR,Kiribati,2022,3280.0,84.99849701,0.06898190375,49.11204961,130469,0.13,False,False,Negara lain,Lower-Middle Income,2,World Average
KNA,Saint Kitts and Nevis,2022,21420.0,75.76229858,46.7447387,116.9239333,46709,0.047,False,False,Negara lain,High Income,4,World Average
KOR,Korea (Rep. of),2022,38590.0,97.16855335,45.45421242,148.6836077,51672569,51.673,False,False,Negara lain,High Income,4,World Average
KWT,Kuwait,2022,39120.0,99.74729919,1.363282493,168.3501576,4589643,4.59,False,False,Negara lain,High Income,4,World Average
LAO,Lao P.D.R.,2022,2300.0,64.54000092,2.381860475,63.35460465,7559007,7.559,False,True,ASEAN lain,Lower-Middle Income,2,World Average
LBN,Lebanon,2022,4130.0,81.46479797,7.291666848,74.01483404,5744489,5.744,False,False,Negara lain,Lower-Middle Income,2,World Average
LBR,Liberia,2022,660.0,30.38010025,0.2746732265,32.06388856,5373294,5.373,False,False,Negara lain,Low Income,1,World Average
LBY,Libya,2022,6010.0,80.64720154,4.518408235,192.9730938,7223805,7.224,False,False,Negara lain,Upper-Middle Income,3,World Average
LCA,Saint Lucia,2022,11680.0,66.95159912,13.571912,98.66764365,178781,0.179,False,False,Negara lain,Upper-Middle Income,3,World Average
LKA,Sri Lanka,2022,3620.0,48.3,9.636099727,151.7267576,22181000,22.181,False,False,Negara lain,Lower-Middle Income,2,World Average
LSO,Lesotho,2022,1270.0,48.06959915,0.3975311774,68.10013516,2286110,2.286,False,False,Negara lain,Lower-Middle Income,2,World Average
LTU,Lithuania,2022,23840.0,87.72420219,28.44004389,135.8341507,2831639,2.832,False,False,Negara lain,High Income,4,World Average
LUX,Luxembourg,2022,84190.0,98.24203749,38.32695813,139.6512851,653103,0.653,False,False,Negara lain,High Income,4,World Average
LVA,Latvia,2022,20630.0,91.03009059,25.98924119,115.2026275,1879383,1.879,False,False,Negara lain,High Income,4,World Average
MAC,"Macao SAR, China",2022,45210.0,89.48549652,29.60661938,172.2447172,677300,0.677,False,False,Negara lain,High Income,4,World Average
MAR,Morocco,2022,3700.0,89.9,6.47150167,141.8700024,37329064,37.329,False,False,Negara lain,Lower-Middle Income,2,World Average
MDA,Moldova,2022,5540.0,74.91899872,26.31779433,137.1825519,2528654,2.529,False,False,Negara lain,Upper-Middle Income,3,World Average
MDG,Madagascar,2022,500.0,17.81170082,0.1074899611,64.74949241,30437261,30.437,False,False,Negara lain,Low Income,1,World Average
MDV,Maldives,2022,10570.0,83.91189054,17.39972448,136.4586553,524106,0.524,False,False,Negara lain,Upper-Middle Income,3,World Average
MEX,Mexico,2022,10730.0,78.63217894,20.60702564,105.7206241,128613117,128.613,False,False,Negara lain,Upper-Middle Income,3,World Average
MHL,Marshall Islands,2022,7580.0,64.26719666,2.350475335,39.70606582,40077,0.04,False,False,Negara lain,Upper-Middle Income,3,World Average
MKD,North Macedonia,2022,7570.0,83.85030365,28.00357346,111.3030796,1831712,1.832,False,False,Negara lain,Upper-Middle Income,3,World Average
MLI,Mali,2022,1000.0,35.19919968,0.7742200286,112.1198528,23072640,23.073,False,False,Negara lain,Low Income,1,World Average
MLT,Malta,2022,34840.0,91.54062209,43.44499727,132.8611565,531113,0.531,False,False,Negara lain,High Income,4,World Average
MNE,Montenegro,2022,10420.0,88.22192026,31.89223751,207.2781494,623591,0.624,False,False,Negara lain,Upper-Middle Income,3,World Average
MNG,Mongolia,2022,4340.0,81.07720184,12.90082885,142.8085818,3433748,3.434,False,False,Negara lain,Lower-Middle Income,2,World Average
MOZ,Mozambique,2022,500.0,18.96220016,0.1977845218,45.81781997,32656246,32.656,False,False,Negara lain,Low Income,1,World Average
MRT,Mauritania,2022,2010.0,42.46450043,0.4152277949,109.8838982,4875637,4.876,False,False,Negara lain,Lower-Middle Income,2,World Average
MUS,Mauritius,2022,11810.0,75.5,26.19639065,164.3092788,1262523,1.263,False,False,Negara lain,Upper-Middle Income,3,World Average
MWI,Malawi,2022,610.0,16.84830093,0.07240603308,59.64957094,20568728,20.569,False,False,Negara lain,Low Income,1,World Average
MYS,Malaysia,2022,11620.0,97.3986404,12.17535661,138.2084411,34695493,34.695,False,True,ASEAN lain,Upper-Middle Income,3,World Average
NAM,Namibia,2022,4280.0,62.99720001,3.291907496,100.5578161,2889662,2.89,False,False,Negara lain,Lower-Middle Income,2,World Average
NER,Niger,2022,650.0,13.08749962,,63.3770548,25311973,25.312,False,False,Negara lain,Low Income,1,World Average
NGA,Nigeria,2022,2940.0,39.14720154,0.04338140771,99.5852152,223150896,223.151,False,False,Negara lain,Lower-Middle Income,2,World Average
NIC,Nicaragua,2022,2150.0,59.38000107,5.007819448,104.2784847,6730654,6.731,False,False,Negara lain,Lower-Middle Income,2,World Average
NLD,Netherlands,2022,62110.0,92.51968504,43.56431856,115.8205563,17700982,17.701,False,False,Negara lain,High Income,4,World Average
NOR,Norway,2022,97270.0,98.99997764,45.66446532,111.6571962,5457127,5.457,False,False,Negara lain,High Income,4,World Average
NPL,Nepal,2022,1380.0,45.45080185,8.518098136,121.1144874,29715436,29.715,False,False,Negara lain,Lower-Middle Income,2,World Average
NRU,Naoero,2022,20890.0,83.22660065,9.956783323,87.17057876,11801,0.012,False,False,Negara lain,High Income,4,World Average
NZL,New Zealand,2022,49090.0,93.07289886,36.30449279,115.9841878,5081700,5.082,False,False,Negara lain,High Income,4,World Average
OMN,Oman,2022,19270.0,95.24530029,10.88332641,136.8005716,4730226,4.73,False,False,Negara lain,High Income,4,World Average
PAN,Panama,2022,17130.0,67.2838974,16.38614398,152.0621718,4400773,4.401,False,False,Negara lain,High Income,4,World Average
PER,Peru,2022,6930.0,74.67495213,9.45023632,124.1193229,33475438,33.475,False,False,Negara lain,Upper-Middle Income,3,World Average
PHL,Philippines,2022,4010.0,75.21114422,7.639465251,147.4289264,113964338,113.964,False,True,ASEAN lain,Lower-Middle Income,2,World Average
PLW,Palau,2022,14100.0,82.56749725,6.993637029,135.1427445,17759,0.018,False,False,Negara lain,High Income,4,World Average
PNG,Papua New Guinea,2022,2690.0,18.25659943,0.2146391969,49.19066811,10203169,10.203,False,False,Negara lain,Lower-Middle Income,2,World Average
POL,Poland,2022,19110.0,86.94113479,23.83734491,137.0021481,36821749,36.822,False,False,Negara lain,High Income,4,World Average
PRI,Puerto Rico,2022,24670.0,87.29178106,22.28244771,120.2159046,3220148,3.22,False,False,Negara lain,High Income,4,World Average
PRT,Portugal,2022,25880.0,84.49690644,42.93700351,122.801309,10434332,10.434,False,False,Negara lain,High Income,4,World Average
PRY,Paraguay,2022,5900.0,76.25916611,11.15279957,128.0880573,6760464,6.76,False,False,Negara lain,Upper-Middle Income,3,World Average
PSE,State of Palestine,2022,4720.0,88.64690554,7.936730836,76.56664034,5043612,5.044,False,False,Negara lain,Upper-Middle Income,3,World Average
QAT,Qatar,2022,71050.0,98.03800201,12.64144127,162.2485397,2657333,2.657,False,False,Negara lain,High Income,4,World Average
ROU,Romania,2022,15390.0,85.50309124,33.21156009,121.1419429,19048502,19.049,False,False,Negara lain,High Income,4,World Average
RUS,Russian Federation,2022,12890.0,90.41799163,24.63455686,168.4758313,144236933,144.237,False,False,Negara lain,Upper-Middle Income,3,World Average
RWA,Rwanda,2022,970.0,28.01679993,0.3499516154,80.59522249,13651030,13.651,False,False,Negara lain,Low Income,1,World Average
SAU,Saudi Arabia,2022,35110.0,100.0,41.82300787,149.7978826,32175224,32.175,False,False,Negara lain,High Income,4,World Average
SEN,Senegal,2022,1590.0,56.82830048,1.403651658,118.1502935,17651103,17.651,False,False,Negara lain,Lower-Middle Income,2,World Average
SGP,Singapore,2022,68100.0,95.95386476,27.55100325,173.0052913,5637022,5.637,False,True,ASEAN lain,High Income,4,World Average
SLB,Solomon Islands,2022,2010.0,28.01729965,0.1070332085,62.07349955,781066,0.781,False,False,Negara lain,Lower-Middle Income,2,World Average
SLE,Sierra Leone,2022,920.0,21.50880051,,107.8820009,8276807,8.277,False,False,Negara lain,Low Income,1,World Average
SLV,El Salvador,2022,4710.0,60.05609894,9.738326986,183.248956,6280319,6.28,False,False,Negara lain,Upper-Middle Income,3,World Average
SMR,San Marino,2022,53950.0,97.32790375,35.787621,120.2698739,33755,0.034,False,False,Negara lain,High Income,4,World Average
SOM,Somalia,2022,570.0,27.6,0.6684680852,49.6800987,17801897,17.802,False,False,Negara lain,Low Income,1,World Average
SRB,Serbia,2022,9790.0,83.53825397,29.34579414,129.8131496,6664449,6.664,False,False,Negara lain,Upper-Middle Income,3,World Average
STP,Sao Tome and Principe,2022,2820.0,58.56779861,2.024701178,86.77846269,226305,0.226,False,False,Negara lain,Lower-Middle Income,2,World Average
SVK,Slovak Republic,2022,21890.0,89.06766196,33.99881276,136.0292896,5431752,5.432,False,False,Negara lain,High Income,4,World Average
SVN,Slovenia,2022,29590.0,88.91248552,32.01049721,126.4591808,2112076,2.112,False,False,Negara lain,High Income,4,World Average
SWE,Sweden,2022,61930.0,95.00970335,40.60934243,140.7816645,10486941,10.487,False,False,Negara lain,High Income,4,World Average
SWZ,Eswatini,2022,3650.0,57.34370041,2.185300558,121.4917012,1218917,1.219,False,False,Negara lain,Lower-Middle Income,2,World Average
SYC,Seychelles,2022,14390.0,84.83380127,29.83142397,163.4295183,119878,0.12,False,False,Negara lain,High Income,4,World Average
TCD,Chad,2022,920.0,11.17029953,0.0,65.43777955,18455316,18.455,False,False,Negara lain,Low Income,1,World Average
TGO,Togo,2022,1130.0,35.60749817,1.037235617,72.2147547,8068616,8.069,False,False,Negara lain,Low Income,1,World Average
THA,Thailand,2022,7220.0,87.97724503,17.51258156,176.2227925,71735329,71.735,False,True,ASEAN lain,Upper-Middle Income,3,World Average
TJK,Tajikistan,2022,1360.0,48.91429901,0.5851964335,63.84420807,10182222,10.182,False,False,Negara lain,Lower-Middle Income,2,World Average
TON,Tonga,2022,5390.0,61.60739899,8.173873308,61.72578588,105042,0.105,False,False,Negara lain,Upper-Middle Income,3,World Average
TTO,Trinidad and Tobago,2022,16100.0,81.69760132,26.03319293,133.6319899,1365805,1.366,False,False,Negara lain,High Income,4,World Average
TUR,Turkiye,2022,10870.0,83.43716576,21.82303726,103.7205936,84979913,84.98,False,False,Negara lain,Upper-Middle Income,3,World Average
TZA,Tanzania,2022,1210.0,26.86059952,0.1107741969,93.01597462,64711821,64.712,False,False,Negara lain,Lower-Middle Income,2,World Average
UGA,Uganda,2022,930.0,9.636899948,0.08508494302,70.1401118,47312719,47.313,False,False,Negara lain,Low Income,1,World Average
UKR,Ukraine,2022,3930.0,80.47429657,17.53981406,120.2611449,41048766,41.049,False,False,Negara lain,Lower-Middle Income,2,World Average
URY,Uruguay,2022,18050.0,89.87304314,33.48655657,139.8288013,3390913,3.391,False,False,Negara lain,High Income,4,World Average
USA,United States,2022,77230.0,92.72850037,37.48879548,108.7856407,333996304,333.996,False,False,Negara lain,High Income,4,World Average
UZB,Uzbekistan,2022,2620.0,83.90000012,25.79922325,105.4716433,34938955,34.939,False,False,Negara lain,Lower-Middle Income,2,World Average
VCT,Saint Vincent and the Grenadines,2022,9520.0,74.75479889,28.99672697,102.3342414,102046,0.102,False,False,Negara lain,Upper-Middle Income,3,World Average
VEN,Venezuela,2022,2260.0,75.82180023,9.580361434,66.46677312,28213017,28.213,False,False,Negara lain,Lower-Middle Income,2,World Average
VNM,Viet Nam,2022,3980.0,78.58999918,21.36813808,137.8524228,99680655,99.681,False,True,ASEAN lain,Lower-Middle Income,2,World Average
ZAF,South Africa,2022,6530.0,78.29319763,3.12297476,160.7285117,62378410,62.378,False,False,Negara lain,Upper-Middle Income,3,World Average
ZMB,Zambia,2022,1170.0,15.0,0.4289498633,98.43726012,20152938,20.153,False,False,Negara lain,Lower-Middle Income,2,World Average
ZWE,Zimbabwe,2022,2580.0,36.25650024,1.621501599,88.99583149,16069056,16.069,False,False,Negara lain,Lower-Middle Income,2,World Average
AFG,Afghanistan,2023,370.0,15.92840004,0.08008730288,55.5474967,41454761,41.455,False,False,Negara lain,Low Income,1,World Average
AGO,Angola,2023,2650.0,37.88589859,0.373668983,70.05195877,36749906,36.75,False,False,Negara lain,Lower-Middle Income,2,World Average
ALB,Albania,2023,8740.0,83.13559161,22.50485924,92.9973272,2411658,2.412,False,False,Negara lain,Upper-Middle Income,3,World Average
AND,Andorra,2023,47920.0,94.21499634,51.7401306,156.0972593,80856,0.081,False,False,Negara lain,High Income,4,World Average
ARE,United Arab Emirates,2023,51100.0,100.0,37.09682345,199.4238439,10483751,10.484,False,False,Negara lain,High Income,4,World Average
ARG,Argentina,2023,12920.0,89.22897166,25.35807307,137.7060868,45538401,45.538,False,False,Negara lain,Upper-Middle Income,3,World Average
ARM,Armenia,2023,6850.0,79.99663036,18.54580751,134.5199571,2964300,2.964,False,False,Negara lain,Upper-Middle Income,3,World Average
ATG,Antigua and Barbuda,2023,20250.0,72.12409973,,,93316,0.093,False,False,Negara lain,High Income,4,World Average
AUS,Australia,2023,63320.0,96.1160965,36.62742649,112.5131771,26659922,26.66,False,False,Negara lain,High Income,4,World Average
AUT,Austria,2023,55890.0,95.33467117,29.37254098,121.7462071,9131761,9.132,False,False,Negara lain,High Income,4,World Average
AZE,Azerbaijan,2023,6680.0,89.0,20.8825041,107.6867328,10153958,10.154,False,False,Negara lain,Upper-Middle Income,3,World Average
BDI,Burundi,2023,280.0,7.172299862,0.02034413362,63.16313658,13689450,13.689,False,False,Negara lain,Low Income,1,World Average
BEL,Belgium,2023,55520.0,94.62625074,43.7026446,103.1964264,11779946,11.78,False,False,Negara lain,High Income,4,World Average
BEN,Benin,2023,1390.0,32.39400101,0.1708804613,116.0360467,14111034,14.111,False,False,Negara lain,Lower-Middle Income,2,World Average
BFA,Burkina Faso,2023,840.0,25.36120033,0.4594633423,116.1631382,23025776,23.026,False,False,Negara lain,Low Income,1,World Average
BGD,Bangladesh,2023,2880.0,44.50274195,7.892458484,111.2808944,171466990,171.467,False,False,Negara lain,Lower-Middle Income,2,World Average
BGR,Bulgaria,2023,14240.0,80.38956462,37.02357175,117.9326858,6446596,6.447,False,False,Negara lain,High Income,4,World Average
BHR,Bahrain,2023,28460.0,100.0,17.15823621,153.8999379,1577059,1.577,False,False,Negara lain,High Income,4,World Average
BHS,Bahamas,2023,35180.0,92.38729858,23.81634288,100.0475666,399440,0.399,False,False,Negara lain,High Income,4,World Average
BIH,Bosnia and Herzegovina,2023,8280.0,83.3771539,28.44013308,117.7336909,3185073,3.185,False,False,Negara lain,Upper-Middle Income,3,World Average
BLR,Belarus,2023,7850.0,91.51249979,35.09319107,128.9791765,9178298,9.178,False,False,Negara lain,Upper-Middle Income,3,World Average
BLZ,Belize,2023,6850.0,70.18720245,,,411106,0.411,False,False,Negara lain,Upper-Middle Income,3,World Average
BOL,Bolivia,2023,4230.0,77.30039978,11.15294239,,12244159,12.244,False,False,Negara lain,Lower-Middle Income,2,World Average
BRA,Brazil,2023,9310.0,84.15060238,22.41923016,101.020256,211140729,211.141,False,False,Negara lain,Upper-Middle Income,3,World Average
BRB,Barbados,2023,24710.0,69.67510223,,,282336,0.282,False,False,Negara lain,High Income,4,World Average
BRN,Brunei Darussalam,2023,34390.0,98.97039795,20.2120497,118.6737524,458949,0.459,False,True,ASEAN lain,High Income,4,World Average
BTN,Bhutan,2023,3730.0,90.02140045,1.318819662,95.62606103,786385,0.786,False,False,Negara lain,Lower-Middle Income,2,World Average
CAF,Central African Rep.,2023,530.0,13.8416996,,,5152421,5.152,False,False,Negara lain,Low Income,1,World Average
CAN,Canada,2023,55340.0,94.14530182,42.52417708,94.14972682,40049088,40.049,False,False,Negara lain,High Income,4,World Average
CHE,Switzerland,2023,98160.0,97.34436623,46.83646277,130.2218766,8888822,8.889,False,False,Negara lain,High Income,4,World Average
CHL,Chile,2023,15970.0,94.45742345,22.99541656,135.8711185,19658835,19.659,False,False,Negara lain,High Income,4,World Average
CHN,China,2023,13750.0,90.6,44.7288865,128.2470141,1410710000,1410.71,False,False,Negara lain,Upper-Middle Income,3,World Average
CIV,Cote d'Ivoire,2023,2510.0,40.65284979,1.363366224,171.9889433,31165654,31.166,False,False,Negara lain,Lower-Middle Income,2,World Average
CMR,Cameroon,2023,1680.0,42.24380112,,96.48173259,28372687,28.373,False,False,Negara lain,Lower-Middle Income,2,World Average
COD,"Congo, Dem. Rep.",2023,680.0,18.96789932,0.0219936281,53.18888277,105789731,105.79,False,False,Negara lain,Low Income,1,World Average
COG,Congo (Rep. of the),2023,2310.0,43.15039825,1.267984121,94.87153651,6182885,6.183,False,False,Negara lain,Lower-Middle Income,2,World Average
COL,Colombia,2023,6760.0,77.33686322,17.03698153,166.9801078,52321152,52.321,False,False,Negara lain,Upper-Middle Income,3,World Average
COM,Comoros,2023,1670.0,31.92749977,0.3879410198,109.8556304,850387,0.85,False,False,Negara lain,Lower-Middle Income,2,World Average
CPV,Cabo Verde,2023,4740.0,74.59919739,7.230089732,113.0229682,522331,0.522,False,False,Negara lain,Upper-Middle Income,3,World Average
CRI,Costa Rica,2023,14330.0,85.39514799,22.52312935,133.5276588,5105525,5.106,False,False,Negara lain,High Income,4,World Average
CYP,Cyprus,2023,32380.0,91.22110357,36.90055877,148.3337127,1344976,1.345,False,False,Negara lain,High Income,4,World Average
CZE,Czech Republic,2023,28540.0,85.99404818,37.90997839,126.0047535,10864042,10.864,False,False,Negara lain,High Income,4,World Average
DEU,Germany,2023,55420.0,92.4763763,45.38052251,124.6625728,83287273,83.287,False,False,Negara lain,High Income,4,World Average
DJI,Djibouti,2023,3500.0,64.75869751,1.472057619,48.45048849,1152944,1.153,False,False,Negara lain,Lower-Middle Income,2,World Average
DMA,Dominica,2023,9990.0,81.33650208,,,66510,0.067,False,False,Negara lain,Upper-Middle Income,3,World Average
DNK,Denmark,2023,72080.0,98.77559197,44.035207,126.7170925,5946952,5.947,False,False,Negara lain,High Income,4,World Average
DOM,Dominican Rep.,2023,9700.0,86.12689972,11.13455559,91.86762467,11331265,11.331,False,False,Negara lain,Upper-Middle Income,3,World Average
DZA,Algeria,2023,4950.0,76.19760132,12.00868361,111.6062356,46164219,46.164,False,False,Negara lain,Upper-Middle Income,3,World Average
ECU,Ecuador,2023,6570.0,72.6943146,16.06789023,101.0317527,17980083,17.98,False,False,Negara lain,Upper-Middle Income,3,World Average
EGY,Egypt,2023,3840.0,74.01190186,10.86424772,92.82616264,114535772,114.536,False,False,Negara lain,Lower-Middle Income,2,World Average
ESP,Spain,2023,32980.0,95.44564516,37.21481815,127.7154902,48352528,48.353,False,False,Negara lain,High Income,4,World Average
EST,Estonia,2023,27650.0,93.18342241,35.25397968,150.1957291,1370286,1.37,False,False,Negara lain,High Income,4,World Average
ETH,Ethiopia,2023,1030.0,20.33749962,0.5348231803,59.87487444,128691692,128.692,False,False,Negara lain,Low Income,1,World Average
FIN,Finland,2023,52870.0,93.51385075,35.33180925,127.4730258,5583911,5.584,False,False,Negara lain,High Income,4,World Average
FJI,Fiji,2023,5670.0,74.1160965,1.829474812,361.048645,924145,0.924,False,False,Negara lain,Upper-Middle Income,3,World Average
FRA,France,2023,45770.0,86.83635789,48.66883401,116.6878004,68372286,68.372,False,False,Negara lain,High Income,4,World Average
FSM,Micronesia,2023,4270.0,39.39889908,,,112630,0.113,False,False,Negara lain,Lower-Middle Income,2,World Average
GAB,Gabon,2023,7660.0,68.19789886,3.972932913,122.6066278,2484789,2.485,False,False,Negara lain,Upper-Middle Income,3,World Average
GBR,United Kingdom,2023,48800.0,95.44719696,41.43676855,122.7815422,68526000,68.526,False,False,Negara lain,High Income,4,World Average
GEO,Georgia,2023,6710.0,81.88425624,29.30863676,155.2499651,3715483,3.715,False,False,Negara lain,Upper-Middle Income,3,World Average
GHA,Ghana,2023,2310.0,70.67430115,0.5554767305,98.80592214,33787914,33.788,False,False,Negara lain,Lower-Middle Income,2,World Average
GIN,Guinea,2023,1340.0,32.31560135,,97.87949965,14405468,14.405,False,False,Negara lain,Lower-Middle Income,2,World Average
GMB,Gambia,2023,870.0,48.72829819,0.5021415241,117.1156608,2697845,2.698,False,False,Negara lain,Low Income,1,World Average
GNB,Guinea-Bissau,2023,970.0,28.71240044,0.3104480994,128.1105297,2153339,2.153,False,False,Negara lain,Low Income,1,World Average
GNQ,Equatorial Guinea,2023,6230.0,63.51950073,,,1847549,1.848,False,False,Negara lain,Upper-Middle Income,3,World Average
GRC,Greece,2023,22300.0,85.0102229,43.85396218,110.7921696,10407351,10.407,False,False,Negara lain,High Income,4,World Average
GRD,Grenada,2023,10100.0,69.4131012,,,117081,0.117,False,False,Negara lain,Upper-Middle Income,3,World Average
GTM,Guatemala,2023,5470.0,56.72669983,5.08082886,113.7093749,18124838,18.125,False,False,Negara lain,Upper-Middle Income,3,World Average
GUY,Guyana,2023,17770.0,79.3553009,,,826353,0.826,False,False,Negara lain,High Income,4,World Average
HKG,"Hong Kong SAR, China",2023,54870.0,95.97781908,39.88397274,319.4938983,7536100,7.536,False,False,Negara lain,High Income,4,World Average
HND,Honduras,2023,2870.0,58.0685997,4.362127755,74.41482272,10644851,10.645,False,False,Negara lain,Lower-Middle Income,2,World Average
HRV,Croatia,2023,20800.0,83.24117599,28.47095615,117.1126043,3859686,3.86,False,False,Negara lain,High Income,4,World Average
HTI,Haiti,2023,1740.0,47.99269867,,,11637398,11.637,False,False,Negara lain,Lower-Middle Income,2,World Average
HUN,Hungary,2023,19820.0,91.4500713,36.79018853,105.0544249,9592186,9.592,False,False,Negara lain,High Income,4,World Average
IDN,Indonesia,2023,4810.0,69.20836554,4.816639558,125.2381948,281190067,281.19,True,True,Indonesia,Upper-Middle Income,3,Indonesia
IND,India,2023,2490.0,60.25230026,2.745346964,80.56319988,1438069596,1438.07,False,False,Negara lain,Lower-Middle Income,2,World Average
IRL,Ireland,2023,79280.0,96.8660965,31.89078307,110.7983443,5311538,5.312,False,False,Negara lain,High Income,4,World Average
IRN,Iran (Islamic Republic of),2023,5070.0,83.71050262,12.02059422,166.2798212,90608707,90.609,False,False,Negara lain,Upper-Middle Income,3,World Average
IRQ,Iraq,2023,5920.0,81.80889893,17.2312565,101.3887215,45074049,45.074,False,False,Negara lain,Upper-Middle Income,3,World Average
ISL,Iceland,2023,80870.0,97.94860077,37.42459193,121.4754953,385663,0.386,False,False,Negara lain,High Income,4,World Average
ISR,Israel,2023,54480.0,87.03842615,29.43572355,153.3366413,9849000,9.849,False,False,Negara lain,High Income,4,World Average
ITA,Italy,2023,38750.0,87.0278292,31.84108768,131.8716745,58984216,58.984,False,False,Negara lain,High Income,4,World Average
JAM,Jamaica,2023,6860.0,89.47304282,15.78520353,115.0922288,2839786,2.84,False,False,Negara lain,Upper-Middle Income,3,World Average
JOR,Jordan,2023,4890.0,92.53443944,7.037494625,67.54567819,11439213,11.439,False,False,Negara lain,Upper-Middle Income,3,World Average
JPN,Japan,2023,40740.0,85.00990295,38.63123837,178.4324413,124516650,124.517,False,False,Negara lain,High Income,4,World Average
KAZ,Kazakhstan,2023,10710.0,92.87846096,14.34572101,127.1147752,20330104,20.33,False,False,Negara lain,Upper-Middle Income,3,World Average
KEN,Kenya,2023,2110.0,32.07040024,2.388825111,120.6124169,55339003,55.339,False,False,Negara lain,Lower-Middle Income,2,World Average
KGZ,Kyrgyz Republic,2023,1840.0,91.04440308,6.446525321,108.5911872,7099750,7.1,False,False,Negara lain,Lower-Middle Income,2,World Average
KHM,Cambodia,2023,2390.0,68.92549896,3.641818011,120.8091194,17423880,17.424,False,True,ASEAN lain,Lower-Middle Income,2,World Average
KIR,Kiribati,2023,3710.0,88.0,0.03999094545,51.25405569,132530,0.133,False,False,Negara lain,Lower-Middle Income,2,World Average
KNA,Saint Kitts and Nevis,2023,21870.0,76.58950043,,118.8930237,46758,0.047,False,False,Negara lain,High Income,4,World Average
KOR,Korea (Rep. of),2023,38020.0,97.41597478,46.5676352,162.1136565,51712619,51.713,False,False,Negara lain,High Income,4,World Average
KWT,Kuwait,2023,42040.0,99.74731125,1.013664182,167.684285,4853420,4.853,False,False,Negara lain,High Income,4,World Average
LAO,Lao P.D.R.,2023,2110.0,64.39800262,2.720211225,64.75880669,7664993,7.665,False,True,ASEAN lain,Lower-Middle Income,2,World Average
LBN,Lebanon,2023,3710.0,81.7059021,,,5773493,5.773,False,False,Negara lain,Lower-Middle Income,2,World Average
LBR,Liberia,2023,710.0,31.22410011,,,5493031,5.493,False,False,Negara lain,Low Income,1,World Average
LBY,Libya,2023,6160.0,82.10469818,,,7305659,7.306,False,False,Negara lain,Upper-Middle Income,3,World Average
LCA,Saint Lucia,2023,12440.0,67.44390106,,,179285,0.179,False,False,Negara lain,Upper-Middle Income,3,World Average
LKA,Sri Lanka,2023,3550.0,51.2,8.765451731,142.2774026,22037000,22.037,False,False,Negara lain,Lower-Middle Income,2,World Average
LSO,Lesotho,2023,1260.0,48.98590088,0.3837381547,69.35130514,2311472,2.311,False,False,Negara lain,Lower-Middle Income,2,World Average
LTU,Lithuania,2023,25360.0,88.50287484,27.96381625,137.20372,2871585,2.872,False,False,Negara lain,High Income,4,World Average
LUX,Luxembourg,2023,88480.0,99.34785707,38.37930651,144.4749496,666430,0.666,False,False,Negara lain,High Income,4,World Average
LVA,Latvia,2023,21000.0,92.18791291,25.99484912,119.9099446,1883710,1.884,False,False,Negara lain,High Income,4,World Average
MAC,"Macao SAR, China",2023,64780.0,89.82640076,29.67592644,192.4783447,678800,0.679,False,False,Negara lain,High Income,4,World Average
MAR,Morocco,2023,3780.0,91.0,7.021843285,148.1551013,37712505,37.713,False,False,Negara lain,Lower-Middle Income,2,World Average
MDA,Moldova,2023,6250.0,76.50330353,27.30863658,129.5460814,2457783,2.458,False,False,Negara lain,Upper-Middle Income,3,World Average
MDG,Madagascar,2023,510.0,18.24080086,0.1244873851,75.45629667,31195932,31.196,False,False,Negara lain,Low Income,1,World Average
MDV,Maldives,2023,11130.0,84.55290222,18.62929995,141.601235,525994,0.526,False,False,Negara lain,Upper-Middle Income,3,World Average
MEX,Mexico,2023,11990.0,81.18318755,20.75291738,111.7354203,129739759,129.74,False,False,Negara lain,Upper-Middle Income,3,World Average
MHL,Marshall Islands,2023,7960.0,64.07589722,,,38827,0.039,False,False,Negara lain,Upper-Middle Income,3,World Average
MKD,North Macedonia,2023,7940.0,88.5,29.1771709,106.4587767,1827816,1.828,False,False,Negara lain,Upper-Middle Income,3,World Average
MLI,Mali,2023,1010.0,36.03879929,,,23769127,23.769,False,False,Negara lain,Low Income,1,World Average
MLT,Malta,2023,35720.0,92.07266941,44.28245484,140.593595,552747,0.553,False,False,Negara lain,High Income,4,World Average
MNE,Montenegro,2023,11560.0,88.5515976,32.01552517,207.2379221,623529,0.624,False,False,Negara lain,Upper-Middle Income,3,World Average
MNG,Mongolia,2023,4870.0,83.74320221,14.55291072,141.0848175,3481145,3.481,False,False,Negara lain,Upper-Middle Income,3,World Average
MOZ,Mozambique,2023,540.0,19.94560051,0.1490018183,47.50030325,33635160,33.635,False,False,Negara lain,Low Income,1,World Average
MRT,Mauritania,2023,2140.0,44.95629883,0.5904101213,90.77249489,5022441,5.022,False,False,Negara lain,Lower-Middle Income,2,World Average
MUS,Mauritius,2023,12530.0,79.5,26.90823092,165.2575244,1248647,1.249,False,False,Negara lain,Upper-Middle Income,3,World Average
MWI,Malawi,2023,620.0,17.98810346,0.07955656054,61.0866071,21104482,21.104,False,False,Negara lain,Low Income,1,World Average
MYS,Malaysia,2023,11700.0,97.69272633,13.02870004,142.7320921,35126298,35.126,False,True,ASEAN lain,Upper-Middle Income,3,World Average
NAM,Namibia,2023,4310.0,63.69549942,3.520069387,87.67609543,2963095,2.963,False,False,Negara lain,Lower-Middle Income,2,World Average
NER,Niger,2023,640.0,12.98079967,0.1076190487,65.73503222,26159867,26.16,False,False,Negara lain,Low Income,1,World Average
NGA,Nigeria,2023,2590.0,40.06399918,0.05128378519,98.47728227,227882945,227.883,False,False,Negara lain,Lower-Middle Income,2,World Average
NIC,Nicaragua,2023,2360.0,60.30120087,5.43030503,105.8431362,6823613,6.824,False,False,Negara lain,Lower-Middle Income,2,World Average
NLD,Netherlands,2023,62550.0,97.00680272,43.26444447,125.272737,17877117,17.877,False,False,Negara lain,High Income,4,World Average
NOR,Norway,2023,101840.0,99.00000258,45.43770826,109.6542286,5519601,5.52,False,False,Negara lain,High Income,4,World Average
NPL,Nepal,2023,1430.0,45.80680084,10.67513455,117.7595775,29694614,29.695,False,False,Negara lain,Lower-Middle Income,2,World Average
NRU,Naoero,2023,22370.0,83.03970337,,,11875,0.012,False,False,Negara lain,High Income,4,World Average
NZL,New Zealand,2023,49470.0,93.32610321,37.85308485,126.8549786,5200000,5.2,False,False,Negara lain,High Income,4,World Average
OMN,Oman,2023,19950.0,95.25170135,10.87933217,122.291458,5049269,5.049,False,False,Negara lain,High Income,4,World Average
PAN,Panama,2023,17830.0,68.54851592,18.13412656,156.5865076,4458759,4.459,False,False,Negara lain,High Income,4,World Average
PER,Peru,2023,7100.0,79.48484477,10.43642667,121.9750847,33845617,33.846,False,False,Negara lain,Upper-Middle Income,3,World Average
PHL,Philippines,2023,4320.0,77.86699677,6.539308551,117.2755217,114891199,114.891,False,True,ASEAN lain,Lower-Middle Income,2,World Average
PLW,Palau,2023,14750.0,82.91629791,7.333446156,135.3866983,17727,0.018,False,False,Negara lain,High Income,4,World Average
PNG,Papua New Guinea,2023,2800.0,18.56130028,0.2281119597,34.0588962,10389635,10.39,False,False,Negara lain,Lower-Middle Income,2,World Average
POL,Poland,2023,19890.0,86.414744,24.52615448,135.1463014,36687353,36.687,False,False,Negara lain,High Income,4,World Average
PRT,Portugal,2023,26340.0,85.79012676,44.11074269,123.0015077,10578174,10.578,False,False,Negara lain,High Income,4,World Average
PRY,Paraguay,2023,6200.0,78.09481878,12.88355041,126.6054815,6844146,6.844,False,False,Negara lain,Upper-Middle Income,3,World Average
PSE,State of Palestine,2023,4450.0,86.63765334,8.370569263,76.69188542,5165775,5.166,False,False,Negara lain,Lower-Middle Income,2,World Average
QAT,Qatar,2023,79430.0,98.15229797,11.64110286,157.8206307,2656032,2.656,False,False,Negara lain,High Income,4,World Average
ROU,Romania,2023,16590.0,89.20335498,34.67061893,123.2524826,19061062,19.061,False,False,Negara lain,High Income,4,World Average
RUS,Russian Federation,2023,14400.0,92.24496346,25.82386955,180.8417765,143826130,143.826,False,False,Negara lain,High Income,4,World Average
RWA,Rwanda,2023,1030.0,28.80579948,0.4455561232,91.46227041,13954471,13.954,False,False,Negara lain,Low Income,1,World Average
SAU,Saudi Arabia,2023,36330.0,100.0,43.57320456,157.7753887,33702731,33.703,False,False,Negara lain,High Income,4,World Average
SEN,Senegal,2023,1620.0,59.18740082,1.97393201,123.9115726,18077573,18.078,False,False,Negara lain,Lower-Middle Income,2,World Average
SGP,Singapore,2023,69530.0,94.28518987,27.4343636,173.199933,5917648,5.918,False,True,ASEAN lain,High Income,4,World Average
SLB,Solomon Islands,2023,1980.0,28.67239952,,,800005,0.8,False,False,Negara lain,Lower-Middle Income,2,World Average
SLE,Sierra Leone,2023,870.0,23.71360016,,,8460512,8.461,False,False,Negara lain,Low Income,1,World Average
SLV,El Salvador,2023,4930.0,62.61989975,11.62717461,179.705637,6309624,6.31,False,False,Negara lain,Upper-Middle Income,3,World Average
SMR,San Marino,2023,53910.0,97.33640289,,,33860,0.034,False,False,Negara lain,High Income,4,World Average
SOM,Somalia,2023,600.0,26.12010002,0.722963034,53.95796469,18358615,18.359,False,False,Negara lain,Low Income,1,World Average
SRB,Serbia,2023,10750.0,85.35746686,31.26952867,128.4711476,6623183,6.623,False,False,Negara lain,Upper-Middle Income,3,World Average
STP,Sao Tome and Principe,2023,2810.0,58.70130157,2.501396884,63.4540501,230871,0.231,False,False,Negara lain,Lower-Middle Income,2,World Average
SUR,Suriname,2023,5210.0,87.4,17.53735971,157.2461464,628886,0.629,False,False,Negara lain,Upper-Middle Income,3,World Average
SVK,Slovak Republic,2023,22710.0,87.2131343,33.17259433,138.2329462,5426740,5.427,False,False,Negara lain,High Income,4,World Average
SVN,Slovenia,2023,31020.0,90.37794678,31.88148014,129.227963,2120461,2.12,False,False,Negara lain,High Income,4,World Average
SWE,Sweden,2023,60540.0,95.70327461,40.73401359,140.2656913,10536632,10.537,False,False,Negara lain,High Income,4,World Average
SWZ,Eswatini,2023,3750.0,61.33330154,2.763659828,128.3992114,1230506,1.231,False,False,Negara lain,Lower-Middle Income,2,World Average
SYC,Seychelles,2023,16340.0,86.001297,30.77193613,129.2440075,119773,0.12,False,False,Negara lain,High Income,4,World Average
TCD,Chad,2023,910.0,12.03590012,0.0,70.18739624,19319064,19.319,False,False,Negara lain,Low Income,1,World Average
TGO,Togo,2023,1190.0,37.57020187,1.228158438,75.79067697,8223850,8.224,False,False,Negara lain,Lower-Middle Income,2,World Average
THA,Thailand,2023,7210.0,89.53525238,14.5089452,168.6428083,71702435,71.702,False,True,ASEAN lain,Upper-Middle Income,3,World Average
TJK,Tajikistan,2023,1400.0,54.41550064,0.9839362629,76.21589215,10389799,10.39,False,False,Negara lain,Lower-Middle Income,2,World Average
TON,Tonga,2023,5910.0,64.13140106,,,104597,0.105,False,False,Negara lain,Upper-Middle Income,3,World Average
TTO,Trinidad and Tobago,2023,19880.0,81.9681015,26.89423074,134.2305573,1367510,1.368,False,False,Negara lain,High Income,4,World Average
TUR,Turkiye,2023,11980.0,85.96074155,22.45916979,105.6840329,85325965,85.326,False,False,Negara lain,Upper-Middle Income,3,World Average
TZA,Tanzania,2023,1220.0,28.43190002,0.1050172833,105.4002811,66617606,66.618,False,False,Negara lain,Lower-Middle Income,2,World Average
UGA,Uganda,2023,970.0,9.286999702,0.09129696503,76.29667966,48656601,48.657,False,False,Negara lain,Low Income,1,World Average
UKR,Ukraine,2023,4980.0,81.58059692,21.37741515,133.3801281,37732836,37.733,False,False,Negara lain,Upper-Middle Income,3,World Average
URY,Uruguay,2023,20070.0,90.92590332,32.40320996,141.7194866,3388081,3.388,False,False,Negara lain,High Income,4,World Average
USA,United States,2023,79950.0,93.52559662,38.09392547,112.4109106,336755052,336.755,False,False,Negara lain,High Income,4,World Average
UZB,Uzbekistan,2023,2880.0,89.01361047,30.26992335,106.8848476,35652307,35.652,False,False,Negara lain,Lower-Middle Income,2,World Average
VCT,Saint Vincent and the Grenadines,2023,10210.0,75.53679657,30.49357007,101.6314164,101323,0.101,False,False,Negara lain,Upper-Middle Income,3,World Average
VEN,Venezuela,2023,3040.0,76.33190155,10.63805354,70.21973259,28300854,28.301,False,False,Negara lain,Lower-Middle Income,2,World Average
VNM,Viet Nam,2023,4140.0,78.08,22.6806675,130.9914287,100352192,100.352,False,True,ASEAN lain,Lower-Middle Income,2,World Average
ZAF,South Africa,2023,6490.0,78.33670044,3.405661777,171.5086193,63212384,63.212,False,False,Negara lain,Upper-Middle Income,3,World Average
ZMB,Zambia,2023,1270.0,16.45070076,0.6813898788,102.061565,20723965,20.724,False,False,Negara lain,Lower-Middle Income,2,World Average
ZWE,Zimbabwe,2023,2550.0,38.67480087,1.574578072,91.63441105,16340822,16.341,False,False,Negara lain,Lower-Middle Income,2,World Average
AFG,Afghanistan,2024,390.0,16.09499931,,60.09908156,42647492,42.647,False,False,Negara lain,Low Income,1,World Average
AGO,Angola,2024,2850.0,40.70479965,0.3628452407,69.70394672,37885849,37.886,False,False,Negara lain,Lower-Middle Income,2,World Average
ALB,Albania,2024,9910.0,85.86389923,24.88157134,89.13286039,2377128,2.377,False,False,Negara lain,Upper-Middle Income,3,World Average
AND,Andorra,2024,47740.0,94.39759827,52.35543948,155.6921087,81938,0.082,False,False,Negara lain,High Income,4,World Average
ARE,United Arab Emirates,2024,51550.0,100.0,40.84011351,203.2064103,10986400,10.986,False,False,Negara lain,High Income,4,World Average
ARG,Argentina,2024,13530.0,89.66715228,26.09764204,140.234979,45696159,45.696,False,False,Negara lain,Upper-Middle Income,3,World Average
ARM,Armenia,2024,7810.0,81.33930206,20.30909531,134.8869475,3033500,3.034,False,False,Negara lain,Upper-Middle Income,3,World Average
ATG,Antigua and Barbuda,2024,21200.0,72.73040009,,,93772,0.094,False,False,Negara lain,High Income,4,World Average
AUS,Australia,2024,62680.0,96.13140106,36.47882761,112.581025,27194286,27.194,False,False,Negara lain,High Income,4,World Average
AUT,Austria,2024,54760.0,94.91974877,30.12779672,124.4592998,9177982,9.178,False,False,Negara lain,High Income,4,World Average
AZE,Azerbaijan,2024,7340.0,90.43979645,21.75341024,109.5431495,10202830,10.203,False,False,Negara lain,Upper-Middle Income,3,World Average
BDI,Burundi,2024,250.0,8.595999718,,,14047786,14.048,False,False,Negara lain,Low Income,1,World Average
BEL,Belgium,2024,55290.0,95.77579144,44.23215632,103.9046533,11858610,11.859,False,False,Negara lain,High Income,4,World Average
BEN,Benin,2024,1430.0,33.98379898,0.2773820478,125.9408739,14462724,14.463,False,False,Negara lain,Lower-Middle Income,2,World Average
BFA,Burkina Faso,2024,850.0,28.25270081,0.8513604165,116.5895933,23548781,23.549,False,False,Negara lain,Low Income,1,World Average
BGD,Bangladesh,2024,2820.0,53.42171316,8.089311344,108.0770374,173562364,173.562,False,False,Negara lain,Lower-Middle Income,2,World Average
BGR,Bulgaria,2024,15370.0,82.438955,,118.0671528,6441421,6.441,False,False,Negara lain,High Income,4,World Average
BHR,Bahrain,2024,28170.0,100.0,16.99157897,159.5361436,1588670,1.589,False,False,Negara lain,High Income,4,World Average
BHS,Bahamas,2024,37020.0,92.47270203,25.26795304,96.67989922,401283,0.401,False,False,Negara lain,High Income,4,World Average
BIH,Bosnia and Herzegovina,2024,8810.0,86.10091103,29.39091786,121.232373,3164253,3.164,False,False,Negara lain,Upper-Middle Income,3,World Average
BLR,Belarus,2024,8380.0,94.26182128,36.26270552,131.1230166,9132629,9.133,False,False,Negara lain,Upper-Middle Income,3,World Average
BLZ,Belize,2024,7150.0,80.00582262,,,417072,0.417,False,False,Negara lain,Upper-Middle Income,3,World Average
BOL,Bolivia,2024,4160.0,79.70469666,12.07114296,98.02879408,12413315,12.413,False,False,Negara lain,Lower-Middle Income,2,World Average
BRA,Brazil,2024,9930.0,84.46347227,24.07919934,101.9268465,211998573,211.999,False,False,Negara lain,Upper-Middle Income,3,World Average
BRB,Barbados,2024,25360.0,70.36470032,,,282467,0.282,False,False,Negara lain,High Income,4,World Average
BRN,Brunei Darussalam,2024,36020.0,96.29828801,21.17712401,118.1305798,462721,0.463,False,True,ASEAN lain,High Income,4,World Average
BTN,Bhutan,2024,3910.0,91.27739716,2.920694761,99.75768265,791524,0.792,False,False,Negara lain,Lower-Middle Income,2,World Average
BWA,Botswana,2024,7610.0,57.45950036,7.4409622,163.9999223,2521139,2.521,False,False,Negara lain,Upper-Middle Income,3,World Average
CAF,Central African Rep.,2024,510.0,13.78250027,,,5330690,5.331,False,False,Negara lain,Low Income,1,World Average
CAN,Canada,2024,54110.0,94.353302,42.52382152,94.10597188,41262329,41.262,False,False,Negara lain,High Income,4,World Average
CHE,Switzerland,2024,99920.0,97.3443985,47.01978182,129.4713696,9005582,9.006,False,False,Negara lain,High Income,4,World Average
CHL,Chile,2024,15840.0,95.590243,23.73140574,132.6604088,19764771,19.765,False,False,Negara lain,High Income,4,World Average
CHN,China,2024,13660.0,92.0,47.19339521,131.753932,1408975000,1408.975,False,False,Negara lain,Upper-Middle Income,3,World Average
CIV,Cote d'Ivoire,2024,2520.0,41.43219902,1.601532274,183.8759851,31934230,31.934,False,False,Negara lain,Lower-Middle Income,2,World Average
CMR,Cameroon,2024,1690.0,46.25880051,,108.2131302,29123744,29.124,False,False,Negara lain,Lower-Middle Income,2,World Average
COD,"Congo, Dem. Rep.",2024,680.0,19.67350006,0.03202891314,58.53215335,109276265,109.276,False,False,Negara lain,Low Income,1,World Average
COG,Congo (Rep. of the),2024,2270.0,47.25159836,,95.53193206,6332961,6.333,False,False,Negara lain,Lower-Middle Income,2,World Average
COL,Colombia,2024,7090.0,79.34543299,17.22441568,174.0942897,52886363,52.886,False,False,Negara lain,Upper-Middle Income,3,World Average
COM,Comoros,2024,1730.0,32.51750183,,,866628,0.867,False,False,Negara lain,Lower-Middle Income,2,World Average
CPV,Cabo Verde,2024,4940.0,74.73519897,8.305374402,111.8406789,524877,0.525,False,False,Negara lain,Upper-Middle Income,3,World Average
CRI,Costa Rica,2024,15710.0,87.17019653,23.287699,136.0245112,5129910,5.13,False,False,Negara lain,High Income,4,World Average
CYP,Cyprus,2024,32870.0,89.60099246,37.56270695,156.2180257,1358282,1.358,False,False,Negara lain,High Income,4,World Average
CZE,Czech Republic,2024,29570.0,87.68776014,38.86563711,126.6001631,10905028,10.905,False,False,Negara lain,High Income,4,World Average
DEU,Germany,2024,55090.0,93.49999579,45.6069243,129.1509219,83516593,83.517,False,False,Negara lain,High Income,4,World Average
DJI,Djibouti,2024,3640.0,65.29889679,,,1168722,1.169,False,False,Negara lain,Lower-Middle Income,2,World Average
DMA,Dominica,2024,9930.0,82.04689789,,,66205,0.066,False,False,Negara lain,Upper-Middle Income,3,World Average
DNK,Denmark,2024,72540.0,99.76915157,43.39332808,126.6865326,5976992,5.977,False,False,Negara lain,High Income,4,World Average
DOM,Dominican Rep.,2024,10310.0,91.0022446,11.20456455,93.7095829,11427557,11.428,False,False,Negara lain,Upper-Middle Income,3,World Average
DZA,Algeria,2024,5370.0,77.4178009,13.31730889,115.4572786,46814308,46.814,False,False,Negara lain,Upper-Middle Income,3,World Average
ECU,Ecuador,2024,6400.0,77.17273115,17.24639406,101.598265,18135478,18.135,False,False,Negara lain,Upper-Middle Income,3,World Average
EGY,Egypt,2024,3510.0,74.64839935,11.68712252,97.1295066,116538258,116.538,False,False,Negara lain,Lower-Middle Income,2,World Average
ESP,Spain,2024,33550.0,95.7574516,39.23375419,130.2609973,48848840,48.849,False,False,Negara lain,High Income,4,World Average
EST,Estonia,2024,28880.0,92.23796204,35.35271869,151.131825,1372341,1.372,False,False,Negara lain,High Income,4,World Average
ETH,Ethiopia,2024,1100.0,21.94129944,0.5939174495,65.08250919,132059767,132.06,False,False,Negara lain,Low Income,1,World Average
FIN,Finland,2024,51710.0,93.72405196,36.47653414,125.8609548,5619911,5.62,False,False,Negara lain,High Income,4,World Average
FJI,Fiji,2024,5820.0,74.7052002,1.800095609,574.1523325,928784,0.929,False,False,Negara lain,Upper-Middle Income,3,World Average
FRA,France,2024,45160.0,88.65381638,48.9251979,,68551653,68.552,False,False,Negara lain,High Income,4,World Average
FSM,Micronesia,2024,4490.0,39.52360153,,,113160,0.113,False,False,Negara lain,Upper-Middle Income,3,World Average
GAB,Gabon,2024,7870.0,68.72090149,4.694102133,125.3371076,2538952,2.539,False,False,Negara lain,Upper-Middle Income,3,World Average
GBR,United Kingdom,2024,49320.0,95.4720993,42.16482838,121.6433314,69281000,69.281,False,False,Negara lain,High Income,4,World Average
GEO,Georgia,2024,7870.0,83.79855689,30.41576607,161.2017848,3812518,3.813,False,False,Negara lain,Upper-Middle Income,3,World Average
GHA,Ghana,2024,2260.0,72.17569733,0.664728986,113.6479667,34427414,34.427,False,False,Negara lain,Lower-Middle Income,2,World Average
GIN,Guinea,2024,1440.0,33.30469894,,,14754785,14.755,False,False,Negara lain,Lower-Middle Income,2,World Average
GMB,Gambia,2024,880.0,49.49430084,0.5185529792,126.2437735,2759988,2.76,False,False,Negara lain,Low Income,1,World Average
GNB,Guinea-Bissau,2024,980.0,29.77739906,0.3860809175,147.1976313,2201352,2.201,False,False,Negara lain,Low Income,1,World Average
GNQ,Equatorial Guinea,2024,6050.0,63.29930115,,,1892516,1.893,False,False,Negara lain,Upper-Middle Income,3,World Average
GRC,Greece,2024,22730.0,86.26968886,44.67598285,113.5976103,10405134,10.405,False,False,Negara lain,High Income,4,World Average
GRD,Grenada,2024,10790.0,70.16159821,,,117207,0.117,False,False,Negara lain,Upper-Middle Income,3,World Average
GTM,Guatemala,2024,5780.0,60.22140121,5.33792153,112.520863,18406359,18.406,False,False,Negara lain,Upper-Middle Income,3,World Average
GUY,Guyana,2024,26400.0,83.00080109,,,831087,0.831,False,False,Negara lain,High Income,4,World Average
HKG,"Hong Kong SAR, China",2024,57410.0,95.75536971,40.27240253,364.848982,7524100,7.524,False,False,Negara lain,High Income,4,World Average
HND,Honduras,2024,3020.0,58.62269974,4.579148347,70.93974405,10825703,10.826,False,False,Negara lain,Lower-Middle Income,2,World Average
HRV,Croatia,2024,22230.0,83.63240029,29.5997368,121.7325257,3866200,3.866,False,False,Negara lain,High Income,4,World Average
HTI,Haiti,2024,1730.0,47.8614006,,,11772557,11.773,False,False,Negara lain,Lower-Middle Income,2,World Average
HUN,Hungary,2024,20800.0,93.77898628,37.54226248,104.5806306,9562065,9.562,False,False,Negara lain,High Income,4,World Average
IDN,Indonesia,2024,4920.0,72.78075544,4.921966854,122.5149465,283487931,283.488,True,True,Indonesia,Upper-Middle Income,3,Indonesia
IND,India,2024,2550.0,64.9434967,3.1504625,79.35269218,1450935791,1450.936,False,False,Negara lain,Lower-Middle Income,2,World Average
IRL,Ireland,2024,80650.0,97.18769836,32.30236934,112.6388173,5395790,5.396,False,False,Negara lain,High Income,4,World Average
IRN,Iran (Islamic Republic of),2024,5130.0,85.3404007,12.06038747,174.066389,91567738,91.568,False,False,Negara lain,Upper-Middle Income,3,World Average
IRQ,Iraq,2024,6030.0,81.47450256,17.63332904,100.0802767,46042015,46.042,False,False,Negara lain,Upper-Middle Income,3,World Average
ISL,Iceland,2024,80910.0,98.209198,37.52427579,120.9275132,386506,0.387,False,False,Negara lain,High Income,4,World Average
ISR,Israel,2024,53090.0,88.18242225,29.18371015,177.3931048,10002200,10.002,False,False,Negara lain,High Income,4,World Average
ITA,Italy,2024,38640.0,89.2207202,31.78077325,132.5751417,58952704,58.953,False,False,Negara lain,High Income,4,World Average
JAM,Jamaica,2024,7190.0,90.10870361,15.98161438,117.6939076,2839175,2.839,False,False,Negara lain,Upper-Middle Income,3,World Average
JOR,Jordan,2024,4880.0,95.62244985,7.018010061,69.6426154,11552876,11.553,False,False,Negara lain,Upper-Middle Income,3,World Average
JPN,Japan,2024,37170.0,85.54153081,,,123975371,123.975,False,False,Negara lain,High Income,4,World Average
KAZ,Kazakhstan,2024,12100.0,93.39167254,15.31620311,127.0851512,20592571,20.593,False,False,Negara lain,Upper-Middle Income,3,World Average
KEN,Kenya,2024,2070.0,34.97622513,3.04382667,126.477706,56432944,56.433,False,False,Negara lain,Lower-Middle Income,2,World Average
KGZ,Kyrgyz Republic,2024,2260.0,92.0286026,7.796956558,107.4922951,7221868,7.222,False,False,Negara lain,Lower-Middle Income,2,World Average
KHM,Cambodia,2024,2550.0,68.47530365,4.145661601,116.0919611,17638801,17.639,False,True,ASEAN lain,Lower-Middle Income,2,World Average
KIR,Kiribati,2024,3580.0,89.44029999,0.03493956199,53.52443539,134518,0.135,False,False,Negara lain,Lower-Middle Income,2,World Average
KNA,Saint Kitts and Nevis,2024,21960.0,76.88400269,,,46843,0.047,False,False,Negara lain,High Income,4,World Average
KOR,Korea (Rep. of),2024,36750.0,97.89563777,47.80149655,172.5202412,51751065,51.751,False,False,Negara lain,High Income,4,World Average
KWT,Kuwait,2024,41110.0,99.74729919,,,4897263,4.897,False,False,Negara lain,High Income,4,World Average
LAO,Lao P.D.R.,2024,2000.0,65.59269714,,,7769819,7.77,False,True,ASEAN lain,Lower-Middle Income,2,World Average
LBN,Lebanon,2024,3560.0,80.63400269,,,5805962,5.806,False,False,Negara lain,Lower-Middle Income,2,World Average
LBR,Liberia,2024,750.0,32.23360062,,,5612817,5.613,False,False,Negara lain,Low Income,1,World Average
LBY,Libya,2024,6790.0,81.95449829,,,7381023,7.381,False,False,Negara lain,Upper-Middle Income,3,World Average
LCA,Saint Lucia,2024,12840.0,68.20500183,,,179744,0.18,False,False,Negara lain,Upper-Middle Income,3,World Average
LKA,Sri Lanka,2024,3870.0,54.59,8.468268858,132.548743,21916000,21.916,False,False,Negara lain,Lower-Middle Income,2,World Average
LSO,Lesotho,2024,1240.0,51.79660034,0.3794349589,70.32804931,2337423,2.337,False,False,Negara lain,Lower-Middle Income,2,World Average
LTU,Lithuania,2024,27110.0,89.16116293,27.84600802,138.7288352,2888278,2.888,False,False,Negara lain,High Income,4,World Average
LUX,Luxembourg,2024,84650.0,98.7606147,40.31745702,,677012,0.677,False,False,Negara lain,High Income,4,World Average
LVA,Latvia,2024,21520.0,92.70757011,25.75428542,121.2622024,1866124,1.866,False,False,Negara lain,High Income,4,World Average
MAC,"Macao SAR, China",2024,69920.0,89.82640076,29.85538596,201.1369474,687000,0.687,False,False,Negara lain,High Income,4,World Average
MAR,Morocco,2024,3840.0,91.2,7.302821266,153.0572601,38081173,38.081,False,False,Negara lain,Lower-Middle Income,2,World Average
MDA,Moldova,2024,6890.0,77.3687973,29.63244009,120.0834871,2402306,2.402,False,False,Negara lain,Upper-Middle Income,3,World Average
MDG,Madagascar,2024,520.0,18.67790031,,,31964956,31.965,False,False,Negara lain,Low Income,1,World Average
MDV,Maldives,2024,11540.0,85.23999786,19.64895727,148.1370749,527799,0.528,False,False,Negara lain,Upper-Middle Income,3,World Average
MEX,Mexico,2024,12760.0,83.12233799,21.73672254,116.4867133,130861007,130.861,False,False,Negara lain,Upper-Middle Income,3,World Average
MHL,Marshall Islands,2024,8510.0,65.915802,,,37548,0.038,False,False,Negara lain,Upper-Middle Income,3,World Average
MKD,North Macedonia,2024,8300.0,93.6,29.89217278,108.3871226,1824359,1.824,False,False,Negara lain,Upper-Middle Income,3,World Average
MLI,Mali,2024,1030.0,36.80149841,,,24478595,24.479,False,False,Negara lain,Low Income,1,World Average
MLT,Malta,2024,36540.0,93.86029816,44.50683553,142.0700621,568847,0.569,False,False,Negara lain,High Income,4,World Average
MNE,Montenegro,2024,12210.0,88.88258428,32.30536948,221.6873225,623525,0.624,False,False,Negara lain,Upper-Middle Income,3,World Average
MNG,Mongolia,2024,5380.0,85.12349701,15.78373433,140.6700254,3524788,3.525,False,False,Negara lain,Upper-Middle Income,3,World Average
MOZ,Mozambique,2024,550.0,20.52729988,0.141999689,49.5047697,34631766,34.632,False,False,Negara lain,Low Income,1,World Average
MRT,Mauritania,2024,2110.0,45.77939987,0.9465130833,92.07489464,5169395,5.169,False,False,Negara lain,Lower-Middle Income,2,World Average
MUS,Mauritius,2024,12960.0,73.30793533,27.97425047,172.6835692,1245779,1.246,False,False,Negara lain,Upper-Middle Income,3,World Average
MWI,Malawi,2024,570.0,18.96159935,0.08638537491,69.26053066,21655286,21.655,False,False,Negara lain,Low Income,1,World Average
MYS,Malaysia,2024,11650.0,98.0206059,13.54644327,139.6646513,35557673,35.558,False,True,ASEAN lain,Upper-Middle Income,3,World Average
NAM,Namibia,2024,4290.0,64.87460327,2.834629922,85.16489881,3030131,3.03,False,False,Negara lain,Lower-Middle Income,2,World Average
NER,Niger,2024,670.0,15.55760002,0.1112738294,60.59398621,27032412,27.032,False,False,Negara lain,Low Income,1,World Average
NGA,Nigeria,2024,1710.0,41.21139908,0.07873792806,70.76190578,232679478,232.679,False,False,Negara lain,Lower-Middle Income,2,World Average
NIC,Nicaragua,2024,2510.0,61.39550018,5.776242239,105.9611431,6916140,6.916,False,False,Negara lain,Lower-Middle Income,2,World Average
NLD,Netherlands,2024,62500.0,97.00679779,42.97824831,128.5387659,17993485,17.993,False,False,Negara lain,High Income,4,World Average
NOR,Norway,2024,100030.0,99.0,45.16330563,109.3486065,5572279,5.572,False,False,Negara lain,High Income,4,World Average
NPL,Nepal,2024,1480.0,46.32189941,10.06561521,99.84714203,29651054,29.651,False,False,Negara lain,Lower-Middle Income,2,World Average
NRU,Naoero,2024,21940.0,83.01170349,,,11947,0.012,False,False,Negara lain,High Income,4,World Average
NZL,New Zealand,2024,47070.0,93.51930237,38.04829895,130.0934571,5290000,5.29,False,False,Negara lain,High Income,4,World Average
OMN,Oman,2024,19520.0,95.25174678,11.06476905,120.6110509,5281538,5.282,False,False,Negara lain,High Income,4,World Average
PAK,Pakistan,2024,1430.0,57.253,1.465593685,76.85445596,251269164,251.269,False,False,Negara lain,Lower-Middle Income,2,World Average
PAN,Panama,2024,17950.0,72.77149963,,,4515577,4.516,False,False,Negara lain,High Income,4,World Average
PER,Peru,2024,7530.0,81.95705992,11.67886712,124.6235444,34217848,34.218,False,False,Negara lain,Upper-Middle Income,3,World Average
PHL,Philippines,2024,4470.0,67.26300914,7.138933012,115.2987496,115843670,115.844,False,True,ASEAN lain,Upper-Middle Income,3,World Average
PLW,Palau,2024,16920.0,83.92549896,,,17695,0.018,False,False,Negara lain,High Income,4,World Average
PNG,Papua New Guinea,2024,2860.0,18.81159973,0.2325910778,38.76517964,10576502,10.577,False,False,Negara lain,Lower-Middle Income,2,World Average
POL,Poland,2024,21590.0,88.58496367,25.3612523,138.0161566,36559233,36.559,False,False,Negara lain,High Income,4,World Average
PRT,Portugal,2024,26940.0,88.48704454,45.24392218,124.1299812,10694681,10.695,False,False,Negara lain,High Income,4,World Average
PRY,Paraguay,2024,6290.0,81.57806793,,,6929153,6.929,False,False,Negara lain,Upper-Middle Income,3,World Average
QAT,Qatar,2024,76570.0,98.08540344,11.81752008,153.6124744,2857822,2.858,False,False,Negara lain,High Income,4,World Average
ROU,Romania,2024,17600.0,91.29048551,35.79958715,119.8048623,19051804,19.052,False,False,Negara lain,High Income,4,World Average
RUS,Russian Federation,2024,15330.0,94.36495368,27.13335121,186.1037873,143669648,143.67,False,False,Negara lain,High Income,4,World Average
RWA,Rwanda,2024,1070.0,31.70330048,0.5956483072,93.20146288,14256567,14.257,False,False,Negara lain,Low Income,1,World Average
SAU,Saudi Arabia,2024,35990.0,100.0,44.07058002,159.5413706,35300280,35.3,False,False,Negara lain,High Income,4,World Average
SEN,Senegal,2024,1630.0,60.11780167,4.03828584,123.8944537,18501984,18.502,False,False,Negara lain,Lower-Middle Income,2,World Average
SGP,Singapore,2024,75820.0,94.37757178,27.81365503,170.782563,6036860,6.037,False,True,ASEAN lain,High Income,4,World Average
SLB,Solomon Islands,2024,1910.0,29.04070091,,,819198,0.819,False,False,Negara lain,Lower-Middle Income,2,World Average
SLE,Sierra Leone,2024,820.0,25.10499954,,,8642022,8.642,False,False,Negara lain,Low Income,1,World Average
SLV,El Salvador,2024,5070.0,66.47769928,12.46407296,176.5174238,6338193,6.338,False,False,Negara lain,Upper-Middle Income,3,World Average
SOM,Somalia,2024,620.0,27.94020081,,,19009151,19.009,False,False,Negara lain,Low Income,1,World Average
SRB,Serbia,2024,11610.0,87.69071294,33.37468479,123.822195,6586476,6.586,False,False,Negara lain,Upper-Middle Income,3,World Average
STP,Sao Tome and Principe,2024,2910.0,59.11759949,2.994022145,62.43674003,235536,0.236,False,False,Negara lain,Lower-Middle Income,2,World Average
SVK,Slovak Republic,2024,23560.0,89.82507032,33.81360364,139.9676761,5422069,5.422,False,False,Negara lain,High Income,4,World Average
SVN,Slovenia,2024,31790.0,90.76355487,34.23325752,130.8609018,2127400,2.127,False,False,Negara lain,High Income,4,World Average
SWE,Sweden,2024,58510.0,95.52930428,40.61565387,140.686673,10569709,10.57,False,False,Negara lain,High Income,4,World Average
SWZ,Eswatini,2024,3440.0,63.40309906,2.506553634,139.8334597,1242822,1.243,False,False,Negara lain,Lower-Middle Income,2,World Average
SYC,Seychelles,2024,17700.0,87.81800079,31.59686546,125.6168627,121354,0.121,False,False,Negara lain,High Income,4,World Average
TCD,Chad,2024,930.0,12.62689972,0.0,72.92897826,20299123,20.299,False,False,Negara lain,Low Income,1,World Average
TGO,Togo,2024,1220.0,39.48320007,1.415382656,80.80355548,8406558,8.407,False,False,Negara lain,Lower-Middle Income,2,World Average
THA,Thailand,2024,7130.0,90.86718789,14.88704912,160.6393123,71668011,71.668,False,True,ASEAN lain,Upper-Middle Income,3,World Average
TJK,Tajikistan,2024,1650.0,55.79339981,,,10590927,10.591,False,False,Negara lain,Lower-Middle Income,2,World Average
TON,Tonga,2024,6270.0,67.4417038,,,104175,0.104,False,False,Negara lain,Upper-Middle Income,3,World Average
TTO,Trinidad and Tobago,2024,19290.0,82.15989685,27.02943794,118.7866681,1368333,1.368,False,False,Negara lain,High Income,4,World Average
TUN,Tunisia,2024,3880.0,76.5,14.9741523,117.6068161,12277109,12.277,False,False,Negara lain,Lower-Middle Income,2,World Average
TUR,Turkiye,2024,13430.0,87.3078767,23.43173479,107.8268757,85518661,85.519,False,False,Negara lain,Upper-Middle Income,3,World Average
TZA,Tanzania,2024,1210.0,31.16209984,0.2464332163,126.5591632,68560157,68.56,False,False,Negara lain,Lower-Middle Income,2,World Average
UGA,Uganda,2024,1010.0,8.949831061,0.207613334,83.16503147,50015092,50.015,False,False,Negara lain,Low Income,1,World Average
UKR,Ukraine,2024,5230.0,82.47489929,21.65393272,,37860221,37.86,False,False,Negara lain,Upper-Middle Income,3,World Average
URY,Uruguay,2024,22000.0,91.99109007,33.04402543,145.5017557,3386588,3.387,False,False,Negara lain,High Income,4,World Average
USA,United States,2024,82910.0,94.69380188,38.85717292,113.1904818,340003797,340.004,False,False,Negara lain,High Income,4,World Average
UZB,Uzbekistan,2024,3170.0,89.50550079,34.73814141,110.4920186,36361859,36.362,False,False,Negara lain,Lower-Middle Income,2,World Average
VCT,Saint Vincent and the Grenadines,2024,11210.0,76.19010162,29.46052318,108.3545361,100616,0.101,False,False,Negara lain,Upper-Middle Income,3,World Average
VEN,Venezuela,2024,3840.0,76.67890167,12.94466365,71.00759172,28405543,28.406,False,False,Negara lain,Lower-Middle Income,2,World Average
VNM,Viet Nam,2024,4490.0,84.15,23.71125921,127.6064717,100987686,100.988,False,True,ASEAN lain,Upper-Middle Income,3,World Average
ZAF,South Africa,2024,6110.0,78.35759735,5.347911946,179.3363298,64007187,64.007,False,False,Negara lain,Upper-Middle Income,3,World Average
ZMB,Zambia,2024,1190.0,17.10099983,0.7897975487,108.7047799,21314956,21.315,False,False,Negara lain,Lower-Middle Income,2,World Average
ZWE,Zimbabwe,2024,2400.0,41.64279938,1.938654375,94.24517534,16634373,16.634,False,False,Negara lain,Lower-Middle Income,2,World Average
