kode_wilayah,nama_wilayah,tahun,pengguna_internet_persen,gni_per_kapita_usd,harga_data_persen_gni,akses_listrik_persen,partisipasi_pendidikan_persen,urbanisasi_persen,is_indonesia,is_asean
AFG,Afghanistan,2010,4.0,530.0,,42.7,50.44062042,22.2614799,False,False
ALB,Albania,2010,45.0,4430.0,,99.6,93.68182373,51.88157743,False,False
DZA,Algeria,2010,12.5,4870.0,,98.9,100.7397766,67.12350579,False,False
ASM,American Samoa,2010,,,,,,86.31906735,False,False
AND,Andorra,2010,81.0,,,100.0,85.14788818,88.76047261,False,False
AGO,Angola,2010,2.799999952,3780.0,,35.0,28.21080388,60.13102895,False,False
ATG,Antigua and Barbuda,2010,47.0,14390.0,,98.7,115.4667435,26.01704479,False,False
ARG,Argentina,2010,45.0,9160.0,,98.8,99.07099915,90.99300519,False,False
ARM,Armenia,2010,25.0,3280.0,,99.8,107.7323914,64.3304164,False,False
ABW,Aruba,2010,62.0,23050.0,,93.4,98.22074127,64.16129655,False,False
AUS,Australia,2010,76.0,46900.0,,100.0,,86.21986005,False,False
AUT,Austria,2010,75.17,49460.0,,100.0,100.2639694,67.10474293,False,False
AZE,Azerbaijan,2010,46.0,5400.0,,99.9,83.08531815,53.28483677,False,False
BHS,Bahamas,2010,43.0,27320.0,,100.0,91.08863709,82.41981044,False,False
BHR,Bahrain,2010,55.0,19510.0,,100.0,90.19694148,100.0,False,False
BGD,Bangladesh,2010,3.700000048,780.0,,55.3,49.50311068,27.72543726,False,False
BRB,Barbados,2010,65.09999847,16220.0,,100.0,107.6825409,59.2366009,False,False
BLR,Belarus,2010,31.8,6150.0,,94.4,111.0289985,74.55014038,False,False
BEL,Belgium,2010,77.63978551,47110.0,,100.0,160.6604767,84.97193096,False,False
BLZ,Belize,2010,28.2,5060.0,,89.9,75.62230373,45.19148382,False,False
BEN,Benin,2010,3.13,1020.0,,34.2,,42.89168912,False,False
BMU,Bermuda,2010,84.21,105750.0,,100.0,89.59642792,100.0,False,False
BTN,Bhutan,2010,13.6,2180.0,,73.3,62.93544006,33.90519678,False,False
BOL,Bolivia,2010,22.39999962,1760.0,,88.0,87.76018764,66.40756657,False,False
BIH,Bosnia and Herzegovina,2010,42.75,4820.0,,99.5,85.51837158,45.73921533,False,False
BWA,Botswana,2010,6.0,5370.0,,52.0,,63.49459747,False,False
BRA,Brazil,2010,40.65,9750.0,,98.6,,84.34384604,False,False
VGB,British Virgin Islands,2010,37.0,,,98.3,105.8976974,46.34278717,False,False
BRN,Brunei Darussalam,2010,53.0,35370.0,,100.0,101.0116882,75.2506559,False,True
BGR,Bulgaria,2010,46.23,6960.0,,93.5,94.18192291,71.51493073,False,False
BFA,Burkina Faso,2010,2.400000095,630.0,,13.1,21.17802019,24.1150925,False,False
BDI,Burundi,2010,1.0,200.0,,5.3,23.76470947,10.98430973,False,False
CPV,Cabo Verde,2010,30.0,3600.0,,81.1,83.54713301,61.79742627,False,False
KHM,Cambodia,2010,1.26,910.0,,31.1,,21.12322512,False,True
CMR,Cameroon,2010,4.300000191,1450.0,,52.8,,50.85050754,False,False
CAN,Canada,2010,80.3,44490.0,,100.0,102.5102615,81.01208923,False,False
CYM,Cayman Islands,2010,66.0,73550.0,,100.0,,100.0,False,False
CAF,Central African Rep.,2010,2.0,500.0,,9.8,,38.62449631,False,False
TCD,Chad,2010,1.700000048,1150.0,,6.4,22.36927181,21.84723782,False,False
CHI,Channel Islands,2010,,,,100.0,,32.18682291,False,False
CHL,Chile,2010,45.0,10720.0,,99.5,90.99951172,86.95601356,False,False
CHN,China,2010,34.3,4410.0,,99.7,90.78291733,49.23402706,False,False
COL,Colombia,2010,36.5,5690.0,,96.8,99.95436859,76.72329757,False,False
COM,Comoros,2010,5.099999905,1450.0,,69.7,,28.85409829,False,False
COG,Congo (Rep. of the),2010,5.0,2640.0,,40.0,,62.39228711,False,False
COD,"Congo, Dem. Rep.",2010,0.72,320.0,,13.0,37.03879166,39.39136371,False,False
CRI,Costa Rica,2010,36.5,7290.0,,99.0,97.50673676,71.5081449,False,False
CIV,Cote d'Ivoire,2010,2.700000048,1120.0,,58.4,,47.23743015,False,False
HRV,Croatia,2010,56.55,13900.0,,100.0,98.89552307,55.28249793,False,False
CUB,Cuba,2010,15.9,5170.0,,97.8,92.40794094,76.60991325,False,False
CUW,Curacao,2010,,19540.0,,100.0,,91.24913033,False,False
CYP,Cyprus,2010,52.99,32210.0,,100.0,91.44080353,67.52291116,False,False
CZE,Czech Republic,2010,68.82,19420.0,,100.0,98.65441895,73.34955992,False,False
DNK,Denmark,2010,88.72,61290.0,,100.0,118.9440536,86.865242,False,False
DJI,Djibouti,2010,6.5,,,57.9,,70.64865548,False,False
DMA,Dominica,2010,47.45,7250.0,,91.3,108.6558533,67.99832699,False,False
DOM,Dominican Rep.,2010,31.39999962,5260.0,,98.1,77.97182754,74.16427732,False,False
ECU,Ecuador,2010,29.03,4290.0,,97.5,91.55838776,62.74052586,False,False
EGY,Egypt,2010,21.6,2200.0,,99.4,64.72963715,42.90571755,False,False
SLV,El Salvador,2010,15.9,2940.0,,91.6,68.14482181,65.43279275,False,False
GNQ,Equatorial Guinea,2010,6.0,7920.0,,66.1,,53.12188065,False,False
ERI,Eritrea,2010,0.610000014,550.0,,40.1,51.56085968,35.634655,False,False
EST,Estonia,2010,74.1,14580.0,,100.0,110.8886795,67.80480429,False,False
SWZ,Eswatini,2010,11.04,3260.0,,45.6,64.59770203,22.33307921,False,False
ETH,Ethiopia,2010,0.75,370.0,,25.5,33.04785919,17.49378395,False,False
FRO,Faroe Islands,2010,75.2,49050.0,,100.0,,37.25369263,False,False
FJI,Fiji,2010,20.0,3450.0,,92.4,,52.04151478,False,False
FIN,Finland,2010,86.89,49750.0,,100.0,108.6093903,69.78557988,False,False
FRA,France,2010,77.28,44040.0,,100.0,106.424942,77.09628448,False,False
PYF,French Polynesia,2010,49.0,26220.0,,100.0,,60.7610224,False,False
GAB,Gabon,2010,13.0,7420.0,,89.3,,86.18525925,False,False
GMB,Gambia,2010,9.2,830.0,,46.8,45.53514099,56.01108966,False,False
GEO,Georgia,2010,26.9,3220.0,,100.0,,55.19693447,False,False
DEU,Germany,2010,82.0,45530.0,,100.0,104.8913574,80.30570256,False,False
GHA,Ghana,2010,7.8,1200.0,,64.2,,50.72969268,False,False
GIB,Gibraltar,2010,65.0,,,100.0,,100.0,False,False
GRC,Greece,2010,44.4,27320.0,,100.0,107.8190536,76.3631477,False,False
GRL,Greenland,2010,63.0,,,100.0,,84.27848816,False,False
GRD,Grenada,2010,27.0,6610.0,,89.4,117.012619,35.87433595,False,False
GUM,Guam,2010,54.04,,,100.0,,94.07651733,False,False
GTM,Guatemala,2010,10.5,2690.0,,84.3,52.18832002,51.32703806,False,False
GIN,Guinea,2010,1.0,680.0,,28.1,,33.80754269,False,False
GNB,Guinea-Bissau,2010,2.450000048,620.0,,6.0,,40.00955963,False,False
GUY,Guyana,2010,29.9,4520.0,,83.3,93.28646088,26.45921851,False,False
HTI,Haiti,2010,8.369999886,1140.0,,37.2,,46.06797418,False,False
HND,Honduras,2010,11.09,1730.0,,81.0,66.16819,51.32737332,False,False
HKG,"Hong Kong SAR, China",2010,72.0,33620.0,,100.0,87.90539606,100.0,False,False
HUN,Hungary,2010,65.0,13250.0,,100.0,101.9976883,69.5305481,False,False
ISL,Iceland,2010,93.39,38480.0,,100.0,108.8190384,93.45883481,False,False
IND,India,2010,7.5,1210.0,,76.3,64.94759369,30.90421908,False,False
IDN,Indonesia,2010,10.92,2490.0,,94.2,75.65190887,49.85213751,True,True
IRN,Iran (Islamic Republic of),2010,15.9,5910.0,,99.4,79.02646637,70.60926268,False,False
IRQ,Iraq,2010,2.5,4390.0,,98.4,,69.05829534,False,False
IRL,Ireland,2010,69.85,44970.0,,100.0,118.0969086,61.89106893,False,False
IMN,Isle of Man,2010,,72410.0,,100.0,,51.93961703,False,False
ISR,Israel,2010,67.5,30770.0,,100.0,97.80081177,91.73164267,False,False
ITA,Italy,2010,53.68,37720.0,,100.0,101.4011612,68.21637418,False,False
JAM,Jamaica,2010,27.67,4490.0,,92.2,89.49394542,53.75356795,False,False
JPN,Japan,2010,78.21,44290.0,,100.0,,90.62285868,False,False
JOR,Jordan,2010,27.2,3950.0,,100.0,87.36444092,82.26010839,False,False
KAZ,Kazakhstan,2010,31.6,7210.0,,100.0,98.52374926,54.20541275,False,False
KEN,Kenya,2010,7.2,930.0,,19.2,,31.87132877,False,False
KIR,Kiribati,2010,9.07,2030.0,,63.2,,48.46038396,False,False
KOR,Korea (Rep. of),2010,83.7,23250.0,,100.0,97.2930603,81.9685076,False,False
PRK,"Korea, Dem. People's Rep.",2010,,,,29.3,,60.30700747,False,False
XKX,Kosovo,2010,,3130.0,,,,37.9299408,False,False
KWT,Kuwait,2010,61.40000153,42850.0,,100.0,99.41663459,100.0,False,False
KGZ,Kyrgyz Republic,2010,16.29999924,850.0,,99.0,87.7688036,35.26776824,False,False
LAO,Lao P.D.R.,2010,7.0,990.0,,70.2,47.35943985,30.64686009,False,True
LVA,Latvia,2010,68.42,12250.0,,99.8,102.8221588,67.82706818,False,False
LBN,Lebanon,2010,43.68000031,7340.0,,99.5,70.56243579,87.63921928,False,False
LSO,Lesotho,2010,3.859999895,1270.0,,17.0,54.24269867,27.4004815,False,False
LBR,Liberia,2010,2.3,440.0,,5.3,,48.14075171,False,False
LBY,Libya,2010,14.0,11550.0,,81.9,,88.11771393,False,False
LIE,Liechtenstein,2010,80.0,,,100.0,108.8792801,14.41543541,False,False
LTU,Lithuania,2010,62.12,12430.0,,99.7,105.0682678,66.77128601,False,False
LUX,Luxembourg,2010,90.62,77640.0,,100.0,100.0800018,88.48791682,False,False
MAC,"Macao SAR, China",2010,55.198,45370.0,,100.0,91.16103797,100.0,False,False
MDG,Madagascar,2010,1.700000048,450.0,,12.3,,27.86516849,False,False
MWI,Malawi,2010,2.26,650.0,,8.7,33.66198149,15.47769694,False,False
MYS,Malaysia,2010,56.3,8130.0,,99.5,77.2140274,70.86253148,False,True
MDV,Maldives,2010,26.53,6000.0,,99.0,70.04681365,36.76461378,False,False
MLI,Mali,2010,2.0,780.0,,27.0,36.71892062,23.13594618,False,False
MLT,Malta,2010,63.0,21440.0,,100.0,105.1138535,94.24124356,False,False
MHL,Marshall Islands,2010,7.0,3820.0,,89.4,,73.41156588,False,False
MRT,Mauritania,2010,4.0,1550.0,,34.2,20.42440033,45.95419231,False,False
MUS,Mauritius,2010,28.33,8210.0,,99.4,86.90731049,40.30461318,False,False
MEX,Mexico,2010,31.05,9470.0,,99.2,87.27292633,76.52444414,False,False
FSM,Micronesia,2010,20.0,2740.0,,64.5,,22.29035299,False,False
MDA,Moldova,2010,29.68000031,2380.0,,99.3,87.98113499,39.28049469,False,False
MCO,Monaco,2010,75.0,,,100.0,,100.0,False,False
MNG,Mongolia,2010,10.2,1990.0,,78.5,91.1776886,67.82980183,False,False
MNE,Montenegro,2010,37.5,6920.0,,99.2,98.99609375,64.30696258,False,False
MAR,Morocco,2010,52.0,3190.0,,95.7,63.07579832,58.32875165,False,False
MOZ,Mozambique,2010,4.17,550.0,,18.9,25.12088385,30.98617798,False,False
MMR,Myanmar,2010,0.25,880.0,,48.8,50.86639023,29.14153292,False,True
NAM,Namibia,2010,11.6,4520.0,,44.4,68.09984018,41.79461766,False,False
NRU,Naoero,2010,,5080.0,,99.2,,100.0,False,False
NPL,Nepal,2010,7.93,530.0,,68.6,55.58929062,62.01565816,False,False
NLD,Netherlands,2010,90.72,54000.0,,100.0,124.5695267,87.35027902,False,False
NCL,New Caledonia,2010,42.0,,,100.0,,66.70383622,False,False
NZL,New Zealand,2010,80.45999908,29750.0,,100.0,119.1289673,85.86140433,False,False
NIC,Nicaragua,2010,10.0,1490.0,,80.1,71.3924408,56.84231109,False,False
NER,Niger,2010,0.829999983,510.0,,13.6,12.80632025,16.24163013,False,False
NGA,Nigeria,2010,11.5,2050.0,,48.0,41.78379822,51.67781883,False,False
MKD,North Macedonia,2010,51.9,5010.0,,99.5,85.42838287,58.12068155,False,False
MNP,Northern Mariana Islands,2010,,,,100.0,,90.94881803,False,False
NOR,Norway,2010,93.39,88970.0,,100.0,112.978569,79.24500275,False,False
OMN,Oman,2010,35.8278,22510.0,,100.0,,75.15797247,False,False
PAK,Pakistan,2010,8.0,1000.0,,87.1,29.29629007,34.81591875,False,False
PLW,Palau,2010,,9860.0,,98.8,,80.66266673,False,False
PAN,Panama,2010,40.1,7500.0,,86.8,71.91369758,65.09260976,False,False
PNG,Papua New Guinea,2010,1.28,1660.0,,19.5,,13.00219201,False,False
PRY,Paraguay,2010,19.8,4410.0,,97.4,73.16511006,59.51227926,False,False
PER,Peru,2010,34.77,4400.0,,88.1,96.13037109,77.40209368,False,False
PHL,Philippines,2010,25.0,2310.0,,85.5,,45.52081767,False,True
POL,Poland,2010,62.32,12730.0,,100.0,100.2077789,60.8474784,False,False
PRT,Portugal,2010,53.3,23030.0,,100.0,107.5233307,61.07888672,False,False
PRI,Puerto Rico,2010,45.3,16910.0,,100.0,87.09931946,93.75887722,False,False
QAT,Qatar,2010,69.0,71900.0,,100.0,98.15017872,98.50662322,False,False
ROU,Romania,2010,39.93,8770.0,,97.1,102.4679031,53.90382279,False,False
RUS,Russian Federation,2010,49.0,9980.0,,99.3,,73.66963079,False,False
RWA,Rwanda,2010,8.0,580.0,,9.7,32.40290833,16.92555803,False,False
KNA,Saint Kitts and Nevis,2010,63.0,15970.0,,99.8,109.9234695,31.30561257,False,False
LCA,Saint Lucia,2010,32.5,8240.0,,94.2,97.03156281,18.5125071,False,False
VCT,Saint Vincent and the Grenadines,2010,33.70000076,6310.0,,92.7,110.6527176,46.0626396,False,False
WSM,Samoa,2010,7.0,3430.0,,96.4,84.03529679,19.83021019,False,False
SMR,San Marino,2010,,,,100.0,66.61197662,97.07461577,False,False
STP,Sao Tome and Principe,2010,18.75,1090.0,,61.4,50.27885818,66.05722007,False,False
SAU,Saudi Arabia,2010,41.0,21820.0,,100.0,,82.07916685,False,False
SEN,Senegal,2010,8.0,1340.0,,56.5,37.12670135,43.63717851,False,False
SRB,Serbia,2010,40.9,6500.0,,99.7,91.42762756,59.35055507,False,False
SYC,Seychelles,2010,41.0,10160.0,,97.0,76.17223358,42.66030724,False,False
SLE,Sierra Leone,2010,0.579999983,690.0,,11.5,,38.64173289,False,False
SGP,Singapore,2010,71.0,44930.0,,100.0,,100.0,False,True
SXM,Sint Maarten (Dutch part),2010,,,,100.0,,100.0,False,False
SVK,Slovak Republic,2010,75.71,17370.0,,100.0,94.77934265,54.56507407,False,False
SVN,Slovenia,2010,70.0,24370.0,,100.0,98.53781891,50.11948628,False,False
SLB,Solomon Islands,2010,5.0,1600.0,,35.4,50.95280838,20.11940582,False,False
SOM,Somalia,2010,,290.0,,52.3,,38.57350806,False,False
ZAF,South Africa,2010,24.0,6730.0,,82.8,86.59220456,62.62991206,False,False
SSD,South Sudan,2010,,,,1.5,,17.5356202,False,False
ESP,Spain,2010,65.8,32060.0,,100.0,122.6225128,78.51381562,False,False
LKA,Sri Lanka,2010,6.912399769,2360.0,,85.3,92.34970856,17.24862094,False,False
MAF,St. Martin (French part),2010,,,,100.0,,100.0,False,False
PSE,State of Palestine,2010,37.40000153,2510.0,,99.9,89.17733713,83.88534911,False,False
SDN,Sudan,2010,,1230.0,,36.0,39.66677856,32.71740266,False,False
SUR,Suriname,2010,31.59,7330.0,,91.2,70.64800695,66.43384437,False,False
SWE,Sweden,2010,90.0,54380.0,,100.0,102.2510605,85.13342285,False,False
CHE,Switzerland,2010,83.9,80400.0,,100.0,96.6068573,73.60867164,False,False
SYR,Syrian Arab Republic,2010,20.7,2480.0,,92.7,70.83213806,55.69620029,False,False
TJK,Tajikistan,2010,11.55000019,910.0,,98.8,83.91149902,26.5274313,False,False
TZA,Tanzania,2010,2.900000095,720.0,,14.8,31.89204979,28.19689539,False,False
THA,Thailand,2010,22.4,4490.0,,99.7,78.39437866,44.00187366,False,True
TLS,Timor-Leste,2010,3.0,2870.0,,38.0,68.30263096,29.639884,False,True
TGO,Togo,2010,3.0,790.0,,30.8,,37.5545883,False,False
TON,Tonga,2010,16.0,3270.0,,92.8,105.6405487,23.42436191,False,False
TTO,Trinidad and Tobago,2010,48.5,16590.0,,100.0,,54.0899566,False,False
TUN,Tunisia,2010,36.8,4140.0,,99.5,88.11122894,66.62800598,False,False
TUR,Turkiye,2010,39.82,10460.0,,100.0,84.20240021,69.34712539,False,False
TKM,Turkmenistan,2010,3.0,3720.0,,100.0,,46.91717322,False,False
TCA,Turks & Caicos Is.,2010,,,,100.0,,90.37482947,False,False
TUV,Tuvalu,2010,14.60000038,4460.0,,96.7,,55.05413266,False,False
UGA,Uganda,2010,4.300000191,680.0,,12.1,,18.79906455,False,False
UKR,Ukraine,2010,23.3,2990.0,,100.0,98.14168177,68.63739713,False,False
ARE,United Arab Emirates,2010,68.0,42380.0,,100.0,,83.37142991,False,False
GBR,United Kingdom,2010,85.0,42010.0,,100.0,103.4611511,80.99516512,False,False
USA,United States,2010,71.69,49180.0,,100.0,,80.69977447,False,False
URY,Uruguay,2010,46.4,10930.0,,99.3,98.66429901,94.33332195,False,False
UZB,Uzbekistan,2010,15.89999962,1460.0,,99.6,89.98355865,51.33216476,False,False
VUT,Vanuatu,2010,8.0,2580.0,,44.1,55.24012086,24.74250412,False,False
VEN,Venezuela,2010,37.37,11650.0,,99.1,80.72409821,88.80263729,False,False
VNM,Viet Nam,2010,30.65,1370.0,,97.4,,30.25040273,False,True
VIR,Virgin Islands (U.S.),2010,31.22,,,100.0,,94.57243927,False,False
YEM,Yemen,2010,12.35,1040.0,,60.8,39.06623077,30.62328483,False,False
ZMB,Zambia,2010,3.0,1310.0,,22.0,,39.95588577,False,False
ZWE,Zimbabwe,2010,6.400000095,640.0,,38.9,,32.72845258,False,False
AFG,Afghanistan,2011,5.0,550.0,,43.2,52.44742966,22.82056916,False,False
ALB,Albania,2011,47.0,4460.0,,99.7,95.47052765,53.29173829,False,False
DZA,Algeria,2011,14.89999962,5050.0,,99.0,103.1842728,67.73440075,False,False
ASM,American Samoa,2011,,,,,,86.02849917,False,False
AND,Andorra,2011,81.0,,,100.0,85.85878754,88.68883403,False,False
AGO,Angola,2011,4.699999809,3960.0,,34.6,29.68695178,60.84316104,False,False
ATG,Antigua and Barbuda,2011,52.0,14100.0,,94.6,116.1853714,25.69468986,False,False
ARG,Argentina,2011,51.0,10590.0,,99.0,100.8845596,91.10722867,False,False
ARM,Armenia,2011,32.0,3360.0,,99.5,94.87740326,64.32074491,False,False
ABW,Aruba,2011,69.0,23100.0,,100.0,96.63391876,63.99926058,False,False
AUS,Australia,2011,79.48769771,50570.0,,100.0,,86.32689461,False,False
AUT,Austria,2011,78.7399931,50380.0,,100.0,99.67295837,67.14842554,False,False
AZE,Azerbaijan,2011,50.0,5490.0,,99.9,82.91762054,53.50854619,False,False
BHS,Bahamas,2011,65.0,26990.0,,100.0,89.2416369,82.41303475,False,False
BHR,Bahrain,2011,76.9999665,20040.0,,100.0,93.29389909,100.0,False,False
BGD,Bangladesh,2011,4.5,870.0,,59.6,49.75154965,28.11001627,False,False
BRB,Barbados,2011,66.5,17150.0,,100.0,107.3000717,59.23669321,False,False
BLR,Belarus,2011,39.64889566,6350.0,,95.0,108.9898674,75.05975342,False,False
BEL,Belgium,2011,81.609996,46720.0,,100.0,159.3493042,85.2349607,False,False
BLZ,Belize,2011,30.70000076,5160.0,,91.7,76.1272789,44.94178191,False,False
BEN,Benin,2011,4.148323066,1030.0,,36.9,45.7294693,43.46161361,False,False
BMU,Bermuda,2011,88.336,102930.0,,100.0,88.05544281,100.0,False,False
BTN,Bhutan,2011,14.39999962,2430.0,,81.8,66.98612213,34.46376067,False,False
BOL,Bolivia,2011,30.0,1970.0,,88.3,85.30040795,66.83371563,False,False
BIH,Bosnia and Herzegovina,2011,43.88769913,4900.0,,99.7,87.72799683,46.05287776,False,False
BWA,Botswana,2011,9.0,6500.0,,53.2,,64.01878107,False,False
BRA,Brazil,2011,45.69,11210.0,,99.3,,84.62257586,False,False
VGB,British Virgin Islands,2011,37.4,,,98.7,98.26264691,46.92818222,False,False
BRN,Brunei Darussalam,2011,56.0,36520.0,,100.0,102.1111221,75.3121255,False,True
BGR,Bulgaria,2011,47.97999305,7210.0,,94.1,96.43612671,72.61016539,False,False
BFA,Burkina Faso,2011,3.0,660.0,,14.8,23.17643719,24.46829768,False,False
BDI,Burundi,2011,1.110000014,220.0,,6.2,26.79438019,11.56166522,False,False
CPV,Cabo Verde,2011,32.0,3760.0,,82.3,86.70001533,62.7419929,False,False
KHM,Cambodia,2011,3.099999905,990.0,,37.4,,22.38247885,False,True
CMR,Cameroon,2011,5.0,1470.0,,53.7,49.87324611,51.2229843,False,False
CAN,Canada,2011,83.0,47190.0,,100.0,102.8239517,81.10314254,False,False
CYM,Cayman Islands,2011,69.46594499,73950.0,,100.0,92.34708393,100.0,False,False
CAF,Central African Rep.,2011,2.200000048,510.0,,10.4,15.91895962,38.80306695,False,False
TCD,Chad,2011,1.899999976,1190.0,,9.0,22.82248176,21.95587368,False,False
CHI,Channel Islands,2011,,,,100.0,,32.32633502,False,False
CHL,Chile,2011,52.24960729,11860.0,,99.6,90.98262024,87.01091647,False,False
CHN,China,2011,38.3,5130.0,,99.9,92.03294252,51.83002853,False,False
COL,Colombia,2011,40.35091575,6370.0,,96.7,101.2058182,76.83900361,False,False
COM,Comoros,2011,5.5,1490.0,,69.3,,29.11367503,False,False
COG,Congo (Rep. of the),2011,5.6,2580.0,,40.8,,62.55975081,False,False
COD,"Congo, Dem. Rep.",2011,1.200000048,320.0,,13.7,38.94992065,39.78496928,False,False
CRI,Costa Rica,2011,39.212196,8130.0,,99.2,99.7109375,72.84265867,False,False
CIV,Cote d'Ivoire,2011,2.900000095,1020.0,,55.8,,47.67975513,False,False
HRV,Croatia,2011,57.78997899,14020.0,,100.0,99.26560211,55.27737933,False,False
CUB,Cuba,2011,16.0172908,5590.0,,98.0,92.22151843,76.7076639,False,False
CUW,Curacao,2011,,19420.0,,100.0,,91.26394162,False,False
CYP,Cyprus,2011,56.85989235,32680.0,,100.0,92.82562256,67.39798928,False,False
CZE,Czech Republic,2011,70.49,19600.0,,100.0,99.44673157,73.28783384,False,False
DNK,Denmark,2011,89.81001339,62050.0,,100.0,121.8165207,87.1567654,False,False
DJI,Djibouti,2011,7.0,,,58.1,,70.67765325,False,False
DMA,Dominica,2011,48.59999847,7510.0,,90.1,109.1778488,68.39781656,False,False
DOM,Dominican Rep.,2011,38.0,5460.0,,97.9,77.42722002,74.24403895,False,False
ECU,Ecuador,2011,31.36680836,4770.0,,96.9,95.69297028,62.79490535,False,False
EGY,Egypt,2011,25.6,2380.0,,99.4,72.54875946,42.86341685,False,False
SLV,El Salvador,2011,18.89999962,3120.0,,92.6,69.74462177,66.33441364,False,False
GNQ,Equatorial Guinea,2011,11.5,9030.0,,66.1,,55.97433491,False,False
ERI,Eritrea,2011,0.699999988,650.0,,41.2,51.8398819,35.67062759,False,False
EST,Estonia,2011,76.5,15900.0,,100.0,112.2874069,67.87755563,False,False
SWZ,Eswatini,2011,18.13,3620.0,,51.2,67.2353363,22.46347537,False,False
ETH,Ethiopia,2011,1.100000024,380.0,,23.0,34.44689941,17.86379051,False,False
FRO,Faroe Islands,2011,80.7321728,53420.0,,100.0,,37.29759598,False,False
FJI,Fiji,2011,28.0,3570.0,,92.5,83.93049622,52.53354495,False,False
FIN,Finland,2011,88.70999491,50200.0,,100.0,109.2489319,70.05832619,False,False
FRA,France,2011,77.81999899,44610.0,,100.0,106.6106415,77.11827174,False,False
PYF,French Polynesia,2011,49.0,25270.0,,100.0,,61.27173426,False,False
GAB,Gabon,2011,18.0,7680.0,,88.7,,86.56653837,False,False
GMB,Gambia,2011,10.87030029,710.0,,48.3,,56.6696693,False,False
GEO,Georgia,2011,31.52000046,3580.0,,100.0,,55.68992576,False,False
DEU,Germany,2011,81.26999954,48200.0,,100.0,105.3465118,80.34057629,False,False
GHA,Ghana,2011,9.0,1350.0,,64.1,55.60692978,51.33040866,False,False
GIB,Gibraltar,2011,65.0,,,99.8,,100.0,False,False
GRC,Greece,2011,51.64999517,24470.0,,100.0,105.9560471,76.63526099,False,False
GRL,Greenland,2011,64.0,,,100.0,,84.5286026,False,False
GRD,Grenada,2011,30.0,6730.0,,88.8,108.3438287,35.86010911,False,False
GUM,Guam,2011,57.7,,,100.0,,94.07710544,False,False
GTM,Guatemala,2011,12.30000019,2850.0,,84.0,52.76896096,51.86574699,False,False
GIN,Guinea,2011,2.0,670.0,,29.5,36.74647903,34.07320547,False,False
GNB,Guinea-Bissau,2011,2.671999931,660.0,,13.5,,40.43911362,False,False
GUY,Guyana,2011,30.0,4860.0,,84.2,101.134758,26.39999962,False,False
HTI,Haiti,2011,9.0,1260.0,,37.8,,46.75237495,False,False
HND,Honduras,2011,15.9,1860.0,,82.2,65.90184784,51.99088923,False,False
HKG,"Hong Kong SAR, China",2011,72.19999695,35690.0,,100.0,86.97820261,100.0,False,False
HUN,Hungary,2011,68.01998789,13260.0,,100.0,103.0810699,69.47799341,False,False
ISL,Iceland,2011,94.8196868,39690.0,,100.0,109.7068634,93.41106112,False,False
IND,India,2011,10.07,1350.0,,79.5,67.12516785,31.27465029,False,False
IDN,Indonesia,2011,12.28,2960.0,,94.8,78.1330719,50.48300171,True,True
IRN,Iran (Islamic Republic of),2011,19.0,6680.0,,99.5,81.29447937,71.20405094,False,False
IRQ,Iraq,2011,5.0,4740.0,,98.0,,69.12522339,False,False
IRL,Ireland,2011,74.88997297,42670.0,,100.0,115.8337326,62.08727358,False,False
IMN,Isle of Man,2011,,74840.0,,100.0,,52.02463241,False,False
ISR,Israel,2011,68.87387799,32820.0,,100.0,98.08841705,91.73040247,False,False
ITA,Italy,2011,54.3899983,37710.0,,100.0,101.5964279,68.40150739,False,False
JAM,Jamaica,2011,37.43861341,4700.0,,91.1,91.53739166,53.95658611,False,False
JPN,Japan,2011,79.05411352,47800.0,,100.0,,90.86316544,False,False
JOR,Jordan,2011,34.9,4140.0,,99.6,87.59304047,83.55050438,False,False
KAZ,Kazakhstan,2011,50.6,8030.0,,99.8,98.8350533,54.39960864,False,False
KEN,Kenya,2011,8.800000191,1010.0,,36.2,,31.8673949,False,False
KIR,Kiribati,2011,10.0,2110.0,,74.9,,49.12281695,False,False
KOR,Korea (Rep. of),2011,83.75912015,24590.0,,100.0,97.52941895,81.96154081,False,False
PRK,"Korea, Dem. People's Rep.",2011,,,,31.4,,60.48362307,False,False
XKX,Kosovo,2011,,3400.0,,,,38.02551843,False,False
KWT,Kuwait,2011,65.76907069,44350.0,,100.0,98.14176941,100.0,False,False
KGZ,Kyrgyz Republic,2011,17.5,870.0,,98.3,87.52208928,35.2466508,False,False
LAO,Lao P.D.R.,2011,9.0,1130.0,,70.0,46.30309074,31.21468771,False,True
LVA,Latvia,2011,69.74995456,12470.0,,99.8,105.5657883,67.8266897,False,False
LBN,Lebanon,2011,52.0,7720.0,,99.7,73.82861485,87.82708137,False,False
LSO,Lesotho,2011,7.0,1350.0,,22.5,56.95064163,28.61503552,False,False
LBR,Liberia,2011,2.5,500.0,,4.1,43.64794922,48.65833028,False,False
LBY,Libya,2011,14.0,6080.0,,80.3,,88.0970459,False,False
LIE,Liechtenstein,2011,85.0,,,100.0,111.4565735,14.40999985,False,False
LTU,Lithuania,2011,63.6399774,13200.0,,99.7,106.0081635,66.75183401,False,False
LUX,Luxembourg,2011,90.02985856,79210.0,,100.0,100.4209671,88.95628148,False,False
MAC,"Macao SAR, China",2011,60.20369672,54620.0,,100.0,94.93012343,100.0,False,False
MDG,Madagascar,2011,1.899999976,460.0,,14.3,34.1198082,28.1336807,False,False
MWI,Malawi,2011,3.33,710.0,,7.6,34.73715992,15.55231539,False,False
MYS,Malaysia,2011,61.0,8890.0,,99.5,77.59253693,71.42451667,False,True
MDV,Maldives,2011,34.0,6720.0,,99.1,72.84349276,37.12746235,False,False
MLI,Mali,2011,2.2,830.0,,28.8,38.74921372,23.6379674,False,False
MLT,Malta,2011,68.01982379,22060.0,,100.0,94.1126709,94.31559164,False,False
MHL,Marshall Islands,2011,10.0,3860.0,,89.9,,73.85537112,False,False
MRT,Mauritania,2011,4.5,1640.0,,35.3,22.7523098,47.1350407,False,False
MUS,Mauritius,2011,34.95000076,8530.0,,99.6,88.72229004,40.16659232,False,False
MEX,Mexico,2011,37.17629541,9760.0,,99.0,88.38008881,76.56678023,False,False
FSM,Micronesia,2011,22.79999924,2920.0,,66.3,,22.29146641,False,False
MDA,Moldova,2011,32.06999969,2730.0,,99.4,87.71937269,39.3469162,False,False
MCO,Monaco,2011,80.30000305,,,100.0,,100.0,False,False
MNG,Mongolia,2011,12.49999111,2570.0,,72.1,,67.91960588,False,False
MNE,Montenegro,2011,35.61154125,7240.0,,99.0,93.17089081,64.42109148,False,False
MAR,Morocco,2011,46.1074826,3260.0,,96.1,66.02552848,58.90257669,False,False
MOZ,Mozambique,2011,4.599999905,570.0,,20.2,26.01575788,31.206223,False,False
MMR,Myanmar,2011,0.98,1040.0,,54.1,,29.27247651,False,True
NAM,Namibia,2011,12.0,5160.0,,42.3,72.45411772,42.62760756,False,False
NRU,Naoero,2011,54.0,7000.0,,99.0,,100.0,False,False
NPL,Nepal,2011,9.0,620.0,,67.3,58.9935112,63.1399498,False,False
NLD,Netherlands,2011,91.41999576,54270.0,,100.0,129.868103,88.0059205,False,False
NCL,New Caledonia,2011,50.0,,,100.0,,66.72620912,False,False
NZL,New Zealand,2011,81.23000336,32270.0,,100.0,118.2567215,85.82331519,False,False
NIC,Nicaragua,2011,10.6,1600.0,,81.2,,57.0362425,False,False
NER,Niger,2011,0.9,520.0,,14.3,13.66432138,16.23030661,False,False
NGA,Nigeria,2011,13.80000019,2100.0,,55.9,43.02399063,52.49035242,False,False
MKD,North Macedonia,2011,56.7,5140.0,,99.7,,58.24095039,False,False
MNP,Northern Mariana Islands,2011,,,,100.0,,91.02533679,False,False
NOR,Norway,2011,93.48998265,91010.0,,100.0,113.1698837,79.31162045,False,False
OMN,Oman,2011,48.0,20820.0,,100.0,114.4516208,75.65858035,False,False
PAK,Pakistan,2011,8.0,1020.0,,87.8,29.72714605,35.01136759,False,False
PLW,Palau,2011,,10560.0,,98.9,,80.97472312,False,False
PAN,Panama,2011,42.7,8860.0,,88.6,71.74122011,65.18966787,False,False
PNG,Papua New Guinea,2011,2.0,1730.0,,17.3,,13.0000025,False,False
PRY,Paraguay,2011,24.76351588,4840.0,,98.2,75.88269806,59.69349954,False,False
PER,Peru,2011,36.01,4960.0,,89.7,97.52314758,78.0118165,False,False
PHL,Philippines,2011,29.0,2450.0,,87.2,,46.68336325,False,True
POL,Poland,2011,61.94999897,12900.0,,100.0,100.6178513,60.73570907,False,False
PRT,Portugal,2011,55.24999688,22750.0,,100.0,108.8641815,61.14106984,False,False
PRI,Puerto Rico,2011,48.0,17600.0,,100.0,84.07644653,93.75982021,False,False
QAT,Qatar,2011,69.0,82960.0,,100.0,96.46768676,98.63006102,False,False
ROU,Romania,2011,40.00999678,9080.0,,97.4,100.7359009,53.96088742,False,False
RUS,Russian Federation,2011,58.0,11060.0,,99.2,94.57589049,73.85348511,False,False
RWA,Rwanda,2011,7.0,630.0,,10.8,36.62100983,16.93235869,False,False
KNA,Saint Kitts and Nevis,2011,63.20000076,16760.0,,100.0,109.1163025,31.20006484,False,False
LCA,Saint Lucia,2011,34.0,8890.0,,95.4,96.60208893,18.47434796,False,False
VCT,Saint Vincent and the Grenadines,2011,36.70000076,6390.0,,94.1,108.3060837,46.18402928,False,False
WSM,Samoa,2011,11.0,3570.0,,96.7,82.7630729,19.61742737,False,False
SMR,San Marino,2011,49.6,,,100.0,65.92533875,97.09999847,False,False
STP,Sao Tome and Principe,2011,20.16119957,1140.0,,62.6,48.83702087,66.72759776,False,False
SAU,Saudi Arabia,2011,47.5,24110.0,,100.0,,82.25438762,False,False
SEN,Senegal,2011,9.800000191,1310.0,,56.5,42.63689832,44.06896685,False,False
SRB,Serbia,2011,42.2,6380.0,,99.7,93.63105011,59.43491878,False,False
SYC,Seychelles,2011,43.16400146,11150.0,,98.1,74.4660804,42.67398449,False,False
SLE,Sierra Leone,2011,0.899999976,710.0,,14.2,40.42356873,39.04721535,False,False
SGP,Singapore,2011,71.0,48250.0,,100.0,,100.0,False,True
SXM,Sint Maarten (Dutch part),2011,,26550.0,,100.0,,100.0,False,False
SVK,Slovak Republic,2011,74.43999717,17560.0,,100.0,94.99941254,54.4167388,False,False
SVN,Slovenia,2011,67.33999481,24340.0,,100.0,98.47821808,49.94638187,False,False
SLB,Solomon Islands,2011,6.0,1690.0,,39.1,49.32389069,20.7284893,False,False
SOM,Somalia,2011,1.25,250.0,,52.0,,39.38031828,False,False
ZAF,South Africa,2011,33.97,7620.0,,83.6,88.94422913,62.85062775,False,False
SSD,South Sudan,2011,,770.0,,2.8,10.80231953,17.78176781,False,False
ESP,Spain,2011,67.08999939,31170.0,,100.0,126.1527863,78.69539796,False,False
LKA,Sri Lanka,2011,7.956399918,2830.0,,87.8,94.10864258,17.78811928,False,False
MAF,St. Martin (French part),2011,,,,100.0,,100.0,False,False
PSE,State of Palestine,2011,41.08000183,2880.0,,99.7,88.28084144,84.23409506,False,False
SDN,Sudan,2011,,1250.0,,38.3,35.21297836,32.90597601,False,False
SUR,Suriname,2011,32.0,7620.0,,94.6,68.22170836,66.36752273,False,False
SWE,Sweden,2011,92.76998606,56450.0,,100.0,102.1403732,85.36007489,False,False
CHE,Switzerland,2011,85.19302818,82540.0,,100.0,97.19515991,73.65058749,False,False
SYR,Syrian Arab Republic,2011,22.5,2600.0,,91.5,72.30000305,58.48177042,False,False
TJK,Tajikistan,2011,13.02999973,1000.0,,98.9,85.02062988,26.47922134,False,False
TZA,Tanzania,2011,3.200000048,760.0,,14.2,,28.86572641,False,False
THA,Thailand,2011,23.66992562,4840.0,,99.3,86.98947906,44.80487236,False,True
TLS,Timor-Leste,2011,4.0,3740.0,,52.7,70.16406026,29.63335231,False,True
TGO,Togo,2011,3.5,850.0,,39.7,52.77062988,37.98723056,False,False
TON,Tonga,2011,25.0,3660.0,,92.2,107.0533981,23.46075468,False,False
TTO,Trinidad and Tobago,2011,55.2,15060.0,,97.5,,53.92536155,False,False
TUN,Tunisia,2011,39.1,4060.0,,99.5,89.34146881,66.91918862,False,False
TUR,Turkiye,2011,43.06571043,11260.0,,100.0,87.80322266,71.00287235,False,False
TKM,Turkmenistan,2011,5.0,4300.0,,99.8,,46.93975379,False,False
TCA,Turks & Caicos Is.,2011,,,,100.0,,90.73129508,False,False
TUV,Tuvalu,2011,16.5,4740.0,,97.0,,56.04287704,False,False
UGA,Uganda,2011,4.599999905,860.0,,14.6,,20.05610287,False,False
UKR,Ukraine,2011,28.70826284,3100.0,,100.0,96.11718264,68.72342998,False,False
ARE,United Arab Emirates,2011,78.0,45610.0,,100.0,,83.56950078,False,False
GBR,United Kingdom,2011,85.37999855,41240.0,,100.0,94.16452026,81.13596856,False,False
USA,United States,2011,69.72946076,50620.0,,100.0,,80.69575543,False,False
URY,Uruguay,2011,51.40466106,12730.0,,99.2,101.5601807,94.60368248,False,False
UZB,Uzbekistan,2011,18.6,1880.0,,99.7,89.78317261,51.33955002,False,False
VUT,Vanuatu,2011,9.199999809,2790.0,,42.0,,24.7861634,False,False
VEN,Venezuela,2011,40.22,11850.0,,98.8,81.67828369,88.80792789,False,False
VNM,Viet Nam,2011,35.07,1630.0,,99.0,,30.69960417,False,True
VIR,Virgin Islands (U.S.),2011,35.6,,,100.0,,94.65535789,False,False
YEM,Yemen,2011,14.90499973,930.0,,62.0,40.66952896,30.92373895,False,False
ZMB,Zambia,2011,3.5,1380.0,,28.3,,40.36844918,False,False
ZWE,Zimbabwe,2011,8.399999619,960.0,,36.9,,32.75672958,False,False
AFG,Afghanistan,2012,5.454500198,640.0,,69.1,54.37285995,23.34343913,False,False
ALB,Albania,2012,49.40000153,4430.0,,99.9,97.60861206,53.86375537,False,False
DZA,Algeria,2012,18.20000076,5630.0,,98.8,,68.34212586,False,False
ASM,American Samoa,2012,,,,,,85.71611743,False,False
AND,Andorra,2012,82.69999695,,,100.0,86.87036133,88.62909671,False,False
AGO,Angola,2012,7.699999809,4750.0,,37.3,,61.51142239,False,False
ATG,Antigua and Barbuda,2012,58.0,14530.0,,100.0,117.228363,25.45556186,False,False
ARG,Argentina,2012,55.79999924,11770.0,,99.1,102.7099915,91.20412172,False,False
ARM,Armenia,2012,37.5,3700.0,,99.5,,64.32683795,False,False
ABW,Aruba,2012,74.0,23970.0,,100.0,108.9761887,63.82520852,False,False
AUS,Australia,2012,79.0,60500.0,,100.0,,86.44512591,False,False
AUT,Austria,2012,80.02999392,49760.0,,100.0,100.1087265,67.20859098,False,False
AZE,Azerbaijan,2012,54.20000076,6440.0,,100.0,82.76227492,53.80764423,False,False
BHS,Bahamas,2012,71.74819946,27910.0,,100.0,92.18076285,82.39474853,False,False
BHR,Bahrain,2012,88.0,24670.0,,100.0,98.47329148,100.0,False,False
BGD,Bangladesh,2012,5.0,950.0,,65.5,51.6718483,28.47879729,False,False
BRB,Barbados,2012,71.19999695,19080.0,,100.0,,59.23721511,False,False
BLR,Belarus,2012,46.91,6630.0,,95.6,107.6577864,75.52810669,False,False
BEL,Belgium,2012,80.71999055,47170.0,,100.0,160.1105347,85.49154038,False,False
BLZ,Belize,2012,31.0,5330.0,,90.9,78.80953972,44.6903068,False,False
BEN,Benin,2012,4.5,1050.0,,38.4,,44.04750658,False,False
BMU,Bermuda,2012,91.29930452,101910.0,,100.0,86.2392807,100.0,False,False
BTN,Bhutan,2012,15.60000038,2620.0,,91.5,72.13021851,35.01886442,False,False
BOL,Bolivia,2012,35.34,2220.0,,90.4,87.01085122,67.25814448,False,False
BIH,Bosnia and Herzegovina,2012,45.0644989,4900.0,,99.7,90.78530884,46.3655656,False,False
BWA,Botswana,2012,16.0,6680.0,,56.0,,64.39932478,False,False
BRA,Brazil,2012,48.56,12460.0,,99.5,94.58294678,84.89738742,False,False
VGB,British Virgin Islands,2012,37.6,,,98.9,97.99498747,47.53524965,False,False
BRN,Brunei Darussalam,2012,60.27310181,41690.0,,100.0,105.2297592,75.27142335,False,True
BGR,Bulgaria,2012,51.89998767,7400.0,,94.7,95.39035034,72.76848602,False,False
BFA,Burkina Faso,2012,3.724999905,710.0,,15.1,25.2399681,24.80019121,False,False
BDI,Burundi,2012,1.220000029,230.0,,6.5,29.57328987,12.22445968,False,False
CPV,Cabo Verde,2012,34.74,3730.0,,83.2,89.96340826,63.72604545,False,False
KHM,Cambodia,2012,4.94,1110.0,,42.3,,23.94110476,False,True
CMR,Cameroon,2012,7.5,1470.0,,55.2,53.10208872,51.588712,False,False
CAN,Canada,2012,83.0,51080.0,,100.0,110.8738327,81.15134832,False,False
CYM,Cayman Islands,2012,69.7,51150.0,,100.0,89.14686825,100.0,False,False
CAF,Central African Rep.,2012,2.400000095,540.0,,11.0,15.61975956,39.0301696,False,False
TCD,Chad,2012,2.099999905,1310.0,,7.8,22.10879034,22.10619041,False,False
CHI,Channel Islands,2012,,,,100.0,,32.44143346,False,False
CHL,Chile,2012,55.04999924,14170.0,,100.0,89.50314331,87.08249437,False,False
CHN,China,2012,42.30009842,6010.0,,99.9,92.2603063,53.10031128,False,False
COL,Colombia,2012,48.98,7340.0,,97.0,97.2326889,76.9422112,False,False
COM,Comoros,2012,5.975299835,1510.0,,69.3,,29.39795069,False,False
COG,Congo (Rep. of the),2012,6.106699944,3330.0,,41.6,50.52032089,62.71871691,False,False
COD,"Congo, Dem. Rep.",2012,1.679999948,370.0,,15.4,38.80123138,40.17703856,False,False
CRI,Costa Rica,2012,47.5,9330.0,,99.5,103.2673035,73.38950207,False,False
CIV,Cote d'Ivoire,2012,4.400000095,1140.0,,55.8,,48.12425076,False,False
HRV,Croatia,2012,61.93997315,13540.0,,100.0,99.34638977,55.30428886,False,False
CUB,Cuba,2012,21.20000076,6090.0,,98.3,90.92685663,76.77769201,False,False
CUW,Curacao,2012,,19330.0,,100.0,,91.27913006,False,False
CYP,Cyprus,2012,60.6898684,29760.0,,100.0,95.29985046,67.30102891,False,False
CZE,Czech Republic,2012,73.43000782,19650.0,,100.0,99.77496338,73.22492396,False,False
DNK,Denmark,2012,92.26001172,61570.0,,100.0,124.5771866,87.23361969,False,False
DJI,Djibouti,2012,9.399999619,,,54.6,,70.72663113,False,False
DMA,Dominica,2012,49.79999924,7530.0,,93.5,102.7834008,68.75460934,False,False
DOM,Dominican Rep.,2012,42.32,5700.0,,97.9,77.98610639,74.239868,False,False
ECU,Ecuador,2012,35.13514645,5320.0,,97.2,98.55480194,62.84087328,False,False
EGY,Egypt,2012,26.4,2630.0,,99.7,73.01824951,42.81185141,False,False
SLV,El Salvador,2012,20.32138772,3280.0,,93.7,70.83097815,67.2232667,False,False
GNQ,Equatorial Guinea,2012,13.94320011,11430.0,,65.7,,59.01069407,False,False
ERI,Eritrea,2012,0.800000012,,,42.3,52.70793152,35.68242645,False,False
EST,Estonia,2012,78.38992593,16910.0,,100.0,112.5360031,67.96295933,False,False
SWZ,Eswatini,2012,20.78179932,4010.0,,54.3,69.20192719,22.62377159,False,False
ETH,Ethiopia,2012,2.900000095,400.0,,29.0,36.21934891,18.2061367,False,False
FRO,Faroe Islands,2012,85.33518924,56500.0,,100.0,,37.32449722,False,False
FJI,Fiji,2012,33.74240112,3910.0,,92.6,82.1471405,53.03832113,False,False
FIN,Finland,2012,89.87999797,48820.0,,100.0,109.962677,70.36613632,False,False
FRA,France,2012,81.44,43500.0,,100.0,105.8135834,77.16694649,False,False
PYF,French Polynesia,2012,52.87663059,24050.0,,100.0,,61.52865396,False,False
GAB,Gabon,2012,24.0,8610.0,,89.3,,86.88386358,False,False
GMB,Gambia,2012,12.44919968,710.0,,49.9,,57.32073042,False,False
GEO,Georgia,2012,36.93999863,4250.0,,100.0,,56.16835268,False,False
DEU,Germany,2012,82.34999847,47480.0,,100.0,104.4422379,80.39344752,False,False
GHA,Ghana,2012,10.6,1490.0,,56.5,56.73260178,51.91979184,False,False
GIB,Gibraltar,2012,65.017,,,99.9,,100.0,False,False
GRC,Greece,2012,55.06999344,22750.0,,100.0,106.2905502,76.86797974,False,False
GRL,Greenland,2012,64.8960101,,,100.0,,84.88645935,False,False
GRD,Grenada,2012,32.0,6700.0,,90.2,,35.86527558,False,False
GUM,Guam,2012,61.53415931,,,100.0,,94.07772767,False,False
GTM,Guatemala,2012,16.0,3090.0,,86.8,53.11784933,52.35233852,False,False
GIN,Guinea,2012,3.099999905,680.0,,26.2,36.87668991,34.33139369,False,False
GNB,Guinea-Bissau,2012,2.894000053,630.0,,14.9,,40.86860275,False,False
GUY,Guyana,2012,30.5,5350.0,,85.1,102.622467,26.39999962,False,False
HTI,Haiti,2012,9.800000191,1320.0,,37.9,,47.43148435,False,False
HND,Honduras,2012,18.12,1950.0,,83.6,64.53279114,52.66415571,False,False
HKG,"Hong Kong SAR, China",2012,72.9,36340.0,,100.0,108.2574478,100.0,False,False
HUN,Hungary,2012,70.57999815,13080.0,,100.0,101.2340469,69.57723267,False,False
ISL,Iceland,2012,96.20979955,43190.0,,100.0,113.5176697,93.51489258,False,False
IND,India,2012,11.10000038,1460.0,,79.9,69.80895996,31.58989356,False,False
IDN,Indonesia,2012,14.52,3520.0,,96.0,80.09268188,51.15939331,True,True
IRN,Iran (Islamic Republic of),2012,22.73,7310.0,,99.5,82.70593262,71.7633634,False,False
IRQ,Iraq,2012,7.099999905,5980.0,,99.3,,69.22222137,False,False
IRL,Ireland,2012,76.91999254,41070.0,,100.0,117.7521896,62.25293185,False,False
IMN,Isle of Man,2012,,82400.0,,100.0,,52.05553173,False,False
ISR,Israel,2012,70.8,33500.0,,100.0,98.07214355,91.72765028,False,False
ITA,Italy,2012,55.82999799,35970.0,,100.0,100.4498367,68.76087942,False,False
JAM,Jamaica,2012,33.79,5100.0,,93.1,,54.24788177,False,False
JPN,Japan,2012,79.4964,50540.0,,100.0,,91.02652773,False,False
JOR,Jordan,2012,37.0,4400.0,,99.5,87.23175812,84.95926296,False,False
KAZ,Kazakhstan,2012,61.90662747,9640.0,,100.0,99.01801874,54.69208193,False,False
KEN,Kenya,2012,10.5,1060.0,,38.1,,31.85581301,False,False
KIR,Kiribati,2012,10.74680042,2630.0,,76.7,,49.58007867,False,False
KOR,Korea (Rep. of),2012,84.07,26780.0,,100.0,97.36741638,81.90878982,False,False
PRK,"Korea, Dem. People's Rep.",2012,,,,33.6,,60.67811408,False,False
XKX,Kosovo,2012,,3540.0,,,,38.22969592,False,False
KWT,Kuwait,2012,70.44999695,50830.0,,100.0,98.69523121,100.0,False,False
KGZ,Kyrgyz Republic,2012,19.79999924,1030.0,,99.8,87.28706629,35.21891622,False,False
LAO,Lao P.D.R.,2012,10.74769974,1350.0,,76.4,49.03501892,31.7422801,False,True
LVA,Latvia,2012,73.11994377,13430.0,,100.0,106.3448029,67.83316389,False,False
LBN,Lebanon,2012,61.24980164,8000.0,,99.5,72.21227746,88.01950668,False,False
LSO,Lesotho,2012,10.0,1490.0,,20.6,59.07720184,29.89703401,False,False
LBR,Liberia,2012,2.599999905,540.0,,9.3,,49.17732476,False,False
LBY,Libya,2012,15.19999981,13310.0,,78.7,,88.07279205,False,False
LIE,Liechtenstein,2012,89.40769958,,,100.0,110.3738632,14.41245454,False,False
LTU,Lithuania,2012,67.22998933,14040.0,,100.0,106.1735077,66.85367584,False,False
LUX,Luxembourg,2012,91.94992374,87950.0,,100.0,100.60952,89.4405768,False,False
MAC,"Macao SAR, China",2012,61.31,60370.0,,100.0,97.42834547,100.0,False,False
MDG,Madagascar,2012,2.299999952,470.0,,18.7,35.39201511,28.39880329,False,False
MWI,Malawi,2012,4.350599766,650.0,,7.4,34.8210141,15.6253133,False,False
MYS,Malaysia,2012,65.8,9980.0,,99.8,81.23719788,71.96801279,False,True
MDV,Maldives,2012,38.93009949,6810.0,,99.2,71.97600426,37.47596343,False,False
MLI,Mali,2012,2.799999952,830.0,,25.6,,24.16061688,False,False
MLT,Malta,2012,68.19987429,22450.0,,100.0,95.51699829,94.36262565,False,False
MHL,Marshall Islands,2012,12.5,3860.0,,90.4,,74.27051325,False,False
MRT,Mauritania,2012,5.0,1800.0,,36.4,27.06389644,48.27324474,False,False
MUS,Mauritius,2012,35.42,9700.0,,99.4,92.10943897,40.03695116,False,False
MEX,Mexico,2012,39.75,10500.0,,99.1,90.69361877,76.65851991,False,False
FSM,Micronesia,2012,25.97439957,3030.0,,67.8,,22.29425688,False,False
MDA,Moldova,2012,34.65000153,3140.0,,99.5,88.19586867,39.36141968,False,False
MCO,Monaco,2012,87.0,,,100.0,,100.0,False,False
MNG,Mongolia,2012,16.4,3630.0,,83.7,,67.95227825,False,False
MNE,Montenegro,2012,56.83878255,6980.0,,99.3,92.61306,64.52440087,False,False
MAR,Morocco,2012,55.41605319,3230.0,,96.4,68.73587263,59.4348556,False,False
MOZ,Mozambique,2012,5.0,630.0,,21.2,25.64461651,31.43152517,False,False
MMR,Myanmar,2012,1.399999976,1170.0,,55.3,,29.39562894,False,True
NAM,Namibia,2012,12.94139957,5730.0,,46.4,74.24655746,43.38040792,False,False
NRU,Naoero,2012,,9650.0,,99.4,83.11345673,100.0,False,False
NPL,Nepal,2012,11.14929962,750.0,,75.2,63.14147949,63.65584062,False,False
NLD,Netherlands,2012,92.85999236,52070.0,,100.0,111.4482498,88.53424624,False,False
NCL,New Caledonia,2012,58.0,,,100.0,,66.74170599,False,False
NZL,New Zealand,2012,81.64447018,36770.0,,100.0,116.8264771,85.77770068,False,False
NIC,Nicaragua,2012,13.5,1700.0,,81.3,,57.23168422,False,False
NER,Niger,2012,1.049999952,550.0,,14.4,14.80378672,16.2141284,False,False
NGA,Nigeria,2012,16.10000038,2360.0,,53.0,44.45579147,53.3021149,False,False
MKD,North Macedonia,2012,57.44994731,5090.0,,99.6,85.83001709,58.39242178,False,False
MNP,Northern Mariana Islands,2012,,,,100.0,,91.10119276,False,False
NOR,Norway,2012,94.64997805,99780.0,,100.0,112.1765366,79.49059254,False,False
OMN,Oman,2012,60.0,21960.0,,100.0,110.7503506,76.08815662,False,False
PAK,Pakistan,2012,8.100000381,1110.0,,88.6,30.63002014,35.21602294,False,False
PLW,Palau,2012,,11170.0,,97.6,,81.12856636,False,False
PAN,Panama,2012,40.30189522,9870.0,,89.3,,65.28294683,False,False
PNG,Papua New Guinea,2012,3.5,2150.0,,17.5,37.0596555,13.01437961,False,False
PRY,Paraguay,2012,29.34,5160.0,,97.8,82.80020905,59.92129095,False,False
PER,Peru,2012,38.2,5780.0,,91.1,96.43811035,78.64880615,False,False
PHL,Philippines,2012,30.79999924,2780.0,,87.1,,47.91827848,False,True
POL,Poland,2012,62.30999727,13170.0,,100.0,100.5648575,60.63416328,False,False
PRT,Portugal,2012,60.33999749,21220.0,,100.0,110.2533722,61.14097939,False,False
PRI,Puerto Rico,2012,68.9999826,18550.0,,100.0,86.54071808,93.76307444,False,False
QAT,Qatar,2012,69.3,92750.0,,100.0,98.61398083,98.74280105,False,False
ROU,Romania,2012,45.87999425,9260.0,,97.8,97.45037079,53.95630925,False,False
RUS,Russian Federation,2012,66.0,13470.0,,100.0,95.53848268,73.97265625,False,False
RWA,Rwanda,2012,8.023900032,680.0,,17.5,39.66276932,16.94102489,False,False
KNA,Saint Kitts and Nevis,2012,64.0,17010.0,,100.0,92.21691895,31.20351388,False,False
LCA,Saint Lucia,2012,45.865,9000.0,,95.3,93.34812927,18.61930813,False,False
VCT,Saint Vincent and the Grenadines,2012,40.0,6720.0,,95.4,105.8518677,46.30631148,False,False
WSM,Samoa,2012,12.92249966,3590.0,,96.8,82.3821349,19.47871837,False,False
SMR,San Marino,2012,,,,100.0,64.13983154,97.09999847,False,False
STP,Sao Tome and Principe,2012,21.57239914,1170.0,,57.9,56.33864975,67.03358894,False,False
SAU,Saudi Arabia,2012,54.0,27610.0,,100.0,,82.4311918,False,False
SEN,Senegal,2012,10.80000019,1320.0,,56.5,46.41586771,44.53597725,False,False
SRB,Serbia,2012,48.09999847,6310.0,,99.8,94.1696167,59.34684372,False,False
SYC,Seychelles,2012,47.07600021,12540.0,,98.3,84.50092316,42.72617585,False,False
SLE,Sierra Leone,2012,2.5,830.0,,17.2,44.55229187,39.46440949,False,False
SGP,Singapore,2012,72.0,51710.0,,100.0,,100.0,False,True
SXM,Sint Maarten (Dutch part),2012,,26910.0,,100.0,118.2936508,100.0,False,False
SVK,Slovak Republic,2012,76.70999012,17830.0,,100.0,95.049263,54.27645283,False,False
SVN,Slovenia,2012,68.34997453,23010.0,,100.0,98.11373138,49.76194763,False,False
SLB,Solomon Islands,2012,6.997399807,1820.0,,42.9,49.04985046,21.39069642,False,False
SOM,Somalia,2012,1.376700044,280.0,,51.8,,40.27227301,False,False
ZAF,South Africa,2012,41.0,8220.0,,85.2,92.16251373,62.96165603,False,False
SSD,South Sudan,2012,1.5,800.0,,3.3,,18.03218854,False,False
ESP,Spain,2012,69.80999994,29710.0,,100.0,127.7867126,78.84556803,False,False
LKA,Sri Lanka,2012,9.00039959,3340.0,,87.0,94.67446899,18.26176867,False,False
MAF,St. Martin (French part),2012,,,,100.0,,100.0,False,False
PSE,State of Palestine,2012,43.4,3210.0,,99.8,88.0041467,84.54651359,False,False
SDN,Sudan,2012,,1120.0,,40.7,38.72726059,33.14255616,False,False
SUR,Suriname,2012,34.68119812,8220.0,,94.6,68.47634061,66.31325627,False,False
SWE,Sweden,2012,93.17998801,58840.0,,100.0,103.1068726,85.62506689,False,False
CHE,Switzerland,2012,85.2,88060.0,,100.0,98.3727417,73.75226296,False,False
SYR,Syrian Arab Republic,2012,24.30010033,1980.0,,90.7,73.13697052,65.08966628,False,False
TJK,Tajikistan,2012,14.51000023,1130.0,,99.1,86.34693146,26.41022491,False,False
TZA,Tanzania,2012,3.950000048,810.0,,15.3,,29.48787646,False,False
THA,Thailand,2012,26.46,5400.0,,99.1,85.53652954,45.37356581,False,True
TLS,Timor-Leste,2012,7.0,3570.0,,56.0,70.0278422,29.61360823,False,True
TGO,Togo,2012,4.0,840.0,,39.1,,38.41943596,False,False
TON,Tonga,2012,30.0,4130.0,,92.8,94.51477051,23.45890626,False,False
TTO,Trinidad and Tobago,2012,57.5,17960.0,,100.0,,53.92540534,False,False
TUN,Tunisia,2012,41.4416008,4250.0,,99.5,,67.20989227,False,False
TUR,Turkiye,2012,45.13,11950.0,,100.0,85.02043152,73.77886802,False,False
TKM,Turkmenistan,2012,7.195799828,5040.0,,99.9,,46.96030231,False,False
TCA,Turks & Caicos Is.,2012,,,,93.1,,91.03526676,False,False
TUV,Tuvalu,2012,18.70000076,4460.0,,97.7,,56.89649033,False,False
UGA,Uganda,2012,4.800000191,830.0,,20.5,,21.37236932,False,False
UKR,Ukraine,2012,35.27,3600.0,,99.9,99.47754931,68.82419831,False,False
ARE,United Arab Emirates,2012,84.9999915,51180.0,,100.0,,83.76432448,False,False
GBR,United Kingdom,2012,87.47999842,41940.0,,100.0,92.52729034,81.29056678,False,False
USA,United States,2012,74.7,52610.0,,100.0,,80.68374934,False,False
URY,Uruguay,2012,54.45376868,14230.0,,99.6,102.9772263,94.76065975,False,False
UZB,Uzbekistan,2012,23.60000038,2460.0,,99.7,92.0473723,51.33596802,False,False
VUT,Vanuatu,2012,10.59799957,2840.0,,43.9,,24.81835514,False,False
VEN,Venezuela,2012,49.05008307,12480.0,,99.3,83.82169342,88.84018685,False,False
VNM,Viet Nam,2012,36.79999924,1980.0,,97.9,,31.12227794,False,True
VIR,Virgin Islands (U.S.),2012,40.5479,,,100.0,,94.73535911,False,False
YEM,Yemen,2012,17.44650078,1080.0,,52.4,40.97475052,31.20318399,False,False
ZMB,Zambia,2012,4.099999905,1640.0,,29.2,,40.76985568,False,False
ZWE,Zimbabwe,2012,12.0,1150.0,,44.0,75.86481098,32.79317521,False,False
AFG,Afghanistan,2013,5.900000095,670.0,,68.0,54.88336945,23.80771367,False,False
ALB,Albania,2013,51.79999924,4690.0,,99.9,102.9032095,54.29796781,False,False
DZA,Algeria,2013,22.5,5970.0,,99.2,,68.94638361,False,False
ASM,American Samoa,2013,,,,,,85.38464652,False,False
AND,Andorra,2013,84.40000153,,,100.0,86.40440369,88.58093991,False,False
AGO,Angola,2013,13.0,5330.0,,38.4,,62.13330752,False,False
ATG,Antigua and Barbuda,2013,63.40000153,14500.0,,100.0,,25.24756677,False,False
ARG,Argentina,2013,59.90000153,12760.0,,99.3,104.540863,91.30145077,False,False
ARM,Armenia,2013,41.9,3940.0,,99.4,86.87219238,64.35840611,False,False
ABW,Aruba,2013,78.9,24830.0,,100.0,,63.63829144,False,False
AUS,Australia,2013,83.45349717,66360.0,,100.0,,86.57405158,False,False
AUT,Austria,2013,80.6188,50260.0,,100.0,101.1732101,67.29813088,False,False
AZE,Azerbaijan,2013,73.00000137,7450.0,,100.0,83.13765536,54.18210874,False,False
BHS,Bahamas,2013,72.0,26870.0,,100.0,84.65954078,82.36357911,False,False
BHR,Bahrain,2013,90.0000397,25970.0,,100.0,107.6104726,100.0,False,False
BGD,Bangladesh,2013,6.63,1010.0,,61.5,55.62143322,28.84070361,False,False
BRB,Barbados,2013,71.80000305,19410.0,,100.0,,59.23853708,False,False
BLR,Belarus,2013,54.17,7030.0,,96.2,104.5231241,75.94970703,False,False
BEL,Belgium,2013,82.1702,47950.0,,100.0,161.8458862,85.74154102,False,False
BLZ,Belize,2013,33.59999847,5580.0,,91.1,80.66943037,44.43805424,False,False
BEN,Benin,2013,4.900000095,1140.0,,34.7,52.03784943,44.65028837,False,False
BMU,Bermuda,2013,95.3,104040.0,,100.0,85.06520081,100.0,False,False
BTN,Bhutan,2013,22.39999962,2630.0,,87.4,76.68079376,35.57400032,False,False
BOL,Bolivia,2013,36.99,2550.0,,89.5,88.76505571,67.66970555,False,False
BIH,Bosnia and Herzegovina,2013,48.52130127,5170.0,,99.5,92.29839325,46.69542247,False,False
BWA,Botswana,2013,30.0,6950.0,,58.0,,64.75797355,False,False
BRA,Brazil,2013,51.04,12950.0,,99.6,104.0862198,85.16765854,False,False
VGB,British Virgin Islands,2013,,,,99.1,96.7221135,48.16398037,False,False
BRN,Brunei Darussalam,2013,64.5,44580.0,,100.0,102.3926926,75.17569151,False,True
BGR,Bulgaria,2013,53.0615,7580.0,,95.3,100.7858124,72.96328216,False,False
BFA,Burkina Faso,2013,5.0,750.0,,15.4,27.60088807,25.10611615,False,False
BDI,Burundi,2013,1.264218111,240.0,,6.9,34.21245073,12.96709627,False,False
CPV,Cabo Verde,2013,37.5,3840.0,,84.3,94.75260925,64.74862075,False,False
KHM,Cambodia,2013,6.0,1230.0,,50.9,,25.76447351,False,True
CMR,Cameroon,2013,10.0,1530.0,,56.3,54.90127849,51.94755919,False,False
CAN,Canada,2013,85.80000305,52800.0,,100.0,111.407608,81.18343996,False,False
CYM,Cayman Islands,2013,71.4,44990.0,,100.0,88.64171683,100.0,False,False
CAF,Central African Rep.,2013,2.5,360.0,,11.5,,39.30429635,False,False
TCD,Chad,2013,2.5,1310.0,,8.1,24.53260355,22.29759299,False,False
CHI,Channel Islands,2013,,,,100.0,,32.54322518,False,False
CHL,Chile,2013,58.0,15080.0,,99.6,99.15207672,87.18277777,False,False
CHN,China,2013,45.79999924,6860.0,,100.0,,54.49000168,False,False
COL,Colombia,2013,51.7,8010.0,,97.8,98.10150146,77.03159882,False,False
COM,Comoros,2013,6.5,1590.0,,69.4,58.99858084,29.70434825,False,False
COG,Congo (Rep. of the),2013,6.599999905,3560.0,,42.5,,62.86828172,False,False
COD,"Congo, Dem. Rep.",2013,2.200000048,420.0,,15.2,38.5140419,40.56752632,False,False
CRI,Costa Rica,2013,45.96,9990.0,,99.6,108.5341263,73.94317762,False,False
CIV,Cote d'Ivoire,2013,6.599999905,1240.0,,61.5,,48.57023322,False,False
HRV,Croatia,2013,66.7476,13940.0,,100.0,101.800499,55.36594797,False,False
CUB,Cuba,2013,27.93,6640.0,,98.5,91.33100394,76.81640625,False,False
CUW,Curacao,2013,,19020.0,,100.0,86.30663897,91.29387859,False,False
CYP,Cyprus,2013,65.4548,27820.0,,100.0,97.97264099,67.21023336,False,False
CZE,Czech Republic,2013,74.1104,19600.0,,100.0,106.8750687,73.16221869,False,False
DNK,Denmark,2013,94.6297,63400.0,,100.0,131.6923065,87.54365248,False,False
DJI,Djibouti,2013,12.69999981,,,58.6,,70.79693313,False,False
DMA,Dominica,2013,51.0,7440.0,,94.6,,69.1197042,False,False
DOM,Dominican Rep.,2013,45.9,5940.0,,98.4,79.1714978,74.225136,False,False
ECU,Ecuador,2013,40.27912194,5880.0,,98.0,100.6592102,62.88372866,False,False
EGY,Egypt,2013,29.4,2810.0,,99.9,73.89544662,42.75142772,False,False
SLV,El Salvador,2013,23.1093,3420.0,,95.0,72.24528601,68.0878512,False,False
GNQ,Equatorial Guinea,2013,16.39999962,12400.0,,65.9,,62.21200736,False,False
ERI,Eritrea,2013,0.899999976,,,43.5,51.34619141,35.67133331,False,False
EST,Estonia,2013,80.0043,18370.0,,100.0,110.5217133,68.09234583,False,False
SWZ,Eswatini,2013,24.70000076,4120.0,,57.5,70.80808258,22.81216444,False,False
ETH,Ethiopia,2013,4.599999905,450.0,,30.8,,18.61551476,False,False
FRO,Faroe Islands,2013,90.0,59530.0,,100.0,,37.74148178,False,False
FJI,Fiji,2013,35.20000076,4460.0,,91.8,,53.55527263,False,False
FIN,Finland,2013,91.5144,49390.0,,100.0,145.6534424,70.67421182,False,False
FRA,France,2013,81.9198,43950.0,,100.0,104.3766022,77.24407215,False,False
PYF,French Polynesia,2013,56.8,24290.0,,100.0,,61.61304867,False,False
GAB,Gabon,2013,30.53800011,8870.0,,86.4,,87.14824807,False,False
GMB,Gambia,2013,14.0,680.0,,51.5,,57.97030561,False,False
GEO,Georgia,2013,43.3,4680.0,,100.0,107.0388323,56.6182119,False,False
DEU,Germany,2013,84.17,48160.0,,100.0,103.9353333,80.47323184,False,False
GHA,Ghana,2013,15.0,1790.0,,70.7,68.19914246,52.49857945,False,False
GIB,Gibraltar,2013,,,,99.9,,100.0,False,False
GRC,Greece,2013,59.8663,22030.0,,100.0,107.4143066,77.09519997,False,False
GRL,Greenland,2013,65.8,,,100.0,,85.37258911,False,False
GRD,Grenada,2013,35.0,7040.0,,90.6,106.7838126,35.87922426,False,False
GUM,Guam,2013,65.4,,,100.0,,94.07827514,False,False
GTM,Guatemala,2013,19.70000076,3300.0,,88.1,53.32331583,52.78098228,False,False
GIN,Guinea,2013,4.5,680.0,,32.2,,34.5812742,False,False
GNB,Guinea-Bissau,2013,3.099999905,660.0,,16.3,,41.29763794,False,False
GUY,Guyana,2013,31.0,5610.0,,86.0,,26.40038914,False,False
HTI,Haiti,2013,10.60000038,1410.0,,38.9,,48.10494302,False,False
HND,Honduras,2013,17.8,1990.0,,87.2,61.92071152,53.35637913,False,False
HKG,"Hong Kong SAR, China",2013,74.2,38570.0,,100.0,102.7793911,100.0,False,False
HUN,Hungary,2013,72.6439,13560.0,,100.0,107.2175369,69.92776363,False,False
ISL,Iceland,2013,96.5468,49540.0,,100.0,122.0335693,93.61667252,False,False
IND,India,2013,12.30000019,1500.0,,83.1,69.47712708,31.90967892,False,False
IDN,Indonesia,2013,14.94,3670.0,,96.5,81.88969748,51.83074951,True,True
IRN,Iran (Islamic Republic of),2013,29.95,7220.0,,99.8,81.58455658,72.30308735,False,False
IRQ,Iraq,2013,9.199999809,6620.0,,99.0,,69.44445038,False,False
IRL,Ireland,2013,78.2477,44170.0,,100.0,,62.40471578,False,False
IMN,Isle of Man,2013,,87680.0,,100.0,,52.08041071,False,False
ISR,Israel,2013,70.25031195,35470.0,,100.0,98.76661682,91.72278315,False,False
ITA,Italy,2013,58.4593,35700.0,,100.0,100.9731216,69.30739899,False,False
JAM,Jamaica,2013,37.1,5150.0,,93.9,85.40178705,54.54881981,False,False
JPN,Japan,2013,88.21942891,49350.0,,100.0,101.0494385,91.15165957,False,False
JOR,Jordan,2013,41.4,4510.0,,99.7,87.30279197,86.46271102,False,False
KAZ,Kazakhstan,2013,63.30422443,11490.0,,100.0,97.65003126,55.07797648,False,False
KEN,Kenya,2013,13.0,1130.0,,40.1,,31.83244544,False,False
KIR,Kiribati,2013,11.5,3040.0,,78.8,,49.96870433,False,False
KOR,Korea (Rep. of),2013,84.77,28210.0,,100.0,97.82875061,81.82693835,False,False
PRK,"Korea, Dem. People's Rep.",2013,,,,35.7,,60.88430632,False,False
XKX,Kosovo,2013,,3800.0,,,,38.62517495,False,False
KWT,Kuwait,2013,75.45999908,53530.0,,100.0,95.5615387,100.0,False,False
KGZ,Kyrgyz Republic,2013,23.0,1180.0,,98.9,87.72403511,35.18505292,False,False
LAO,Lao P.D.R.,2013,12.5,1590.0,,79.3,52.67593594,32.22640334,False,True
LVA,Latvia,2013,75.2344,14340.0,,100.0,114.7768097,67.84733448,False,False
LBN,Lebanon,2013,70.5,7880.0,,99.6,71.22311897,88.21654785,False,False
LSO,Lesotho,2013,15.0,1440.0,,26.9,57.75907135,31.24074609,False,False
LBR,Liberia,2013,3.200000048,610.0,,9.8,,49.69779862,False,False
LBY,Libya,2013,16.5,11960.0,,77.1,,88.04514313,False,False
LIE,Liechtenstein,2013,93.80000305,,,100.0,,14.4201756,False,False
LTU,Lithuania,2013,68.4529,15310.0,,100.0,108.8118362,67.00920868,False,False
LUX,Luxembourg,2013,93.7765,85160.0,,100.0,103.4694138,89.94137467,False,False
MAC,"Macao SAR, China",2013,65.8,67830.0,,100.0,98.60755814,100.0,False,False
MDG,Madagascar,2013,3.0,490.0,,12.9,,28.66046371,False,False
MWI,Malawi,2013,5.050000191,590.0,,9.0,37.84729585,15.69661735,False,False
MYS,Malaysia,2013,57.05751226,10590.0,,99.6,80.93836212,72.48827171,False,True
MDV,Maldives,2013,44.09999847,7050.0,,99.4,68.38726932,37.82570752,False,False
MLI,Mali,2013,3.5,880.0,,32.4,39.27581214,24.70336269,False,False
MLT,Malta,2013,68.9138,23330.0,,100.0,96.43079376,94.39065679,False,False
MHL,Marshall Islands,2013,14.0,4350.0,,90.9,,74.67906018,False,False
MRT,Mauritania,2013,6.199999809,1890.0,,37.6,30.26204191,49.35539732,False,False
MUS,Mauritius,2013,40.11682513,10360.0,,99.4,93.79828644,39.91088486,False,False
MEX,Mexico,2013,43.46,10710.0,,99.1,93.26230621,76.79557681,False,False
FSM,Micronesia,2013,27.79999924,3090.0,,69.4,,22.2986324,False,False
MDA,Moldova,2013,37.43999863,3620.0,,99.6,88.33604943,39.42755127,False,False
MCO,Monaco,2013,90.69999695,,,100.0,,100.0,False,False
MNG,Mongolia,2013,17.69998424,4310.0,,81.2,,67.97767501,False,False
MNE,Montenegro,2013,60.31,7260.0,,99.7,,64.6252988,False,False
MAR,Morocco,2013,56.0,3350.0,,97.2,,59.90834993,False,False
MOZ,Mozambique,2013,5.5,690.0,,22.4,34.44390869,31.6619154,False,False
MMR,Myanmar,2013,1.799999952,1260.0,,56.5,,29.51039462,False,True
NAM,Namibia,2013,13.89999962,5900.0,,47.4,76.14248,44.11067691,False,False
NRU,Naoero,2013,,11330.0,,99.4,,100.0,False,False
NPL,Nepal,2013,13.30000019,840.0,,77.4,65.49353027,64.13145702,False,False
NLD,Netherlands,2013,93.9564,52460.0,,100.0,,89.17499924,False,False
NCL,New Caledonia,2013,66.0,,,100.0,,66.75841279,False,False
NZL,New Zealand,2013,82.77999878,39940.0,,100.0,115.650528,85.70801298,False,False
NIC,Nicaragua,2013,15.5,1760.0,,81.9,,57.42742795,False,False
NER,Niger,2013,1.149999976,570.0,,15.2,15.95965103,16.21625957,False,False
NGA,Nigeria,2013,19.10000038,2600.0,,55.6,52.79673004,54.11308552,False,False
MKD,North Macedonia,2013,65.24,5400.0,,99.7,83.8025589,58.57869443,False,False
MNP,Northern Mariana Islands,2013,,,,100.0,,91.17649419,False,False
NOR,Norway,2013,95.0534,104810.0,,100.0,114.5153809,79.97239805,False,False
OMN,Oman,2013,66.45,22920.0,,100.0,109.1684881,76.49142342,False,False
PAK,Pakistan,2013,9.0,1210.0,,89.3,31.54481913,35.43153525,False,False
PLW,Palau,2013,,11800.0,,99.2,106.1587296,81.07568953,False,False
PAN,Panama,2013,44.03,10950.0,,89.1,76.40412903,65.37097701,False,False
PNG,Papua New Guinea,2013,5.099999905,2340.0,,17.8,,13.05824757,False,False
PRY,Paraguay,2013,36.9,5970.0,,99.0,,60.23753156,False,False
PER,Peru,2013,39.2,6410.0,,92.1,101.5838699,79.31055278,False,False
PHL,Philippines,2013,32.70000076,3060.0,,87.5,,49.13136888,False,True
POL,Poland,2013,62.8492,13290.0,,100.0,111.5169601,60.53331875,False,False
PRT,Portugal,2013,62.0956,21380.0,,100.0,118.9329605,61.14053152,False,False
PRI,Puerto Rico,2013,68.99999,18960.0,,100.0,89.43058777,93.76983169,False,False
QAT,Qatar,2013,85.3,96070.0,,100.0,97.36637788,98.83576218,False,False
ROU,Romania,2013,49.7645,9390.0,,98.1,95.69889832,53.9101758,False,False
RUS,Russian Federation,2013,67.97,15160.0,,100.0,95.9993762,74.07629498,False,False
RWA,Rwanda,2013,9.0,700.0,,15.2,30.20928649,17.07422061,False,False
KNA,Saint Kitts and Nevis,2013,64.59999847,18460.0,,100.0,121.3779068,31.21314856,False,False
LCA,Saint Lucia,2013,49.3871994,8710.0,,97.2,91.48603821,18.9258371,False,False
VCT,Saint Vincent and the Grenadines,2013,43.5,6980.0,,96.8,108.7238464,46.4319347,False,False
WSM,Samoa,2013,15.30000019,3750.0,,97.0,,19.38659496,False,False
SMR,San Marino,2013,,,,100.0,,97.09999847,False,False
STP,Sao Tome and Principe,2013,23.0,1330.0,,65.0,63.3046608,67.13066864,False,False
SAU,Saudi Arabia,2013,60.5,28620.0,,100.0,93.01689052,82.60718846,False,False
SEN,Senegal,2013,13.10000038,1350.0,,57.0,49.07765949,45.03987505,False,False
SRB,Serbia,2013,53.45036417,6630.0,,99.9,94.40921021,59.61110687,False,False
SYC,Seychelles,2013,50.40000153,12350.0,,98.0,84.69742639,42.81506963,False,False
SLE,Sierra Leone,2013,4.0,970.0,,13.5,39.22378922,39.89164228,False,False
SGP,Singapore,2013,80.90209961,54470.0,,100.0,,100.0,False,True
SXM,Sint Maarten (Dutch part),2013,,27400.0,,100.0,,100.0,False,False
SVK,Slovak Republic,2013,77.8826,18280.0,,100.0,93.52967072,54.13840241,False,False
SVN,Slovenia,2013,72.6756,23040.0,,100.0,110.5589294,50.04665808,False,False
SLB,Solomon Islands,2013,8.0,2090.0,,44.7,,22.10272625,False,False
SOM,Somalia,2013,1.5,340.0,,51.5,,41.25934743,False,False
ZAF,South Africa,2013,46.5,7930.0,,85.2,,63.05240241,False,False
SSD,South Sudan,2013,2.200000048,1080.0,,3.8,,18.28689965,False,False
ESP,Spain,2013,71.635,29400.0,,100.0,126.8144989,78.98580869,False,False
LKA,Sri Lanka,2013,10.04440022,3630.0,,90.2,95.14426362,18.43231365,False,False
MAF,St. Martin (French part),2013,,,,100.0,,100.0,False,False
PSE,State of Palestine,2013,46.59999847,3470.0,,99.9,87.74198517,84.81784599,False,False
SDN,Sudan,2013,,1060.0,,43.1,40.94340897,33.4264778,False,False
SUR,Suriname,2013,37.40000153,8610.0,,94.6,68.5071439,66.26835751,False,False
SWE,Sweden,2013,94.7836,61530.0,,100.0,132.713501,85.92497713,False,False
CHE,Switzerland,2013,86.34,92160.0,,100.0,101.2213821,74.11213848,False,False
SYR,Syrian Arab Republic,2013,26.20000076,1270.0,,90.4,47.5814209,73.06204919,False,False
TJK,Tajikistan,2013,16.0,1300.0,,99.0,86.98735046,26.48831558,False,False
TZA,Tanzania,2013,4.400000095,880.0,,16.4,32.38574462,30.07251088,False,False
THA,Thailand,2013,28.94,5580.0,,99.4,83.85485077,45.83213438,False,True
TLS,Timor-Leste,2013,11.0,3190.0,,59.2,67.8276666,29.58369063,False,True
TGO,Togo,2013,4.5,890.0,,41.0,,38.85167679,False,False
TON,Tonga,2013,32.75400162,4330.0,,95.1,95.45864105,23.4170795,False,False
TTO,Trinidad and Tobago,2013,59.90000153,20110.0,,100.0,,53.925579,False,False
TUN,Tunisia,2013,43.79999924,4300.0,,99.7,87.23570251,67.49995422,False,False
TUR,Turkiye,2013,46.25,12640.0,,100.0,102.2097015,78.52183684,False,False
TKM,Turkmenistan,2013,9.600000381,5880.0,,99.9,,46.97884512,False,False
TCA,Turks & Caicos Is.,2013,,,,100.0,,91.31689279,False,False
TUV,Tuvalu,2013,21.20000076,5580.0,,97.6,,57.63143368,False,False
UGA,Uganda,2013,5.099999905,810.0,,13.9,,22.73676592,False,False
UKR,Ukraine,2013,40.954129,3900.0,,100.0,99.43038011,68.93262881,False,False
ARE,United Arab Emirates,2013,88.0,53780.0,,100.0,,83.95581358,False,False
GBR,United Kingdom,2013,89.8441,42960.0,,100.0,126.0643387,81.45737687,False,False
USA,United States,2013,71.4,53750.0,,100.0,96.18649292,80.66088928,False,False
URY,Uruguay,2013,57.69,16480.0,,99.6,104.6645203,94.88447351,False,False
UZB,Uzbekistan,2013,26.79999924,2780.0,,99.8,92.06266764,51.12769699,False,False
VUT,Vanuatu,2013,11.30000019,3160.0,,31.7,,24.84073628,False,False
VEN,Venezuela,2013,54.90000153,10330.0,,99.4,91.47254944,88.8786817,False,False
VNM,Viet Nam,2013,38.5,2200.0,,98.5,,31.53342017,False,True
VIR,Virgin Islands (U.S.),2013,45.3,,,100.0,,94.81059582,False,False
YEM,Yemen,2013,20.0,1230.0,,75.6,42.70846176,31.44271879,False,False
ZMB,Zambia,2013,4.8,1710.0,,30.1,,41.16822662,False,False
ZWE,Zimbabwe,2013,15.5,1220.0,,40.6,52.41585159,32.90193432,False,False
AFG,Afghanistan,2014,7.0,640.0,,89.5,54.29365158,24.19101664,False,False
ALB,Albania,2014,54.29999924,4750.0,,100.0,103.3213775,54.73258132,False,False
DZA,Algeria,2014,29.5,6030.0,,99.3,,69.54687652,False,False
ASM,American Samoa,2014,,,,,,85.0351448,False,False
AND,Andorra,2014,86.09999847,,,100.0,88.97815704,88.54404292,False,False
AGO,Angola,2014,21.36234076,5430.0,,32.0,,62.72311579,False,False
ATG,Antigua and Barbuda,2014,67.77999878,14830.0,,100.0,115.2704391,25.08997261,False,False
ARG,Argentina,2014,64.69999695,12240.0,,100.0,106.0389023,91.39753455,False,False
ARM,Armenia,2014,54.62280586,4000.0,,99.7,86.520401,64.41429342,False,False
ABW,Aruba,2014,83.78,25260.0,,100.0,,63.43925313,False,False
AUS,Australia,2014,84.0,65500.0,,100.0,,86.72212893,False,False
AUT,Austria,2014,80.99582496,49960.0,,100.0,101.3048096,67.41543276,False,False
AZE,Azerbaijan,2014,75.00001564,7740.0,,100.0,83.43866002,54.63191759,False,False
BHS,Bahamas,2014,76.91999817,27220.0,,100.0,91.62184048,82.3180931,False,False
BHR,Bahrain,2014,90.50313348,25480.0,,100.0,104.2038469,100.0,False,False
BGD,Bangladesh,2014,9.052900314,1080.0,,62.4,,29.19444423,False,False
BRB,Barbados,2014,71.92459869,19620.0,,100.0,108.1863098,59.24103134,False,False
BLR,Belarus,2014,59.01631871,7620.0,,96.8,103.5103512,76.34052277,False,False
BEL,Belgium,2014,85.00123795,48050.0,,100.0,162.4219818,85.98483367,False,False
BLZ,Belize,2014,38.70000076,5670.0,,91.5,80.35830337,44.18501618,False,False
BEN,Benin,2014,6.0,1180.0,,34.1,52.59526825,45.28805292,False,False
BMU,Bermuda,2014,96.8,102450.0,,100.0,85.48454285,100.0,False,False
BTN,Bhutan,2014,30.29999924,2670.0,,91.4,84.14041901,36.13266061,False,False
BOL,Bolivia,2014,34.60162023,2800.0,,90.0,89.45648198,68.03742541,False,False
BIH,Bosnia and Herzegovina,2014,49.91770172,5180.0,,99.9,90.2868576,47.13078348,False,False
BWA,Botswana,2014,36.74474744,6990.0,,60.0,,65.09651224,False,False
BRA,Brazil,2014,54.55100188,12280.0,,99.7,102.7803116,85.43313679,False,False
VGB,British Virgin Islands,2014,,,,99.2,96.87957094,48.81436536,False,False
BRN,Brunei Darussalam,2014,68.76999664,42370.0,,100.0,96.28486633,75.05726398,False,True
BGR,Bulgaria,2014,55.49037663,7780.0,,95.9,104.9421997,73.08448792,False,False
BFA,Burkina Faso,2014,6.0,730.0,,19.2,29.56687444,25.3814156,False,False
BDI,Burundi,2014,1.042392126,240.0,,7.0,40.26412587,13.78397817,False,False
CPV,Cabo Verde,2014,40.25999832,3750.0,,85.3,93.60746648,65.80851127,False,False
KHM,Cambodia,2014,14.0,1330.0,,56.1,,27.81795578,False,True
CMR,Cameroon,2014,16.21487223,1570.0,,56.8,59.12535636,52.29939444,False,False
CAN,Canada,2014,87.12000275,52200.0,,100.0,111.6815567,81.21118316,False,False
CYM,Cayman Islands,2014,74.1,43420.0,,100.0,,100.0,False,False
CAF,Central African Rep.,2014,2.700000048,380.0,,12.0,,39.62265219,False,False
TCD,Chad,2014,2.900000095,1260.0,,8.4,22.84857941,22.52945135,False,False
CHI,Channel Islands,2014,,,,100.0,,32.62755953,False,False
CHL,Chile,2014,61.11000061,14690.0,,100.0,99.86544037,87.31337015,False,False
CHN,China,2014,47.90000153,7600.0,,100.0,,55.75025558,False,False
COL,Colombia,2014,52.56813654,8280.0,,97.8,97.36328888,77.10584494,False,False
COM,Comoros,2014,6.980000019,1590.0,,71.8,61.50787743,30.03029066,False,False
COG,Congo (Rep. of the),2014,7.110000134,3800.0,,43.4,,63.00754156,False,False
COD,"Congo, Dem. Rep.",2014,3.0,450.0,,13.5,41.1783905,40.95638735,False,False
CRI,Costa Rica,2014,53.0,10410.0,,99.4,114.2898636,74.48669632,False,False
CIV,Cote d'Ivoire,2014,10.0,1860.0,,61.9,40.4629922,49.01731446,False,False
HRV,Croatia,2014,68.56789925,13820.0,,100.0,102.528923,55.45918349,False,False
CUB,Cuba,2014,29.07018437,6850.0,,98.7,95.98679902,76.84424591,False,False
CUW,Curacao,2014,,18980.0,,100.0,,91.30820308,False,False
CYP,Cyprus,2014,69.32869671,26350.0,,100.0,97.83583832,67.12305588,False,False
CZE,Czech Republic,2014,74.23171164,19080.0,,100.0,106.1185074,73.0995921,False,False
DNK,Denmark,2014,95.99350538,63650.0,,100.0,132.451355,87.68239857,False,False
DJI,Djibouti,2014,17.0,,,58.9,,70.88990322,False,False
DMA,Dominica,2014,57.5,7670.0,,95.7,93.3871994,69.49078471,False,False
DOM,Dominican Rep.,2014,49.58000183,6230.0,,98.5,80.11454425,74.19315338,False,False
ECU,Ecuador,2014,45.59039067,6190.0,,99.0,102.5903397,62.92324322,False,False
EGY,Egypt,2014,33.89460391,3000.0,,99.8,73.37234211,42.68255223,False,False
SLV,El Salvador,2014,24.76171215,3480.0,,95.1,71.38583491,68.91666643,False,False
GNQ,Equatorial Guinea,2014,18.86000061,12620.0,,66.0,,65.55932402,False,False
ERI,Eritrea,2014,0.99000001,,,44.6,50.66537857,35.63972092,False,False
EST,Estonia,2014,84.24152803,19210.0,,100.0,107.6858215,68.26683828,False,False
SWZ,Eswatini,2014,25.0,3890.0,,65.0,73.70523834,23.02685045,False,False
ETH,Ethiopia,2014,7.699999809,530.0,,27.2,,19.02628708,False,False
FRO,Faroe Islands,2014,93.3,60440.0,,100.0,,37.9093895,False,False
FJI,Fiji,2014,37.40000153,4740.0,,93.0,88.18496869,54.08382875,False,False
FIN,Finland,2014,86.53039275,49210.0,,100.0,147.4133148,70.98791689,False,False
FRA,France,2014,83.75109967,43470.0,,100.0,103.425827,77.35242968,False,False
PYF,French Polynesia,2014,60.68,23990.0,,100.0,,61.68248074,False,False
GAB,Gabon,2014,38.07120132,8880.0,,87.1,,87.6236018,False,False
GMB,Gambia,2014,15.56000042,600.0,,53.0,,58.61417997,False,False
GEO,Georgia,2014,49.10245471,4850.0,,100.0,105.7570889,57.0237613,False,False
DEU,Germany,2014,86.19370066,48610.0,,100.0,103.3038712,80.57574024,False,False
GHA,Ghana,2014,19.0,1830.0,,78.3,63.97456998,53.06633988,False,False
GIB,Gibraltar,2014,,,,99.9,,100.0,False,False
GRC,Greece,2014,63.20734048,21670.0,,100.0,103.4685898,77.31304863,False,False
GRL,Greenland,2014,66.7,,,100.0,,85.67723846,False,False
GRD,Grenada,2014,51.6,7170.0,,91.0,106.9938516,35.90146243,False,False
GUM,Guam,2014,69.27,,,100.0,,94.07874768,False,False
GTM,Guatemala,2014,23.39999962,3460.0,,85.5,52.96680237,53.1458479,False,False
GIN,Guinea,2014,6.400000095,730.0,,33.5,38.55487823,34.81779208,False,False
GNB,Guinea-Bissau,2014,3.319999933,660.0,,17.2,,41.72719955,False,False
GUY,Guyana,2014,32.0,5640.0,,86.9,,26.4018152,False,False
HTI,Haiti,2014,11.39999962,1460.0,,39.6,,48.77239162,False,False
HND,Honduras,2014,23.0,1980.0,,88.7,49.47668218,53.87680891,False,False
HKG,"Hong Kong SAR, China",2014,79.86627043,40240.0,,100.0,105.5552171,100.0,False,False
HUN,Hungary,2014,75.65319745,13630.0,,100.0,106.0269699,70.30710535,False,False
ISL,Iceland,2014,98.15802331,50800.0,,100.0,120.6325684,93.61967163,False,False
IND,India,2014,13.5,1540.0,,85.1,74.88870239,32.22882334,False,False
IDN,Indonesia,2014,17.14315984,3570.0,,97.0,83.55599493,52.50021362,True,True
IRN,Iran (Islamic Republic of),2014,39.35361451,6660.0,,100.0,82.58693695,72.83240704,False,False
IRQ,Iraq,2014,11.64532673,6440.0,,99.2,,69.66666412,False,False
IRL,Ireland,2014,83.49172234,47580.0,,100.0,116.7390976,62.53540173,False,False
IMN,Isle of Man,2014,,88570.0,,100.0,,52.09979134,False,False
ISR,Israel,2014,75.01775316,37000.0,,100.0,98.52570343,91.71519809,False,False
ITA,Italy,2014,55.63846022,35370.0,,100.0,101.121727,69.58076386,False,False
JAM,Jamaica,2014,40.4027351,5060.0,,93.3,86.3705618,54.86603957,False,False
JPN,Japan,2014,89.10683302,45180.0,,100.0,101.0364227,91.25489451,False,False
JOR,Jordan,2014,46.2,4380.0,,99.8,88.87030341,88.03717543,False,False
KAZ,Kazakhstan,2014,66.0,11720.0,,100.0,98.52238889,55.55243618,False,False
KEN,Kenya,2014,16.5,1250.0,,36.0,,31.79315453,False,False
KIR,Kiribati,2014,12.25,3260.0,,83.4,,50.39093089,False,False
KOR,Korea (Rep. of),2014,87.55682649,29480.0,,100.0,98.58067322,81.73156828,False,False
PRK,"Korea, Dem. People's Rep.",2014,,,,37.8,,61.09409475,False,False
XKX,Kosovo,2014,,3900.0,,,,39.19389228,False,False
KWT,Kuwait,2014,78.69999695,51350.0,,100.0,93.06600189,100.0,False,False
KGZ,Kyrgyz Republic,2014,28.29999924,1230.0,,99.8,89.41640905,35.1455493,False,False
LAO,Lao P.D.R.,2014,14.26000023,1810.0,,82.5,58.02473831,32.66382352,False,True
LVA,Latvia,2014,75.82610414,14810.0,,100.0,113.7069321,67.86860354,False,False
LBN,Lebanon,2014,73.0,7440.0,,99.7,59.2622758,88.41825748,False,False
LSO,Lesotho,2014,22.0,1330.0,,27.8,58.25756294,32.64044091,False,False
LBR,Liberia,2014,5.409999847,620.0,,9.4,36.76956177,50.21981532,False,False
LBY,Libya,2014,17.76000023,9130.0,,75.5,,88.01420593,False,False
LIE,Liechtenstein,2014,95.20999908,,,100.0,115.5578308,14.43369851,False,False
LTU,Lithuania,2014,72.13353786,16020.0,,100.0,107.7464294,67.15149376,False,False
LUX,Luxembourg,2014,94.67020528,86760.0,,100.0,104.5969772,90.45778077,False,False
MAC,"Macao SAR, China",2014,69.78094922,68530.0,,100.0,101.7587302,100.0,False,False
MDG,Madagascar,2014,3.700000048,500.0,,23.0,35.81487023,28.91858943,False,False
MWI,Malawi,2014,5.829999924,530.0,,11.9,39.54356595,15.76615419,False,False
MYS,Malaysia,2014,63.66542588,10840.0,,99.7,83.28363037,72.98022069,False,True
MDV,Maldives,2014,49.27999878,7720.0,,100.0,72.91108941,38.19388599,False,False
MLI,Mali,2014,7.0,910.0,,34.2,41.23491147,25.26567287,False,False
MLT,Malta,2014,73.11411578,24590.0,,100.0,95.61917114,94.41251277,False,False
MHL,Marshall Islands,2014,16.79999924,4560.0,,91.5,,75.07905554,False,False
MRT,Mauritania,2014,11.80000019,1790.0,,38.8,30.69882329,50.46947912,False,False
MUS,Mauritius,2014,44.80327537,10720.0,,99.5,97.07535326,39.7887572,False,False
MEX,Mexico,2014,44.38569627,10950.0,,99.2,97.31968689,76.97413671,False,False
FSM,Micronesia,2014,29.64999962,3090.0,,71.2,,22.30461931,False,False
MDA,Moldova,2014,66.9999982,3730.0,,99.8,104.382597,39.62984848,False,False
MCO,Monaco,2014,92.40000153,,,100.0,,100.0,False,False
MNG,Mongolia,2014,19.94244743,4180.0,,86.0,,67.99413572,False,False
MNE,Montenegro,2014,63.88688401,7280.0,,97.7,,64.72321438,False,False
MAR,Morocco,2014,56.77463792,3330.0,,97.3,,60.30304862,False,False
MOZ,Mozambique,2014,6.0,710.0,,24.8,33.95458984,31.89722458,False,False
MMR,Myanmar,2014,7.400000095,1260.0,,52.0,57.11785126,29.61643421,False,True
NAM,Namibia,2014,14.84000015,5690.0,,48.4,76.75956466,44.82142482,False,False
NRU,Naoero,2014,,12530.0,,99.5,83.91837311,100.0,False,False
NPL,Nepal,2014,15.43999958,860.0,,84.9,67.53182983,64.56408471,False,False
NLD,Netherlands,2014,91.66666667,52220.0,,100.0,,89.83647871,False,False
NCL,New Caledonia,2014,70.0,,,100.0,,66.78463871,False,False
NZL,New Zealand,2014,84.0,41700.0,,100.0,116.0843124,85.50766595,False,False
NIC,Nicaragua,2014,17.60000038,1850.0,,81.9,,57.62226537,False,False
NER,Niger,2014,1.248675689,590.0,,15.7,17.84595055,16.24504246,False,False
NGA,Nigeria,2014,21.0,2870.0,,54.2,42.78215027,54.92324353,False,False
MKD,North Macedonia,2014,68.05848154,5630.0,,99.8,83.69497681,58.80336706,False,False
MNP,Northern Mariana Islands,2014,,,,100.0,,91.25123444,False,False
NOR,Norway,2014,96.30050982,105010.0,,100.0,113.4482269,80.61171595,False,False
OMN,Oman,2014,70.22000122,22060.0,,100.0,,76.88925767,False,False
PAK,Pakistan,2014,10.0,1250.0,,90.1,32.65734273,35.65955498,False,False
PLW,Palau,2014,,12730.0,,99.8,108.3783784,80.73386404,False,False
PAN,Panama,2014,44.92381526,11520.0,,90.8,76.04062653,65.45311648,False,False
PNG,Papua New Guinea,2014,6.5,2790.0,,18.1,,13.1316404,False,False
PRY,Paraguay,2014,43.00737501,6280.0,,99.0,,60.71019659,False,False
PER,Peru,2014,40.24465601,6520.0,,92.9,99.87338257,79.99454657,False,False
PHL,Philippines,2014,34.70000076,3220.0,,89.8,81.56403143,50.23924002,False,True
POL,Poland,2014,66.59873606,13540.0,,100.0,110.0310211,60.43400633,False,False
PRT,Portugal,2014,64.59242006,21210.0,,100.0,114.9012909,61.13945374,False,False
PRI,Puerto Rico,2014,76.13385972,19010.0,,100.0,91.33558655,93.78130718,False,False
QAT,Qatar,2014,91.48999786,91410.0,,100.0,97.88453113,98.90162784,False,False
ROU,Romania,2014,54.07832066,9760.0,,98.4,93.53399658,53.82671876,False,False
RUS,Russian Federation,2014,70.51756826,14590.0,,100.0,95.60563227,74.17764767,False,False
RWA,Rwanda,2014,10.60000038,710.0,,19.8,41.82186549,17.50207165,False,False
KNA,Saint Kitts and Nevis,2014,65.38179779,18850.0,,100.0,113.1245117,31.22900153,False,False
LCA,Saint Lucia,2014,53.17969894,9040.0,,98.1,90.74855042,19.39154459,False,False
VCT,Saint Vincent and the Grenadines,2014,47.4,6860.0,,98.1,111.3719635,46.55799305,False,False
WSM,Samoa,2014,21.20000076,3830.0,,97.9,87.4514118,19.31266795,False,False
SMR,San Marino,2014,,,,100.0,,97.09999847,False,False
STP,Sao Tome and Principe,2014,24.40999985,1440.0,,68.6,74.28154755,67.26067352,False,False
SAU,Saudi Arabia,2014,64.71365737,29080.0,,100.0,98.84960915,82.78225713,False,False
SEN,Senegal,2014,17.70000076,1370.0,,61.0,50.54693138,45.60209053,False,False
SRB,Serbia,2014,62.07508046,6450.0,,99.7,94.34441376,59.87793732,False,False
SYC,Seychelles,2014,51.25469971,13340.0,,100.0,89.3980344,42.93862562,False,False
SLE,Sierra Leone,2014,6.057300091,970.0,,18.8,,40.32724069,False,False
SGP,Singapore,2014,79.02923586,56380.0,,100.0,,100.0,False,True
SXM,Sint Maarten (Dutch part),2014,,29620.0,,100.0,111.3711002,100.0,False,False
SVK,Slovak Republic,2014,79.98430177,18380.0,,100.0,92.75710297,54.00291255,False,False
SVN,Slovenia,2014,71.58625159,23400.0,,100.0,110.1827469,50.98347092,False,False
SLB,Solomon Islands,2014,9.0,2090.0,,50.5,,22.86127783,False,False
SOM,Somalia,2014,1.629999995,410.0,,51.4,,42.35151672,False,False
ZAF,South Africa,2014,49.0,7230.0,,85.9,101.1632004,63.13523271,False,False
SSD,South Sudan,2014,2.599999905,1170.0,,4.3,,18.54591837,False,False
ESP,Spain,2014,76.18670898,29350.0,,100.0,125.5377579,79.11967138,False,False
LKA,Sri Lanka,2014,10.50000262,3810.0,,92.7,93.4926278,18.61538772,False,False
MAF,St. Martin (French part),2014,,,,100.0,,100.0,False,False
PSE,State of Palestine,2014,53.66519979,3560.0,,99.9,87.61804282,85.04333352,False,False
SDN,Sudan,2014,,1130.0,,44.9,42.04698944,33.76245824,False,False
SUR,Suriname,2014,40.08000183,8900.0,,94.6,67.30438995,66.22492662,False,False
SWE,Sweden,2014,92.5236065,61350.0,,100.0,133.6602478,86.25638387,False,False
CHE,Switzerland,2014,83.61725126,90030.0,,100.0,,74.74026791,False,False
SYR,Syrian Arab Republic,2014,28.09000015,1070.0,,90.2,,76.0,False,False
TJK,Tajikistan,2014,17.48999977,1320.0,,99.1,,26.56337357,False,False
TZA,Tanzania,2014,7.0,970.0,,23.5,29.63108063,30.64430772,False,False
THA,Thailand,2014,34.88605358,5620.0,,99.5,123.5254593,46.31387995,False,True
TLS,Timor-Leste,2014,17.5,2700.0,,62.4,69.37394642,29.5463092,False,True
TGO,Togo,2014,5.699999809,910.0,,45.7,,39.28395065,False,False
TON,Tonga,2014,35.95439911,4360.0,,95.9,96.77147488,23.34310409,False,False
TTO,Trinidad and Tobago,2014,62.40000153,20620.0,,100.0,,53.92596995,False,False
TUN,Tunisia,2014,46.15999985,4310.0,,99.8,84.96634674,67.75246434,False,False
TUR,Turkiye,2014,51.03736655,12670.0,,100.0,105.975502,83.60248507,False,False
TKM,Turkmenistan,2014,12.19999981,6480.0,,100.0,,46.99540854,False,False
TCA,Turks & Caicos Is.,2014,,25350.0,,100.0,72.68632269,91.59712005,False,False
TUV,Tuvalu,2014,24.10000038,4790.0,,97.9,79.64190674,58.29995966,False,False
UGA,Uganda,2014,5.400000095,830.0,,20.4,,24.19385034,False,False
UKR,Ukraine,2014,46.23597546,3500.0,,100.0,98.29632493,69.05543393,False,False
ARE,United Arab Emirates,2014,90.40001071,53360.0,,100.0,,84.14388068,False,False
GBR,United Kingdom,2014,91.61330092,44780.0,,100.0,128.8224945,81.63557508,False,False
USA,United States,2014,73.0,55520.0,,100.0,96.92453766,80.62422318,False,False
URY,Uruguay,2014,61.46249517,17140.0,,99.7,106.469368,94.98978212,False,False
UZB,Uzbekistan,2014,35.5,3000.0,,99.8,91.74183719,50.88687134,False,False
VUT,Vanuatu,2014,18.79999924,3330.0,,49.1,,24.85496377,False,False
VEN,Venezuela,2014,57.0,8380.0,,100.0,90.80812073,88.91639135,False,False
VNM,Viet Nam,2014,41.0,2390.0,,99.2,,31.94802699,False,True
VIR,Virgin Islands (U.S.),2014,50.07,,,100.0,,94.87970707,False,False
YEM,Yemen,2014,22.54999924,1250.0,,66.1,,31.86261622,False,False
ZMB,Zambia,2014,6.5,1740.0,,27.9,,41.56347417,False,False
ZWE,Zimbabwe,2014,16.36473996,1270.0,,32.3,,33.1628076,False,False
AFG,Afghanistan,2015,8.260000229,590.0,,71.5,53.15010834,24.46491184,False,False
ALB,Albania,2015,56.90000153,4660.0,,100.0,102.4407293,55.15792914,False,False
DZA,Algeria,2015,38.20000076,5390.0,,99.4,,70.14330709,False,False
ASM,American Samoa,2015,,,,,,84.66867065,False,False
AND,Andorra,2015,87.90000153,,,100.0,91.29621887,88.51808501,False,False
AGO,Angola,2015,22.0,4450.0,,42.0,,63.51567833,False,False
ATG,Antigua and Barbuda,2015,70.0,14550.0,,100.0,117.5577011,25.0,False,False
ARG,Argentina,2015,68.04306411,12500.0,,99.7,107.5048676,91.49230191,False,False
ARM,Armenia,2015,59.10083377,3910.0,,100.0,86.44213867,64.49296234,False,False
ABW,Aruba,2015,88.66122693,25430.0,,100.0,,63.2288374,False,False
AUS,Australia,2015,84.56051491,60780.0,,100.0,159.1107635,86.87786425,False,False
AUT,Austria,2015,83.94014193,47190.0,,100.0,101.4115829,67.55761755,False,False
AZE,Azerbaijan,2015,77.0,6610.0,,100.0,84.80985864,55.15704863,False,False
BHS,Bahamas,2015,78.0,27620.0,,100.0,76.04403388,82.25685714,False,False
BHR,Bahrain,2015,93.4783008,23640.0,,100.0,100.3039148,100.0,False,False
BGD,Bangladesh,2015,12.36880016,1200.0,,74.0,59.42174149,29.53950995,False,False
BRB,Barbados,2015,72.04940033,19280.0,,100.0,108.1960297,59.24507009,False,False
BLR,Belarus,2015,62.23036091,6740.0,,97.4,102.895731,76.62638855,False,False
BEL,Belgium,2015,85.05294175,45520.0,,100.0,164.0798187,86.22128935,False,False
BLZ,Belize,2015,41.59000015,5790.0,,91.8,81.29361995,43.93118459,False,False
BEN,Benin,2015,11.25500011,1100.0,,29.6,55.13330841,45.94074033,False,False
BMU,Bermuda,2015,98.32360965,103940.0,,100.0,86.80705261,100.0,False,False
BTN,Bhutan,2015,39.79999924,2740.0,,95.4,85.23130798,36.69833757,False,False
BOL,Bolivia,2015,37.48681763,2920.0,,91.5,90.6139032,68.39580513,False,False
BIH,Bosnia and Herzegovina,2015,52.59999847,5140.0,,99.7,85.71617889,47.57116451,False,False
BWA,Botswana,2015,38.89379883,6140.0,,62.1,,65.41035843,False,False
BRA,Brazil,2015,58.32795173,10330.0,,99.7,101.0862274,85.69356971,False,False
VGB,British Virgin Islands,2015,,,,100.0,99.21683798,49.48639554,False,False
BRN,Brunei Darussalam,2015,71.19999695,38180.0,,100.0,92.81616974,74.94846206,False,True
BGR,Bulgaria,2015,56.65625161,7530.0,,96.6,103.8893433,73.10305786,False,False
BFA,Burkina Faso,2015,6.545700073,680.0,,16.2,32.89313436,25.62143265,False,False
BDI,Burundi,2015,2.0,240.0,,7.9,43.93519298,14.66950855,False,False
CPV,Cabo Verde,2015,42.68301416,3620.0,,86.4,96.60122863,66.90450948,False,False
KHM,Cambodia,2015,6.43319107,1430.0,,62.7,,30.06692225,False,True
CMR,Cameroon,2015,18.29999924,1530.0,,58.6,60.49608836,52.64408631,False,False
CAN,Canada,2015,90.0,47580.0,,100.0,111.7372818,81.24656703,False,False
CYM,Cayman Islands,2015,77.0,44430.0,,100.0,,100.0,False,False
CAF,Central African Rep.,2015,2.900000095,390.0,,12.7,,39.98244213,False,False
TCD,Chad,2015,3.5,1130.0,,7.7,22.24542488,22.80112588,False,False
CHI,Channel Islands,2015,,,,100.0,,32.69077843,False,False
CHL,Chile,2015,76.62959195,14080.0,,99.7,100.9216766,87.46533203,False,False
CHN,China,2015,50.29999924,8040.0,,100.0,,57.32978439,False,False
COL,Colombia,2015,55.90497251,7420.0,,98.2,97.67411804,77.16362805,False,False
COM,Comoros,2015,7.459199905,1480.0,,74.1,,30.37320086,False,False
COG,Congo (Rep. of the),2015,7.616000175,3080.0,,44.3,,63.13559276,False,False
COD,"Congo, Dem. Rep.",2015,3.799999952,460.0,,16.6,42.18046188,41.34357644,False,False
CRI,Costa Rica,2015,59.76295014,10770.0,,99.4,115.720871,75.01981958,False,False
CIV,Cote d'Ivoire,2015,38.44000017,1880.0,,62.6,43.98656473,49.46948947,False,False
HRV,Croatia,2015,69.84503592,13570.0,,100.0,102.9813309,55.58125945,False,False
CUB,Cuba,2015,37.30509742,7270.0,,99.0,96.09290991,76.87028503,False,False
CUW,Curacao,2015,,18780.0,,100.0,,91.32204716,False,False
CYP,Cyprus,2015,71.71574092,25650.0,,100.0,98.95780945,67.04024779,False,False
CZE,Czech Republic,2015,75.6688387,18340.0,,100.0,104.8105164,73.03704429,False,False
DNK,Denmark,2015,96.33050162,60350.0,,100.0,133.7954712,87.72540566,False,False
DJI,Djibouti,2015,22.89999962,2280.0,,59.1,,71.00688539,False,False
DMA,Dominica,2015,65.0,7510.0,,96.7,95.94548035,69.86791535,False,False
DOM,Dominican Rep.,2015,54.21576634,6470.0,,98.6,79.93788964,74.1372306,False,False
ECU,Ecuador,2015,48.94043379,5970.0,,98.8,100.7917862,62.95918868,False,False
EGY,Egypt,2015,37.81938343,3100.0,,99.3,,42.60563141,False,False
SLV,El Salvador,2015,26.80260496,3520.0,,95.4,70.72582538,69.69821167,False,False
GNQ,Equatorial Guinea,2015,21.31999969,9920.0,,66.1,,68.95127062,False,False
ERI,Eritrea,2015,1.083699942,,,45.8,46.17150116,35.59100723,False,False
EST,Estonia,2015,88.4097035,18900.0,,100.0,108.188797,68.47966097,False,False
SWZ,Eswatini,2015,25.64299965,3540.0,,64.1,76.28727722,23.26602618,False,False
ETH,Ethiopia,2015,13.85517556,570.0,,29.0,33.9114222,19.4515667,False,False
FRO,Faroe Islands,2015,94.2,57670.0,,100.0,,38.14315033,False,False
FJI,Fiji,2015,42.5,4820.0,,93.2,87.83676982,54.62341881,False,False
FIN,Finland,2015,86.42213333,46860.0,,100.0,150.8192139,71.305493,False,False
FRA,France,2015,78.00603771,41130.0,,100.0,103.3960419,77.76109192,False,False
PYF,French Polynesia,2015,64.56020975,23060.0,,100.0,,61.73747422,False,False
GAB,Gabon,2015,45.78450012,7610.0,,87.3,,88.08530838,False,False
GMB,Gambia,2015,17.59950066,590.0,,54.7,,59.24584994,False,False
GEO,Georgia,2015,47.56975964,4500.0,,100.0,106.7641555,57.38038005,False,False
DEU,Germany,2015,87.58979935,46590.0,,100.0,102.1924133,80.69743716,False,False
GHA,Ghana,2015,23.0,1880.0,,74.0,67.04865665,53.62264152,False,False
GIB,Gibraltar,2015,,,,100.0,,100.0,False,False
GRC,Greece,2015,66.83495949,19920.0,,100.0,103.3777008,77.51944263,False,False
GRL,Greenland,2015,67.60044348,,,100.0,,86.04625702,False,False
GRD,Grenada,2015,52.5,7410.0,,91.4,105.4026619,35.93194911,False,False
GUM,Guam,2015,73.13999995,,,100.0,,94.07914511,False,False
GTM,Guatemala,2015,28.80590057,3610.0,,90.5,54.88641882,53.44110503,False,False
GIN,Guinea,2015,9.199999809,740.0,,34.9,,35.03731918,False,False
GNB,Guinea-Bissau,2015,6.099999905,670.0,,20.1,,42.15681458,False,False
GUY,Guyana,2015,34.0,5530.0,,88.0,,26.40439183,False,False
HTI,Haiti,2015,14.19999981,1430.0,,40.8,,49.43347078,False,False
HND,Honduras,2015,27.13954548,2030.0,,90.0,50.35110851,54.38284738,False,False
HKG,"Hong Kong SAR, China",2015,84.94835296,41180.0,,100.0,107.3877829,100.0,False,False
HUN,Hungary,2015,72.83473703,13310.0,,100.0,104.6330185,70.48477173,False,False
ISL,Iceland,2015,98.19999695,53170.0,,100.0,119.8073578,93.72791977,False,False
IND,India,2015,14.89999962,1580.0,,88.0,74.61136627,32.547299,False,False
IDN,Indonesia,2015,22.0627426,3390.0,,97.5,87.84232079,53.17207718,True,True
IRN,Iran (Islamic Republic of),2015,45.33497615,5460.0,,100.0,82.73052216,73.35614036,False,False
IRQ,Iraq,2015,15.21440029,5460.0,,99.4,,69.9205246,False,False
IRL,Ireland,2015,83.49479167,52340.0,,100.0,116.9898682,62.63921235,False,False
IMN,Isle of Man,2015,,83630.0,,100.0,,52.11648405,False,False
ISR,Israel,2015,77.35208966,36900.0,,100.0,98.46497345,91.70429216,False,False
ITA,Italy,2015,58.14173496,33460.0,,100.0,101.2280884,69.61000061,False,False
JAM,Jamaica,2015,42.22122119,4940.0,,94.9,85.3548254,55.1995248,False,False
JPN,Japan,2015,91.05802839,40140.0,,100.0,101.7245178,91.35326441,False,False
JOR,Jordan,2015,54.22000122,4220.0,,99.9,,89.88813919,False,False
KAZ,Kazakhstan,2015,70.8299336,11040.0,,100.0,98.21206016,56.11060489,False,False
KEN,Kenya,2015,16.58785485,1320.0,,41.6,72.57508607,31.7338026,False,False
KIR,Kiribati,2015,14.89999962,3490.0,,90.6,,50.95419704,False,False
KOR,Korea (Rep. of),2015,89.8962558,30130.0,,100.0,98.59319305,81.63948986,False,False
PRK,"Korea, Dem. People's Rep.",2015,,,,40.0,94.25154114,61.32475712,False,False
XKX,Kosovo,2015,,3930.0,,,,39.91768115,False,False
KWT,Kuwait,2015,82.0,41830.0,,100.0,95.3934021,100.0,False,False
KGZ,Kyrgyz Republic,2015,30.24699974,1160.0,,98.7,88.95917241,35.10089377,False,False
LAO,Lao P.D.R.,2015,18.20000076,1960.0,,89.7,62.29679366,33.12402044,False,True
LVA,Latvia,2015,79.20058292,14580.0,,100.0,112.3566513,67.89653957,False,False
LBN,Lebanon,2015,74.0,7360.0,,99.7,58.10750649,88.6246882,False,False
LSO,Lesotho,2015,25.0,1280.0,,31.8,59.39850963,34.09038758,False,False
LBR,Liberia,2015,10.0,620.0,,15.2,36.37284851,50.7434383,False,False
LBY,Libya,2015,25.0,8370.0,,73.8,,87.81591034,False,False
LIE,Liechtenstein,2015,96.6411972,,,100.0,116.1234436,14.45355878,False,False
LTU,Lithuania,2015,71.37805901,15220.0,,100.0,106.9559021,67.2282486,False,False
LUX,Luxembourg,2015,96.37671417,73530.0,,100.0,104.3791885,90.98936794,False,False
MAC,"Macao SAR, China",2015,77.60013186,57990.0,,100.0,100.966443,100.0,False,False
MDG,Madagascar,2015,4.173999786,470.0,,23.8,36.1207695,29.17310792,False,False
MWI,Malawi,2015,6.0,510.0,,10.8,39.72914618,15.83385049,False,False
MYS,Malaysia,2015,71.06406781,10350.0,,99.9,81.51158142,73.438787,False,True
MDV,Maldives,2015,54.4620018,8210.0,,99.8,73.44138021,38.57715107,False,False
MLI,Mali,2015,10.32999992,890.0,,37.6,38.98922386,25.84701549,False,False
MLT,Malta,2015,75.96001898,25470.0,,100.0,93.43237305,94.43876963,False,False
MHL,Marshall Islands,2015,19.28240013,4980.0,,92.1,83.16559927,75.47025682,False,False
MRT,Mauritania,2015,17.60000038,1680.0,,39.5,31.19630754,51.668035,False,False
MUS,Mauritius,2015,50.13931848,10660.0,,99.6,93.96819847,39.67096106,False,False
MEX,Mexico,2015,57.43104299,10580.0,,99.0,100.9822693,77.19038542,False,False
FSM,Micronesia,2015,31.50110054,3460.0,,73.0,,22.31223361,False,False
MDA,Moldova,2015,69.00000447,3290.0,,99.9,105.0697056,39.69540405,False,False
MCO,Monaco,2015,93.36329651,,,100.0,,100.0,False,False
MNG,Mongolia,2015,22.50000413,3770.0,,88.0,,67.99999999,False,False
MNE,Montenegro,2015,68.11978601,7150.0,,99.5,91.86341095,64.81816529,False,False
MAR,Morocco,2015,57.07999935,3300.0,,97.3,,60.64171247,False,False
MOZ,Mozambique,2015,6.5,670.0,,24.0,34.52856064,32.13728363,False,False
MMR,Myanmar,2015,10.89999962,1230.0,,60.5,,29.71668212,False,True
NAM,Namibia,2015,25.68790054,5180.0,,51.6,78.26080123,45.51035544,False,False
NRU,Naoero,2015,,12220.0,,99.0,,100.0,False,False
NPL,Nepal,2015,17.58160019,870.0,,82.0,68.61312103,64.95100942,False,False
NLD,Netherlands,2015,91.72413793,49670.0,,100.0,114.1379166,90.27877372,False,False
NCL,New Caledonia,2015,74.00175279,,,100.0,,66.82780455,False,False
NZL,New Zealand,2015,85.19999695,40660.0,,100.0,114.8899918,85.15187638,False,False
NIC,Nicaragua,2015,19.70429993,1910.0,,83.2,,57.81498819,False,False
NER,Niger,2015,2.476200104,560.0,,16.6,19.69220125,16.30356066,False,False
NGA,Nigeria,2015,22.51420021,2760.0,,52.5,43.82469177,55.73256821,False,False
MKD,North Macedonia,2015,70.38020308,5550.0,,99.9,84.98362732,59.07003838,False,False
MNP,Northern Mariana Islands,2015,,,,100.0,,91.32540685,False,False
NOR,Norway,2015,96.81032569,93290.0,,100.0,115.2101212,81.2378241,False,False
OMN,Oman,2015,73.52999878,20560.0,,100.0,101.9326992,77.3025363,False,False
PAK,Pakistan,2015,11.0,1280.0,,91.0,34.67414665,35.90173257,False,False
PLW,Palau,2015,,14180.0,,99.5,,80.38824627,False,False
PAN,Panama,2015,51.20542499,12570.0,,91.6,76.59468079,65.52872329,False,False
PNG,Papua New Guinea,2015,7.900000095,2520.0,,18.4,,13.23413598,False,False
PRY,Paraguay,2015,49.71630466,6100.0,,99.3,,61.33027685,False,False
PER,Peru,2015,40.85260091,6340.0,,93.9,100.2515717,80.69827766,False,False
PHL,Philippines,2015,36.90000153,3280.0,,89.1,82.00852548,51.15490477,False,True
POL,Poland,2015,67.99698716,13320.0,,100.0,109.4147873,60.33628868,False,False
PRT,Portugal,2015,68.63286148,20450.0,,100.0,116.8045883,61.13746921,False,False
PRI,Puerto Rico,2015,63.46633538,19080.0,,100.0,99.05863953,93.79871614,False,False
QAT,Qatar,2015,92.88482645,80090.0,,100.0,101.9468307,98.93824077,False,False
ROU,Romania,2015,55.76315563,9610.0,,98.8,91.33770752,53.70718395,False,False
RUS,Russian Federation,2015,70.09924123,11740.0,,95.5,96.3292563,74.27591907,False,False
RWA,Rwanda,2015,12.45600033,720.0,,22.8,39.40990429,18.19531499,False,False
KNA,Saint Kitts and Nevis,2015,66.17310333,18670.0,,100.0,115.4854202,31.25139297,False,False
LCA,Saint Lucia,2015,57.26330185,9020.0,,99.0,90.94976044,20.02042882,False,False
VCT,Saint Vincent and the Grenadines,2015,49.40000153,7110.0,,99.4,114.0228424,46.68456387,False,False
WSM,Samoa,2015,,3970.0,,98.2,87.56021073,19.23401054,False,False
SMR,San Marino,2015,,,,100.0,,97.09999847,False,False
STP,Sao Tome and Principe,2015,25.81999969,1400.0,,67.3,82.40091705,67.39157104,False,False
SAU,Saudi Arabia,2015,69.6162358,26580.0,,100.0,102.9792006,82.95627734,False,False
SEN,Senegal,2015,21.70000076,1320.0,,60.5,50.53805161,46.27476696,False,False
SRB,Serbia,2015,65.3170254,6210.0,,99.9,96.66960907,60.1388092,False,False
SYC,Seychelles,2015,54.25960159,14750.0,,100.0,92.09116951,43.09480357,False,False
SLE,Sierra Leone,2015,6.344399929,950.0,,19.7,39.8463707,40.76695652,False,False
SGP,Singapore,2015,79.012957,53160.0,,100.0,,100.0,False,True
SXM,Sint Maarten (Dutch part),2015,,31890.0,,100.0,,100.0,False,False
SVK,Slovak Republic,2015,77.63468203,17800.0,,100.0,91.89572906,53.8700628,False,False
SVN,Slovenia,2015,73.09865997,22080.0,,100.0,109.65522,53.66121603,False,False
SLB,Solomon Islands,2015,10.00049973,2010.0,,55.1,,23.66305021,False,False
SOM,Somalia,2015,1.75999999,440.0,,51.2,,43.86181074,False,False
ZAF,South Africa,2015,51.91910172,6450.0,,85.3,104.622813,63.20963499,False,False
SSD,South Sudan,2015,3.0,1050.0,,4.8,11.53481007,18.80926196,False,False
ESP,Spain,2015,78.68963187,28700.0,,100.0,125.1707993,79.24548927,False,False
LKA,Sri Lanka,2015,15.26249981,3920.0,,94.3,94.4516929,18.79625661,False,False
MAF,St. Martin (French part),2015,,,,100.0,,100.0,False,False
PSE,State of Palestine,2015,56.70000076,3670.0,,99.9,88.39092191,85.21821745,False,False
SDN,Sudan,2015,12.0,1180.0,,48.0,42.52307129,34.09143946,False,False
SUR,Suriname,2015,42.76380157,8550.0,,95.0,70.15602875,66.18288151,False,False
SWE,Sweden,2015,90.61019664,57900.0,,100.0,137.4629669,86.61586541,False,False
CHE,Switzerland,2015,87.4790556,88150.0,,100.0,103.9133911,75.60449601,False,False
SYR,Syrian Arab Republic,2015,29.97979927,900.0,,90.0,,75.75290672,False,False
TJK,Tajikistan,2015,18.97999954,1230.0,,98.0,,26.47883224,False,False
TZA,Tanzania,2015,10.0,970.0,,26.2,26.09066963,31.20615666,False,False
THA,Thailand,2015,39.31612674,5560.0,,99.6,124.3305969,46.95210438,False,True
TLS,Timor-Leste,2015,18.60000038,2180.0,,67.3,72.98403256,29.5043315,False,True
TGO,Togo,2015,7.119999886,910.0,,44.7,,39.71625513,False,False
TON,Tonga,2015,38.65129852,4220.0,,100.0,103.2612248,23.24344228,False,False
TTO,Trinidad and Tobago,2015,65.09999847,20650.0,,100.0,,53.92666524,False,False
TUN,Tunisia,2015,46.49999434,4130.0,,99.9,85.78160095,67.88079071,False,False
TUR,Turkiye,2015,53.74497914,12080.0,,100.0,107.243187,87.2167108,False,False
TKM,Turkmenistan,2015,14.99680042,6300.0,,100.0,,47.0100189,False,False
TCA,Turks & Caicos Is.,2015,,26940.0,,100.0,81.02040816,91.87379372,False,False
TUV,Tuvalu,2015,27.29999924,5650.0,,98.1,87.62745667,58.91485027,False,False
UGA,Uganda,2015,5.699999809,850.0,,18.5,,24.97778566,False,False
UKR,Ukraine,2015,48.88464368,2760.0,,100.0,90.50289611,69.15873172,False,False
ARE,United Arab Emirates,2015,90.5,49990.0,,100.0,,84.32843835,False,False
GBR,United Kingdom,2015,92.00029987,44630.0,,100.0,126.1108704,81.82437723,False,False
USA,United States,2015,74.55420245,56320.0,,100.0,97.65254974,80.57079895,False,False
URY,Uruguay,2015,64.5707871,17070.0,,99.7,108.0432968,95.08000023,False,False
UZB,Uzbekistan,2015,42.79999924,3170.0,,99.9,92.24281249,50.65973282,False,False
VUT,Vanuatu,2015,22.35140038,3400.0,,52.3,57.25101852,24.86269458,False,False
VEN,Venezuela,2015,58.0,5280.0,,100.0,88.83022308,88.95398041,False,False
VNM,Viet Nam,2015,45.0,2460.0,,99.3,89.45483413,32.38109454,False,True
VIR,Virgin Islands (U.S.),2015,54.8391373,,,100.0,,94.94133191,False,False
YEM,Yemen,2015,24.08539963,1030.0,,67.4,,32.38831787,False,False
ZMB,Zambia,2015,8.8,1530.0,,31.1,,41.95551047,False,False
ZWE,Zimbabwe,2015,22.74279976,1330.0,,33.7,,33.56126418,False,False
AFG,Afghanistan,2016,11.0,560.0,,97.7,53.43503952,24.65883457,False,False
ALB,Albania,2016,59.59999847,4670.0,,99.9,99.17075505,55.57387345,False,False
DZA,Algeria,2016,42.94549942,4920.0,,99.4,,70.73537783,False,False
ASM,American Samoa,2016,,,,,,84.28628244,False,False
AND,Andorra,2016,89.69999695,,,100.0,94.65241241,88.50274546,False,False
AGO,Angola,2016,23.20000076,2960.0,,41.8,54.41679873,64.29923025,False,False
ATG,Antigua and Barbuda,2016,70.27159882,15080.0,,100.0,,24.92398075,False,False
ARG,Argentina,2016,70.96898082,12130.0,,99.9,109.5983276,91.58568172,False,False
ARM,Armenia,2016,64.34602977,3690.0,,99.8,,64.59287533,False,False
ABW,Aruba,2016,93.54245387,25560.0,,100.0,,63.00778806,False,False
AUS,Australia,2016,86.54000092,54330.0,,100.0,155.5943909,87.01662952,False,False
AUT,Austria,2016,84.32374257,45980.0,,100.0,100.2279892,67.72180619,False,False
AZE,Azerbaijan,2016,78.2,4790.0,,100.0,86.58569358,55.75747972,False,False
BHS,Bahamas,2016,80.0,27820.0,,100.0,85.06863274,82.17843786,False,False
BHR,Bahrain,2016,97.9999807,22720.0,,100.0,100.5836493,100.0,False,False
BGD,Bangladesh,2016,16.89909935,1400.0,,75.9,64.16645461,29.87539155,False,False
BRB,Barbados,2016,71.57299805,19300.0,,100.0,108.3107376,59.25102553,False,False
BLR,Belarus,2016,71.11304576,5640.0,,98.0,102.9690059,76.84587097,False,False
BEL,Belgium,2016,86.51647666,43240.0,,100.0,160.68927,86.4507791,False,False
BLZ,Belize,2016,44.57569885,5640.0,,93.3,87.73137263,43.67655143,False,False
BEN,Benin,2016,14.5,1040.0,,37.0,55.29459,46.6094559,False,False
BMU,Bermuda,2016,98.0,105430.0,,100.0,,100.0,False,False
BTN,Bhutan,2016,46.50320053,2880.0,,99.3,85.67661285,37.27452346,False,False
BOL,Bolivia,2016,39.69749832,3000.0,,91.8,90.61528528,68.74463279,False,False
BIH,Bosnia and Herzegovina,2016,60.25653543,5070.0,,100.0,83.16995239,48.02488458,False,False
BWA,Botswana,2016,41.16859818,6060.0,,64.2,,65.69492969,False,False
BRA,Brazil,2016,60.87254007,9050.0,,99.7,102.6929016,85.94870484,False,False
VGB,British Virgin Islands,2016,77.70142968,,,100.0,98.64209505,50.18006186,False,False
BRN,Brunei Darussalam,2016,90.0,32570.0,,100.0,90.09861755,74.88160706,False,True
BGR,Bulgaria,2016,59.82554766,7490.0,,97.3,103.0039215,73.17500305,False,False
BFA,Burkina Faso,2016,7.140999794,650.0,,16.6,34.93362808,25.82151037,False,False
BDI,Burundi,2016,2.200000048,240.0,,8.5,47.47153428,15.61809056,False,False
CPV,Cabo Verde,2016,50.32281787,3580.0,,87.5,98.25284581,68.03540784,False,False
KHM,Cambodia,2016,32.39845171,1550.0,,68.8,,32.4767436,False,True
CMR,Cameroon,2016,20.60000038,1470.0,,59.8,61.40370451,52.98150338,False,False
CAN,Canada,2016,91.16000366,43900.0,,100.0,111.6073303,81.30230111,False,False
CYM,Cayman Islands,2016,79.0,47830.0,,100.0,,100.0,False,False
CAF,Central African Rep.,2016,3.099999905,400.0,,13.4,13.94655037,40.38087117,False,False
TCD,Chad,2016,5.800000191,940.0,,9.2,22.53049085,23.11197347,False,False
CHI,Channel Islands,2016,,,,100.0,,32.74262597,False,False
CHL,Chile,2016,83.55858602,13310.0,,100.0,101.4881363,87.63062906,False,False
CHN,China,2016,53.2,8360.0,,100.0,,58.83992386,False,False
COL,Colombia,2016,58.13649357,6560.0,,98.4,98.41562653,77.20362664,False,False
COM,Comoros,2016,7.938300133,1410.0,,76.4,,30.73050182,False,False
COG,Congo (Rep. of the),2016,8.121899605,2260.0,,45.3,,63.25153165,False,False
COD,"Congo, Dem. Rep.",2016,10.1,460.0,,17.3,,41.72904838,False,False
CRI,Costa Rica,2016,65.88044919,11170.0,,99.5,118.2037125,75.54230881,False,False
CIV,Cote d'Ivoire,2016,41.20781493,1880.0,,64.3,46.24250699,49.92999103,False,False
HRV,Croatia,2016,72.69726967,13090.0,,100.0,103.7194366,55.72943986,False,False
CUB,Cuba,2016,42.97867519,7530.0,,99.2,97.80056411,76.91158295,False,False
CUW,Curacao,2016,61.85551074,18260.0,,100.0,,91.33535446,False,False
CYP,Cyprus,2016,75.9002054,24400.0,,100.0,98.83094025,66.96256041,False,False
CZE,Czech Republic,2016,76.4811987,17660.0,,100.0,103.0150833,72.97457534,False,False
DNK,Denmark,2016,96.96778525,57830.0,,100.0,131.4412994,87.69999695,False,False
DJI,Djibouti,2016,30.79999924,2370.0,,59.8,,71.14922363,False,False
DMA,Dominica,2016,67.02999878,8000.0,,97.8,,70.25116057,False,False
DOM,Dominican Rep.,2016,63.87086474,6750.0,,98.9,80.09447287,74.05067807,False,False
ECU,Ecuador,2016,54.06292473,5750.0,,98.7,98.08037649,62.99133676,False,False
EGY,Egypt,2016,41.24806709,3200.0,,100.0,75.75240867,42.52107173,False,False
SLV,El Salvador,2016,28.99710083,3600.0,,96.0,68.29660956,70.39901733,False,False
GNQ,Equatorial Guinea,2016,23.78000069,6970.0,,66.2,,69.25326985,False,False
ERI,Eritrea,2016,1.177099943,,,46.9,,35.52542877,False,False
EST,Estonia,2016,87.24023275,18640.0,,100.0,111.596199,68.72403818,False,False
SWZ,Eswatini,2016,28.56999969,3270.0,,63.4,82.02393577,23.52788817,False,False
ETH,Ethiopia,2016,15.36692386,620.0,,42.9,,19.87636185,False,False
FRO,Faroe Islands,2016,95.10868167,57410.0,,100.0,,38.32002258,False,False
FJI,Fiji,2016,49.41999817,5010.0,,93.4,89.18202295,55.1734721,False,False
FIN,Finland,2016,87.70364996,45160.0,,100.0,152.4714355,71.61583834,False,False
FRA,France,2016,79.26981132,39020.0,,100.0,103.3080978,78.59991147,False,False
PYF,French Polynesia,2016,68.44041949,22170.0,,100.0,,61.77443814,False,False
GAB,Gabon,2016,48.0522995,7180.0,,88.1,,88.54458834,False,False
GMB,Gambia,2016,19.90640068,590.0,,56.4,,59.86524725,False,False
GEO,Georgia,2016,58.45928961,4180.0,,100.0,107.7799018,57.6984032,False,False
DEU,Germany,2016,84.16520664,45340.0,,100.0,100.8523102,80.83478707,False,False
GHA,Ghana,2016,28.0,1760.0,,79.3,67.26441013,54.16705276,False,False
GIB,Gibraltar,2016,94.44447158,,,100.0,132.3251418,100.0,False,False
GRC,Greece,2016,69.08791547,18500.0,,100.0,103.9520721,77.71229888,False,False
GRL,Greenland,2016,68.50087368,,,100.0,,86.22610474,False,False
GRD,Grenada,2016,53.29999924,8000.0,,91.8,105.2242256,35.97060142,False,False
GUM,Guam,2016,77.00999989,,,100.0,,94.07946726,False,False
GTM,Guatemala,2016,34.50930023,3760.0,,91.8,54.42525562,53.66092329,False,False
GIN,Guinea,2016,13.10000038,760.0,,33.5,,35.31002808,False,False
GNB,Guinea-Bissau,2016,13.80000019,670.0,,22.9,,42.58610916,False,False
GUY,Guyana,2016,35.65999985,5610.0,,89.0,,26.40808929,False,False
HTI,Haiti,2016,22.79999924,1380.0,,40.4,,50.08782115,False,False
HND,Honduras,2016,29.52821808,2090.0,,91.6,51.04664868,54.88684146,False,False
HKG,"Hong Kong SAR, China",2016,87.47941467,42970.0,,100.0,107.7507246,100.0,False,False
HUN,Hungary,2016,79.25941213,13230.0,,100.0,103.9664993,70.47338104,False,False
ISL,Iceland,2016,98.23999786,59210.0,,100.0,117.1227722,93.78226471,False,False
IND,India,2016,16.5,1670.0,,89.6,75.93728638,32.8650781,False,False
IDN,Indonesia,2016,25.4473537,3370.0,,97.6,87.81917917,53.81255722,True,True
IRN,Iran (Islamic Republic of),2016,53.22677167,5530.0,,100.0,83.32756805,73.87961001,False,False
IRQ,Iraq,2016,19.87719917,5060.0,,99.7,,69.91237783,False,False
IRL,Ireland,2016,83.5,52880.0,,100.0,117.028717,62.72293991,False,False
IMN,Isle of Man,2016,,78690.0,,100.0,,52.13315322,False,False
ISR,Israel,2016,79.65312418,37240.0,,100.0,99.27545166,91.68946236,False,False
ITA,Italy,2016,61.32425277,32400.0,,100.0,100.7429581,69.59692325,False,False
JAM,Jamaica,2016,44.36685637,4990.0,,96.6,87.93982486,55.54925928,False,False
JPN,Japan,2016,93.18272128,39220.0,,100.0,101.2969284,91.45412549,False,False
JOR,Jordan,2016,56.15000153,4200.0,,100.0,,90.56272795,False,False
KAZ,Kazakhstan,2016,74.58772647,8500.0,,100.0,97.04630033,56.7476265,False,False
KEN,Kenya,2016,16.6,1490.0,,53.1,74.46985949,31.65025201,False,False
KIR,Kiribati,2016,19.41939926,2990.0,,92.6,,51.7710553,False,False
KOR,Korea (Rep. of),2016,92.84302568,30850.0,,100.0,98.71795654,81.55592418,False,False
PRK,"Korea, Dem. People's Rep.",2016,,,,42.1,,61.56813514,False,False
XKX,Kosovo,2016,,3930.0,,,,40.77837483,False,False
KWT,Kuwait,2016,85.59999847,34920.0,,100.0,,100.0,False,False
KGZ,Kyrgyz Republic,2016,40.52619934,1090.0,,99.7,90.48649982,35.05157472,False,False
LAO,Lao P.D.R.,2016,21.87000084,2110.0,,89.0,64.7630027,33.82674555,False,True
LVA,Latvia,2016,79.84209778,14300.0,,100.0,111.2968063,67.93071109,False,False
LBN,Lebanon,2016,76.11000061,7670.0,,99.8,59.46409163,88.83589263,False,False
LSO,Lesotho,2016,32.45385695,1240.0,,35.1,56.83869934,35.50779507,False,False
LBR,Liberia,2016,15.69999981,610.0,,17.7,,51.26873102,False,False
LBY,Libya,2016,35.0,7670.0,,72.2,,87.81600567,False,False
LIE,Liechtenstein,2016,98.09390259,,,100.0,116.0283737,14.48029187,False,False
LTU,Lithuania,2016,74.37664556,14890.0,,100.0,106.3977814,67.18942261,False,False
LUX,Luxembourg,2016,98.13669867,73730.0,,100.0,106.0851974,91.53570901,False,False
MAC,"Macao SAR, China",2016,81.64298546,59680.0,,100.0,99.46366782,100.0,False,False
MDG,Madagascar,2016,4.713699818,450.0,,22.9,36.07651138,29.42394663,False,False
MWI,Malawi,2016,6.300000191,490.0,,11.0,38.18436813,15.89963294,False,False
MYS,Malaysia,2016,78.78830993,9800.0,,99.9,79.82839203,73.85889789,False,True
MDV,Maldives,2016,59.47750092,8720.0,,100.0,70.01408405,38.95608723,False,False
MLI,Mali,2016,14.0,870.0,,38.8,40.09999486,26.44685861,False,False
MLT,Malta,2016,78.0751488,23820.0,,100.0,92.22486115,94.48000336,False,False
MHL,Marshall Islands,2016,29.78779984,5060.0,,92.7,84.96832999,75.85242153,False,False
MRT,Mauritania,2016,19.23279953,1550.0,,41.2,32.18758704,52.91856273,False,False
MUS,Mauritius,2016,52.19129944,10650.0,,99.7,94.43625456,39.55788933,False,False
MEX,Mexico,2016,59.540446,9740.0,,99.5,102.8713684,77.44050874,False,False
FSM,Micronesia,2016,33.35219955,3400.0,,74.8,,22.32148961,False,False
MDA,Moldova,2016,70.99999911,3170.0,,99.9,106.0471549,39.73732376,False,False
MCO,Monaco,2016,95.20819855,,,100.0,153.5863037,100.0,False,False
MNG,Mongolia,2016,22.2657705,3460.0,,90.8,,67.97767548,False,False
MNE,Montenegro,2016,69.88164684,7020.0,,99.6,90.55751801,64.91016923,False,False
MAR,Morocco,2016,58.27123642,3150.0,,97.8,,60.96576565,False,False
MOZ,Mozambique,2016,7.0,550.0,,26.2,,32.38192344,False,False
MMR,Myanmar,2016,16.0,1230.0,,55.6,67.7588501,29.81291656,False,True
NAM,Namibia,2016,31.0333004,4580.0,,49.7,79.26060972,46.17517256,False,False
NRU,Naoero,2016,,11680.0,,99.7,78.66771698,100.0,False,False
NPL,Nepal,2016,20.70000076,860.0,,90.7,71.77449799,65.28951688,False,False
NLD,Netherlands,2016,90.4109589,46960.0,,100.0,112.994278,90.58032395,False,False
NCL,New Caledonia,2016,,,,100.0,,66.89020547,False,False
NZL,New Zealand,2016,86.5,39440.0,,100.0,113.687912,84.69136559,False,False
NIC,Nicaragua,2016,24.57180023,1980.0,,83.9,,58.00438808,False,False
NER,Niger,2016,4.322800159,520.0,,17.0,22.67003951,16.38982805,False,False
NGA,Nigeria,2016,24.13750076,2370.0,,59.3,39.30680847,56.54103879,False,False
MKD,North Macedonia,2016,72.15681447,5440.0,,100.0,,59.3823071,False,False
MNP,Northern Mariana Islands,2016,,,,100.0,,91.39900479,False,False
NOR,Norway,2016,97.29820367,81840.0,,100.0,116.6112671,81.68000031,False,False
OMN,Oman,2016,76.84539047,18550.0,,100.0,102.3049021,77.75213623,False,False
PAK,Pakistan,2016,12.38544676,1360.0,,91.8,35.86432467,36.15971849,False,False
PLW,Palau,2016,,14970.0,,100.0,,80.10893358,False,False
PAN,Panama,2016,54.0,13180.0,,92.4,82.60144806,65.59715553,False,False
PNG,Papua New Guinea,2016,9.601499557,2410.0,,13.5,,13.36536519,False,False
PRY,Paraguay,2016,53.40412748,5870.0,,98.4,81.86510465,62.08276132,False,False
PER,Peru,2016,45.46174069,6130.0,,94.2,102.1501236,81.41923622,False,False
PHL,Philippines,2016,39.20000076,3350.0,,92.0,82.78375743,51.91147482,False,True
POL,Poland,2016,73.3007041,12740.0,,100.0,109.1172485,60.24022842,False,False
PRT,Portugal,2016,70.42356709,19950.0,,100.0,115.4884186,61.13430112,False,False
PRI,Puerto Rico,2016,68.6438072,19290.0,,100.0,86.82189178,93.8232738,False,False
QAT,Qatar,2016,95.12466217,69170.0,,100.0,97.44147524,98.98552653,False,False
ROU,Romania,2016,59.50395129,9460.0,,99.1,88.7795105,53.5528172,False,False
RUS,Russian Federation,2016,73.09143462,9680.0,,99.4,95.8434945,74.37031387,False,False
RWA,Rwanda,2016,14.63710022,720.0,,29.4,38.50623858,19.12139518,False,False
KNA,Saint Kitts and Nevis,2016,66.97389984,19640.0,,100.0,116.914032,31.28061719,False,False
LCA,Saint Lucia,2016,58.22259903,9710.0,,99.8,89.67221832,20.816488,False,False
VCT,Saint Vincent and the Grenadines,2016,51.5,7480.0,,99.7,,46.81165895,False,False
WSM,Samoa,2016,,4120.0,,98.9,87.35322869,19.12646237,False,False
SMR,San Marino,2016,55.0,,,100.0,,97.09999847,False,False
STP,Sao Tome and Principe,2016,28.0,1420.0,,69.4,83.87911987,67.52188873,False,False
SAU,Saudi Arabia,2016,74.87927469,23940.0,,99.9,105.4915502,83.12912863,False,False
SEN,Senegal,2016,25.66480064,1270.0,,64.5,,47.05535799,False,False
SRB,Serbia,2016,67.05684137,5920.0,,99.9,96.23473358,60.385387,False,False
SYC,Seychelles,2016,56.51470184,15630.0,,100.0,101.712798,43.28156325,False,False
SLE,Sierra Leone,2016,7.680099964,930.0,,20.3,42.1386795,41.22941154,False,False
SGP,Singapore,2016,84.45226789,53600.0,,100.0,107.7458686,100.0,False,True
SXM,Sint Maarten (Dutch part),2016,,35260.0,,100.0,,100.0,False,False
SVK,Slovak Republic,2016,80.47585728,16900.0,,100.0,91.45343781,53.73993271,False,False
SVN,Slovenia,2016,75.49850426,21610.0,,100.0,115.2169418,53.64727402,False,False
SLB,Solomon Islands,2016,11.00090027,2000.0,,58.2,,24.50474244,False,False
SOM,Somalia,2016,1.879999995,450.0,,51.1,,45.94284273,False,False
ZAF,South Africa,2016,54.0,5880.0,,83.9,103.8559875,63.27509734,False,False
SSD,South Sudan,2016,3.5,,,5.3,,19.07694766,False,False
ESP,Spain,2016,80.56133294,27760.0,,100.0,123.7365417,79.36159553,False,False
LKA,Sri Lanka,2016,22.19,4020.0,,97.5,93.90372213,18.97476794,False,False
MAF,St. Martin (French part),2016,,,,100.0,,100.0,False,False
PSE,State of Palestine,2016,59.90000153,3900.0,,100.0,88.66128824,85.33773907,False,False
SDN,Sudan,2016,14.09999994,1140.0,,50.5,40.95560074,34.18819588,False,False
SUR,Suriname,2016,45.40000153,6660.0,,95.8,71.62503186,66.1426467,False,False
SWE,Sweden,2016,89.65094761,53850.0,,100.0,137.5611572,87.0,False,False
CHE,Switzerland,2016,89.13468774,84250.0,,100.0,104.0951309,76.67266758,False,False
SYR,Syrian Arab Republic,2016,31.8696003,750.0,,89.8,,75.15400963,False,False
TJK,Tajikistan,2016,20.46999931,1090.0,,99.3,,26.37185097,False,False
TZA,Tanzania,2016,13.50423285,960.0,,32.8,25.64299926,31.75773032,False,False
THA,Thailand,2016,47.50496562,5550.0,,99.9,122.5632172,47.88010956,False,True
TLS,Timor-Leste,2016,21.20000076,1730.0,,76.5,77.38569437,29.44629076,False,True
TGO,Togo,2016,11.31000042,870.0,,46.8,,40.14858783,False,False
TON,Tonga,2016,39.95000076,4280.0,,97.0,,23.12770385,False,False
TTO,Trinidad and Tobago,2016,67.80000305,17870.0,,100.0,,53.92775231,False,False
TUN,Tunisia,2016,49.59999484,3930.0,,100.0,90.32642365,68.06233565,False,False
TUR,Turkiye,2016,58.34773401,11350.0,,100.0,108.5475616,88.10209586,False,False
TKM,Turkmenistan,2016,17.99029922,5890.0,,100.0,,47.02270252,False,False
TCA,Turks & Caicos Is.,2016,,28810.0,,100.0,73.97482745,92.14669045,False,False
TUV,Tuvalu,2016,31.0,5390.0,,97.3,77.93199158,59.47447683,False,False
UGA,Uganda,2016,5.9,810.0,,26.7,,25.69535671,False,False
UKR,Ukraine,2016,53.0009696,2330.0,,100.0,88.54575087,69.21022416,False,False
ARE,United Arab Emirates,2016,90.60000732,46180.0,,100.0,,84.50939917,False,False
GBR,United Kingdom,2016,94.77580063,43310.0,,100.0,,82.02299917,False,False
USA,United States,2016,85.54442129,56830.0,,100.0,98.76992798,80.49766453,False,False
URY,Uruguay,2016,66.40000153,16490.0,,99.7,112.0325775,95.1585425,False,False
UZB,Uzbekistan,2016,46.79130173,3230.0,,99.9,92.81486579,50.65721893,False,False
VUT,Vanuatu,2016,,3390.0,,57.8,,24.86548756,False,False
VEN,Venezuela,2016,60.0,3680.0,,99.4,85.13294983,88.99144284,False,False
VNM,Viet Nam,2016,53.0,2560.0,,99.2,90.15833471,32.84761893,False,True
VIR,Virgin Islands (U.S.),2016,59.6083158,,,100.0,,94.99410939,False,False
YEM,Yemen,2016,24.57920074,970.0,,68.9,43.69068909,32.9512008,False,False
ZMB,Zambia,2016,10.30000019,1320.0,,35.4,,42.34424769,False,False
ZWE,Zimbabwe,2016,23.12000084,1240.0,,42.5,,34.07994607,False,False
AFG,Afghanistan,2017,13.5,530.0,,97.7,55.53643036,24.83528212,False,False
ALB,Albania,2017,62.40000153,4700.0,,99.9,97.57436975,55.98027643,False,False
DZA,Algeria,2017,47.69110107,4440.0,,99.5,,71.32279124,False,False
ASM,American Samoa,2017,,,,,,83.88903854,False,False
AND,Andorra,2017,91.56746703,,,100.0,95.10903931,88.49770355,False,False
AGO,Angola,2017,26.0,2440.0,,42.9,,65.08505251,False,False
ATG,Antigua and Barbuda,2017,70.54419708,15860.0,,100.0,117.2099304,24.85002638,False,False
ARG,Argentina,2017,74.29490687,13070.0,,100.0,110.3778,91.67760284,False,False
ARM,Armenia,2017,64.74488433,3900.0,,99.7,,64.71249486,False,False
ABW,Aruba,2017,97.17,26460.0,,100.0,,62.77684889,False,False
AUS,Australia,2017,86.54504885,51700.0,,100.0,153.5761261,87.12809266,False,False
AUT,Austria,2017,87.93558659,44800.0,,100.0,100.3378983,67.90511961,False,False
AZE,Azerbaijan,2017,79.0,4110.0,,100.0,89.26251647,56.43318871,False,False
BHS,Bahamas,2017,80.59999847,29570.0,,100.0,92.61825851,82.08140187,False,False
BHR,Bahrain,2017,95.87813575,22360.0,,100.0,100.9234129,100.0,False,False
BGD,Bangladesh,2017,21.5,1640.0,,88.0,62.34086392,30.20157984,False,False
BRB,Barbados,2017,71.14849854,19570.0,,100.0,109.8042374,59.25926987,False,False
BLR,Belarus,2017,74.43644541,5320.0,,98.7,102.4808505,77.02082062,False,False
BEL,Belgium,2017,87.67968082,42310.0,,100.0,158.6702881,86.67317395,False,False
BLZ,Belize,2017,48.8771019,5490.0,,94.2,86.3238932,43.42110867,False,False
BEN,Benin,2017,18.7,1020.0,,34.5,,47.29427749,False,False
BMU,Bermuda,2017,98.37,113460.0,,100.0,,100.0,False,False
BTN,Bhutan,2017,54.33549881,2960.0,,97.7,86.56004333,37.8645545,False,False
BOL,Bolivia,2017,43.83229828,3250.0,,91.8,89.40002128,69.08380163,False,False
BIH,Bosnia and Herzegovina,2017,64.89202051,5070.0,,100.0,83.66808319,48.49184018,False,False
BWA,Botswana,2017,43.57640076,6210.0,,67.4,,65.94564357,False,False
BRA,Brazil,2017,67.47128452,8830.0,,99.8,102.9894867,86.19828976,False,False
VGB,British Virgin Islands,2017,77.70426829,,,100.0,88.77952756,50.89535528,False,False
BRN,Brunei Darussalam,2017,94.86669922,29230.0,,100.0,88.68147278,74.84764407,False,True
BGR,Bulgaria,2017,63.41010138,7730.0,,98.1,103.4610214,73.39045715,False,False
BFA,Burkina Faso,2017,7.790400028,650.0,,17.0,37.16275108,25.97699187,False,False
BDI,Burundi,2017,2.660748535,240.0,,9.3,48.22434873,16.62412739,False,False
CPV,Cabo Verde,2017,57.16214635,3620.0,,88.6,99.46278226,69.19999882,False,False
KHM,Cambodia,2017,32.90027854,1690.0,,89.1,48.94244587,35.01279051,False,True
CMR,Cameroon,2017,23.20297197,1410.0,,60.9,,53.31151421,False,False
CAN,Canada,2017,92.70140076,42900.0,,100.0,111.9745178,81.40189458,False,False
CYM,Cayman Islands,2017,81.06769325,51890.0,,100.0,,100.0,False,False
CAF,Central African Rep.,2017,4.0,420.0,,14.1,15.8074398,40.81514434,False,False
TCD,Chad,2017,6.351900101,830.0,,10.9,20.58556785,23.46134947,False,False
CHI,Channel Islands,2017,,,,100.0,,32.78532194,False,False
CHL,Chile,2017,82.32748693,13200.0,,99.7,102.2948227,87.80002958,False,False
CHN,China,2017,54.3,8830.0,,100.0,,60.24026871,False,False
COL,Colombia,2017,62.25988032,6030.0,,98.5,99.21932983,77.22451917,False,False
COM,Comoros,2017,8.478199959,1380.0,,78.7,56.95021448,31.09965597,False,False
COG,Congo (Rep. of the),2017,8.649999619,1740.0,,46.2,,63.35445453,False,False
COD,"Congo, Dem. Rep.",2017,,440.0,,18.0,,42.11275794,False,False
CRI,Costa Rica,2017,71.58166462,11580.0,,99.6,121.5149612,76.05392543,False,False
CIV,Cote d'Ivoire,2017,43.83992085,1870.0,,65.6,49.08635558,50.39773097,False,False
HRV,Croatia,2017,67.09619204,13350.0,,100.0,104.2144165,55.90098874,False,False
CUB,Cuba,2017,57.14840432,8010.0,,99.4,98.89163814,76.96032715,False,False
CUW,Curacao,2017,68.12721625,18230.0,,100.0,,91.34806859,False,False
CYP,Cyprus,2017,80.74318897,24600.0,,100.0,99.51335907,66.89074506,False,False
CZE,Czech Republic,2017,78.71917285,18350.0,,100.0,102.2046967,72.91218536,False,False
DNK,Denmark,2017,97.09936216,56600.0,,100.0,130.3244324,88.01619438,False,False
DJI,Djibouti,2017,55.68140925,2450.0,,60.2,,71.31826193,False,False
DMA,Dominica,2017,69.61969757,8070.0,,98.9,,70.64058486,False,False
DOM,Dominican Rep.,2017,67.57124533,6920.0,,100.0,79.94068011,73.92680625,False,False
ECU,Ecuador,2017,55.79999924,5930.0,,99.2,96.16376518,63.01945918,False,False
EGY,Egypt,2017,44.95020425,2880.0,,100.0,76.43376531,42.44860087,False,False
SLV,El Salvador,2017,33.8207289,3700.0,,96.8,66.1074424,71.08567047,False,False
GNQ,Equatorial Guinea,2017,26.23999977,6630.0,,66.4,,69.55160191,False,False
ERI,Eritrea,2017,2.496099949,,,48.0,44.91106033,35.44271469,False,False
EST,Estonia,2017,88.10245687,19140.0,,100.0,113.2497864,68.99319419,False,False
SWZ,Eswatini,2017,35.33160019,3290.0,,73.5,,23.8052005,False,False
ETH,Ethiopia,2017,15.62440014,670.0,,44.3,,20.30848503,False,False
FRO,Faroe Islands,2017,97.58195894,57920.0,,100.0,,38.33246994,False,False
FJI,Fiji,2017,53.6473999,5120.0,,96.0,,55.74083434,False,False
FIN,Finland,2017,87.46892907,44520.0,,100.0,153.5837097,71.95630383,False,False
FRA,France,2017,80.50245972,38120.0,,100.0,103.7560806,78.6467804,False,False
PYF,French Polynesia,2017,72.70389531,22220.0,,100.0,,61.78969411,False,False
GAB,Gabon,2017,51.60490036,6240.0,,86.3,,89.00097333,False,False
GMB,Gambia,2017,22.5156002,620.0,,56.2,,60.47171266,False,False
GEO,Georgia,2017,59.7055046,4130.0,,100.0,109.5232037,57.99968272,False,False
DEU,Germany,2017,84.3941537,44730.0,,100.0,101.0956421,80.9842544,False,False
GHA,Ghana,2017,37.88420105,1830.0,,79.0,66.63594502,54.69914198,False,False
GIB,Gibraltar,2017,,,,100.0,132.4550898,100.0,False,False
GRC,Greece,2017,69.89297065,17890.0,,100.0,104.2287903,77.88953426,False,False
GRL,Greenland,2017,69.48246178,,,100.0,,86.39155579,False,False
GRD,Grenada,2017,54.20000076,8400.0,,92.2,104.4331481,36.01732964,False,False
GUM,Guam,2017,80.50546556,,,100.0,,94.07971395,False,False
GTM,Guatemala,2017,37.90000153,3980.0,,93.3,54.04447732,53.79947231,False,False
GIN,Guinea,2017,18.70000076,800.0,,35.4,,35.58273315,False,False
GNB,Guinea-Bissau,2017,14.80000019,710.0,,26.0,,43.01557922,False,False
GUY,Guyana,2017,42.6753006,5870.0,,90.0,,26.41290555,False,False
HTI,Haiti,2017,27.20000076,1370.0,,43.3,,50.73508338,False,False
HND,Honduras,2017,31.73579247,2210.0,,86.5,51.01203918,55.38773223,False,False
HKG,"Hong Kong SAR, China",2017,89.41594465,46380.0,,100.0,106.7897098,100.0,False,False
HUN,Hungary,2017,76.75054712,13310.0,,100.0,104.1520004,70.45425415,False,False
ISL,Iceland,2017,98.25520119,62770.0,,100.0,115.7411423,93.77189823,False,False
IND,India,2017,18.20000076,1790.0,,91.8,74.67437744,33.18213282,False,False
IDN,Indonesia,2017,32.33580625,3490.0,,98.1,90.94553912,54.45410156,True,True
IRN,Iran (Islamic Republic of),2017,64.04397362,5640.0,,99.9,82.75643921,74.40118408,False,False
IRQ,Iraq,2017,25.96920013,4430.0,,99.9,,69.89445112,False,False
IRL,Ireland,2017,84.11400706,54410.0,,100.0,125.0271683,62.90351965,False,False
IMN,Isle of Man,2017,,77890.0,,100.0,,52.14984157,False,False
ISR,Israel,2017,81.58118359,38600.0,,100.0,98.08429718,91.67010575,False,False
ITA,Italy,2017,63.077347,31790.0,,100.0,101.0100174,69.51807843,False,False
JAM,Jamaica,2017,55.07206705,5300.0,,97.4,84.23694323,55.91522675,False,False
JPN,Japan,2017,91.72654724,39700.0,,100.0,100.2607498,91.54984197,False,False
JOR,Jordan,2017,64.5,4300.0,,100.0,88.87582889,90.87646097,False,False
KAZ,Kazakhstan,2017,76.42674823,7780.0,,100.0,96.50617093,57.45864487,False,False
KEN,Kenya,2017,17.82710075,1540.0,,55.8,,31.53836508,False,False
KIR,Kiribati,2017,25.30960083,3130.0,,85.7,,52.97346973,False,False
KOR,Korea (Rep. of),2017,95.06942188,31940.0,,100.0,99.10558319,81.47103043,False,False
PRK,"Korea, Dem. People's Rep.",2017,,,,44.2,,61.82060761,False,False
XKX,Kosovo,2017,83.89359681,3950.0,,,,41.75780656,False,False
KWT,Kuwait,2017,97.99998933,30650.0,,100.0,,100.0,False,False
KGZ,Kyrgyz Republic,2017,50.80530167,1090.0,,100.0,89.9187539,34.99808057,False,False
LAO,Lao P.D.R.,2017,25.51040077,2240.0,,93.6,66.04110735,34.51153464,False,True
LVA,Latvia,2017,80.114077,14360.0,,100.0,110.7232513,67.97068661,False,False
LBN,Lebanon,2017,78.18080139,8260.0,,99.9,63.14007038,89.05192339,False,False
LSO,Lesotho,2017,39.0,1160.0,,33.7,59.35865155,36.52836481,False,False
LBR,Liberia,2017,16.29999924,620.0,,24.2,,51.79575696,False,False
LBY,Libya,2017,47.5,9760.0,,70.6,,87.81667299,False,False
LIE,Liechtenstein,2017,99.54660034,,,100.0,117.0943298,14.51443328,False,False
LTU,Lithuania,2017,77.61525651,15260.0,,100.0,107.2233505,67.10129547,False,False
LUX,Luxembourg,2017,97.36296032,75800.0,,100.0,106.7843475,92.09637681,False,False
MAC,"Macao SAR, China",2017,83.17408907,66890.0,,100.0,97.42198582,100.0,False,False
MDG,Madagascar,2017,6.406000137,450.0,,24.1,34.77094864,29.67103303,False,False
MWI,Malawi,2017,7.0,480.0,,12.7,39.6154223,15.96342819,False,False
MYS,Malaysia,2017,80.14047901,9560.0,,100.0,78.8863678,74.23548064,False,True
MDV,Maldives,2017,64.95500183,9400.0,,99.8,69.74191832,39.32787719,False,False
MLI,Mali,2017,18.89999962,860.0,,34.8,38.54858057,27.06467029,False,False
MLT,Malta,2017,81.01191108,26690.0,,100.0,99.5694809,94.56918063,False,False
MHL,Marshall Islands,2017,38.70119858,5310.0,,93.8,,76.22530716,False,False
MRT,Mauritania,2017,21.01720047,1560.0,,42.9,31.75656968,54.19704485,False,False
MUS,Mauritius,2017,55.4032403,11020.0,,99.6,92.5403345,39.44993487,False,False
MEX,Mexico,2017,53.03178861,9270.0,,100.0,105.1101837,77.72069246,False,False
FSM,Micronesia,2017,35.30410004,3430.0,,76.5,,22.33240119,False,False
MDA,Moldova,2017,71.76709747,3300.0,,100.0,94.35363671,39.9736557,False,False
MCO,Monaco,2017,97.0530014,,,100.0,,100.0,False,False
MNG,Mongolia,2017,23.71430016,3200.0,,93.6,,67.92605832,False,False
MNE,Montenegro,2017,71.27233254,7240.0,,100.0,90.60222626,64.99924387,False,False
MAR,Morocco,2017,61.76221201,3160.0,,100.0,78.21572495,61.2761057,False,False
MOZ,Mozambique,2017,7.796326608,480.0,,24.3,37.24119186,32.62744115,False,False
MMR,Myanmar,2017,23.62108195,1230.0,,69.8,72.34574127,29.90517277,False,True
NAM,Namibia,2017,36.83739853,4430.0,,52.5,79.53346064,46.81357997,False,False
NRU,Naoero,2017,62.38510132,11300.0,,99.8,,100.0,False,False
NPL,Nepal,2017,24.3,970.0,,86.6,74.41133118,65.57689281,False,False
NLD,Netherlands,2017,93.19727891,46710.0,,100.0,115.2252274,91.12197007,False,False
NCL,New Caledonia,2017,82.0058408,,,100.0,,66.96833933,False,False
NZL,New Zealand,2017,87.69999695,38790.0,,100.0,112.9433136,84.17010259,False,False
NIC,Nicaragua,2017,30.39999962,2050.0,,84.6,,58.18925674,False,False
NER,Niger,2017,10.22431156,520.0,,17.6,23.76115057,16.50369879,False,False
NGA,Nigeria,2017,25.87789917,2020.0,,54.4,,57.34863456,False,False
MKD,North Macedonia,2017,74.51682418,5390.0,,100.0,84.6865387,59.74377194,False,False
MNP,Northern Mariana Islands,2017,,,,100.0,,91.47202159,False,False
NOR,Norway,2017,96.3576013,76270.0,,100.0,117.3014603,81.96997459,False,False
OMN,Oman,2017,80.18560028,16640.0,,100.0,101.6780198,78.314226,False,False
PAK,Pakistan,2017,13.77999973,1450.0,,92.7,35.32242487,36.43515482,False,False
PLW,Palau,2017,,15520.0,,100.0,,79.8284579,False,False
PAN,Panama,2017,59.9506309,14230.0,,93.7,76.59989929,65.65777125,False,False
PNG,Papua New Guinea,2017,11.20919991,2310.0,,19.2,,13.52496449,False,False
PRY,Paraguay,2017,61.07575622,5810.0,,99.3,,62.95263898,False,False
PER,Peru,2017,50.45041218,6090.0,,94.8,101.0445786,82.19316505,False,False
PHL,Philippines,2017,41.59999847,3440.0,,93.0,80.92276001,52.60104824,False,True
POL,Poland,2017,75.98536595,12780.0,,100.0,109.4592209,60.1458882,False,False
PRT,Portugal,2017,73.79121395,20030.0,,100.0,117.2353287,61.12967265,False,False
PRI,Puerto Rico,2017,68.74077314,19500.0,,100.0,,93.85619538,False,False
QAT,Qatar,2017,97.38884917,60920.0,,100.0,101.9896941,99.03101253,False,False
ROU,Romania,2017,63.74728218,10030.0,,100.0,88.38432312,53.36486432,False,False
RUS,Russian Federation,2017,76.00813853,9160.0,,100.0,97.52062983,74.46003681,False,False
RWA,Rwanda,2017,17.2,720.0,,34.1,39.6912129,20.24775681,False,False
KNA,Saint Kitts and Nevis,2017,67.78440094,20420.0,,100.0,119.6037847,31.31696425,False,False
LCA,Saint Lucia,2017,59.16009903,10260.0,,99.9,88.90263367,21.78372036,False,False
VCT,Saint Vincent and the Grenadines,2017,53.70000076,7730.0,,100.0,,46.93929005,False,False
WSM,Samoa,2017,,4100.0,,96.8,,18.96571919,False,False
SMR,San Marino,2017,60.18230057,40010.0,,100.0,,97.09999847,False,False
STP,Sao Tome and Principe,2017,32.61640167,1440.0,,74.3,90.443573,67.65200043,False,False
SAU,Saudi Arabia,2017,94.17559961,23130.0,,100.0,106.244904,83.30069053,False,False
SEN,Senegal,2017,29.64310074,1270.0,,61.7,,47.93383496,False,False
SRB,Serbia,2017,70.33083553,5810.0,,100.0,95.49508667,60.62120819,False,False
SYC,Seychelles,2017,62.55310059,16180.0,,100.0,112.3112128,43.49686444,False,False
SLE,Sierra Leone,2017,9.297100067,840.0,,23.4,41.53121948,41.71066821,False,False
SGP,Singapore,2017,84.45226789,55360.0,,100.0,107.4728739,100.0,False,True
SXM,Sint Maarten (Dutch part),2017,,32950.0,,100.0,,100.0,False,False
SVK,Slovak Republic,2017,81.62566752,16710.0,,100.0,91.25359344,53.61260182,False,False
SVN,Slovenia,2017,78.88542636,22040.0,,100.0,114.5955963,55.24511337,False,False
SLB,Solomon Islands,2017,15.14840031,2020.0,,62.9,,25.38305358,False,False
SOM,Somalia,2017,,500.0,,52.1,,48.363963,False,False
ZAF,South Africa,2017,56.16740036,5850.0,,84.4,105.6231689,63.33110783,False,False
SSD,South Sudan,2017,4.1,,,4.2,,19.34899272,False,False
ESP,Spain,2017,84.6022457,27290.0,,100.0,121.1416016,79.46632331,False,False
LKA,Sri Lanka,2017,25.07550049,4220.0,,97.5,94.04186609,19.15076931,False,False
MAF,St. Martin (French part),2017,,,,100.0,,100.0,False,False
PSE,State of Palestine,2017,63.29999924,3930.0,,99.9,89.74615221,85.37822554,False,False
SDN,Sudan,2017,18.60000038,1010.0,,53.0,43.09032822,34.28722257,False,False
SUR,Suriname,2017,48.94520187,5700.0,,96.6,,66.10464671,False,False
SWE,Sweden,2017,93.00626697,52240.0,,100.0,142.6415863,87.23737379,False,False
CHE,Switzerland,2017,89.68614767,81790.0,,100.0,103.9000626,77.91262737,False,False
SYR,Syrian Arab Republic,2017,32.70000076,720.0,,89.6,,74.53955963,False,False
TJK,Tajikistan,2017,21.95999908,1000.0,,99.3,,26.2731514,False,False
TZA,Tanzania,2017,14.46339989,960.0,,32.1,26.3711632,32.29870133,False,False
THA,Thailand,2017,52.89192934,5800.0,,99.9,79.50623718,49.23119736,False,True
TLS,Timor-Leste,2017,24.20000076,1780.0,,79.5,81.16657009,29.36009968,False,True
TGO,Togo,2017,12.36022497,850.0,,48.0,60.76947222,40.58094634,False,False
TON,Tonga,2017,46.20080185,4450.0,,98.2,,22.97113007,False,False
TTO,Trinidad and Tobago,2017,70.59999847,16930.0,,100.0,,53.92931868,False,False
TUN,Tunisia,2017,55.50015506,3700.0,,100.0,,68.28778076,False,False
TUR,Turkiye,2017,64.68461768,11140.0,,100.0,112.9773331,88.03204727,False,False
TKM,Turkmenistan,2017,,5250.0,,100.0,,47.03348574,False,False
TCA,Turks & Caicos Is.,2017,,41130.0,,100.0,85.01841998,92.41558688,False,False
TUV,Tuvalu,2017,35.20000076,5320.0,,98.7,,59.95312749,False,False
UGA,Uganda,2017,7.417900085,760.0,,32.4,,26.41392606,False,False
UKR,Ukraine,2017,58.88947945,2330.0,,100.0,86.78870227,69.26331085,False,False
ARE,United Arab Emirates,2017,94.81992254,42230.0,,100.0,,84.68667572,False,False
GBR,United Kingdom,2017,90.42455049,42140.0,,100.0,125.6297989,82.23065673,False,False
USA,United States,2017,87.27488917,58860.0,,100.0,98.95233917,80.40186784,False,False
URY,Uruguay,2017,70.3223544,16720.0,,99.8,116.472847,95.22882357,False,False
UZB,Uzbekistan,2017,48.69999885,2890.0,,100.0,93.87757366,50.67873764,False,False
VUT,Vanuatu,2017,,3550.0,,62.8,,24.76444415,False,False
VEN,Venezuela,2017,,2950.0,,99.2,83.951828,89.02877261,False,False
VNM,Viet Nam,2017,58.14,2680.0,,100.0,91.07251981,33.3625963,False,True
VIR,Virgin Islands (U.S.),2017,64.3774943,,,100.0,,95.03667855,False,False
YEM,Yemen,2017,,880.0,,79.2,,33.55869125,False,False
ZMB,Zambia,2017,12.19999981,1260.0,,40.3,,42.72959799,False,False
ZWE,Zimbabwe,2017,24.39999962,1680.0,,44.0,,34.7014953,False,False
AFG,Afghanistan,2018,16.79999924,520.0,,93.4,57.35784912,24.99916452,False,False
ALB,Albania,2018,65.40000153,5400.0,,100.0,98.82238786,56.37700026,False,False
DZA,Algeria,2018,49.03846808,4450.0,,99.6,,71.90524985,False,False
ASM,American Samoa,2018,,,,,,83.47799733,False,False
AND,Andorra,2018,93.5,,,100.0,95.9804306,88.50809985,False,False
AGO,Angola,2018,29.0,2300.0,,45.3,,65.87321367,False,False
ATG,Antigua and Barbuda,2018,70.81790161,17460.0,,100.0,121.6852493,24.77814321,False,False
ARG,Argentina,2018,77.7,12390.0,,100.0,109.6712418,91.76799413,False,False
ARM,Armenia,2018,68.24505226,4220.0,,99.9,83.02494108,64.85028338,False,False
ABW,Aruba,2018,,27970.0,,100.0,137.8297882,62.5367637,False,False
AUS,Australia,2018,90.0082016,53280.0,,100.0,136.105545,87.22676808,False,False
AUT,Austria,2018,87.47913723,48710.0,,100.0,100.6925964,68.10467872,False,False
AZE,Azerbaijan,2018,79.79999549,4080.0,,100.0,108.4887811,57.18415347,False,False
BHS,Bahamas,2018,83.0,30650.0,,100.0,80.88089293,81.96431582,False,False
BHR,Bahrain,2018,98.64467258,24200.0,,100.0,100.7018874,100.0,False,False
BGD,Bangladesh,2018,25.56509972,2020.0,,86.9,65.27148888,30.5175656,False,False
BRB,Barbados,2018,70.72650146,20240.0,,100.0,108.2167511,59.27017531,False,False
BLR,Belarus,2018,79.12988669,5730.0,,99.3,101.596011,77.21327209,False,False
BEL,Belgium,2018,88.647343,45980.0,,100.0,156.5097656,86.88834495,False,False
BLZ,Belize,2018,53.59360123,5610.0,,91.7,86.28335614,43.16484828,False,False
BEN,Benin,2018,19.0,1120.0,,39.0,,47.99528293,False,False
BMU,Bermuda,2018,,117160.0,,100.0,,100.0,False,False
BTN,Bhutan,2018,63.48680115,3150.0,,100.0,87.57228707,38.46618928,False,False
BOL,Bolivia,2018,44.2861422,3730.0,,92.8,88.72189996,69.41338798,False,False
BIH,Bosnia and Herzegovina,2018,70.12013504,5720.0,,100.0,85.64099121,48.97192783,False,False
BWA,Botswana,2018,46.12509918,6680.0,,68.3,,66.15791765,False,False
BRA,Brazil,2018,70.43428254,9320.0,,99.7,104.8184814,86.44207199,False,False
VGB,British Virgin Islands,2018,,,,100.0,65.91774562,51.63226672,False,False
BRN,Brunei Darussalam,2018,95.0,28790.0,,100.0,89.18180847,74.81724717,False,True
BGR,Bulgaria,2018,64.78201069,8860.0,,98.7,104.0439224,73.6002121,False,False
BFA,Burkina Faso,2018,8.498900414,730.0,,14.4,39.62784675,26.08322022,False,False
BDI,Burundi,2018,4.019499779,250.0,,9.5,46.33039417,17.6820222,False,False
CPV,Cabo Verde,2018,59.5,4040.0,,90.2,94.89720154,70.39707488,False,False
KHM,Cambodia,2018,65.0,1920.0,,80.7,50.19909972,37.64043364,False,True
CMR,Cameroon,2018,29.70000076,1520.0,,62.2,,53.63398737,False,False
CAN,Canada,2018,94.64,45060.0,,100.0,111.8336792,81.55003416,False,False
CYM,Cayman Islands,2018,,57880.0,,100.0,89.01408451,100.0,False,False
CAF,Central African Rep.,2018,5.099999905,470.0,,14.6,,41.28246662,False,False
TCD,Chad,2018,6.956299782,890.0,,10.1,20.00211807,23.84860849,False,False
CHI,Channel Islands,2018,,,,100.0,,32.8125992,False,False
CHL,Chile,2018,84.90000153,14460.0,,100.0,103.1730499,87.96204938,False,False
CHN,China,2018,65.35839844,9720.0,,100.0,,61.50019836,False,False
COL,Colombia,2018,64.12637682,6350.0,,98.5,100.3733368,77.28048166,False,False
COM,Comoros,2018,,1490.0,,81.0,61.70146854,31.40736452,False,False
COG,Congo (Rep. of the),2018,11.8071003,2070.0,,47.0,,63.44345775,False,False
COD,"Congo, Dem. Rep.",2018,11.69999981,460.0,,18.7,,42.49465992,False,False
CRI,Costa Rica,2018,73.47972844,12100.0,,99.7,125.9643478,76.55443084,False,False
CIV,Cote d'Ivoire,2018,37.54653613,2010.0,,67.1,51.07261451,50.87184778,False,False
HRV,Croatia,2018,75.29462599,14670.0,,100.0,104.960083,56.0931701,False,False
CUB,Cuba,2018,62.67892362,8710.0,,99.6,99.58059265,77.01563263,False,False
CUW,Curacao,2018,,18820.0,,100.0,,91.36013317,False,False
CYP,Cyprus,2018,84.43358252,27120.0,,100.0,99.42658997,66.82555305,False,False
CZE,Czech Republic,2018,80.68816754,20700.0,,100.0,101.5148926,72.84987444,False,False
DNK,Denmark,2018,97.31920437,61090.0,,100.0,129.8495636,88.10597623,False,False
DJI,Djibouti,2018,57.06169891,2600.0,,62.4,,71.51534428,False,False
DMA,Dominica,2018,,8880.0,,99.6,,71.03625268,False,False
DOM,Dominican Rep.,2018,74.82204836,7600.0,,98.9,80.21593,73.75892557,False,False
ECU,Ecuador,2018,57.5,6120.0,,98.7,94.97481009,63.04332768,False,False
EGY,Egypt,2018,46.92433677,2710.0,,100.0,76.98161894,42.45771774,False,False
SLV,El Salvador,2018,43.79999924,3940.0,,97.0,66.93257137,71.75772095,False,False
GNQ,Equatorial Guinea,2018,29.39999962,6270.0,,66.5,,69.83966237,False,False
ERI,Eritrea,2018,5.293000221,,,49.1,46.17237854,35.34510422,False,False
EST,Estonia,2018,89.35700777,21600.0,,100.0,112.759697,69.28035329,False,False
SWZ,Eswatini,2018,39.38100052,3460.0,,74.0,,24.05792954,False,False
ETH,Ethiopia,2018,15.88619995,730.0,,44.8,,20.78380966,False,False
FRO,Faroe Islands,2018,,62900.0,,100.0,,38.40588379,False,False
FJI,Fiji,2018,58.2364006,5690.0,,95.1,92.08067599,56.23283474,False,False
FIN,Finland,2018,88.88996,47900.0,,100.0,153.6514282,72.34234677,False,False
FRA,France,2018,82.04318678,40960.0,,100.0,103.7733307,78.67144325,False,False
PYF,French Polynesia,2018,,23700.0,,100.0,,61.78880252,False,False
GAB,Gabon,2018,55.42020035,6690.0,,89.6,,89.453995,False,False
GMB,Gambia,2018,28.30900002,680.0,,60.3,,61.06458693,False,False
GEO,Georgia,2018,62.7179082,4580.0,,99.9,111.616827,58.30381819,False,False
DEU,Germany,2018,87.03711209,48770.0,,100.0,100.8373032,81.14230362,False,False
GHA,Ghana,2018,43.0,2060.0,,80.4,68.2222558,55.21847757,False,False
GIB,Gibraltar,2018,,,,100.0,,100.0,False,False
GRC,Greece,2018,72.23837339,19060.0,,100.0,103.8916931,78.04906568,False,False
GRL,Greenland,2018,,,,100.0,,86.72509766,False,False
GRD,Grenada,2018,61.42459869,9220.0,,92.3,110.3794103,36.07204214,False,False
GUM,Guam,2018,,,,100.0,,94.079885,False,False
GTM,Guatemala,2018,41.5,4270.0,,94.2,54.07976471,53.8459623,False,False
GIN,Guinea,2018,21.83002304,860.0,,45.0,,35.85543823,False,False
GNB,Guinea-Bissau,2018,15.69999981,750.0,,28.4,,43.44490814,False,False
GUY,Guyana,2018,48.59889984,6100.0,,90.9,,26.41883785,False,False
HTI,Haiti,2018,32.47362713,1430.0,,44.4,,51.37489811,False,False
HND,Honduras,2018,36.04006082,2280.0,,91.6,,55.88525777,False,False
HKG,"Hong Kong SAR, China",2018,90.50739533,50050.0,,100.0,108.1639802,100.0,False,False
HUN,Hungary,2018,76.07436064,15180.0,,100.0,103.6120834,70.47117615,False,False
ISL,Iceland,2018,99.01095399,72840.0,,100.0,114.6494064,93.8526667,False,False
IND,India,2018,20.08130004,1970.0,,95.7,76.00257874,33.49843535,False,False
IDN,Indonesia,2018,39.90463864,3810.0,,98.5,92.81207396,55.09568405,True,True
IRN,Iran (Islamic Republic of),2018,70.200565,5390.0,,100.0,,74.80342865,False,False
IRQ,Iraq,2018,33.92810059,4820.0,,99.9,,69.87651489,False,False
IRL,Ireland,2018,87.00014011,59110.0,,100.0,154.1633453,63.08445035,False,False
IMN,Isle of Man,2018,,83430.0,,100.0,,52.16518939,False,False
ISR,Israel,2018,83.73315696,41960.0,,100.0,98.32727814,91.64561935,False,False
ITA,Italy,2018,74.38718292,34270.0,,100.0,101.526413,69.48000336,False,False
JAM,Jamaica,2018,68.21451709,5610.0,,98.2,83.7616154,56.29741099,False,False
JPN,Japan,2018,88.74635089,42720.0,,100.0,100.4822006,91.63773186,False,False
JOR,Jordan,2018,65.2,4480.0,,99.9,89.79290681,91.20088591,False,False
KAZ,Kazakhstan,2018,78.90391906,7800.0,,100.0,96.11562127,58.23880389,False,False
KEN,Kenya,2018,19.5,1720.0,,61.2,,31.39400416,False,False
KIR,Kiribati,2018,32.9864006,3280.0,,87.5,,54.50040231,False,False
KOR,Korea (Rep. of),2018,96.02285958,34610.0,,100.0,99.31865692,81.3823523,False,False
PRK,"Korea, Dem. People's Rep.",2018,,,,46.3,,62.08261198,False,False
XKX,Kosovo,2018,89.44303197,4300.0,,,,42.83780958,False,False
KWT,Kuwait,2018,99.59884959,32340.0,,100.0,,100.0,False,False
KGZ,Kyrgyz Republic,2018,62.8,1200.0,,100.0,91.14458539,34.94089972,False,False
LAO,Lao P.D.R.,2018,36.27130127,2460.0,,92.9,66.15285706,35.205007,False,True
LVA,Latvia,2018,83.57717486,16010.0,,100.0,109.1557007,68.01603464,False,False
LBN,Lebanon,2018,80.90000153,8700.0,,99.7,64.2435657,89.27283309,False,False
LSO,Lesotho,2018,40.79999924,1250.0,,47.0,,37.56909275,False,False
LBR,Liberia,2018,17.27770042,620.0,,22.8,,52.32457955,False,False
LBY,Libya,2018,47.5,11000.0,,67.0,,87.81848428,False,False
LIE,Liechtenstein,2018,,,,100.0,112.0101624,14.55651849,False,False
LTU,Lithuania,2018,79.72258277,17550.0,,100.0,106.8667374,67.1464742,False,False
LUX,Luxembourg,2018,97.06129871,80120.0,,100.0,106.9831238,92.67094419,False,False
MAC,"Macao SAR, China",2018,83.79408961,72780.0,,100.0,92.71080139,100.0,False,False
MDG,Madagascar,2018,7.747799873,480.0,,36.5,34.62660957,29.91811253,False,False
MWI,Malawi,2018,8.798299789,490.0,,18.0,38.83243978,16.02214866,False,False
MYS,Malaysia,2018,81.20104862,10200.0,,100.0,74.4872818,74.56346251,False,True
MDV,Maldives,2018,70.93689728,10220.0,,100.0,68.57278203,39.69233544,False,False
MLI,Mali,2018,21.39999962,930.0,,50.9,37.9832691,27.69991859,False,False
MLT,Malta,2018,81.65804429,29030.0,,100.0,100.3960724,94.72423733,False,False
MHL,Marshall Islands,2018,43.88249969,6040.0,,95.3,,76.58867122,False,False
MRT,Mauritania,2018,22.96699905,1680.0,,43.6,35.52934256,55.1305077,False,False
MUS,Mauritius,2018,58.5961697,12190.0,,99.8,91.41713586,39.34749056,False,False
MEX,Mexico,2018,56.6595668,9560.0,,99.5,105.964653,78.02712239,False,False
FSM,Micronesia,2018,36.61460114,3420.0,,78.3,,22.34498204,False,False
MDA,Moldova,2018,72.54239655,3850.0,,100.0,95.91591923,40.32580948,False,False
MCO,Monaco,2018,,,,100.0,,100.0,False,False
MNG,Mongolia,2018,47.13000188,3650.0,,98.1,91.29497252,67.86834448,False,False
MNE,Montenegro,2018,71.51710049,8250.0,,100.0,91.44426727,65.08540689,False,False
MAR,Morocco,2018,64.80386519,3380.0,,98.1,78.47091959,61.56958228,False,False
MOZ,Mozambique,2018,10.89999962,470.0,,31.1,,32.99025591,False,False
MMR,Myanmar,2018,29.37899971,1310.0,,66.1,77.01914978,29.99357405,False,True
NAM,Namibia,2018,42.8207016,4670.0,,52.3,78.8626899,47.42328144,False,False
NRU,Naoero,2018,,12740.0,,99.9,,100.0,False,False
NPL,Nepal,2018,28.60000038,1120.0,,93.9,,65.81042292,False,False
NLD,Netherlands,2018,91.89189189,51290.0,,100.0,114.5003204,92.60624724,False,False
NCL,New Caledonia,2018,,,,100.0,,67.05888098,False,False
NZL,New Zealand,2018,89.0,41570.0,,100.0,112.4110794,83.80178467,False,False
NIC,Nicaragua,2018,33.9129982,1990.0,,85.2,,58.36838587,False,False
NER,Niger,2018,10.74180031,580.0,,17.6,,16.64490118,False,False
NGA,Nigeria,2018,27.74370003,1950.0,,56.5,40.48852921,58.15533475,False,False
MKD,North Macedonia,2018,79.16775519,6050.0,,99.8,83.35339355,60.1580316,False,False
MNP,Northern Mariana Islands,2018,,,,100.0,,91.54445062,False,False
NOR,Norway,2018,96.49165799,81200.0,,100.0,117.7147064,82.24521124,False,False
OMN,Oman,2018,85.5,17250.0,,100.0,103.9515819,78.96558397,False,False
PAK,Pakistan,2018,15.34000015,1560.0,,93.4,37.14660633,36.74785116,False,False
PLW,Palau,2018,,16040.0,,100.0,,79.55208686,False,False
PAN,Panama,2018,61.80553132,14910.0,,93.8,,65.70992851,False,False
PNG,Papua New Guinea,2018,12.35789967,2310.0,,16.6,44.55011212,13.71257205,False,False
PRY,Paraguay,2018,64.99354302,6060.0,,99.6,,63.92489882,False,False
PER,Peru,2018,55.05433424,6500.0,,95.2,99.85800934,82.685493,False,False
PHL,Philippines,2018,44.09999847,3610.0,,94.2,79.36224698,53.20888975,False,True
POL,Poland,2018,77.54173454,14310.0,,100.0,110.5419388,60.05333065,False,False
PRT,Portugal,2018,74.66096815,22040.0,,100.0,118.2883377,61.12330697,False,False
PRI,Puerto Rico,2018,70.85639974,20380.0,,100.0,88.87747955,93.89869611,False,False
QAT,Qatar,2018,99.65284913,63410.0,,100.0,102.1549014,99.07556848,False,False
ROU,Romania,2018,70.68127793,11490.0,,99.8,86.55771637,53.14457116,False,False
RUS,Russian Federation,2018,80.86472187,10180.0,,100.0,99.18310465,74.54429261,False,False
RWA,Rwanda,2018,19.16659927,760.0,,38.0,41.17969406,21.54184446,False,False
KNA,Saint Kitts and Nevis,2018,68.60479736,21930.0,,100.0,116.9235512,31.360723,False,False
LCA,Saint Lucia,2018,60.11259842,11060.0,,100.0,88.71501923,22.92612411,False,False
VCT,Saint Vincent and the Grenadines,2018,56.0,8370.0,,100.0,,47.06746894,False,False
WSM,Samoa,2018,,4100.0,,99.8,,18.72412679,False,False
SMR,San Marino,2018,,41800.0,,100.0,60.32846715,97.09999847,False,False
STP,Sao Tome and Principe,2018,37.99380112,1660.0,,71.0,,67.78288269,False,False
SAU,Saudi Arabia,2018,93.31000185,26570.0,,99.9,106.3762116,83.47084259,False,False
SEN,Senegal,2018,35.29999924,1390.0,,66.0,,48.90016923,False,False
SRB,Serbia,2018,73.36070915,6700.0,,100.0,95.08724213,60.8433609,False,False
SYC,Seychelles,2018,69.23660278,17620.0,,100.0,108.2740601,43.7386669,False,False
SLE,Sierra Leone,2018,14.42230034,830.0,,26.1,43.11927032,42.20110253,False,False
SGP,Singapore,2018,88.16563603,56440.0,,100.0,105.7452509,100.0,False,True
SXM,Sint Maarten (Dutch part),2018,,31140.0,,100.0,,100.0,False,False
SVK,Slovak Republic,2018,80.44892248,18460.0,,100.0,91.78153992,53.48814969,False,False
SVN,Slovenia,2018,79.7499766,24510.0,,100.0,113.5561676,55.1913431,False,False
SLB,Solomon Islands,2018,20.8593998,2150.0,,65.8,,26.29468267,False,False
SOM,Somalia,2018,,510.0,,50.7,,50.95062153,False,False
ZAF,South Africa,2018,62.40000153,6250.0,,84.7,101.3996129,63.37715452,False,False
SSD,South Sudan,2018,4.800000191,,,6.3,,19.62541439,False,False
ESP,Spain,2018,86.10723553,29530.0,,100.0,120.1090775,79.55800578,False,False
LKA,Sri Lanka,2018,28.33620071,4350.0,,99.6,95.91073317,19.32410834,False,False
MAF,St. Martin (French part),2018,,,,100.0,,100.0,False,False
PSE,State of Palestine,2018,64.39999371,4190.0,,100.0,89.6454662,85.53511311,False,False
SDN,Sudan,2018,,810.0,,55.3,42.13669968,34.38205422,False,False
SUR,Suriname,2018,55.10210037,5730.0,,97.4,74.74597931,66.06930604,False,False
SWE,Sweden,2018,89.24696316,54930.0,,100.0,140.8217468,87.47374309,False,False
CHE,Switzerland,2018,91.80000305,84760.0,,100.0,104.1880264,79.29222016,False,False
SYR,Syrian Arab Republic,2018,33.77000046,810.0,,86.0,,74.06126024,False,False
TJK,Tajikistan,2018,32.59999847,1000.0,,99.3,,26.23387527,False,False
TZA,Tanzania,2018,15.49069977,1010.0,,34.9,28.59338974,32.8287423,False,False
THA,Thailand,2018,56.81748093,6430.0,,99.8,80.60453051,54.58437347,False,True
TLS,Timor-Leste,2018,27.60000038,1790.0,,85.2,83.0952419,29.24861751,False,True
TGO,Togo,2018,15.5,920.0,,50.0,,41.01332827,False,False
TON,Tonga,2018,48.80789948,4650.0,,99.0,,22.70171389,False,False
TTO,Trinidad and Tobago,2018,72.76029968,16800.0,,100.0,,53.93145189,False,False
TUN,Tunisia,2018,64.19081023,3700.0,,99.8,,68.54852403,False,False
TUR,Turkiye,2018,71.04276084,10760.0,,100.0,112.1154099,88.16557496,False,False
TKM,Turkmenistan,2018,,4690.0,,100.0,,47.04239487,False,False
TCA,Turks & Caicos Is.,2018,,36690.0,,100.0,95.50515464,92.68025966,False,False
TUV,Tuvalu,2018,,6230.0,,99.0,78.74186707,60.55964096,False,False
UGA,Uganda,2018,9.326299667,770.0,,41.9,,27.1280475,False,False
UKR,Ukraine,2018,62.55315539,2720.0,,100.0,85.83318768,69.31579928,False,False
ARE,United Arab Emirates,2018,98.45000178,44570.0,,100.0,102.1844482,84.86018058,False,False
GBR,United Kingdom,2018,90.69200899,42540.0,,100.0,120.0882797,82.44656576,False,False
USA,United States,2018,88.49890317,63040.0,,100.0,99.27558136,80.2804568,False,False
URY,Uruguay,2018,80.72684288,17700.0,,99.8,117.7690582,95.29425812,False,False
UZB,Uzbekistan,2018,55.20000067,2490.0,,100.0,94.94650965,50.58149719,False,False
VUT,Vanuatu,2018,,3910.0,,61.6,,24.2729727,False,False
VEN,Venezuela,2018,,2800.0,,99.9,,89.06596369,False,False
VNM,Viet Nam,2018,69.84792868,3020.0,,100.0,92.83777108,33.94102278,False,True
VIR,Virgin Islands (U.S.),2018,,,,100.0,,95.06767845,False,False
YEM,Yemen,2018,,740.0,,62.0,,34.21060458,False,False
ZMB,Zambia,2018,14.2999971,1390.0,,40.2,,43.11147352,False,False
ZWE,Zimbabwe,2018,25.0,2140.0,,45.4,,35.40855388,False,False
AFG,Afghanistan,2019,17.60000038,520.0,,97.7,,25.14372588,False,False
ALB,Albania,2019,68.55039112,5900.0,,100.0,99.01515357,56.76390713,False,False
DZA,Algeria,2019,55.79069901,4480.0,,99.5,,72.48245614,False,False
ASM,American Samoa,2019,,,,,,83.05421718,False,False
AND,Andorra,2019,90.71869659,46450.0,,100.0,96.20812988,88.53917937,False,False
AGO,Angola,2019,32.12939835,2460.0,,45.6,,66.66378232,False,False
ATG,Antigua and Barbuda,2019,71.09259796,18250.0,,100.0,,24.70833752,False,False
ARG,Argentina,2019,79.94695203,11210.0,,100.0,110.4601517,91.85678445,False,False
ARM,Armenia,2019,66.54394969,4650.0,,100.0,86.8260633,65.00470336,False,False
ABW,Aruba,2019,,29320.0,,100.0,139.3205872,62.28827629,False,False
AUS,Australia,2019,93.60990143,55090.0,,100.0,144.0565643,87.30196479,False,False
AUT,Austria,2019,87.75220479,50900.0,,100.0,101.5436325,68.31760448,False,False
AZE,Azerbaijan,2019,81.09999907,4510.0,,100.0,107.8639605,58.1308192,False,False
BHS,Bahamas,2019,90.69329834,31630.0,,100.0,78.56673438,81.82574633,False,False
BHR,Bahrain,2019,99.70150438,25800.0,,100.0,102.1282819,100.0,False,False
BGD,Bangladesh,2019,30.38310051,2220.0,,92.2,65.11854135,30.82283963,False,False
BRB,Barbados,2019,70.30709839,20800.0,,100.0,106.0863266,59.28411406,False,False
BLR,Belarus,2019,82.78915209,6370.0,,100.0,100.4387442,77.45507719,False,False
BEL,Belgium,2019,90.27542801,48070.0,,100.0,156.635376,87.09616312,False,False
BLZ,Belize,2019,58.76520157,5850.0,,92.7,87.45265967,42.90776222,False,False
BEN,Benin,2019,20.50099945,1170.0,,40.0,,48.71255006,False,False
BMU,Bermuda,2019,,116920.0,,100.0,,100.0,False,False
BTN,Bhutan,2019,74.17939758,3370.0,,100.0,90.61855755,39.07468234,False,False
BOL,Bolivia,2019,47.47481911,4170.0,,95.1,88.82350466,69.73349867,False,False
BIH,Bosnia and Herzegovina,2019,69.94634763,6180.0,,100.0,85.54013062,49.465044,False,False
BWA,Botswana,2019,48.82279968,7100.0,,70.1,,66.32716948,False,False
BRA,Brazil,2019,73.91243991,9410.0,,99.8,103.6675568,86.67979911,False,False
VGB,British Virgin Islands,2019,,,,100.0,71.86340015,52.39078714,False,False
BRN,Brunei Darussalam,2019,95.0,31550.0,,100.0,88.29103088,74.79233118,False,True
BGR,Bulgaria,2019,67.94698094,9920.0,,99.2,102.6569366,73.7162323,False,False
BFA,Burkina Faso,2019,9.27180601,750.0,,17.6,40.07704603,26.11872544,False,False
BDI,Burundi,2019,6.072199821,250.0,,9.8,41.83524175,18.78617815,False,False
CPV,Cabo Verde,2019,61.94339776,4420.0,,91.4,95.29022856,71.62542851,False,False
KHM,Cambodia,2019,52.30587822,2100.0,,84.0,49.73445189,39.58302413,False,True
CMR,Cameroon,2019,36.53919983,1560.0,,63.2,,53.94879141,False,False
CAN,Canada,2019,91.91290283,46580.0,,100.0,110.980072,81.7363672,False,False
CYM,Cayman Islands,2019,,64520.0,,100.0,88.12251282,100.0,False,False
CAF,Central African Rep.,2019,7.509200096,500.0,,14.3,,41.78004304,False,False
TCD,Chad,2019,7.618199825,930.0,,8.4,20.19287747,24.27310474,False,False
CHI,Channel Islands,2019,,,,100.0,,32.8235411,False,False
CHL,Chile,2019,85.01760101,14700.0,,100.0,104.4057693,88.12736856,False,False
CHN,China,2019,64.0808813,10510.0,,100.0,,62.70991516,False,False
COL,Colombia,2019,65.00690072,6630.0,,99.4,101.9893494,77.45955285,False,False
COM,Comoros,2019,16.38380051,1530.0,,83.3,,31.72875841,False,False
COG,Congo (Rep. of the),2019,16.11639977,2180.0,,47.7,,63.51763761,False,False
COD,"Congo, Dem. Rep.",2019,13.02970028,460.0,,19.1,,42.87470909,False,False
CRI,Costa Rica,2019,81.20259644,12310.0,,99.7,132.8493347,77.04358647,False,False
CIV,Cote d'Ivoire,2019,36.28895457,2120.0,,68.6,53.79193062,51.35147998,False,False
HRV,Croatia,2019,79.07978368,15770.0,,100.0,105.1359787,56.30324796,False,False
CUB,Cuba,2019,67.97080866,9010.0,,99.8,100.4678099,77.07282257,False,False
CUW,Curacao,2019,,19140.0,,100.0,,91.37149182,False,False
CYP,Cyprus,2019,86.06362996,28380.0,,100.0,101.0174713,66.76773571,False,False
CZE,Czech Republic,2019,80.86694441,22440.0,,100.0,100.2155685,72.78764267,False,False
DNK,Denmark,2019,98.04643475,63020.0,,100.0,129.3111267,88.20964908,False,False
DJI,Djibouti,2019,58.4762001,2780.0,,64.7,,71.74181466,False,False
DMA,Dominica,2019,73.38200378,9350.0,,99.9,105.625543,71.43822849,False,False
DOM,Dominican Rep.,2019,79.71549988,7940.0,,99.0,81.85623604,73.54034647,False,False
ECU,Ecuador,2019,59.2,6100.0,,99.1,93.83716371,63.06271397,False,False
EGY,Egypt,2019,57.2828664,2640.0,,100.0,77.90939788,42.48120273,False,False
SLV,El Salvador,2019,50.49119407,4130.0,,97.4,64.84865372,72.4148941,False,False
GNQ,Equatorial Guinea,2019,49.13370132,5570.0,,66.6,,70.11754195,False,False
ERI,Eritrea,2019,11.22379971,,,50.3,,35.23523331,False,False
EST,Estonia,2019,90.2289282,23490.0,,100.0,112.2872009,69.57873977,False,False
SWZ,Eswatini,2019,43.93389893,3680.0,,77.0,,24.34595495,False,False
ETH,Ethiopia,2019,15.98460007,790.0,,48.0,,21.24867058,False,False
FRO,Faroe Islands,2019,,66020.0,,100.0,,38.39456558,False,False
FJI,Fiji,2019,63.21789932,5570.0,,96.1,91.87605885,56.70989552,False,False
FIN,Finland,2019,89.60738511,49590.0,,100.0,144.613205,72.74312144,False,False
FRA,France,2019,83.33974409,42720.0,,100.0,104.0768967,78.68907845,False,False
PYF,French Polynesia,2019,,24530.0,,100.0,,61.78241424,False,False
GAB,Gabon,2019,59.51760101,7040.0,,90.3,70.26399664,89.90318502,False,False
GMB,Gambia,2019,31.11829948,720.0,,62.1,,61.64321085,False,False
GEO,Georgia,2019,68.84671356,4780.0,,100.0,111.9008539,58.63040918,False,False
DEU,Germany,2019,88.13451691,50350.0,,100.0,101.1525574,81.30539917,False,False
GHA,Ghana,2019,22.0732,2170.0,,83.5,71.1877006,55.72462791,False,False
GIB,Gibraltar,2019,,,,100.0,100.9831467,100.0,False,False
GRC,Greece,2019,75.67120669,19770.0,,100.0,106.5278397,78.18881005,False,False
GRL,Greenland,2019,,,,100.0,,87.02178955,False,False
GRD,Grenada,2019,64.31279755,9400.0,,93.0,,36.13464657,False,False
GUM,Guam,2019,,,,100.0,,94.07998025,False,False
GTM,Guatemala,2019,44.40104984,4490.0,,95.4,52.5563884,54.18822673,False,False
GIN,Guinea,2019,23.89049911,970.0,,42.2,,36.12815475,False,False
GNB,Guinea-Bissau,2019,17.92149925,850.0,,30.9,,43.8745575,False,False
GUY,Guyana,2019,55.31269836,6380.0,,91.6,,26.42588348,False,False
HTI,Haiti,2019,35.76409912,1410.0,,45.4,,52.006906,False,False
HND,Honduras,2019,39.38835219,2330.0,,91.1,64.35241699,56.37915614,False,False
HKG,"Hong Kong SAR, China",2019,91.74340039,50480.0,,100.0,105.0689655,100.0,False,False
HUN,Hungary,2019,80.37169361,16840.0,,100.0,102.4386826,70.45652771,False,False
ISL,Iceland,2019,99.50494117,75560.0,,100.0,112.0343399,93.97708474,False,False
IND,India,2019,29.52350044,2070.0,,95.9,75.8716507,33.81395788,False,False
IDN,Indonesia,2019,47.69064898,4020.0,,98.8,94.94670449,55.73820496,True,True
IRN,Iran (Islamic Republic of),2019,72.45090477,4710.0,,100.0,,75.20388794,False,False
IRQ,Iraq,2019,44.32634655,5520.0,,100.0,,69.86833954,False,False
IRL,Ireland,2019,87.00005524,62460.0,,100.0,137.0756836,63.27370092,False,False
IMN,Isle of Man,2019,,84470.0,,100.0,,52.17898982,False,False
ISR,Israel,2019,86.78787762,44110.0,,100.0,97.88523865,91.6154002,False,False
ITA,Italy,2019,67.85071029,35030.0,,100.0,101.7417831,69.50500107,False,False
JAM,Jamaica,2019,70.84101697,5930.0,,98.9,85.76184997,56.69579574,False,False
JPN,Japan,2019,92.73039781,42960.0,,100.0,100.6602707,91.71642079,False,False
JOR,Jordan,2019,70.08470154,4580.0,,99.9,89.51047748,91.51596649,False,False
KAZ,Kazakhstan,2019,81.87762047,8500.0,,100.0,96.53713551,59.08324743,False,False
KEN,Kenya,2019,22.66877336,1880.0,,69.7,,31.18955664,False,False
KIR,Kiribati,2019,41.79299927,3610.0,,89.3,,56.28467271,False,False
KOR,Korea (Rep. of),2019,96.15757918,35790.0,,100.0,98.38130188,81.29010635,False,False
PRK,"Korea, Dem. People's Rep.",2019,,,,48.4,,62.35422266,False,False
XKX,Kosovo,2019,,4640.0,,,,44.00021716,False,False
KWT,Kuwait,2019,99.54267645,35680.0,,100.0,,100.0,False,False
KGZ,Kyrgyz Republic,2019,64.1,1240.0,,99.9,91.66861536,34.88052058,False,False
LAO,Lao P.D.R.,2019,47.03229904,2520.0,,98.4,64.98638546,35.90728809,False,True
LVA,Latvia,2019,86.13545644,17010.0,,100.0,107.6024628,68.06632369,False,False
LBN,Lebanon,2019,81.48120117,8630.0,,100.0,65.27676439,89.49867435,False,False
LSO,Lesotho,2019,42.30173357,1290.0,,44.6,,38.60409204,False,False
LBR,Liberia,2019,19.89579964,600.0,,23.1,,52.85526226,False,False
LBY,Libya,2019,71.40409851,10100.0,,68.5,,87.82201152,False,False
LIE,Liechtenstein,2019,93.14610291,,,100.0,119.2096634,14.607083,False,False
LTU,Lithuania,2019,81.58186838,19200.0,,100.0,106.8358612,67.24573517,False,False
LUX,Luxembourg,2019,97.12063569,79280.0,,100.0,106.9465103,93.25898397,False,False
MAC,"Macao SAR, China",2019,86.46792571,71600.0,,100.0,90.66898955,100.0,False,False
MDG,Madagascar,2019,9.379400253,500.0,,31.0,32.8161749,30.30469724,False,False
MWI,Malawi,2019,11.05860043,540.0,,11.2,35.52126725,16.13837466,False,False
MYS,Malaysia,2019,84.18714501,10750.0,,100.0,75.32298279,74.83777077,False,True
MDV,Maldives,2019,77.46970367,10730.0,,100.0,68.08576013,40.04927648,False,False
MLI,Mali,2019,24.96030045,960.0,,47.9,,28.35207157,False,False
MLT,Malta,2019,85.77859638,29830.0,,100.0,100.8163681,94.93320325,False,False
MHL,Marshall Islands,2019,49.75749969,6770.0,,96.8,92.64589594,76.9422712,False,False
MRT,Mauritania,2019,25.0977993,1720.0,,44.9,37.57937099,56.05962158,False,False
MUS,Mauritius,2019,61.72995515,12710.0,,100.0,93.13549687,39.25094928,False,False
MEX,Mexico,2019,69.63210927,9860.0,,99.6,105.5156097,78.35598433,False,False
FSM,Micronesia,2019,37.97370148,3850.0,,80.1,,22.35924578,False,False
MDA,Moldova,2019,73.32610321,4490.0,,100.0,95.65076385,40.77228928,False,False
MCO,Monaco,2019,98.0,,,100.0,,100.0,False,False
MNG,Mongolia,2019,51.07999408,3800.0,,98.9,88.74634715,67.82772996,False,False
MNE,Montenegro,2019,73.47666575,8970.0,,100.0,91.84033203,65.16867599,False,False
MAR,Morocco,2019,84.12036305,3510.0,,99.6,79.3440513,61.84304502,False,False
MOZ,Mozambique,2019,12.47929955,500.0,,29.7,,33.41772415,False,False
MMR,Myanmar,2019,36.54050064,1380.0,,68.3,,30.07824369,False,True
NAM,Namibia,2019,49.77590179,4870.0,,53.3,79.01250168,48.00198077,False,False
NRU,Naoero,2019,74.73789978,15840.0,,100.0,86.11309814,100.0,False,False
NPL,Nepal,2019,33.33660126,1240.0,,89.9,80.28005219,65.98739295,False,False
NLD,Netherlands,2019,93.2885906,52940.0,,100.0,114.8041687,93.88980289,False,False
NCL,New Caledonia,2019,,35130.0,,100.0,,67.15746737,False,False
NZL,New Zealand,2019,89.86370087,43090.0,,100.0,120.2663193,83.80496587,False,False
NIC,Nicaragua,2019,39.01079941,1930.0,,85.7,,58.54056714,False,False
NER,Niger,2019,11.28549957,600.0,,18.5,,16.8131465,False,False
NGA,Nigeria,2019,29.74410057,2260.0,,55.4,,58.96111864,False,False
MKD,North Macedonia,2019,81.41288276,6520.0,,100.0,82.53128052,60.62868481,False,False
MNP,Northern Mariana Islands,2019,,,,100.0,,91.61628521,False,False
NOR,Norway,2019,98.00000439,82500.0,,100.0,119.4213409,82.49358949,False,False
OMN,Oman,2019,90.25939941,17860.0,,100.0,102.141469,79.57800175,False,False
PAK,Pakistan,2019,17.07090172,1520.0,,93.9,38.75115528,37.10916317,False,False
PLW,Palau,2019,,16280.0,,100.0,,79.28038142,False,False
PAN,Panama,2019,63.62841477,15640.0,,93.9,,65.7529854,False,False
PNG,Papua New Guinea,2019,13.62419987,2420.0,,23.6,46.26684565,13.92782674,False,False
PRY,Paraguay,2019,68.51762842,5950.0,,99.7,,64.98452983,False,False
PER,Peru,2019,59.9505036,6850.0,,95.6,99.52971649,83.10330031,False,False
PHL,Philippines,2019,43.02661187,3760.0,,95.3,85.3821866,53.71578599,False,True
POL,Poland,2019,80.43590688,15510.0,,100.0,109.7533035,59.96261841,False,False
PRT,Portugal,2019,75.34637794,23250.0,,100.0,119.519371,61.11492725,False,False
PRI,Puerto Rico,2019,77.73643937,21310.0,,100.0,,93.95199122,False,False
QAT,Qatar,2019,99.65280421,65700.0,,100.0,105.1625675,99.11916967,False,False
ROU,Romania,2019,73.65747575,12660.0,,100.0,86.40740967,52.89318352,False,False
RUS,Russian Federation,2019,82.64216187,11190.0,,99.8,100.4717447,74.622286,False,False
RWA,Rwanda,2019,21.3579998,820.0,,46.6,44.07790325,22.9711027,False,False
KNA,Saint Kitts and Nevis,2019,69.43499756,23670.0,,100.0,118.920615,31.41218184,False,False
LCA,Saint Lucia,2019,61.08050156,11060.0,,100.0,88.34613037,24.24769747,False,False
VCT,Saint Vincent and the Grenadines,2019,59.57630157,8700.0,,100.0,127.1875,47.1962074,False,False
WSM,Samoa,2019,,4270.0,,99.2,,18.41473445,False,False
SMR,San Marino,2019,67.85070038,43770.0,,100.0,61.0058309,97.09999847,False,False
STP,Sao Tome and Principe,2019,44.25790024,1810.0,,75.1,,67.91299438,False,False
SAU,Saudi Arabia,2019,95.7247356,29140.0,,100.0,104.0482578,83.63946433,False,False
SEN,Senegal,2019,43.37969971,1430.0,,70.4,44.46245526,49.94433213,False,False
SRB,Serbia,2019,77.41677362,7380.0,,99.8,94.47219086,61.04922485,False,False
SYC,Seychelles,2019,76.63420105,18700.0,,100.0,100.8258775,44.0049304,False,False
SLE,Sierra Leone,2019,15.71370029,850.0,,22.7,61.19807816,42.70184449,False,False
SGP,Singapore,2019,88.94925269,58510.0,,100.0,104.6219879,100.0,False,True
SXM,Sint Maarten (Dutch part),2019,,34060.0,,100.0,,100.0,False,False
SVK,Slovak Republic,2019,82.8536605,19230.0,,100.0,91.32469177,53.36665587,False,False
SVN,Slovenia,2019,83.1083578,25900.0,,100.0,111.3695679,55.45232773,False,False
SLB,Solomon Islands,2019,22.48880005,2210.0,,69.4,,27.27510675,False,False
SOM,Somalia,2019,2.731400013,520.0,,49.2,,51.64211707,False,False
ZAF,South Africa,2019,69.69689941,6570.0,,85.0,103.7891203,63.4127255,False,False
SSD,South Sudan,2019,6.671000004,,,6.8,,19.90622992,False,False
ESP,Spain,2019,90.71866533,30560.0,,100.0,119.3791275,79.63497611,False,False
LKA,Sri Lanka,2019,32.02090073,4220.0,,99.8,,19.49463264,False,False
MAF,St. Martin (French part),2019,,,,100.0,,100.0,False,False
PSE,State of Palestine,2019,70.6225837,4200.0,,100.0,90.31352073,85.81361742,False,False
SDN,Sudan,2019,,720.0,,57.6,43.53786087,34.47276858,False,False
SUR,Suriname,2019,62.03350067,6000.0,,97.9,74.41145445,66.03704923,False,False
SWE,Sweden,2019,94.49344341,56100.0,,100.0,136.6410065,87.70884202,False,False
CHE,Switzerland,2019,93.14608695,84160.0,,100.0,104.0711136,80.77929073,False,False
SYR,Syrian Arab Republic,2019,,970.0,,89.2,,73.82487883,False,False
TJK,Tajikistan,2019,22.68630028,1050.0,,99.4,,26.13007355,False,False
TZA,Tanzania,2019,16.59090042,1050.0,,37.7,30.18242633,33.34752585,False,False
THA,Thailand,2019,66.65241946,7070.0,,99.9,81.72064259,55.92661667,False,True
TLS,Timor-Leste,2019,28.00460052,2180.0,,90.6,85.12482426,29.11487552,False,True
TGO,Togo,2019,20.72730064,950.0,,52.5,,41.4457312,False,False
TON,Tonga,2019,51.56299973,4980.0,,98.4,96.09330909,22.32881556,False,False
TTO,Trinidad and Tobago,2019,74.98670197,17240.0,,100.0,,53.93423947,False,False
TUN,Tunisia,2019,66.6999983,3590.0,,100.0,,68.82063826,False,False
TUR,Turkiye,2019,73.97670229,9970.0,,100.0,111.9104004,88.66181529,False,False
TKM,Turkmenistan,2019,,4350.0,,99.9,84.10783181,47.04945625,False,False
TCA,Turks & Caicos Is.,2019,,31510.0,,100.0,91.20561519,92.94048543,False,False
TUV,Tuvalu,2019,,6860.0,,99.7,80.21977997,61.24065292,False,False
UGA,Uganda,2019,11.72579956,810.0,,41.3,,27.83697818,False,False
UKR,Ukraine,2019,70.1248443,3270.0,,100.0,84.45682836,69.35276487,False,False
ARE,United Arab Emirates,2019,99.14999796,46690.0,,100.0,101.7473443,85.02982634,False,False
GBR,United Kingdom,2019,92.51662855,43640.0,,100.0,117.156601,82.66994207,False,False
USA,United States,2019,89.43028486,65840.0,,100.0,100.0634308,80.13047934,False,False
URY,Uruguay,2019,83.35153377,18390.0,,99.9,119.8485332,95.34793091,False,False
UZB,Uzbekistan,2019,70.39999865,2240.0,,100.0,96.20747375,50.5920105,False,False
VUT,Vanuatu,2019,,4120.0,,64.5,,23.50246689,False,False
VEN,Venezuela,2019,49.05009842,2370.0,,99.8,,89.10301005,False,False
VNM,Viet Nam,2019,68.66158021,3290.0,,99.4,94.65462168,34.6239135,False,True
VIR,Virgin Islands (U.S.),2019,,,,100.0,,95.08574814,False,False
YEM,Yemen,2019,17.49099922,,,72.8,,34.90675617,False,False
ZMB,Zambia,2019,14.47189999,1380.0,,43.0,,43.48978645,False,False
ZWE,Zimbabwe,2019,26.5883007,2430.0,,46.7,,36.18376383,False,False
AFG,Afghanistan,2020,17.04850006,490.0,,97.7,,25.26221034,False,False
ALB,Albania,2020,72.23767711,5970.0,,100.0,95.92944745,57.14085922,False,False
DZA,Algeria,2020,63.47269821,4020.0,,99.7,,73.05411263,False,False
ASM,American Samoa,2020,,,,,,82.62407806,False,False
AND,Andorra,2020,93.20570374,42450.0,,100.0,97.15003967,88.59077804,False,False
AGO,Angola,2020,33.32089996,2000.0,,47.0,,67.45682702,False,False
ATG,Antigua and Barbuda,2020,71.36840057,15460.0,,100.0,,24.64061563,False,False
ARG,Argentina,2020,85.51438646,9040.0,,100.0,112.3767319,91.94390266,False,False
ARM,Armenia,2020,76.50770055,4230.0,,100.0,88.50802982,65.17421725,False,False
ABW,Aruba,2020,,22750.0,,100.0,135.1247253,62.00288376,False,False
AUS,Australia,2020,94.6934967,53770.0,,100.0,137.4907379,87.27134705,False,False
AUT,Austria,2020,87.52942813,49000.0,,100.0,101.6905594,68.54101779,False,False
AZE,Azerbaijan,2020,84.59999573,4480.0,,100.0,91.3655135,58.29346918,False,False
BHS,Bahamas,2020,92.4437027,25180.0,,100.0,,81.66426002,False,False
BHR,Bahrain,2020,99.67103159,23870.0,,100.0,,100.0,False,False
BGD,Bangladesh,2020,36.10910034,2320.0,,96.2,66.43295485,31.11689273,False,False
BRB,Barbados,2020,69.89009857,18290.0,,100.0,104.3189926,59.30145833,False,False
BLR,Belarus,2020,85.08791245,6410.0,,100.0,100.5757104,77.78903858,False,False
BEL,Belgium,2020,91.52641629,46330.0,,100.0,151.7275085,87.2964995,False,False
BLZ,Belize,2020,64.43589783,5170.0,,96.8,86.18865962,42.64984244,False,False
BEN,Benin,2020,22.12059975,1190.0,,41.0,43.98587036,49.44615672,False,False
BMU,Bermuda,2020,,110850.0,,100.0,,100.0,False,False
BTN,Bhutan,2020,76.85079956,3040.0,,100.0,89.77114289,39.68888399,False,False
BOL,Bolivia,2020,59.94010155,3620.0,,97.2,88.86723698,70.04426355,False,False
BIH,Bosnia and Herzegovina,2020,73.21175294,6160.0,,100.0,85.55911255,49.97108521,False,False
BWA,Botswana,2020,51.67819977,6600.0,,71.8,,66.44881665,False,False
BRA,Brazil,2020,81.34269353,8080.0,,99.7,103.8826599,86.91121865,False,False
VGB,British Virgin Islands,2020,,,,100.0,73.95017794,53.17090748,False,False
BRN,Brunei Darussalam,2020,96.30549622,30810.0,,100.0,86.68578103,74.77481089,False,True
BGR,Bulgaria,2020,70.16248359,10090.0,,99.7,101.3549423,73.32398987,False,False
BFA,Burkina Faso,2020,12.97319984,780.0,,18.5,39.25400848,26.35783736,False,False
BDI,Burundi,2020,6.430099964,240.0,,9.1,44.91517174,19.93099843,False,False
CPV,Cabo Verde,2020,69.37339783,3510.0,,93.7,98.30930237,72.88385216,False,False
KHM,Cambodia,2020,56.37590027,2050.0,,86.4,51.81969833,39.83265803,False,True
CMR,Cameroon,2020,37.69749832,1540.0,,64.3,,54.25579492,False,False
CAN,Canada,2020,92.3,43900.0,,100.0,109.6280594,81.95098887,False,False
CYM,Cayman Islands,2020,,62420.0,,100.0,84.09091187,100.0,False,False
CAF,Central African Rep.,2020,,490.0,,15.4,,42.30507859,False,False
TCD,Chad,2020,8.343099594,890.0,,10.9,,24.73419218,False,False
CHI,Channel Islands,2020,,,,100.0,,32.8247185,False,False
CHL,Chile,2020,87.45929718,12960.0,,100.0,103.6916885,88.29534904,False,False
CHN,China,2020,70.05275998,10740.0,,100.0,,63.52342303,False,False
COL,Colombia,2020,69.79533474,5850.0,,99.7,101.4994507,77.63825335,False,False
COM,Comoros,2020,22.42040062,1530.0,,85.6,,32.06380722,False,False
COG,Congo (Rep. of the),2020,21.99850082,2230.0,,48.7,,63.57609045,False,False
COD,"Congo, Dem. Rep.",2020,14.51049995,480.0,,20.1,,43.25286025,False,False
CRI,Costa Rica,2020,80.53018608,11780.0,,99.9,132.6786804,77.52115373,False,False
CIV,Cote d'Ivoire,2020,36.01660156,2120.0,,69.9,55.43803237,51.83576608,False,False
HRV,Croatia,2020,78.32090004,15060.0,,100.0,105.5854187,56.52848634,False,False
CUB,Cuba,2020,71.11907507,,,99.9,101.4879906,77.10803223,False,False
CUW,Curacao,2020,,16190.0,,100.0,129.470257,91.38208817,False,False
CYP,Cyprus,2020,90.80194644,26780.0,,100.0,101.9358368,66.71804435,False,False
CZE,Czech Republic,2020,81.33889705,22190.0,,100.0,99.32926178,72.72549016,False,False
DNK,Denmark,2020,96.54914573,62710.0,,100.0,129.9951935,88.23944855,False,False
DJI,Djibouti,2020,59.92570114,2780.0,,64.5,,71.99901705,False,False
DMA,Dominica,2020,75.65670013,8230.0,,100.0,105.1815796,71.84657678,False,False
DOM,Dominican Rep.,2020,81.61730194,7080.0,,100.0,80.04441192,73.26437938,False,False
ECU,Ecuador,2020,70.7,5410.0,,98.8,93.98494913,63.07738978,False,False
EGY,Egypt,2020,71.91420096,2960.0,,100.0,79.65447501,42.51815346,False,False
SLV,El Salvador,2020,54.60136976,3800.0,,99.7,65.18371913,73.05702209,False,False
GNQ,Equatorial Guinea,2020,55.00130081,6140.0,,66.7,,70.38533142,False,False
ERI,Eritrea,2020,14.34939957,,,51.4,,35.11613846,False,False
EST,Estonia,2020,89.05828666,23580.0,,100.0,112.5277023,69.88157789,False,False
SWZ,Eswatini,2020,49.01300049,3430.0,,80.0,,24.66527989,False,False
ETH,Ethiopia,2020,16.06959915,820.0,,51.1,,21.62600517,False,False
FRO,Faroe Islands,2020,,64210.0,,100.0,,38.66899872,False,False
FJI,Fiji,2020,68.62560272,4560.0,,97.1,91.54163361,57.18668469,False,False
FIN,Finland,2020,92.17027106,49630.0,,100.0,143.1229095,73.08494398,False,False
FRA,France,2020,84.70639801,39690.0,,100.0,104.5665665,78.71191318,False,False
PYF,French Polynesia,2020,,22170.0,,100.0,,61.76731009,False,False
GAB,Gabon,2020,63.91790009,6820.0,,91.1,,90.34807504,False,False
GMB,Gambia,2020,36.01100159,720.0,,62.2,,62.20692517,False,False
GEO,Georgia,2020,72.53157487,4330.0,,100.0,108.0669948,58.99905528,False,False
DEU,Germany,2020,89.81294133,48540.0,,100.0,101.3078003,81.4700055,False,False
GHA,Ghana,2020,62.51760101,2120.0,,85.4,74.01021863,56.2171614,False,False
GIB,Gibraltar,2020,,,,100.0,100.5002289,100.0,False,False
GRC,Greece,2020,78.11584474,18030.0,,100.0,103.6158295,78.30668425,False,False
GRL,Greenland,2020,,,,100.0,,87.2840882,False,False
GRD,Grenada,2020,65.65380096,8390.0,,93.4,104.2986692,36.20505025,False,False
GUM,Guam,2020,,,,100.0,,94.08049911,False,False
GTM,Guatemala,2020,47.51229858,4360.0,,96.6,51.79569648,54.54831679,False,False
GIN,Guinea,2020,26.14550018,1030.0,,44.7,,36.48022081,False,False
GNB,Guinea-Bissau,2020,20.45730019,860.0,,33.4,,44.30383301,False,False
GUY,Guyana,2020,62.95399857,8090.0,,92.3,86.94001007,26.43403974,False,False
HTI,Haiti,2020,39.38809967,1340.0,,46.3,,52.63074767,False,False
HND,Honduras,2020,45.24829865,2120.0,,93.1,58.42689994,56.8691654,False,False
HKG,"Hong Kong SAR, China",2020,92.41313602,48550.0,,100.0,100.449692,100.0,False,False
HUN,Hungary,2020,84.77115202,16330.0,,100.0,101.9406281,70.29173279,False,False
ISL,Iceland,2020,99.5327519,66730.0,,100.0,110.4873199,94.13671029,False,False
IND,India,2020,43.40544313,1900.0,,96.5,77.62715484,34.12867261,False,False
IDN,Indonesia,2020,53.72649449,3850.0,,97.0,96.93457791,56.27852876,True,True
IRN,Iran (Islamic Republic of),2020,75.56986637,3980.0,,100.0,85.19139862,75.59864044,False,False
IRQ,Iraq,2020,53.67779922,4720.0,,100.0,,69.86831665,False,False
IRL,Ireland,2020,91.99989097,64420.0,,100.0,133.4970245,63.47133667,False,False
IMN,Isle of Man,2020,,79280.0,,100.0,,52.19095198,False,False
ISR,Israel,2020,90.12734091,43330.0,,100.0,98.09584045,91.57884532,False,False
ITA,Italy,2020,70.48342785,32600.0,,100.0,101.8361282,69.51874924,False,False
JAM,Jamaica,2020,76.38400269,5360.0,,99.7,81.53378166,57.11036476,False,False
JPN,Japan,2020,90.21945812,41880.0,,100.0,101.3405685,91.78099263,False,False
JOR,Jordan,2020,78.4178009,4460.0,,99.9,90.19929929,91.8216723,False,False
KAZ,Kazakhstan,2020,85.94259898,8380.0,,100.0,91.94902063,59.98711935,False,False
KEN,Kenya,2020,24.7227993,1910.0,,71.5,,31.20634946,False,False
KIR,Kiribati,2020,52.95090103,3070.0,,91.0,,58.41237141,False,False
KOR,Korea (Rep. of),2020,96.50506052,35000.0,,100.0,97.08882141,81.17595956,False,False
PRK,"Korea, Dem. People's Rep.",2020,,,,50.5,,62.63551405,False,False
XKX,Kosovo,2020,,4450.0,,,,45.22686253,False,False
KWT,Kuwait,2020,99.10587017,33150.0,,100.0,,100.0,False,False
KGZ,Kyrgyz Republic,2020,72.0,1210.0,,99.9,92.16553056,34.81743154,False,False
LAO,Lao P.D.R.,2020,54.0,2470.0,,99.3,62.44930581,36.61850336,False,True
LVA,Latvia,2020,88.89796078,17350.0,,100.0,105.9562836,68.12112229,False,False
LBN,Lebanon,2020,82.0664978,6350.0,,100.0,65.89697761,89.7294998,False,False
LSO,Lesotho,2020,43.65750122,1170.0,,47.5,,39.63293054,False,False
LBR,Liberia,2020,22.91069984,570.0,,27.6,37.74168015,53.38786856,False,False
LBY,Libya,2020,74.35810089,7000.0,,69.4,,87.82782671,False,False
LIE,Liechtenstein,2020,94.34999847,,,100.0,120.228447,14.66666229,False,False
LTU,Lithuania,2020,83.05554724,19800.0,,100.0,106.8108215,67.42546082,False,False
LUX,Luxembourg,2020,98.45962893,80090.0,,100.0,107.078949,93.860069,False,False
MAC,"Macao SAR, China",2020,87.46230316,43810.0,,100.0,88.57718121,100.0,False,False
MDG,Madagascar,2020,11.35470009,450.0,,32.0,,30.70194742,False,False
MWI,Malawi,2020,13.89949989,560.0,,11.5,41.45650751,16.29614718,False,False
MYS,Malaysia,2020,89.55501192,10110.0,,100.0,73.24594116,75.05118956,False,True
MDV,Maldives,2020,79.09780121,7050.0,,100.0,69.89820156,40.39851479,False,False
MLI,Mali,2020,29.11300087,930.0,,50.6,,29.0205973,False,False
MLT,Malta,2020,86.85876183,26910.0,,100.0,100.1127777,95.18410823,False,False
MHL,Marshall Islands,2020,56.41910172,6610.0,,98.3,92.96925048,77.28586461,False,False
MRT,Mauritania,2020,29.90649986,1720.0,,45.4,36.02770301,56.98367011,False,False
MUS,Mauritius,2020,67.73290684,10780.0,,99.5,89.50199984,39.16070391,False,False
MEX,Mexico,2020,71.49017499,8920.0,,99.4,102.581543,78.6779606,False,False
FSM,Micronesia,2020,39.38330078,4070.0,,81.9,,22.375206,False,False
MDA,Moldova,2020,74.11830139,4360.0,,100.0,96.17333747,41.33685303,False,False
MCO,Monaco,2020,98.57080078,,,100.0,,100.0,False,False
MNG,Mongolia,2020,62.50002848,3690.0,,99.5,95.38263707,68.08947718,False,False
MNE,Montenegro,2020,77.60879306,7780.0,,99.9,92.35787201,65.24906884,False,False
MAR,Morocco,2020,84.12036305,3260.0,,100.0,80.30879965,62.0933436,False,False
MOZ,Mozambique,2020,14.28740025,480.0,,30.6,,33.90440064,False,False
MMR,Myanmar,2020,45.4477005,1320.0,,70.4,,30.159305,False,True
NAM,Namibia,2020,57.8608017,4240.0,,52.3,82.88729925,48.54738175,False,False
NRU,Naoero,2020,77.46659851,17180.0,,100.0,80.24337769,100.0,False,False
NPL,Nepal,2020,36.96530151,1190.0,,89.9,85.31015778,66.10508861,False,False
NLD,Netherlands,2020,91.33333333,51490.0,,100.0,136.2841644,94.25322778,False,False
NCL,New Caledonia,2020,,34890.0,,100.0,,67.27472611,False,False
NZL,New Zealand,2020,90.92099762,41880.0,,100.0,116.8931885,83.81389771,False,False
NIC,Nicaragua,2020,44.87490082,1810.0,,86.0,,58.70459227,False,False
NER,Niger,2020,11.85680008,570.0,,18.7,,17.008142,False,False
NGA,Nigeria,2020,31.88879967,2460.0,,55.4,44.12208939,59.76596548,False,False
MKD,North Macedonia,2020,81.40553811,6460.0,,100.0,82.44167328,61.15933027,False,False
MNP,Northern Mariana Islands,2020,,,,100.0,,91.69083674,False,False
NOR,Norway,2020,94.60755647,78460.0,,100.0,119.9415436,82.70298857,False,False
OMN,Oman,2020,95.23229321,17190.0,,100.0,94.54324609,80.01763789,False,False
PAK,Pakistan,2020,18.935,1370.0,,94.5,,37.50801929,False,False
PLW,Palau,2020,,15440.0,,100.0,160.8000031,79.0796884,False,False
PAN,Panama,2020,64.82430267,13070.0,,95.3,,65.78629996,False,False
PNG,Papua New Guinea,2020,15.02040005,2410.0,,20.5,44.55281992,14.17036772,False,False
PRY,Paraguay,2020,73.95751114,5550.0,,99.7,85.66693092,66.11652099,False,False
PER,Peru,2020,65.25179796,6080.0,,96.2,100.1387024,83.52674372,False,False
PHL,Philippines,2020,53.76490021,3350.0,,96.4,87.94198795,54.10777199,False,True
POL,Poland,2020,83.18488715,15640.0,,100.0,112.5762634,59.87381411,False,False
PRT,Portugal,2020,78.26166044,21910.0,,100.0,118.682869,61.10425668,False,False
PRI,Puerto Rico,2020,,21200.0,,100.0,,94.0116145,False,False
QAT,Qatar,2020,99.65284913,57730.0,,100.0,105.8693284,99.16179138,False,False
ROU,Romania,2020,78.45526895,12720.0,,100.0,86.41687775,52.61194725,False,False
RUS,Russian Federation,2020,84.99466978,10660.0,,99.9,91.5812884,74.69322168,False,False
RWA,Rwanda,2020,23.8,780.0,,45.2,,24.50297611,False,False
KNA,Saint Kitts and Nevis,2020,70.27529907,19340.0,,100.0,111.1952066,31.47162897,False,False
LCA,Saint Lucia,2020,62.06399918,8700.0,,100.0,88.73763275,25.75243866,False,False
VCT,Saint Vincent and the Grenadines,2020,63.38100052,8360.0,,100.0,127.8443912,47.32551719,False,False
WSM,Samoa,2020,,4080.0,,100.0,,18.0516609,False,False
SMR,San Marino,2020,77.94999695,40570.0,,100.0,61.86046512,97.09999847,False,False
STP,Sao Tome and Principe,2020,51.55469894,2030.0,,76.8,,68.04367065,False,False
SAU,Saudi Arabia,2020,97.8623325,26940.0,,100.0,104.4110274,83.80643529,False,False
SEN,Senegal,2020,53.30879974,1430.0,,64.3,44.78662978,51.05629501,False,False
SRB,Serbia,2020,78.36804864,7790.0,,100.0,92.24117279,61.22320175,False,False
SYC,Seychelles,2020,79.25170135,15400.0,,100.0,102.1881838,44.29361472,False,False
SLE,Sierra Leone,2020,17.12080002,840.0,,26.3,62.56068039,43.21296591,False,False
SGP,Singapore,2020,92.00434653,56290.0,,100.0,103.1158392,100.0,False,True
SXM,Sint Maarten (Dutch part),2020,,29440.0,,100.0,,100.0,False,False
SVK,Slovak Republic,2020,89.92090413,19420.0,,100.0,90.81334686,53.24819989,False,False
SVN,Slovenia,2020,86.60130109,25380.0,,100.0,110.359169,55.38439178,False,False
SLB,Solomon Islands,2020,24.1984005,2170.0,,72.9,,28.03275552,False,False
SOM,Somalia,2020,15.02369976,500.0,,49.9,,52.28631801,False,False
ZAF,South Africa,2020,72.1128006,5930.0,,90.0,103.5011781,63.43730883,False,False
SSD,South Sudan,2020,,,,7.3,,20.19145655,False,False
ESP,Spain,2020,93.20564892,27410.0,,100.0,118.3381882,79.69556746,False,False
LKA,Sri Lanka,2020,36.18473435,3880.0,,100.0,,19.66218983,False,False
MAF,St. Martin (French part),2020,,,,100.0,,100.0,False,False
PSE,State of Palestine,2020,76.18160248,3700.0,,100.0,90.25440567,86.07411837,False,False
SDN,Sudan,2020,,600.0,,59.7,,34.55944338,False,False
SUR,Suriname,2020,,4710.0,,98.4,73.11669922,66.00830078,False,False
SWE,Sweden,2020,94.53943122,54590.0,,100.0,136.4261322,87.94240469,False,False
CHE,Switzerland,2020,94.34999847,83150.0,,100.0,104.2116165,82.34168385,False,False
SYR,Syrian Arab Republic,2020,,820.0,,89.0,39.07278061,73.41250311,False,False
TJK,Tajikistan,2020,27.54409981,1030.0,,99.5,90.90120728,26.19254423,False,False
TZA,Tanzania,2020,19.48139954,1060.0,,39.9,30.92059386,33.8547246,False,False
THA,Thailand,2020,77.84374066,6910.0,,100.0,82.3668561,57.23587799,False,True
TLS,Timor-Leste,2020,32.01269913,2040.0,,96.0,84.74104044,28.96190499,False,True
TGO,Togo,2020,29.02370071,970.0,,54.1,,41.87815273,False,False
TON,Tonga,2020,54.47370148,5210.0,,99.9,90.463998,21.87662068,False,False
TTO,Trinidad and Tobago,2020,77.28130341,15040.0,,100.0,,53.93776896,False,False
TUN,Tunisia,2020,68.55639648,3270.0,,99.9,,69.10431664,False,False
TUR,Turkiye,2020,77.6695605,9330.0,,100.0,112.5274582,88.9303115,False,False
TKM,Turkmenistan,2020,,4180.0,,100.0,86.81202253,47.05469619,False,False
TCA,Turks & Caicos Is.,2020,,20840.0,,99.4,91.1872705,93.19604084,False,False
TUV,Tuvalu,2020,,6920.0,,99.4,77.07715134,61.92126105,False,False
UGA,Uganda,2020,7.4,820.0,,42.1,,28.53997523,False,False
UKR,Ukraine,2020,75.03790912,3530.0,,100.0,84.42833386,69.38391005,False,False
ARE,United Arab Emirates,2020,100.0,41310.0,,100.0,99.16354008,85.19552557,False,False
GBR,United Kingdom,2020,94.81820132,39350.0,,100.0,114.6172485,82.90000153,False,False
USA,United States,2020,90.34470367,64630.0,,100.0,100.509819,79.99745176,False,False
URY,Uruguay,2020,85.47100067,16130.0,,100.0,116.9918289,95.39976501,False,False
UZB,Uzbekistan,2020,71.09999824,2090.0,,100.0,90.06429702,50.76704025,False,False
VUT,Vanuatu,2020,,3740.0,,67.3,59.16880035,22.41868521,False,False
VEN,Venezuela,2020,72.44110107,1670.0,,99.9,,89.13990566,False,False
VNM,Viet Nam,2020,70.30000012,3400.0,,99.8,93.19213895,35.57066763,False,True
VIR,Virgin Islands (U.S.),2020,,,,100.0,,95.09740245,False,False
YEM,Yemen,2020,,,,73.9,,35.70256046,False,False
ZMB,Zambia,2020,14.64579964,1110.0,,44.6,,43.86444894,False,False
ZWE,Zimbabwe,2020,29.29856532,1980.0,,52.7,,37.00976716,False,False
AFG,Afghanistan,2021,16.51429939,380.0,12.14,97.7,,25.34786203,False,False
ALB,Albania,2021,79.32371752,6940.0,2.16,100.0,97.66503303,57.5077187,False,False
DZA,Algeria,2021,72.21240234,4120.0,0.88,99.8,,73.61992183,False,False
ASM,American Samoa,2021,,,,,,82.21270915,False,False
AND,Andorra,2021,93.89749908,44720.0,,100.0,98.04042053,88.66273182,False,False
AGO,Angola,2021,34.55649948,1960.0,3.56,48.2,53.13515427,68.25241636,False,False
ATG,Antigua and Barbuda,2021,71.64530182,16690.0,3.13,100.0,,24.57498382,False,False
ARG,Argentina,2021,87.15070683,10070.0,1.39,100.0,115.7357788,92.02927762,False,False
ARM,Armenia,2021,78.61225758,4580.0,1.05,100.0,91.48537351,65.35728753,False,False
ABW,Aruba,2021,,26550.0,1.16,100.0,123.6259079,61.92753399,False,False
AUS,Australia,2021,96.97219849,57220.0,0.24,100.0,135.5265656,87.23534076,False,False
AUT,Austria,2021,92.52915104,53440.0,0.29,100.0,102.307663,68.7736017,False,False
AZE,Azerbaijan,2021,85.99998954,4910.0,1.69,100.0,91.41063676,58.36599697,False,False
BHS,Bahamas,2021,92.34980011,29910.0,0.68,100.0,72.63818801,81.47842353,False,False
BHR,Bahrain,2021,100.0,25240.0,1.06,100.0,,100.0,False,False
BGD,Bangladesh,2021,38.91744466,2600.0,1.36,99.0,66.82823186,31.39921569,False,False
BRB,Barbados,2021,69.4756012,20700.0,2.63,100.0,103.5694733,59.32203654,False,False
BLR,Belarus,2021,86.88841196,7040.0,0.76,100.0,100.4206392,78.1310868,False,False
BEL,Belgium,2021,92.78867618,51140.0,0.46,100.0,143.1635132,87.43055641,False,False
BLZ,Belize,2021,70.65370178,6120.0,4.18,97.7,88.82155469,42.39108092,False,False
BEN,Benin,2021,28.20470047,1280.0,6.53,42.0,44.2737999,50.19618076,False,False
BMU,Bermuda,2021,,120460.0,,100.0,,100.0,False,False
BTN,Bhutan,2021,85.63688389,3300.0,0.89,100.0,92.52483803,40.30751999,False,False
BOL,Bolivia,2021,65.9773785,3990.0,2.8,98.6,90.41441374,70.34504128,False,False
BIH,Bosnia and Herzegovina,2021,75.67620138,6970.0,1.35,100.0,85.67614746,50.48994795,False,False
BWA,Botswana,2021,54.70069885,7440.0,1.17,73.7,70.6292572,66.51827671,False,False
BRA,Brazil,2021,80.68989314,8060.0,0.63,99.5,106.2984619,87.13607817,False,False
VGB,British Virgin Islands,2021,,,,100.0,75.2016129,53.97261868,False,False
BRN,Brunei Darussalam,2021,97.62879944,29890.0,0.28,100.0,,74.76673169,False,True
BGR,Bulgaria,2021,75.27144583,11720.0,1.08,99.8,98.70876312,73.34676562,False,False
BFA,Burkina Faso,2021,18.1522007,820.0,10.46,19.0,38.14803124,26.81143077,False,False
BDI,Burundi,2021,6.777999878,250.0,13.65,10.2,,21.11088619,False,False
CPV,Cabo Verde,2021,70.28250122,3870.0,3.31,95.5,97.00592504,74.16079309,False,False
KHM,Cambodia,2021,60.76269913,2120.0,2.42,82.5,54.28093231,40.10918581,False,True
CMR,Cameroon,2021,38.89260101,1610.0,3.95,65.4,45.52557671,54.55486645,False,False
CAN,Canada,2021,93.93710327,49080.0,0.63,100.0,108.3373413,82.17792791,False,False
CYM,Cayman Islands,2021,,76260.0,0.73,100.0,85.46164446,100.0,False,False
CAF,Central African Rep.,2021,,510.0,40.99,15.7,,42.85477829,False,False
TCD,Chad,2021,9.653699875,890.0,24.1,11.3,23.15417677,25.23122464,False,False
CHI,Channel Islands,2021,,,,100.0,,32.81481411,False,False
CHL,Chile,2021,90.23280334,14790.0,0.48,100.0,106.6735229,88.46605117,False,False
CHN,China,2021,73.05323517,12220.0,0.5,100.0,,64.72107697,False,False
COL,Colombia,2021,73.02837449,6310.0,1.86,100.0,102.987999,77.83395703,False,False
COM,Comoros,2021,30.68120003,1590.0,7.9,87.9,,32.41244443,False,False
COG,Congo (Rep. of the),2021,30.02739906,2040.0,12.35,49.7,,63.61791258,False,False
COD,"Congo, Dem. Rep.",2021,16.1595993,530.0,10.91,20.8,55.36362839,43.62906818,False,False
CRI,Costa Rica,2021,82.74901607,12750.0,0.72,100.0,138.9033813,77.98689402,False,False
CIV,Cote d'Ivoire,2021,35.95069885,2300.0,2.58,71.1,57.135967,52.3183462,False,False
HRV,Croatia,2021,81.25396608,17390.0,0.71,100.0,105.8763428,56.76835026,False,False
CUB,Cuba,2021,67.64354869,,,100.0,100.0161815,77.09877014,False,False
CUW,Curacao,2021,,17950.0,1.93,100.0,,91.39186583,False,False
CYP,Cyprus,2021,90.75951564,29560.0,0.81,100.0,102.0476532,66.67183654,False,False
CZE,Czech Republic,2021,82.67062427,25500.0,0.51,100.0,102.0899429,72.68105944,False,False
DNK,Denmark,2021,98.8658506,69810.0,0.49,100.0,131.7720184,88.26164493,False,False
DJI,Djibouti,2021,61.41120148,2990.0,6.09,65.4,,72.28829546,False,False
DMA,Dominica,2021,78.07949829,8660.0,5.62,100.0,105.5356342,72.261362,False,False
DOM,Dominican Rep.,2021,85.24298638,8160.0,2.58,98.1,75.70448078,72.92433474,False,False
ECU,Ecuador,2021,69.1147995,6100.0,2.17,100.0,94.58992826,63.08712682,False,False
EGY,Egypt,2021,72.05599976,3470.0,1.09,100.0,81.88334871,42.56860626,False,False
SLV,El Salvador,2021,57.26380157,4380.0,4.93,97.9,64.98137875,73.68385315,False,False
GNQ,Equatorial Guinea,2021,58.71730042,5980.0,23.54,66.8,,70.6431215,False,False
ERI,Eritrea,2021,,,,52.5,,34.98711395,False,False
EST,Estonia,2021,90.97970174,26490.0,0.24,100.0,113.01091,70.17772741,False,False
SWZ,Eswatini,2021,53.99530029,3620.0,4.05,82.9,,25.01561805,False,False
ETH,Ethiopia,2021,16.6981031,880.0,5.34,54.2,,22.10670853,False,False
FRO,Faroe Islands,2021,,70050.0,0.26,100.0,,38.80837631,False,False
FJI,Fiji,2021,70.56800079,4380.0,3.01,92.1,93.95505855,57.66183648,False,False
FIN,Finland,2021,92.80806082,52810.0,0.36,100.0,143.3613434,73.37102158,False,False
FRA,France,2021,86.09548575,44300.0,0.66,100.0,104.5228424,78.73646034,False,False
PYF,French Polynesia,2021,,23460.0,,100.0,,61.73998132,False,False
GAB,Gabon,2021,65.76809692,7000.0,2.24,91.8,,90.78819673,False,False
GMB,Gambia,2021,41.67309952,760.0,12.18,63.7,107.0271256,62.75507066,False,False
GEO,Georgia,2021,76.4427093,4760.0,0.85,100.0,106.2018567,59.42935606,False,False
DEU,Germany,2021,91.43060973,52850.0,0.29,100.0,101.203537,81.63258707,False,False
GHA,Ghana,2021,68.6,2250.0,2.33,86.3,76.20847421,56.69525568,False,False
GIB,Gibraltar,2021,,,,100.0,101.4765091,100.0,False,False
GRC,Greece,2021,78.49426371,20350.0,0.66,100.0,104.7780685,78.38848986,False,False
GRL,Greenland,2021,,,,100.0,,87.54520176,False,False
GRD,Grenada,2021,67.02279663,8890.0,5.08,93.7,100.9891772,36.28316037,False,False
GUM,Guam,2021,,,,100.0,,94.08843277,False,False
GTM,Guatemala,2021,50.84164945,4800.0,3.4,97.9,48.15745603,54.90470716,False,False
GIN,Guinea,2021,28.61330032,1120.0,5.74,46.8,,36.85021784,False,False
GNB,Guinea-Bissau,2021,23.3519001,910.0,8.45,35.8,,44.7334137,False,False
GUY,Guyana,2021,71.65090179,7810.0,4.03,92.9,86.70068359,26.44330396,False,False
HTI,Haiti,2021,43.37919998,1450.0,18.53,47.2,,53.24606379,False,False
HND,Honduras,2021,51.95159912,2440.0,8.71,94.1,54.50465666,57.35502364,False,False
HKG,"Hong Kong SAR, China",2021,93.08715788,54380.0,0.13,100.0,100.1610268,100.0,False,False
HUN,Hungary,2021,88.64083466,18070.0,0.84,100.0,99.6460495,70.20592753,False,False
ISL,Iceland,2021,99.68701957,68000.0,0.42,100.0,115.1563034,94.21082064,False,False
IND,India,2021,49.2580986,2170.0,1.1,99.6,80.62463967,34.44255172,False,False
IDN,Indonesia,2021,62.10447842,4130.0,0.85,99.2,97.84414798,56.87617025,True,True
IRN,Iran (Islamic Republic of),2021,78.5957366,4110.0,,100.0,,75.99263763,False,False
IRQ,Iraq,2021,65.00219727,4740.0,2.45,100.0,,69.86827087,False,False
IRL,Ireland,2021,93.50610352,74070.0,0.43,100.0,132.9476929,63.67742294,False,False
IMN,Isle of Man,2021,,76440.0,,100.0,,52.19995597,False,False
ISR,Israel,2021,90.29689758,49640.0,0.24,100.0,98.87004089,91.53535175,False,False
ITA,Italy,2021,74.8623274,36760.0,0.43,100.0,101.8348694,69.48125076,False,False
JAM,Jamaica,2021,82.36071561,5690.0,3.58,100.0,85.80935252,57.54110179,False,False
JPN,Japan,2021,82.91407928,45160.0,1.25,100.0,101.7444,91.87410493,False,False
JOR,Jordan,2021,85.999997,4650.0,3.67,99.9,90.06360225,92.11797291,False,False
KAZ,Kazakhstan,2021,90.9239507,8540.0,0.91,100.0,94.31052209,61.03025428,False,False
KEN,Kenya,2021,26.96290016,2070.0,3.12,76.5,80.37742697,31.2879334,False,False
KIR,Kiribati,2021,67.08760071,3150.0,5.62,92.8,87.14216693,59.63646453,False,False
KOR,Korea (Rep. of),2021,97.57132698,37450.0,0.53,100.0,98.06922913,81.16165265,False,False
PRK,"Korea, Dem. People's Rep.",2021,,,,52.6,,62.92656056,False,False
XKX,Kosovo,2021,,5140.0,,,,46.49957894,False,False
KWT,Kuwait,2021,99.7,35990.0,0.54,100.0,,100.0,False,False
KGZ,Kyrgyz Republic,2021,77.11769867,1270.0,2.76,99.7,92.50620003,34.75212102,False,False
LAO,Lao P.D.R.,2021,62.0,2500.0,2.67,100.0,59.85305953,37.33877827,False,True
LVA,Latvia,2021,91.17964988,19310.0,0.47,100.0,105.8140106,68.18087915,False,False
LBN,Lebanon,2021,82.65599823,4770.0,6.29,100.0,67.51436178,89.96536205,False,False
LSO,Lesotho,2021,45.05670166,1190.0,7.44,50.4,,40.65517609,False,False
LBR,Liberia,2021,26.38229942,630.0,18.11,29.8,,53.92246189,False,False
LBY,Libya,2021,77.438797,6950.0,3.58,70.2,,87.83650183,False,False
LIE,Liechtenstein,2021,95.56939697,,0.07,100.0,118.7268677,14.69891594,False,False
LTU,Lithuania,2021,86.93054425,22040.0,0.25,100.0,105.6761017,68.1912117,False,False
LUX,Luxembourg,2021,98.66086333,86850.0,0.18,100.0,106.4827576,94.58617434,False,False
MAC,"Macao SAR, China",2021,88.46810492,46220.0,0.17,100.0,88.54807692,100.0,False,False
MDG,Madagascar,2021,13.74590015,470.0,13.19,35.1,34.13203598,31.11371232,False,False
MWI,Malawi,2021,15.30300045,600.0,10.41,14.2,35.88859176,16.48819258,False,False
MYS,Malaysia,2021,96.7514278,10520.0,0.98,100.0,74.96181811,75.50886282,False,True
MDV,Maldives,2021,81.95760345,9350.0,2.97,100.0,,40.73986487,False,False
MLI,Mali,2021,33.95650101,960.0,10.08,53.4,,29.70496383,False,False
MLT,Malta,2021,87.46977742,32440.0,0.54,100.0,101.4029083,95.51453436,False,False
MHL,Marshall Islands,2021,63.97259903,6720.0,,99.8,94.72739145,77.61631574,False,False
MRT,Mauritania,2021,35.63660049,1810.0,3.82,47.7,,57.90153514,False,False
MUS,Mauritius,2021,71.59999847,10900.0,0.89,99.6,,39.07714732,False,False
MEX,Mexico,2021,75.62650476,9880.0,1.39,100.0,98.32025146,78.93240074,False,False
FSM,Micronesia,2021,,4090.0,8.98,83.6,,22.39287629,False,False
MDA,Moldova,2021,74.91899872,5270.0,0.73,100.0,96.58534304,41.81154251,False,False
MCO,Monaco,2021,99.07759857,,,100.0,,100.0,False,False
MNG,Mongolia,2021,81.60682285,3690.0,1.94,100.0,98.32762209,69.2153244,False,False
MNE,Montenegro,2021,82.21969752,9220.0,2.26,99.8,93.16384125,65.32660313,False,False
MAR,Morocco,2021,88.13031937,3630.0,1.28,100.0,80.74039632,62.31732766,False,False
MOZ,Mozambique,2021,16.35759926,490.0,11.94,31.5,,34.44992594,False,False
MMR,Myanmar,2021,,1240.0,1.67,72.5,,30.23688125,False,True
NAM,Namibia,2021,60.25999832,4140.0,2.59,55.2,83.33295285,49.05718815,False,False
NRU,Naoero,2021,80.29499817,19620.0,2.23,100.0,,100.0,False,False
NPL,Nepal,2021,40.98910141,1250.0,2.47,89.9,83.92202097,66.14423527,False,False
NLD,Netherlands,2021,92.05298013,59560.0,0.51,100.0,135.9621735,94.62947832,False,False
NCL,New Caledonia,2021,,35420.0,,100.0,,67.41307765,False,False
NZL,New Zealand,2021,91.99060059,45750.0,0.45,100.0,117.5954285,83.82993826,False,False
NIC,Nicaragua,2021,51.62039948,2060.0,6.61,86.3,,58.85925293,False,False
NER,Niger,2021,12.45689964,580.0,15.34,18.6,,17.22959367,False,False
NGA,Nigeria,2021,35.50979996,2860.0,2.0,59.5,45.44493866,60.56985454,False,False
MKD,North Macedonia,2021,81.873703,7050.0,1.95,100.0,84.16195679,61.68419756,False,False
MNP,Northern Mariana Islands,2021,,,,100.0,,91.78421373,False,False
NOR,Norway,2021,99.0000036,83640.0,0.54,100.0,119.8168716,82.86128772,False,False
OMN,Oman,2021,95.23880005,17910.0,1.16,100.0,94.28726845,80.12399421,False,False
PAK,Pakistan,2021,,1420.0,0.58,94.9,40.25788984,37.93333955,False,False
PLW,Palau,2021,,13980.0,1.89,100.0,102.2808268,79.08907988,False,False
PAN,Panama,2021,66.04270172,14920.0,2.09,95.3,,65.80923027,False,False
PNG,Papua New Guinea,2021,16.55960083,2370.0,18.77,20.9,45.84895237,14.43983428,False,False
PRY,Paraguay,2021,77.01838621,5720.0,2.28,100.0,84.78798712,67.30586128,False,False
PER,Peru,2021,71.10782643,6550.0,1.74,95.6,101.5891418,83.94801183,False,False
PHL,Philippines,2021,66.90779877,3570.0,2.04,97.5,85.86664756,54.45041025,False,True
POL,Poland,2021,85.37490906,17470.0,0.51,100.0,110.5297012,59.80965132,False,False
PRT,Portugal,2021,82.30902804,23980.0,0.78,100.0,118.9848709,61.09512493,False,False
PRI,Puerto Rico,2021,84.78666399,22580.0,1.85,100.0,,94.05507126,False,False
QAT,Qatar,2021,99.65280151,66970.0,0.4,100.0,95.66944835,99.20340891,False,False
ROU,Romania,2021,83.5904265,14180.0,0.55,100.0,86.19709015,52.23215121,False,False
RUS,Russian Federation,2021,88.21384578,11710.0,0.86,100.0,92.17115528,74.75168402,False,False
RWA,Rwanda,2021,24.4416008,850.0,6.53,48.7,44.18208406,26.10490928,False,False
KNA,Saint Kitts and Nevis,2021,74.37159729,19070.0,2.59,100.0,123.9467773,31.53935251,False,False
LCA,Saint Lucia,2021,63.06330109,10030.0,4.06,100.0,,27.44434589,False,False
VCT,Saint Vincent and the Grenadines,2021,68.83339691,8720.0,6.07,100.0,130.4891015,47.45541007,False,False
WSM,Samoa,2021,,3990.0,4.96,98.3,,17.56724265,False,False
SMR,San Marino,2021,81.66999817,48190.0,,100.0,61.00719424,97.10356685,False,False
STP,Sao Tome and Principe,2021,54.94950104,2220.0,5.66,78.5,,68.17389679,False,False
SAU,Saudi Arabia,2021,100.0,30480.0,0.9,100.0,104.2809753,83.971635,False,False
SEN,Senegal,2021,55.04040146,1540.0,2.87,68.0,45.1726205,52.22602922,False,False
SRB,Serbia,2021,81.16588116,8890.0,1.48,100.0,92.37950134,61.36389923,False,False
SYC,Seychelles,2021,81.99530029,14890.0,2.52,100.0,102.9522782,44.60267961,False,False
SLE,Sierra Leone,2021,18.65390015,890.0,14.4,27.5,73.42514038,43.7345386,False,False
SGP,Singapore,2021,96.92468156,65540.0,0.22,100.0,102.9512744,100.0,False,True
SXM,Sint Maarten (Dutch part),2021,,31430.0,,100.0,,100.0,False,False
SVK,Slovak Republic,2021,88.92560523,21010.0,0.51,100.0,91.08991241,53.19014799,False,False
SVN,Slovenia,2021,89.00399524,28320.0,0.61,100.0,108.1788788,55.30462894,False,False
SLB,Solomon Islands,2021,26.03790092,2120.0,8.85,76.3,,28.68893968,False,False
SOM,Somalia,2021,23.87479973,540.0,7.74,49.3,,52.90606497,False,False
ZAF,South Africa,2021,74.96859741,6320.0,2.32,89.3,106.443304,63.45039259,False,False
SSD,South Sudan,2021,,,,7.7,,20.48111153,False,False
ESP,Spain,2021,93.89752157,30380.0,0.3,100.0,120.1358414,79.7846243,False,False
LKA,Sri Lanka,2021,44.45308724,4010.0,0.44,100.0,89.83396856,19.82662752,False,False
MAF,St. Martin (French part),2021,,,,100.0,,100.0,False,False
PSE,State of Palestine,2021,,4270.0,2.44,100.0,91.00940117,86.33495639,False,False
SDN,Sudan,2021,,620.0,3.36,61.8,,34.64215634,False,False
SUR,Suriname,2021,,4490.0,3.58,98.8,65.62947083,65.98539734,False,False
SWE,Sweden,2021,94.6703163,59840.0,0.36,100.0,138.6881866,88.1741652,False,False
CHE,Switzerland,2021,95.56937154,91900.0,0.3,100.0,103.6051865,84.20064776,False,False
SYR,Syrian Arab Republic,2021,,730.0,,88.8,39.45957947,73.01250076,False,False
TJK,Tajikistan,2021,36.70560074,1130.0,7.54,99.6,91.2751683,26.19915252,False,False
TZA,Tanzania,2021,22.87540054,1130.0,4.9,42.7,28.23133087,34.35001118,False,False
THA,Thailand,2021,85.26956666,7100.0,1.4,100.0,84.66445282,58.50877762,False,True
TLS,Timor-Leste,2021,35.04199982,2050.0,4.59,100.0,,28.79273717,False,True
TGO,Togo,2021,30.33839989,1040.0,11.37,55.7,63.06693659,42.31059045,False,False
TON,Tonga,2021,57.549,5240.0,2.05,100.0,106.1438965,21.2580039,False,False
TTO,Trinidad and Tobago,2021,84.36576986,16310.0,2.61,100.0,,53.94212789,False,False
TUN,Tunisia,2021,68.31552226,3640.0,1.16,99.9,,69.39975238,False,False
TUR,Turkiye,2021,81.40843745,10230.0,0.67,100.0,114.1473312,89.17620482,False,False
TKM,Turkmenistan,2021,,4160.0,5.14,100.0,89.93390656,47.05814103,False,False
TCA,Turks & Caicos Is.,2021,,27480.0,,100.0,98.00160217,93.44670254,False,False
TUV,Tuvalu,2021,,7460.0,3.09,99.7,88.88048411,62.60982964,False,False
UGA,Uganda,2021,10.0,860.0,8.04,45.2,,29.23629578,False,False
UKR,Ukraine,2021,79.21829353,4060.0,1.47,100.0,84.6516335,69.40270327,False,False
ARE,United Arab Emirates,2021,100.0,43230.0,0.63,100.0,103.2106633,85.35719085,False,False
GBR,United Kingdom,2021,96.19650269,45880.0,0.39,100.0,113.719017,82.98864315,False,False
USA,United States,2021,91.2684021,71510.0,0.7,100.0,101.1924896,80.00747651,False,False
URY,Uruguay,2021,87.64440155,16220.0,0.97,100.0,119.8263421,95.44971466,False,False
UZB,Uzbekistan,2021,76.59043014,2360.0,1.07,99.9,97.25890369,50.92699051,False,False
VUT,Vanuatu,2021,,3990.0,3.78,70.0,62.94330978,22.25018224,False,False
VEN,Venezuela,2021,74.11219788,1790.0,,100.0,,89.17664447,False,False
VNM,Viet Nam,2021,74.20999985,3540.0,0.49,100.0,92.76902092,36.65406564,False,True
VIR,Virgin Islands (U.S.),2021,,,,100.0,,95.16043106,False,False
YEM,Yemen,2021,,,,74.9,,36.07049513,False,False
ZMB,Zambia,2021,14.82190037,1050.0,6.4,46.7,,44.23537314,False,False
ZWE,Zimbabwe,2021,32.5923996,2330.0,29.62,49.0,,37.86920589,False,False
AFG,Afghanistan,2022,15.86629963,370.0,10.65,85.3,,25.39392506,False,False
ALB,Albania,2022,82.61367544,7720.0,2.17,100.0,97.32247147,57.86434777,False,False
DZA,Algeria,2022,74.78150177,4430.0,0.73,100.0,104.5502701,74.17958624,False,False
ASM,American Samoa,2022,,,,,,81.7947977,False,False
AND,Andorra,2022,94.05169678,47600.0,,100.0,98.50987244,88.75487663,False,False
AGO,Angola,2022,35.83800125,2290.0,2.7,48.5,,69.0506189,False,False
ATG,Antigua and Barbuda,2022,71.9233017,18730.0,3.02,100.0,107.7999088,24.5114484,False,False
ARG,Argentina,2022,88.37535691,11890.0,0.48,100.0,114.1481171,92.11283819,False,False
ARM,Armenia,2022,77.02767465,5690.0,0.94,100.0,91.71066099,65.56244629,False,False
ABW,Aruba,2022,,30160.0,1.44,99.9,131.8021698,61.88116579,False,False
AUS,Australia,2022,96.11940002,60790.0,0.23,100.0,133.2772675,87.33432683,False,False
AUT,Austria,2022,93.61409139,56310.0,0.24,100.0,101.4580002,68.99808513,False,False
AZE,Azerbaijan,2022,88.0,5670.0,1.34,100.0,90.95303642,58.43828159,False,False
BHS,Bahamas,2022,92.2559967,33790.0,1.09,100.0,,81.3200717,False,False
BHR,Bahrain,2022,100.0,28300.0,0.84,100.0,103.393223,100.0,False,False
BGD,Bangladesh,2022,41.61650085,2850.0,0.96,99.4,67.03845864,31.67373473,False,False
BRB,Barbados,2022,69.06359863,24760.0,3.23,100.0,104.2223282,59.35385141,False,False
BLR,Belarus,2022,89.50733148,7210.0,0.62,100.0,99.06020329,78.47327879,False,False
BEL,Belgium,2022,94.00783071,54330.0,0.41,100.0,142.9180756,87.48920027,False,False
BLZ,Belize,2022,69.98329926,6710.0,3.85,98.6,87.43816686,42.13732513,False,False
BEN,Benin,2022,30.53730011,1360.0,5.66,56.5,43.56064987,50.9627,False,False
BMU,Bermuda,2022,,131560.0,,100.0,,100.0,False,False
BTN,Bhutan,2022,88.35620117,3600.0,0.9,100.0,89.98291294,40.93651436,False,False
BOL,Bolivia,2022,72.62270355,4190.0,1.57,99.9,90.37293382,70.63525987,False,False
BIH,Bosnia and Herzegovina,2022,78.8455371,7710.0,1.24,100.0,87.03739929,51.02152871,False,False
BWA,Botswana,2022,57.9,7690.0,1.07,75.9,,66.58897872,False,False
BRA,Brazil,2022,80.52775094,8440.0,0.55,100.0,105.7023697,87.34955624,False,False
VGB,British Virgin Islands,2022,,,,100.0,72.2840271,54.79591169,False,False
BRN,Brunei Darussalam,2022,98.97042579,30970.0,0.31,100.0,,74.7772642,False,True
BGR,Bulgaria,2022,79.12686326,13100.0,0.51,100.0,96.67207336,73.4799164,False,False
BFA,Burkina Faso,2022,25.3987999,840.0,9.94,19.5,33.62128662,27.27913697,False,False
BDI,Burundi,2022,7.144800186,280.0,12.75,10.3,,22.3202446,False,False
CPV,Cabo Verde,2022,73.32740021,4550.0,3.05,97.1,96.43159404,75.03373806,False,False
KHM,Cambodia,2022,65.49079895,2270.0,2.32,92.3,55.13468126,40.37461619,False,True
CMR,Cameroon,2022,40.12559891,1660.0,3.72,71.0,45.60667243,54.84587457,False,False
CAN,Canada,2022,94.0,54070.0,0.85,100.0,107.4679871,82.35008974,False,False
CYM,Cayman Islands,2022,,73960.0,0.8,100.0,85.60122681,100.0,False,False
CAF,Central African Rep.,2022,13.75360012,520.0,23.76,15.7,,43.27519675,False,False
TCD,Chad,2022,11.17029953,920.0,22.51,11.7,,25.76355586,False,False
CHI,Channel Islands,2022,,,,100.0,,32.79204391,False,False
CHL,Chile,2022,92.31819916,15430.0,0.41,100.0,106.0683289,88.63953528,False,False
CHN,China,2022,75.61131603,13170.0,0.45,100.0,,65.21763611,False,False
COL,Colombia,2022,72.79637855,6560.0,1.5,100.0,101.5737762,78.04646331,False,False
COM,Comoros,2022,31.37409973,1630.0,7.77,89.9,54.80572891,32.77460355,False,False
COG,Congo (Rep. of the),2022,40.98669815,2170.0,10.4,50.6,,63.64220033,False,False
COD,"Congo, Dem. Rep.",2022,17.99620056,610.0,10.34,21.5,,44.00328766,False,False
CRI,Costa Rica,2022,82.59801121,13490.0,0.98,100.0,131.9075928,78.44056876,False,False
CIV,Cote d'Ivoire,2022,38.41328122,2440.0,2.42,70.4,54.07141083,52.84925497,False,False
HRV,Croatia,2022,82.07155532,19370.0,0.43,100.0,105.5777969,56.99775717,False,False
CUB,Cuba,2022,67.88410187,,,100.0,103.627149,77.10560608,False,False
CUW,Curacao,2022,,20480.0,2.36,100.0,,91.40076844,False,False
CYP,Cyprus,2022,89.60099194,31900.0,0.25,100.0,103.8276291,66.66948294,False,False
CZE,Czech Republic,2022,84.54009378,27210.0,0.48,100.0,102.9355621,72.69676384,False,False
DNK,Denmark,2022,97.86011812,72040.0,0.41,100.0,130.3269958,88.38802398,False,False
DJI,Djibouti,2022,63.77600098,3310.0,6.22,65.0,,72.61099385,False,False
DMA,Dominica,2022,80.57980347,9740.0,2.93,100.0,105.3875885,72.68264864,False,False
DOM,Dominican Rep.,2022,81.51269675,9150.0,1.54,98.1,76.52831972,72.42031556,False,False
ECU,Ecuador,2022,69.71811356,6550.0,2.02,100.0,94.13353058,63.09018359,False,False
EGY,Egypt,2022,72.19806556,4040.0,1.02,100.0,,42.6325129,False,False
SLV,El Salvador,2022,60.05609894,4710.0,2.9,100.0,65.22678249,74.14650213,False,False
GNQ,Equatorial Guinea,2022,63.65950012,5210.0,10.29,67.0,,70.89100294,False,False
ERI,Eritrea,2022,,,,55.4,44.04412842,34.84692764,False,False
EST,Estonia,2022,91.52016546,27580.0,0.21,100.0,112.5518494,70.48923337,False,False
SWZ,Eswatini,2022,57.34370041,3650.0,3.84,82.3,,25.39668292,False,False
ETH,Ethiopia,2022,17.9836998,960.0,3.44,55.0,,22.73676872,False,False
FRO,Faroe Islands,2022,,72970.0,0.34,100.0,,38.99598245,False,False
FJI,Fiji,2022,72.56549835,5250.0,3.0,92.0,95.30683397,58.13527015,False,False
FIN,Finland,2022,92.98879471,54120.0,0.34,100.0,144.8524628,73.69675978,False,False
FRA,France,2022,85.33331734,46010.0,0.16,100.0,104.3164368,78.75919211,False,False
PYF,French Polynesia,2022,,24150.0,,100.0,,61.69138069,False,False
GAB,Gabon,2022,67.67169952,7150.0,1.62,93.5,,91.22433555,False,False
GMB,Gambia,2022,48.22539902,830.0,11.55,65.4,,63.2869881,False,False
GEO,Georgia,2022,78.71127536,5690.0,0.7,100.0,103.7102055,60.01016227,False,False
DEU,Germany,2022,91.62984383,55200.0,0.27,100.0,100.8172989,81.78678528,False,False
GHA,Ghana,2022,69.91329956,2270.0,2.11,85.1,77.81686968,57.2506096,False,False
GIB,Gibraltar,2022,,,,100.0,72.42227936,100.0,False,False
GRC,Greece,2022,83.17066333,21980.0,0.59,100.0,106.5994186,78.5502191,False,False
GRL,Greenland,2022,,,,100.0,,87.80494053,False,False
GRD,Grenada,2022,68.42030334,9980.0,4.7,94.2,,36.36888402,False,False
GUM,Guam,2022,,,,100.0,,94.10682618,False,False
GTM,Guatemala,2022,54.40430069,5220.0,3.12,99.1,45.89262322,55.25812282,False,False
GIN,Guinea,2022,31.31399918,1280.0,5.88,47.7,,37.23849675,False,False
GNB,Guinea-Bissau,2022,27.67379951,960.0,7.97,37.4,,45.16271591,False,False
GUY,Guyana,2022,76.56240082,14680.0,2.43,93.0,,26.45367351,False,False
HTI,Haiti,2022,47.77470016,1610.0,14.82,49.3,,53.852495,False,False
HND,Honduras,2022,56.88069916,2700.0,7.84,94.4,53.86058044,57.8364689,False,False
HKG,"Hong Kong SAR, China",2022,95.61357052,54000.0,0.12,100.0,106.1852084,100.0,False,False
HUN,Hungary,2022,89.14282688,19200.0,0.58,100.0,102.8519135,70.15850642,False,False
ISL,Iceland,2022,97.58339691,74620.0,0.36,100.0,112.5893936,94.17870712,False,False
IND,India,2022,55.9,2360.0,1.11,99.2,81.17786084,34.7555674,False,False
IDN,Indonesia,2022,66.48461277,4520.0,1.1,100.0,97.81676027,57.49347042,True,True
IRN,Iran (Islamic Republic of),2022,81.71649933,4390.0,,100.0,85.60600281,76.33422089,False,False
IRQ,Iraq,2022,78.71560926,5510.0,1.65,100.0,,69.86828613,False,False
IRL,Ireland,2022,95.03690338,75970.0,0.38,100.0,130.6049652,63.89202502,False,False
IMN,Isle of Man,2022,,78440.0,,100.0,,52.19556092,False,False
ISR,Israel,2022,91.85079615,55460.0,0.28,100.0,98.58730316,91.49798343,False,False
ITA,Italy,2022,85.06074504,39060.0,0.39,100.0,101.3538589,69.48397798,False,False
JAM,Jamaica,2022,85.84329987,6340.0,5.35,100.0,82.8584671,57.9879906,False,False
JPN,Japan,2022,84.92343147,44300.0,1.22,100.0,101.3820038,91.97765324,False,False
JOR,Jordan,2022,90.4999984,4810.0,3.58,100.0,90.99126589,92.40483791,False,False
KAZ,Kazakhstan,2022,92.29685266,9400.0,0.83,100.0,94.04334134,61.44415733,False,False
KEN,Kenya,2022,29.40589905,2170.0,2.77,76.0,83.77381923,31.43078201,False,False
KIR,Kiribati,2022,84.99849701,3280.0,5.84,94.4,88.68530081,60.57391266,False,False
KOR,Korea (Rep. of),2022,97.16855335,38590.0,0.49,100.0,97.81813049,81.16249416,False,False
PRK,"Korea, Dem. People's Rep.",2022,,,,54.7,,63.22743659,False,False
XKX,Kosovo,2022,,5610.0,,,,47.80019965,False,False
KWT,Kuwait,2022,99.74729919,39120.0,0.54,100.0,,100.0,False,False
KGZ,Kyrgyz Republic,2022,84.1937027,1540.0,1.21,99.7,,34.70030535,False,False
LAO,Lao P.D.R.,2022,64.54000092,2300.0,2.06,100.0,56.87820446,38.06823828,False,True
LVA,Latvia,2022,91.03009059,20630.0,0.42,100.0,104.7645264,68.25702181,False,False
LBN,Lebanon,2022,81.46479797,4130.0,10.04,100.0,64.50170843,90.20631371,False,False
LSO,Lesotho,2022,48.06959915,1270.0,4.93,50.0,,41.67039652,False,False
LBR,Liberia,2022,30.38010025,660.0,15.48,31.8,,54.45910571,False,False
LBY,Libya,2022,80.64720154,6010.0,0.69,70.0,,87.84860886,False,False
LIE,Liechtenstein,2022,97.88069916,,0.07,100.0,,14.69230701,False,False
LTU,Lithuania,2022,87.72420219,23840.0,0.22,100.0,106.9183578,68.28664524,False,False
LUX,Luxembourg,2022,98.24203749,84190.0,0.13,100.0,107.8397598,94.76054009,False,False
MAC,"Macao SAR, China",2022,89.48549652,45210.0,0.12,100.0,90.2211838,100.0,False,False
MDG,Madagascar,2022,17.81170082,500.0,9.32,36.1,,31.53978135,False,False
MWI,Malawi,2022,16.84830093,610.0,9.44,14.0,35.50848999,16.7146032,False,False
MYS,Malaysia,2022,97.3986404,11620.0,0.26,100.0,78.83419863,75.97413571,False,True
MDV,Maldives,2022,83.91189054,10570.0,2.54,100.0,73.52345766,41.06417697,False,False
MLI,Mali,2022,35.19919968,1000.0,9.72,53.0,,30.40157057,False,False
MLT,Malta,2022,91.54062209,34840.0,0.46,100.0,101.9546738,95.60031551,False,False
MHL,Marshall Islands,2022,64.26719666,7580.0,,100.0,91.70378113,77.98559662,False,False
MRT,Mauritania,2022,42.46450043,2010.0,3.84,49.0,,58.81209962,False,False
MUS,Mauritius,2022,75.5,11810.0,0.78,100.0,,39.00001259,False,False
MEX,Mexico,2022,78.63217894,10730.0,1.22,100.0,98.35765839,79.19968322,False,False
FSM,Micronesia,2022,39.0279007,4020.0,9.28,85.3,,22.41227018,False,False
MDA,Moldova,2022,74.91899872,5540.0,0.62,100.0,97.6136726,42.40488434,False,False
MCO,Monaco,2022,98.75189972,,,100.0,,100.0,False,False
MNG,Mongolia,2022,81.07720184,4340.0,1.35,100.0,93.55082727,69.78380585,False,False
MNE,Montenegro,2022,88.22192026,10420.0,0.87,100.0,92.1609726,65.40129654,False,False
MAR,Morocco,2022,89.9,3700.0,0.97,100.0,84.4553724,62.51184686,False,False
MOZ,Mozambique,2022,18.96220016,500.0,9.35,33.2,,35.0536638,False,False
MMR,Myanmar,2022,,1280.0,3.14,73.7,,30.31109576,False,True
NAM,Namibia,2022,62.99720001,4280.0,2.57,56.2,81.81636912,49.52910377,False,False
NRU,Naoero,2022,83.22660065,20890.0,,100.0,92.78146362,100.0,False,False
NPL,Nepal,2022,45.45080185,1380.0,2.4,91.3,84.10264759,66.29929687,False,False
NLD,Netherlands,2022,92.51968504,62110.0,0.47,100.0,138.7675018,94.98561777,False,False
NCL,New Caledonia,2022,,36980.0,,100.0,,67.5720305,False,False
NZL,New Zealand,2022,93.07289886,49090.0,0.27,100.0,114.7749329,83.8547305,False,False
NIC,Nicaragua,2022,59.38000107,2150.0,4.85,86.5,,58.99543762,False,False
NER,Niger,2022,13.08749962,650.0,7.16,19.5,,17.47720701,False,False
NGA,Nigeria,2022,39.14720154,2940.0,1.8,60.5,,61.37276506,False,False
MKD,North Macedonia,2022,83.85030365,7570.0,0.9,100.0,91.45163727,61.95305666,False,False
MNP,Northern Mariana Islands,2022,,,,100.0,,91.87857886,False,False
NOR,Norway,2022,98.99997764,97270.0,0.37,100.0,119.4425278,82.95636618,False,False
OMN,Oman,2022,95.24530029,19270.0,0.7,100.0,91.96454582,80.01170532,False,False
PAK,Pakistan,2022,,1510.0,0.49,95.0,40.41776564,38.37404398,False,False
PLW,Palau,2022,82.56749725,14100.0,2.08,100.0,89.05263158,79.11348317,False,False
PAN,Panama,2022,67.2838974,17130.0,1.87,95.0,,65.82113439,False,False
PNG,Papua New Guinea,2022,18.25659943,2690.0,6.01,19.0,,14.73586583,False,False
PRY,Paraguay,2022,76.25916611,5900.0,2.07,100.0,82.30714721,68.63965378,False,False
PER,Peru,2022,74.67495213,6930.0,1.39,96.2,103.5914688,84.3663555,False,False
PHL,Philippines,2022,75.21114422,4010.0,1.98,94.8,92.29127118,54.79023436,False,True
POL,Poland,2022,86.94113479,19110.0,0.46,100.0,108.4821701,59.8315488,False,False
PRT,Portugal,2022,84.49690644,25880.0,0.74,100.0,120.9261398,61.12592558,False,False
PRI,Puerto Rico,2022,87.29178106,24670.0,1.26,100.0,,94.11109231,False,False
QAT,Qatar,2022,98.03800201,71050.0,0.3,100.0,102.9683608,99.24399753,False,False
ROU,Romania,2022,85.50309124,15390.0,0.58,100.0,83.03347015,52.16348325,False,False
RUS,Russian Federation,2022,90.41799163,12890.0,0.67,100.0,92.77294436,74.85448936,False,False
RWA,Rwanda,2022,28.01679993,970.0,2.97,50.6,44.1547094,27.78067027,False,False
KNA,Saint Kitts and Nevis,2022,75.76229858,21420.0,2.47,100.0,119.8836081,31.6156405,False,False
LCA,Saint Lucia,2022,66.95159912,11680.0,4.73,100.0,87.68448639,29.09767853,False,False
VCT,Saint Vincent and the Grenadines,2022,74.75479889,9520.0,5.59,100.0,128.1822944,47.58589783,False,False
WSM,Samoa,2022,,4130.0,5.31,98.3,,17.500795,False,False
SMR,San Marino,2022,97.32790375,53950.0,,100.0,61.67792392,97.11418894,False,False
STP,Sao Tome and Principe,2022,58.56779861,2820.0,5.11,78.0,,68.37209198,False,False
SAU,Saudi Arabia,2022,100.0,35110.0,0.89,100.0,122.15804,84.134943,False,False
SEN,Senegal,2022,56.82830048,1590.0,2.75,67.9,45.37567921,53.4435061,False,False
SRB,Serbia,2022,83.53825397,9790.0,0.82,100.0,91.95400238,61.90138135,False,False
SYC,Seychelles,2022,84.83380127,14390.0,2.54,100.0,76.8818747,44.910821,False,False
SLE,Sierra Leone,2022,21.50880051,920.0,3.29,29.4,,44.26663435,False,False
SGP,Singapore,2022,95.95386476,68100.0,0.18,100.0,103.0098041,100.0,False,True
SXM,Sint Maarten (Dutch part),2022,,36960.0,,100.0,,100.0,False,False
SVK,Slovak Republic,2022,89.06766196,21890.0,0.48,100.0,92.20430756,53.19028311,False,False
SVN,Slovenia,2022,88.91248552,29590.0,0.39,100.0,107.8748093,55.33778179,False,False
SLB,Solomon Islands,2022,28.01729965,2010.0,9.77,76.0,,29.35116899,False,False
SOM,Somalia,2022,27.6,570.0,5.33,48.9,,53.50101159,False,False
ZAF,South Africa,2022,78.29319763,6530.0,1.76,86.5,104.5350665,63.47666992,False,False
SSD,South Sudan,2022,,,,8.4,,20.7752121,False,False
ESP,Spain,2022,94.4855432,32690.0,0.23,100.0,119.6461716,79.95487946,False,False
LKA,Sri Lanka,2022,48.3,3620.0,0.32,100.0,88.19181565,19.98779332,False,False
MAF,St. Martin (French part),2022,,,,100.0,,100.0,False,False
PSE,State of Palestine,2022,88.64690554,4720.0,2.06,100.0,90.13648029,86.59614232,False,False
SDN,Sudan,2022,,720.0,4.52,63.2,,34.72098521,False,False
SUR,Suriname,2022,,5040.0,3.52,99.0,78.02147619,65.89854431,False,False
SWE,Sweden,2022,95.00970335,61930.0,0.34,100.0,139.4065247,88.40385765,False,False
CHE,Switzerland,2022,96.45279694,97920.0,0.29,100.0,103.3923569,84.92062663,False,False
SYR,Syrian Arab Republic,2022,,720.0,,89.0,39.62680817,72.61249924,False,False
TJK,Tajikistan,2022,48.91429901,1360.0,4.76,100.0,90.88863768,26.19571266,False,False
TZA,Tanzania,2022,26.86059952,1210.0,4.61,45.8,,34.82347364,False,False
THA,Thailand,2022,87.97724503,7220.0,1.38,99.9,88.06616869,59.74237442,False,True
TLS,Timor-Leste,2022,,1820.0,4.33,99.7,,28.58572923,False,True
TGO,Togo,2022,35.60749817,1130.0,8.7,57.2,,42.7332328,False,False
TON,Tonga,2022,61.60739899,5390.0,2.07,100.0,96.99671806,21.14721945,False,False
TTO,Trinidad and Tobago,2022,81.69760132,16100.0,2.73,100.0,,53.94740379,False,False
TUN,Tunisia,2022,,3890.0,0.91,100.0,,69.70713865,False,False
TUR,Turkiye,2022,83.43716576,10870.0,0.65,100.0,116.0401764,89.03811646,False,False
TKM,Turkmenistan,2022,,4490.0,2.34,100.0,92.45178986,47.05921034,False,False
TCA,Turks & Caicos Is.,2022,,31590.0,,99.9,105.9765625,93.69224717,False,False
TUV,Tuvalu,2022,,7460.0,2.74,100.0,92.08688906,63.30657681,False,False
UGA,Uganda,2022,9.636899948,930.0,5.44,47.1,,29.92519697,False,False
UKR,Ukraine,2022,80.47429657,3930.0,1.26,100.0,,69.42345912,False,False
ARE,United Arab Emirates,2022,100.0,46990.0,0.76,100.0,102.3809814,85.51473477,False,False
GBR,United Kingdom,2022,95.46530151,49690.0,0.35,100.0,113.202858,83.0753983,False,False
USA,United States,2022,92.72850037,77230.0,0.74,100.0,97.47348785,80.03249782,False,False
URY,Uruguay,2022,89.87304314,18050.0,0.71,100.0,121.1379302,95.4977417,False,False
UZB,Uzbekistan,2022,83.90000012,2620.0,0.85,100.0,97.37798196,50.98474121,False,False
VUT,Vanuatu,2022,,4340.0,3.39,70.0,81.95512763,22.25412497,False,False
VEN,Venezuela,2022,75.82180023,2260.0,5.13,100.0,96.7906723,89.21322047,False,False
VNM,Viet Nam,2022,78.58999918,3980.0,0.37,100.0,93.41234341,37.54785156,False,True
VIR,Virgin Islands (U.S.),2022,,,,100.0,,95.21715147,False,False
YEM,Yemen,2022,,,6.14,76.0,,36.32263103,False,False
ZMB,Zambia,2022,15.0,1170.0,2.35,47.8,,44.59885112,False,False
ZWE,Zimbabwe,2022,36.25650024,2580.0,18.44,50.1,,38.70552072,False,False
AFG,Afghanistan,2023,15.92840004,370.0,8.52,85.3,59.61360168,25.47305296,False,False
ALB,Albania,2023,83.13559161,8740.0,2.07,100.0,96.13687712,58.21060861,False,False
DZA,Algeria,2023,76.19760132,4950.0,0.61,100.0,101.2648926,74.73280836,False,False
ASM,American Samoa,2023,,,,,,81.37215427,False,False
AND,Andorra,2023,94.21499634,47920.0,0.54,100.0,99.50865173,88.82016092,False,False
AGO,Angola,2023,37.88589859,2650.0,1.73,51.1,51.48390462,69.85150322,False,False
ATG,Antigua and Barbuda,2023,72.12409973,20250.0,2.57,100.0,108.8807786,24.45001567,False,False
ARG,Argentina,2023,89.22897166,12920.0,0.68,100.0,105.5745843,92.19451323,False,False
ARM,Armenia,2023,79.99663036,6850.0,0.82,100.0,89.41110276,65.6956882,False,False
ABW,Aruba,2023,,31690.0,1.18,100.0,,61.83514927,False,False
AUS,Australia,2023,96.1160965,63320.0,0.35,100.0,134.0992432,87.48669557,False,False
AUT,Austria,2023,95.33467117,55890.0,0.21,100.0,100.5043716,69.22653583,False,False
AZE,Azerbaijan,2023,89.0,6680.0,0.59,100.0,92.74029724,58.50753505,False,False
BHS,Bahamas,2023,92.38729858,35180.0,0.97,100.0,87.14552405,81.32137992,False,False
BHR,Bahrain,2023,100.0,28460.0,0.56,100.0,104.3929387,100.0,False,False
BGD,Bangladesh,2023,44.50274195,2880.0,1.06,99.5,65.98565986,32.1578465,False,False
BRB,Barbados,2023,69.67510223,24710.0,3.08,100.0,102.5137024,59.42357402,False,False
BLR,Belarus,2023,91.51249979,7850.0,0.57,100.0,97.4265999,78.81464207,False,False
BEL,Belgium,2023,94.62625074,55520.0,0.41,100.0,142.9602661,87.55149264,False,False
BLZ,Belize,2023,70.18720245,6850.0,2.44,99.6,83.61955381,41.94594375,False,False
BEN,Benin,2023,32.39400101,1390.0,5.51,57.0,,51.7457923,False,False
BMU,Bermuda,2023,,133460.0,0.59,100.0,74.3967514,100.0,False,False
BTN,Bhutan,2023,90.02140045,3730.0,0.83,100.0,86.85644156,41.7352458,False,False
BOL,Bolivia,2023,77.30039978,4230.0,1.52,99.8,91.3676827,70.9151414,False,False
BIH,Bosnia and Herzegovina,2023,83.3771539,8280.0,0.69,100.0,87.86637878,51.56572398,False,False
BWA,Botswana,2023,,8150.0,0.9,76.0,,67.02126553,False,False
BRA,Brazil,2023,84.15060238,9310.0,0.81,99.8,,87.61597102,False,False
VGB,British Virgin Islands,2023,,,0.66,100.0,70.44639948,55.64077745,False,False
BRN,Brunei Darussalam,2023,98.97039795,34390.0,0.24,100.0,91.83815444,74.81991939,False,True
BGR,Bulgaria,2023,80.38956462,14240.0,0.48,100.0,95.6239624,73.73226716,False,False
BFA,Burkina Faso,2023,25.36120033,840.0,9.81,21.7,30.85512163,27.78724784,False,False
BDI,Burundi,2023,7.172299862,280.0,12.59,11.6,,23.55347684,False,False
CPV,Cabo Verde,2023,74.59919739,4740.0,2.06,98.6,,75.90642458,False,False
KHM,Cambodia,2023,68.92549896,2390.0,2.12,95.0,56.7864735,40.62907881,False,True
CMR,Cameroon,2023,42.24380112,1680.0,3.44,72.0,44.84079578,55.12868785,False,False
CAN,Canada,2023,94.14530182,55340.0,0.77,100.0,104.3208771,82.52505644,False,False
CYM,Cayman Islands,2023,,73970.0,1.34,100.0,86.0370923,100.0,False,False
CAF,Central African Rep.,2023,13.8416996,530.0,27.2,17.6,,43.69836921,False,False
TCD,Chad,2023,12.03590012,910.0,32.69,12.0,24.1941648,26.33053952,False,False
CHI,Channel Islands,2023,,,,100.0,,32.7554338,False,False
CHL,Chile,2023,94.45742345,15970.0,0.47,100.0,105.8309708,88.81586172,False,False
CHN,China,2023,90.6,13750.0,0.42,100.0,,65.5301448,False,False
COL,Colombia,2023,77.33686322,6760.0,1.24,98.7,,78.27557158,False,False
COM,Comoros,2023,31.92749977,1670.0,6.89,89.8,,33.15021809,False,False
COG,Congo (Rep. of the),2023,43.15039825,2310.0,7.1,51.3,,63.66267576,False,False
COD,"Congo, Dem. Rep.",2023,18.96789932,680.0,10.17,22.1,55.48609924,44.37547349,False,False
CRI,Costa Rica,2023,85.39514799,14330.0,0.91,100.0,125.5100708,78.88193936,False,False
CIV,Cote d'Ivoire,2023,40.65284979,2510.0,2.0,72.4,63.96075578,53.40752016,False,False
HRV,Croatia,2023,83.24117599,20800.0,0.36,100.0,105.0251617,57.24315607,False,False
CUB,Cuba,2023,69.55580139,,21.65,100.0,95.59865743,77.12598723,False,False
CUW,Curacao,2023,,21400.0,2.18,100.0,123.42974,91.40809293,False,False
CYP,Cyprus,2023,91.22110357,32380.0,0.22,100.0,105.1591568,66.67394775,False,False
CZE,Czech Republic,2023,85.99404818,28540.0,0.43,100.0,97.61541748,72.73523884,False,False
DNK,Denmark,2023,98.77559197,72080.0,0.36,100.0,126.9807892,88.55263854,False,False
DJI,Djibouti,2023,64.75869751,3500.0,6.58,65.2,,72.8408246,False,False
DMA,Dominica,2023,81.33650208,9990.0,2.91,100.0,102.5858078,73.11050114,False,False
DOM,Dominican Rep.,2023,86.12689972,9700.0,1.95,99.6,75.48055569,72.35779918,False,False
ECU,Ecuador,2023,72.6943146,6570.0,1.9,98.7,92.81180259,63.13077296,False,False
EGY,Egypt,2023,74.01190186,3840.0,0.88,100.0,84.4748622,42.7098115,False,False
SLV,El Salvador,2023,62.61989975,4930.0,2.54,98.3,65.57098656,74.60806751,False,False
GNQ,Equatorial Guinea,2023,63.51950073,6230.0,,66.9,,71.12906649,False,False
ERI,Eritrea,2023,,,,54.4,,34.6964035,False,False
EST,Estonia,2023,93.18342241,27650.0,0.18,100.0,108.44207,70.67700855,False,False
SWZ,Eswatini,2023,61.33330154,3750.0,3.55,86.4,,25.80818785,False,False
ETH,Ethiopia,2023,20.33749962,1030.0,2.42,55.4,,23.05864716,False,False
FRO,Faroe Islands,2023,,73420.0,0.34,100.0,,39.19752701,False,False
FJI,Fiji,2023,74.1160965,5670.0,3.25,99.3,98.54017764,58.60690497,False,False
FIN,Finland,2023,93.51385075,52870.0,0.12,100.0,142.8617249,74.00625486,False,False
FRA,France,2023,86.83635789,45770.0,0.15,100.0,103.9624176,78.78043231,False,False
PYF,French Polynesia,2023,,24370.0,0.6,100.0,,61.6967135,False,False
GAB,Gabon,2023,68.19789886,7660.0,1.35,94.1,,91.63759628,False,False
GMB,Gambia,2023,48.72829819,870.0,11.03,66.9,,63.80201825,False,False
GEO,Georgia,2023,81.88425624,6710.0,0.6,100.0,103.1835883,60.75230778,False,False
DEU,Germany,2023,92.4763763,55420.0,0.25,100.0,100.6030579,81.90343667,False,False
GHA,Ghana,2023,70.67430115,2310.0,1.94,89.5,,57.80747378,False,False
GIB,Gibraltar,2023,,,,100.0,74.34955617,100.0,False,False
GRC,Greece,2023,85.0102229,22300.0,0.52,100.0,105.1917419,78.77463038,False,False
GRL,Greenland,2023,,,1.21,100.0,,88.06311477,False,False
GRD,Grenada,2023,69.4131012,10100.0,4.75,94.4,,36.46212824,False,False
GUM,Guam,2023,,,,100.0,,94.13493416,False,False
GTM,Guatemala,2023,56.72669983,5470.0,2.86,100.0,47.37625348,55.60823196,False,False
GIN,Guinea,2023,32.31560135,1340.0,5.06,51.1,,37.6454084,False,False
GNB,Guinea-Bissau,2023,28.71240044,970.0,9.79,40.5,,45.59238434,False,False
GUY,Guyana,2023,79.3553009,17770.0,1.29,98.9,84.48504639,26.46514573,False,False
HTI,Haiti,2023,47.99269867,1740.0,4.48,51.3,,54.44968193,False,False
HND,Honduras,2023,58.0685997,2870.0,8.05,95.6,54.50127029,58.31323927,False,False
HKG,"Hong Kong SAR, China",2023,95.97781908,54870.0,0.1,100.0,,100.0,False,False
HUN,Hungary,2023,91.4500713,19820.0,0.56,100.0,105.4190598,70.29230269,False,False
ISL,Iceland,2023,97.94860077,80870.0,0.33,100.0,108.9113617,94.15182618,False,False
IND,India,2023,60.25230026,2490.0,0.99,99.5,78.86395912,35.06769184,False,False
IDN,Indonesia,2023,69.20836554,4810.0,0.24,99.4,96.00021203,58.11793534,True,True
IRN,Iran (Islamic Republic of),2023,83.71050262,5070.0,0.16,100.0,85.14698029,76.67595673,False,False
IRQ,Iraq,2023,81.80889893,5920.0,1.4,100.0,,69.8682785,False,False
IRL,Ireland,2023,96.8660965,79280.0,0.34,100.0,,64.11520825,False,False
IMN,Isle of Man,2023,,87030.0,,100.0,,52.18325717,False,False
ISR,Israel,2023,87.03842615,54480.0,0.23,100.0,99.30120087,91.50895698,False,False
ITA,Italy,2023,87.0278292,38750.0,0.37,100.0,100.6787567,69.53815401,False,False
JAM,Jamaica,2023,89.47304282,6860.0,5.19,97.7,85.43531326,58.45101494,False,False
JPN,Japan,2023,85.00990295,40740.0,1.16,100.0,101.5370712,92.08269039,False,False
JOR,Jordan,2023,92.53443944,4890.0,3.77,100.0,91.96968438,92.68223687,False,False
KAZ,Kazakhstan,2023,92.87846096,10710.0,0.84,100.0,95.23930543,61.75609195,False,False
KEN,Kenya,2023,32.07040024,2110.0,1.97,76.2,84.30838803,31.63303408,False,False
KIR,Kiribati,2023,88.0,3710.0,5.11,95.9,94.74419905,61.52446762,False,False
KOR,Korea (Rep. of),2023,97.41597478,38020.0,0.47,100.0,96.29839325,81.16455517,False,False
PRK,"Korea, Dem. People's Rep.",2023,,,,57.5,,63.53821654,False,False
XKX,Kosovo,2023,,6290.0,,,,49.11055791,False,False
KWT,Kuwait,2023,99.74731125,42040.0,0.49,100.0,,100.0,False,False
KGZ,Kyrgyz Republic,2023,91.04440308,1840.0,0.93,100.0,91.26552437,34.70643918,False,False
LAO,Lao P.D.R.,2023,64.39800262,2110.0,1.74,96.5,54.43306117,38.80700885,False,True
LVA,Latvia,2023,92.18791291,21000.0,0.35,100.0,102.1262436,68.35863163,False,False
LBN,Lebanon,2023,81.7059021,3710.0,2.26,100.0,62.82792125,90.45240742,False,False
LSO,Lesotho,2023,48.98590088,1260.0,4.51,57.3,,42.67815968,False,False
LBR,Liberia,2023,31.22410011,710.0,7.84,32.5,,54.99786348,False,False
LBY,Libya,2023,82.10469818,6160.0,0.59,73.2,,87.86471979,False,False
LIE,Liechtenstein,2023,98.13230133,,0.07,100.0,,14.67837612,False,False
LTU,Lithuania,2023,88.50287484,25360.0,0.2,100.0,105.4288177,68.57545458,False,False
LUX,Luxembourg,2023,99.34785707,88480.0,0.12,100.0,107.7440109,94.80153003,False,False
MAC,"Macao SAR, China",2023,89.82640076,64780.0,0.13,100.0,92.58103976,100.0,False,False
MDG,Madagascar,2023,18.24080086,510.0,8.95,39.4,,31.97994389,False,False
MWI,Malawi,2023,17.98810346,620.0,8.78,15.6,36.64409299,16.97487467,False,False
MYS,Malaysia,2023,97.69272633,11700.0,0.24,100.0,79.44727887,76.44347521,False,True
MDV,Maldives,2023,84.55290222,11130.0,1.18,100.0,79.35652968,41.50968329,False,False
MLI,Mali,2023,36.03879929,1010.0,9.62,54.5,38.93894709,31.0031889,False,False
MLT,Malta,2023,92.07266941,35720.0,0.4,100.0,103.0272293,95.62722771,False,False
MHL,Marshall Islands,2023,64.07589722,7960.0,3.03,100.0,89.5519893,78.35939289,False,False
MRT,Mauritania,2023,44.95629883,2140.0,3.01,50.3,,59.71424647,False,False
MUS,Mauritius,2023,79.5,12530.0,0.71,100.0,,39.00399011,False,False
MEX,Mexico,2023,81.18318755,11990.0,0.93,99.7,102.0554581,79.47349357,False,False
FSM,Micronesia,2023,39.39889908,4270.0,8.72,86.9,,22.43340125,False,False
MDA,Moldova,2023,76.50330353,6250.0,0.68,100.0,97.8896864,43.00118256,False,False
MCO,Monaco,2023,98.87049866,,0.24,100.0,,100.0,False,False
MNG,Mongolia,2023,83.74320221,4870.0,1.23,100.0,96.81812019,70.44644928,False,False
MNE,Montenegro,2023,88.5515976,11560.0,0.87,100.0,93.87249756,65.47316676,False,False
MAR,Morocco,2023,91.0,3780.0,0.85,100.0,87.73463125,62.67375084,False,False
MOZ,Mozambique,2023,19.94560051,540.0,9.04,36.0,,35.71497831,False,False
MMR,Myanmar,2023,,1220.0,2.71,76.8,,30.38207181,False,True
NAM,Namibia,2023,63.69549942,4310.0,1.06,56.7,81.61730093,49.95458378,False,False
NRU,Naoero,2023,83.03970337,22370.0,2.28,100.0,90.10025024,100.0,False,False
NPL,Nepal,2023,45.80680084,1430.0,2.14,94.0,89.88988151,66.54329335,False,False
NLD,Netherlands,2023,97.00680272,62550.0,0.41,100.0,137.5147247,95.32216821,False,False
NCL,New Caledonia,2023,,36710.0,0.68,100.0,,67.75152231,False,False
NZL,New Zealand,2023,93.32610321,49470.0,0.49,100.0,113.3959885,83.88989915,False,False
NIC,Nicaragua,2023,60.30120087,2360.0,4.47,88.3,70.17495728,59.12509537,False,False
NER,Niger,2023,12.98079967,640.0,7.17,20.1,21.56051405,17.75068733,False,False
NGA,Nigeria,2023,40.06399918,2590.0,1.61,61.2,46.89315033,62.17467632,False,False
MKD,North Macedonia,2023,88.5,7940.0,0.77,100.0,90.07248688,62.25183225,False,False
MNP,Northern Mariana Islands,2023,,,,100.0,,91.97541129,False,False
NOR,Norway,2023,99.00000258,101840.0,0.34,100.0,117.7750931,83.07185607,False,False
OMN,Oman,2023,95.25170135,19950.0,0.4,100.0,,79.57029732,False,False
PAK,Pakistan,2023,,1450.0,0.93,95.6,42.29114514,38.81918619,False,False
PLW,Palau,2023,82.91629791,14750.0,2.49,100.0,97.28601253,79.15319914,False,False
PAN,Panama,2023,68.54851592,17830.0,1.57,97.0,,65.86012712,False,False
PNG,Papua New Guinea,2023,18.56130028,2800.0,16.46,20.5,52.09297509,15.05810179,False,False
PRY,Paraguay,2023,78.09481878,6200.0,2.01,99.8,79.75185854,69.34660817,False,False
PER,Peru,2023,79.48484477,7100.0,1.31,96.2,111.3953934,84.78102558,False,False
PHL,Philippines,2023,77.86699677,4320.0,1.78,98.0,91.54934246,55.12427162,False,True
POL,Poland,2023,86.414744,19890.0,0.46,100.0,108.3861313,59.88595614,False,False
PRT,Portugal,2023,85.79012676,26340.0,0.53,100.0,120.3470764,61.20486526,False,False
PRI,Puerto Rico,2023,,25290.0,1.09,100.0,110.4097137,94.17743593,False,False
QAT,Qatar,2023,98.15229797,79430.0,0.12,100.0,100.1365967,99.28353252,False,False
ROU,Romania,2023,89.20335498,16590.0,0.49,100.0,81.63160706,52.1645747,False,False
RUS,Russian Federation,2023,92.24496346,14400.0,0.38,100.0,92.48404708,74.98050479,False,False
RWA,Rwanda,2023,28.80579948,1030.0,2.46,63.9,45.12515058,28.85553106,False,False
KNA,Saint Kitts and Nevis,2023,76.58950043,21870.0,2.33,100.0,137.5132089,31.70078096,False,False
LCA,Saint Lucia,2023,67.44390106,12440.0,4.82,100.0,88.68187714,29.09763132,False,False
VCT,Saint Vincent and the Grenadines,2023,75.53679657,10210.0,5.73,100.0,125.3810385,47.71699223,False,False
WSM,Samoa,2023,,4800.0,6.59,100.0,,17.50127998,False,False
SMR,San Marino,2023,97.33640289,53910.0,0.29,100.0,60.79404467,97.13173104,False,False
STP,Sao Tome and Principe,2023,58.70130157,2810.0,4.65,81.3,,68.60439211,False,False
SAU,Saudi Arabia,2023,100.0,36330.0,0.6,100.0,,84.29623883,False,False
SEN,Senegal,2023,59.18740082,1620.0,2.47,74.2,44.06736822,54.69922762,False,False
SRB,Serbia,2023,85.35746686,10750.0,0.72,100.0,,62.14346492,False,False
SYC,Seychelles,2023,86.001297,16340.0,1.6,100.0,74.25144045,45.09710813,False,False
SLE,Sierra Leone,2023,23.71360016,870.0,5.64,35.5,86.90795135,44.80932499,False,False
SGP,Singapore,2023,94.28518987,69530.0,0.16,100.0,103.0828019,100.0,False,True
SXM,Sint Maarten (Dutch part),2023,,38260.0,0.42,100.0,,100.0,False,False
SVK,Slovak Republic,2023,87.2131343,22710.0,0.66,100.0,92.64367676,53.19080502,False,False
SVN,Slovenia,2023,90.37794678,31020.0,0.35,100.0,107.6268768,55.53789278,False,False
SLB,Solomon Islands,2023,28.67239952,1980.0,10.21,81.3,,30.00888211,False,False
SOM,Somalia,2023,26.12010002,600.0,5.11,50.3,3.347850084,54.07144355,False,False
ZAF,South Africa,2023,78.33670044,6490.0,1.65,87.7,104.1334807,63.58237052,False,False
SSD,South Sudan,2023,,,32.59,5.4,,21.07377553,False,False
ESP,Spain,2023,95.44564516,32980.0,0.21,100.0,118.3617096,80.128491,False,False
LKA,Sri Lanka,2023,51.2,3550.0,0.29,100.0,87.95340653,20.14553484,False,False
MAF,St. Martin (French part),2023,,,,100.0,,100.0,False,False
PSE,State of Palestine,2023,86.63765334,4450.0,0.39,100.0,89.1210984,86.85768704,False,False
SDN,Sudan,2023,,660.0,4.17,66.0,,34.7960077,False,False
SUR,Suriname,2023,87.4,5210.0,2.8,99.6,76.11092377,65.75624084,False,False
SWE,Sweden,2023,95.70327461,60540.0,0.3,100.0,134.2442932,88.63121616,False,False
CHE,Switzerland,2023,97.34436623,98160.0,0.29,100.0,102.9655914,85.18542127,False,False
SYR,Syrian Arab Republic,2023,,,6.44,88.4,39.46720886,72.16738031,False,False
TJK,Tajikistan,2023,54.41550064,1400.0,4.44,100.0,88.40220159,26.18901276,False,False
TZA,Tanzania,2023,28.43190002,1220.0,4.44,48.3,,35.47480194,False,False
THA,Thailand,2023,89.53525238,7210.0,1.31,100.0,93.33563153,60.93419266,False,True
TLS,Timor-Leste,2023,,1900.0,4.26,100.0,,28.59547183,False,True
TGO,Togo,2023,37.57020187,1190.0,6.27,59.2,63.41925152,43.2496853,False,False
TON,Tonga,2023,64.13140106,5910.0,2.25,100.0,91.86066563,21.14794454,False,False
TTO,Trinidad and Tobago,2023,81.9681015,19880.0,2.35,98.7,92.93778992,53.95368421,False,False
TUN,Tunisia,2023,,3850.0,0.84,100.0,,70.02666865,False,False
TUR,Turkiye,2023,85.96074155,11980.0,0.69,100.0,118.4119797,89.02184468,False,False
TKM,Turkmenistan,2023,,4830.0,2.12,100.0,102.5467529,47.06788751,False,False
TCA,Turks & Caicos Is.,2023,,36060.0,1.93,100.0,109.8417599,93.93245137,False,False
TUV,Tuvalu,2023,,7520.0,2.48,100.0,93.27531646,64.01172067,False,False
UGA,Uganda,2023,9.286999702,970.0,3.55,51.5,,30.60593594,False,False
UKR,Ukraine,2023,81.58059692,4980.0,1.36,100.0,87.0823822,69.4754455,False,False
ARE,United Arab Emirates,2023,100.0,51100.0,0.42,100.0,101.9449724,85.6680699,False,False
GBR,United Kingdom,2023,95.44719696,48800.0,0.32,100.0,112.1200485,83.16019329,False,False
USA,United States,2023,93.52559662,79950.0,0.67,100.0,,80.07156112,False,False
URY,Uruguay,2023,90.92590332,20070.0,0.62,100.0,119.105006,95.54396057,False,False
UZB,Uzbekistan,2023,89.01361047,2880.0,0.71,100.0,97.38399458,50.99648411,False,False
VUT,Vanuatu,2023,,4210.0,3.0,61.6,134.6706752,22.26519668,False,False
VEN,Venezuela,2023,76.33190155,3040.0,37.36,100.0,97.22960663,89.24962762,False,False
VNM,Viet Nam,2023,78.08,4140.0,0.91,99.8,,38.12989044,False,True
VIR,Virgin Islands (U.S.),2023,,,,100.0,,95.27407909,False,False
YEM,Yemen,2023,,,7.7,83.6,,36.57079798,False,False
ZMB,Zambia,2023,16.45070076,1270.0,2.02,51.1,,45.02858535,False,False
ZWE,Zimbabwe,2023,38.67480087,2550.0,4.76,62.0,,39.29193708,False,False
AFG,Afghanistan,2024,16.09499931,390.0,8.44,87.8,,25.70073526,False,False
ALB,Albania,2024,85.86389923,9910.0,1.88,100.0,108.3553925,58.5463634,False,False
DZA,Algeria,2024,77.4178009,5370.0,0.51,100.0,105.1641318,75.27929072,False,False
ASM,American Samoa,2024,,,,,,80.9446987,False,False
AND,Andorra,2024,94.39759827,47740.0,0.43,100.0,101.9238205,88.88500448,False,False
AGO,Angola,2024,40.70479965,2850.0,1.56,55.5,,70.6551379,False,False
ATG,Antigua and Barbuda,2024,72.73040009,21200.0,2.31,100.0,,24.39069193,False,False
ARG,Argentina,2024,89.66715228,13530.0,0.84,98.4,,92.2742316,False,False
ARM,Armenia,2024,81.33930206,7810.0,0.72,100.0,90.94587141,65.81136714,False,False
ABW,Aruba,2024,,35200.0,1.04,100.0,124.3793667,61.79093968,False,False
AUS,Australia,2024,96.13140106,62680.0,0.33,100.0,131.9315643,87.602147,False,False
AUT,Austria,2024,94.91974877,54760.0,0.2,100.0,100.6226578,69.46581811,False,False
AZE,Azerbaijan,2024,90.43979645,7340.0,0.62,100.0,91.12280359,58.57379584,False,False
BHS,Bahamas,2024,92.47270203,37020.0,0.87,100.0,79.48587503,81.3249263,False,False
BHR,Bahrain,2024,100.0,28170.0,0.58,100.0,98.81391814,100.0,False,False
BGD,Bangladesh,2024,53.42171316,2820.0,0.66,99.5,64.2997191,32.67831963,False,False
BRB,Barbados,2024,70.36470032,25360.0,1.66,100.0,104.371183,59.53970324,False,False
BLR,Belarus,2024,94.26182128,8380.0,0.51,100.0,94.79027029,79.15510152,False,False
BEL,Belgium,2024,95.77579144,55290.0,0.36,100.0,,87.6126557,False,False
BLZ,Belize,2024,80.00582262,7150.0,2.1,99.6,86.45715833,41.75321073,False,False
BEN,Benin,2024,33.98379898,1430.0,4.58,59.0,,52.54553548,False,False
BMU,Bermuda,2024,,139370.0,0.74,100.0,,100.0,False,False
BTN,Bhutan,2024,91.27739716,3910.0,0.68,100.0,86.1810002,42.56452498,False,False
BOL,Bolivia,2024,79.70469666,4160.0,1.44,96.6,90.52722168,71.23614538,False,False
BIH,Bosnia and Herzegovina,2024,86.10091103,8810.0,0.92,100.0,,52.12243028,False,False
BWA,Botswana,2024,57.45950036,7610.0,0.85,80.2,,67.46235378,False,False
BRA,Brazil,2024,84.46347227,9930.0,0.74,99.8,104.1446609,87.89585495,False,False
VGB,British Virgin Islands,2024,,,0.7,100.0,75.58331299,56.5072069,False,False
BRN,Brunei Darussalam,2024,96.29828801,36020.0,0.26,100.0,,74.89831339,False,True
BGR,Bulgaria,2024,82.438955,15370.0,0.43,100.0,94.78163147,73.94993569,False,False
BFA,Burkina Faso,2024,28.25270081,850.0,4.96,34.0,29.99057745,28.33525149,False,False
BDI,Burundi,2024,8.595999718,250.0,10.43,20.1,,24.83028387,False,False
CPV,Cabo Verde,2024,74.73519897,4940.0,1.91,98.4,,76.7721471,False,False
KHM,Cambodia,2024,68.47530365,2550.0,0.66,99.2,58.78932304,40.87270333,False,True
CMR,Cameroon,2024,46.25880051,1690.0,3.38,72.0,,55.40317486,False,False
CAN,Canada,2024,94.353302,54110.0,0.67,100.0,,82.70025658,False,False
CYM,Cayman Islands,2024,,81920.0,1.48,100.0,84.76030982,100.0,False,False
CAF,Central African Rep.,2024,13.78250027,510.0,26.7,18.2,,44.12435556,False,False
TCD,Chad,2024,12.62689972,930.0,8.37,13.4,23.49298948,26.93152924,False,False
CHI,Channel Islands,2024,,,,100.0,,32.70562112,False,False
CHL,Chile,2024,95.590243,15840.0,0.44,99.0,105.608551,88.99509085,False,False
CHN,China,2024,92.0,13660.0,0.41,100.0,,65.8946981,False,False
COL,Colombia,2024,79.34543299,7090.0,1.12,98.9,,78.52108119,False,False
COM,Comoros,2024,32.51750183,1730.0,5.8,91.7,,33.53922157,False,False
COG,Congo (Rep. of the),2024,47.25159836,2270.0,5.67,53.0,,63.88661117,False,False
COD,"Congo, Dem. Rep.",2024,19.67350006,680.0,9.09,22.5,,44.74558044,False,False
CRI,Costa Rica,2024,87.17019653,15710.0,0.85,99.8,121.8107605,79.31076724,False,False
CIV,Cote d'Ivoire,2024,41.43219902,2520.0,1.89,72.9,65.30650566,53.97331139,False,False
HRV,Croatia,2024,83.63240029,22230.0,0.18,100.0,,57.51589817,False,False
CUB,Cuba,2024,70.47699738,,18.63,100.0,91.74568443,77.16649292,False,False
CUW,Curacao,2024,,22570.0,2.13,100.0,89.9053421,91.43218124,False,False
CYP,Cyprus,2024,89.60099246,32870.0,0.21,100.0,106.7412796,66.68242592,False,False
CZE,Czech Republic,2024,87.68776014,29570.0,0.41,100.0,,72.79479846,False,False
DNK,Denmark,2024,99.76915157,72540.0,0.2,100.0,125.6280899,88.69605527,False,False
DJI,Djibouti,2024,65.29889679,3640.0,5.75,69.2,,72.90526351,False,False
DMA,Dominica,2024,82.04689789,9930.0,5.94,100.0,,73.544984,False,False
DOM,Dominican Rep.,2024,91.0022446,10310.0,1.82,99.5,76.36484034,72.41218748,False,False
ECU,Ecuador,2024,77.17273115,6400.0,1.89,98.5,,63.23769324,False,False
EGY,Egypt,2024,74.64839935,3510.0,0.7,100.0,84.82860313,42.80043639,False,False
SLV,El Salvador,2024,66.47769928,5070.0,2.93,98.7,62.14258477,75.06749051,False,False
GNQ,Equatorial Guinea,2024,63.29930115,6050.0,,65.1,,71.35740287,False,False
ERI,Eritrea,2024,,,,55.3,,34.53655243,False,False
EST,Estonia,2024,92.23796204,28880.0,0.18,100.0,108.5387268,70.69811615,False,False
SWZ,Eswatini,2024,63.40309906,3440.0,3.47,89.3,,26.24984613,False,False
ETH,Ethiopia,2024,21.94129944,1100.0,1.75,56.6,,23.62228394,False,False
FRO,Faroe Islands,2024,,73120.0,0.49,100.0,,39.41323259,False,False
FJI,Fiji,2024,74.7052002,5820.0,3.13,95.9,98.09276303,59.07666023,False,False
FIN,Finland,2024,93.72405196,51710.0,0.12,100.0,142.3951569,74.26371905,False,False
FRA,France,2024,88.65381638,45160.0,0.14,100.0,103.785408,78.7999751,False,False
PYF,French Polynesia,2024,,24100.0,0.55,100.0,,61.71919847,False,False
GAB,Gabon,2024,68.72090149,7870.0,1.47,95.1,,91.86320947,False,False
GMB,Gambia,2024,49.49430084,880.0,4.25,69.0,,64.29941034,False,False
GEO,Georgia,2024,83.79855689,7870.0,0.54,100.0,100.9593155,61.07896051,False,False
DEU,Germany,2024,93.49999579,55090.0,0.24,100.0,100.2436981,82.02114326,False,False
GHA,Ghana,2024,72.17569733,2260.0,1.48,91.9,75.71746826,58.3654868,False,False
GIB,Gibraltar,2024,,,,100.0,78.52797699,100.0,False,False
GRC,Greece,2024,86.26968886,22730.0,0.53,100.0,,78.99678565,False,False
GRL,Greenland,2024,,,1.2,100.0,,88.31953479,False,False
GRD,Grenada,2024,70.16159821,10790.0,5.43,95.6,100.7316794,36.56280005,False,False
GUM,Guam,2024,,,,100.0,,94.17263466,False,False
GTM,Guatemala,2024,60.22140121,5780.0,2.96,90.9,49.5765805,55.95470273,False,False
GIN,Guinea,2024,33.30469894,1440.0,4.56,53.8,,38.07130367,False,False
GNB,Guinea-Bissau,2024,29.77739906,980.0,8.54,43.7,,46.11320442,False,False
GUY,Guyana,2024,83.00080109,26400.0,1.22,93.0,91.43044965,26.47771799,False,False
HTI,Haiti,2024,47.8614006,1730.0,3.52,53.9,,55.03726525,False,False
HND,Honduras,2024,58.62269974,3020.0,7.13,95.5,51.76398132,58.78507281,False,False
HKG,"Hong Kong SAR, China",2024,95.75536971,57410.0,0.09,100.0,107.1603269,100.0,False,False
HUN,Hungary,2024,93.77898628,20800.0,0.45,100.0,107.3509293,70.49182594,False,False
ISL,Iceland,2024,98.209198,80910.0,0.31,100.0,,94.18190399,False,False
IND,India,2024,64.9434967,2550.0,0.92,99.9,78.10580732,35.37889724,False,False
IDN,Indonesia,2024,72.78075544,4920.0,0.49,99.9,98.83644446,58.75096354,True,True
IRN,Iran (Islamic Republic of),2024,85.3404007,5130.0,0.15,100.0,,77.02012634,False,False
IRQ,Iraq,2024,81.47450256,6030.0,1.65,100.0,,69.88614941,False,False
IRL,Ireland,2024,97.18769836,80650.0,0.32,100.0,,64.34703793,False,False
IMN,Isle of Man,2024,,,,100.0,,52.16334058,False,False
ISR,Israel,2024,88.18242225,53090.0,0.22,100.0,98.54734039,91.53618884,False,False
ITA,Italy,2024,89.2207202,38640.0,0.34,100.0,,69.60475351,False,False
JAM,Jamaica,2024,90.10870361,7190.0,4.66,97.7,84.45723724,58.93015854,False,False
JPN,Japan,2024,85.54153081,37170.0,0.52,100.0,,92.1901718,False,False
JOR,Jordan,2024,95.62244985,4880.0,3.53,100.0,91.75186216,92.95013938,False,False
KAZ,Kazakhstan,2024,93.39167254,12100.0,1.11,100.0,97.19888423,62.07253158,False,False
KEN,Kenya,2024,34.97622513,2070.0,1.79,77.0,,31.89378317,False,False
KIR,Kiribati,2024,89.44029999,3580.0,4.55,97.7,90.27867126,62.46204313,False,False
KOR,Korea (Rep. of),2024,97.89563777,36750.0,0.45,100.0,96.25399017,81.16825285,False,False
PRK,"Korea, Dem. People's Rep.",2024,,,,61.4,,63.85897482,False,False
XKX,Kosovo,2024,,6920.0,,,,50.32144439,False,False
KWT,Kuwait,2024,99.74729919,41110.0,0.43,100.0,,100.0,False,False
KGZ,Kyrgyz Republic,2024,92.0286026,2260.0,1.31,100.0,91.33999622,34.72199779,False,False
LAO,Lao P.D.R.,2024,65.59269714,2000.0,1.41,96.5,51.85236025,39.55521544,False,True
LVA,Latvia,2024,92.70757011,21520.0,0.34,100.0,101.2526474,68.48394926,False,False
LBN,Lebanon,2024,80.63400269,3560.0,2.08,100.0,63.79230118,90.70369578,False,False
LSO,Lesotho,2024,51.79660034,1240.0,5.06,60.6,,43.67803342,False,False
LBR,Liberia,2024,32.23360062,750.0,8.22,34.9,,55.53879867,False,False
LBY,Libya,2024,81.95449829,6790.0,0.34,77.4,,87.88540661,False,False
LIE,Liechtenstein,2024,98.2641983,,0.06,100.0,,14.6575849,False,False
LTU,Lithuania,2024,89.16116293,27110.0,0.19,100.0,104.8608093,68.82858333,False,False
LUX,Luxembourg,2024,98.7606147,84650.0,0.12,100.0,108.5774384,94.84387029,False,False
MAC,"Macao SAR, China",2024,89.82640076,69920.0,0.13,100.0,94.66167665,100.0,False,False
MDG,Madagascar,2024,18.67790031,520.0,6.28,42.5,,32.43398933,False,False
MWI,Malawi,2024,18.96159935,570.0,8.83,15.6,,17.26850353,False,False
MYS,Malaysia,2024,98.0206059,11650.0,0.23,100.0,80.27574069,76.91702966,False,True
MDV,Maldives,2024,85.23999786,11540.0,1.14,100.0,,41.99821527,False,False
MLI,Mali,2024,36.80149841,1030.0,9.24,49.5,,31.60756212,False,False
MLT,Malta,2024,93.86029816,36540.0,0.23,100.0,,95.65462645,False,False
MHL,Marshall Islands,2024,65.915802,8510.0,3.17,97.2,85.75586372,78.73256602,False,False
MRT,Mauritania,2024,45.77939987,2110.0,3.05,52.2,,60.60685864,False,False
MUS,Mauritius,2024,73.30793533,12960.0,0.62,100.0,90.72465864,39.0162147,False,False
MEX,Mexico,2024,83.12233799,12760.0,0.9,99.8,103.0933228,79.7538806,False,False
FSM,Micronesia,2024,39.52360153,4490.0,8.67,88.9,,22.45628302,False,False
MDA,Moldova,2024,77.3687973,6890.0,0.59,100.0,99.34391663,43.51647186,False,False
MCO,Monaco,2024,99.04489899,,0.21,100.0,158.5466156,100.0,False,False
MNG,Mongolia,2024,85.12349701,5380.0,1.16,99.1,,70.956604,False,False
MNE,Montenegro,2024,88.88258428,12210.0,1.07,100.0,,65.54223147,False,False
MAR,Morocco,2024,91.2,3840.0,0.65,100.0,89.9834863,62.7998124,False,False
MOZ,Mozambique,2024,20.52729988,550.0,5.08,36.9,,36.43323374,False,False
MMR,Myanmar,2024,,1210.0,2.31,80.4,,30.44990841,False,True
NAM,Namibia,2024,64.87460327,4290.0,0.99,59.3,81.95668282,50.40880303,False,False
NRU,Naoero,2024,83.01170349,21940.0,0.81,100.0,91.51335218,100.0,False,False
NPL,Nepal,2024,46.32189941,1480.0,1.99,97.9,90.38784622,66.77234316,False,False
NLD,Netherlands,2024,97.00679779,62500.0,0.31,100.0,,95.63965171,False,False
NCL,New Caledonia,2024,,30070.0,0.63,100.0,,67.95146956,False,False
NZL,New Zealand,2024,93.51930237,47070.0,0.47,100.0,114.2310562,83.93706588,False,False
NIC,Nicaragua,2024,61.39550018,2510.0,5.48,88.7,,59.26284027,False,False
NER,Niger,2024,15.55760002,670.0,8.31,21.3,19.86647612,18.04973985,False,False
NGA,Nigeria,2024,41.21139908,1710.0,1.75,62.5,,62.97556756,False,False
MKD,North Macedonia,2024,93.6,8300.0,0.65,100.0,,62.56453769,False,False
MNP,Northern Mariana Islands,2024,,,,100.0,,92.07472609,False,False
NOR,Norway,2024,99.0,100030.0,0.37,100.0,116.2542725,83.32937379,False,False
OMN,Oman,2024,95.25174678,19520.0,0.43,100.0,95.12203979,79.44403028,False,False
PAK,Pakistan,2024,57.253,1430.0,1.0,95.7,48.28050221,39.17343684,False,False
PLW,Palau,2024,83.92549896,16920.0,2.13,100.0,95.72708477,79.20950429,False,False
PAN,Panama,2024,72.77149963,17950.0,1.5,96.0,,65.99584477,False,False
PNG,Papua New Guinea,2024,18.81159973,2860.0,11.83,43.3,,15.40618164,False,False
PRY,Paraguay,2024,81.57806793,6290.0,1.9,99.8,79.13056139,69.86225859,False,False
PER,Peru,2024,81.95705992,7530.0,1.21,96.5,108.2890472,85.19127296,False,False
PHL,Philippines,2024,67.26300914,4470.0,1.56,94.8,85.29450857,55.45209832,False,True
POL,Poland,2024,88.58496367,21590.0,0.47,100.0,107.8813095,59.97054687,False,False
PRT,Portugal,2024,88.48704454,26940.0,0.48,100.0,,61.32819073,False,False
PRI,Puerto Rico,2024,,25870.0,0.8,100.0,81.48241397,94.25395052,False,False
QAT,Qatar,2024,98.08540344,76570.0,0.14,100.0,99.57885742,99.32198917,False,False
ROU,Romania,2024,91.29048551,17600.0,0.43,100.0,,52.16747789,False,False
RUS,Russian Federation,2024,94.36495368,15330.0,0.36,100.0,,75.11191362,False,False
RWA,Rwanda,2024,31.70330048,1070.0,2.11,72.0,48.79027719,29.88497143,False,False
KNA,Saint Kitts and Nevis,2024,76.88400269,21960.0,2.02,100.0,,31.7950619,False,False
LCA,Saint Lucia,2024,68.20500183,12840.0,4.28,100.0,87.8672424,29.09733542,False,False
VCT,Saint Vincent and the Grenadines,2024,76.19010162,11210.0,5.22,100.0,124.8717949,47.84870505,False,False
WSM,Samoa,2024,,5040.0,5.59,100.0,,17.50291151,False,False
SMR,San Marino,2024,97.35220337,,0.26,100.0,60.37463977,97.15605559,False,False
STP,Sao Tome and Principe,2024,59.11759949,2910.0,2.99,77.7,,68.87101702,False,False
SAU,Saudi Arabia,2024,100.0,35990.0,0.76,100.0,110.6634652,84.45540202,False,False
SEN,Senegal,2024,60.11780167,1630.0,2.34,82.9,,55.23681691,False,False
SRB,Serbia,2024,87.69071294,11610.0,0.62,100.0,89.84027863,62.38300298,False,False
SYC,Seychelles,2024,87.81800079,17700.0,0.82,100.0,70.82457733,45.28986225,False,False
SLE,Sierra Leone,2024,25.10499954,820.0,4.51,39.2,,45.36268232,False,False
SGP,Singapore,2024,94.37757178,75820.0,0.16,100.0,,100.0,False,True
SXM,Sint Maarten (Dutch part),2024,,38950.0,0.37,100.0,,100.0,False,False
SVK,Slovak Republic,2024,89.82507032,23560.0,0.6,100.0,93.19299316,53.1919703,False,False
SVN,Slovenia,2024,90.76355487,31790.0,0.41,100.0,,55.75777084,False,False
SLB,Solomon Islands,2024,29.04070091,1910.0,9.86,81.5,,30.66171886,False,False
SOM,Somalia,2024,27.94020081,620.0,3.93,54.4,,54.61764655,False,False
ZAF,South Africa,2024,78.35759735,6110.0,1.63,90.2,,63.69179849,False,False
SSD,South Sudan,2024,,,13.22,5.4,122.1206284,21.37681904,False,False
ESP,Spain,2024,95.7574516,33550.0,0.32,100.0,118.5378036,80.31519982,False,False
LKA,Sri Lanka,2024,54.59,3870.0,0.26,100.0,,20.29969971,False,False
MAF,St. Martin (French part),2024,,,,100.0,,100.0,False,False
PSE,State of Palestine,2024,,2980.0,0.43,100.0,,87.11960141,False,False
SDN,Sudan,2024,,710.0,3.82,66.0,,34.86730155,False,False
SUR,Suriname,2024,,5690.0,2.15,99.0,,65.76418572,False,False
SWE,Sweden,2024,95.52930428,58510.0,0.29,100.0,131.9635468,88.85597483,False,False
CHE,Switzerland,2024,97.3443985,99920.0,0.27,100.0,101.4287109,85.461537,False,False
SYR,Syrian Arab Republic,2024,,,10.68,89.3,38.73693085,72.07613458,False,False
TJK,Tajikistan,2024,55.79339981,1650.0,2.94,99.9,86.90352578,26.17880637,False,False
TZA,Tanzania,2024,31.16209984,1210.0,4.23,52.4,,36.16844589,False,False
THA,Thailand,2024,90.86718789,7130.0,0.74,100.0,92.50732554,61.86893384,False,True
TLS,Timor-Leste,2024,,1650.0,2.24,94.3,,28.66410742,False,True
TGO,Togo,2024,39.48320007,1220.0,5.83,61.1,,43.81484916,False,False
TON,Tonga,2024,67.4417038,6270.0,2.09,100.0,92.42580497,21.15052711,False,False
TTO,Trinidad and Tobago,2024,82.15989685,19290.0,1.64,100.0,95.68156493,53.96105668,False,False
TUN,Tunisia,2024,76.5,3880.0,0.82,100.0,,70.35853557,False,False
TUR,Turkiye,2024,87.3078767,13430.0,0.87,100.0,,89.34431229,False,False
TKM,Turkmenistan,2024,,5640.0,1.65,100.0,94.64641267,47.08752539,False,False
TCA,Turks & Caicos Is.,2024,,36760.0,1.65,100.0,119.7289757,94.16709179,False,False
TUV,Tuvalu,2024,,7970.0,2.31,100.0,90.65716548,64.72547934,False,False
UGA,Uganda,2024,8.949831061,1010.0,3.22,55.3,,31.27776982,False,False
UKR,Ukraine,2024,82.47489929,5230.0,1.08,100.0,86.16950226,69.53156432,False,False
ARE,United Arab Emirates,2024,100.0,51550.0,0.36,100.0,102.1297249,85.81710883,False,False
GBR,United Kingdom,2024,95.4720993,49320.0,0.31,100.0,,83.24295444,False,False
USA,United States,2024,94.69380188,82910.0,0.64,100.0,,80.1247798,False,False
URY,Uruguay,2024,91.99109007,22000.0,0.59,100.0,,95.59819516,False,False
UZB,Uzbekistan,2024,89.50550079,3170.0,0.62,100.0,96.83992223,50.99866867,False,False
VUT,Vanuatu,2024,,4130.0,2.63,65.5,,22.28669334,False,False
VEN,Venezuela,2024,76.67890167,3840.0,20.59,100.0,97.79081726,89.28585988,False,False
VNM,Viet Nam,2024,84.15,4490.0,0.86,100.0,,38.49007034,False,True
VIR,Virgin Islands (U.S.),2024,,,,100.0,,95.3312197,False,False
YEM,Yemen,2024,,,6.49,86.3,,36.80775176,False,False
ZMB,Zambia,2024,17.10099983,1190.0,2.17,53.6,56.78892899,45.47038385,False,False
ZWE,Zimbabwe,2024,41.64279938,2400.0,,62.0,,39.89337168,False,False
AFG,Afghanistan,2025,,,8.06,,,25.94016447,False,False
ALB,Albania,2025,,12060.0,1.3,,,58.87147433,False,False
DZA,Algeria,2025,,5850.0,1.36,,,75.81873581,False,False
ASM,American Samoa,2025,,,,,,80.51235082,False,False
AND,Andorra,2025,,53230.0,0.2,,,88.94926723,False,False
AGO,Angola,2025,,2860.0,1.22,,,71.46159152,False,False
ATG,Antigua and Barbuda,2025,,23790.0,2.26,,,24.33348347,False,False
ARG,Argentina,2025,,14650.0,0.37,,,92.35192216,False,False
ARM,Armenia,2025,,9020.0,0.82,,,65.92870156,False,False
ABW,Aruba,2025,,,1.08,,,61.74852492,False,False
AUS,Australia,2025,,64120.0,0.32,,,87.71926727,False,False
AUT,Austria,2025,91.92573373,60360.0,0.18,,,69.71521524,False,False
AZE,Azerbaijan,2025,90.80000181,7360.0,0.6,,,58.63710243,False,False
BHS,Bahamas,2025,,,1.05,,,81.3309172,False,False
BHR,Bahrain,2025,,28790.0,0.56,,,100.0,False,False
BGD,Bangladesh,2025,,2840.0,0.83,,,33.2395847,False,False
BRB,Barbados,2025,,27080.0,1.73,,,59.69962399,False,False
BLR,Belarus,2025,,9160.0,0.68,,,79.49458204,False,False
BEL,Belgium,2025,,59500.0,0.34,,,87.67260831,False,False
BLZ,Belize,2025,,7530.0,2.0,,,41.56214354,False,False
BEN,Benin,2025,,1600.0,4.04,,,53.3620074,False,False
BMU,Bermuda,2025,,,0.66,,,100.0,False,False
BTN,Bhutan,2025,,4310.0,0.8,,,43.43018325,False,False
BOL,Bolivia,2025,,4420.0,0.89,,,71.56310373,False,False
BIH,Bosnia and Herzegovina,2025,,9940.0,0.87,,,52.69154408,False,False
BWA,Botswana,2025,,7390.0,0.79,,,67.95595615,False,False
BRA,Brazil,2025,,10550.0,0.65,,,88.17729965,False,False
VGB,British Virgin Islands,2025,,,0.85,,,57.39519098,False,False
BRN,Brunei Darussalam,2025,,34790.0,0.26,,,75.01098866,False,True
BGR,Bulgaria,2025,,17780.0,0.4,,,74.17275018,False,False
BFA,Burkina Faso,2025,,980.0,8.8,,,28.92263607,False,False
BDI,Burundi,2025,,240.0,14.31,,23.12560081,25.68701847,False,False
CPV,Cabo Verde,2025,,5590.0,1.59,,,77.6300668,False,False
KHM,Cambodia,2025,,2750.0,0.48,,,41.10561939,False,True
CMR,Cameroon,2025,,1860.0,3.2,,,55.66920417,False,False
CAN,Canada,2025,,56420.0,0.46,,,82.87570203,False,False
CYM,Cayman Islands,2025,,,1.46,,,100.0,False,False
CAF,Central African Rep.,2025,,560.0,23.0,,,44.55321567,False,False
TCD,Chad,2025,,970.0,5.9,,,27.56587863,False,False
CHI,Channel Islands,2025,,,,,,32.64308563,False,False
CHL,Chile,2025,,16960.0,0.4,,,89.177283,False,False
CHN,China,2025,91.6,14230.0,0.25,,,66.34299103,False,False
COL,Colombia,2025,,7900.0,1.14,,,78.78279148,False,False
COM,Comoros,2025,,1950.0,5.15,,,33.94154748,False,False
COG,Congo (Rep. of the),2025,,2280.0,4.96,,,64.12365348,False,False
COD,"Congo, Dem. Rep.",2025,,720.0,9.38,,,45.1135633,False,False
CRI,Costa Rica,2025,,17930.0,0.68,,,79.7268138,False,False
CIV,Cote d'Ivoire,2025,,2780.0,1.9,,,54.54895015,False,False
HRV,Croatia,2025,,25360.0,0.16,,,57.81445436,False,False
CUB,Cuba,2025,,,13.32,,,77.22707748,False,False
CUW,Curacao,2025,,,2.07,,,91.4727715,False,False
CYP,Cyprus,2025,,36110.0,0.38,,,66.69502707,False,False
CZE,Czech Republic,2025,,32960.0,0.37,,,72.87543671,False,False
DNK,Denmark,2025,,77190.0,0.19,,,88.84584359,False,False
DJI,Djibouti,2025,,3960.0,5.74,,,72.97586607,False,False
DMA,Dominica,2025,,10690.0,4.68,,,73.98616167,False,False
DOM,Dominican Rep.,2025,,10620.0,1.59,,,72.51769406,False,False
ECU,Ecuador,2025,,6890.0,1.96,,,63.39181891,False,False
EGY,Egypt,2025,,3260.0,0.9,,,42.90432049,False,False
SLV,El Salvador,2025,,5410.0,2.34,,,75.52371232,False,False
GNQ,Equatorial Guinea,2025,,5890.0,,,,71.57610285,False,False
ERI,Eritrea,2025,,,,,,34.54045043,False,False
EST,Estonia,2025,,32310.0,0.17,,,70.72085266,False,False
SWZ,Eswatini,2025,,3730.0,1.73,,,26.72137097,False,False
ETH,Ethiopia,2025,,1110.0,2.13,,,24.10969521,False,False
FRO,Faroe Islands,2025,,,0.38,,,39.64332179,False,False
FJI,Fiji,2025,,6230.0,2.9,,,59.54445518,False,False
FIN,Finland,2025,,55250.0,0.13,,,74.52478443,False,False
FRA,France,2025,,48630.0,0.14,,,78.84496506,False,False
PYF,French Polynesia,2025,,,0.43,,,61.75837665,False,False
GAB,Gabon,2025,,8090.0,1.48,,,92.08766667,False,False
GMB,Gambia,2025,,930.0,3.59,,,64.98848613,False,False
GEO,Georgia,2025,,8990.0,0.46,,,61.17813641,False,False
DEU,Germany,2025,,60200.0,0.18,,,82.13822205,False,False
GHA,Ghana,2025,,2630.0,1.22,,,58.92468615,False,False
GIB,Gibraltar,2025,,,,,,100.0,False,False
GRC,Greece,2025,,25360.0,0.5,,,79.22460828,False,False
GRL,Greenland,2025,,,1.18,,,88.57401087,False,False
GRD,Grenada,2025,,11660.0,4.96,,,36.67080643,False,False
GUM,Guam,2025,,,,,,94.21974634,False,False
GTM,Guatemala,2025,,6360.0,2.93,,,56.2972033,False,False
GIN,Guinea,2025,,1730.0,4.46,,,38.51653345,False,False
GNB,Guinea-Bissau,2025,,1090.0,5.1,,,46.65103153,False,False
GUY,Guyana,2025,,28470.0,1.16,,,26.49138765,False,False
HTI,Haiti,2025,,2010.0,1.69,,,55.61488559,False,False
HND,Honduras,2025,,3270.0,6.74,,,59.25170759,False,False
HKG,"Hong Kong SAR, China",2025,,62500.0,0.09,,,100.0,False,False
HUN,Hungary,2025,,23850.0,0.37,,,70.69368318,False,False
ISL,Iceland,2025,,89220.0,0.25,,,94.21793202,False,False
IND,India,2025,70.0,2760.0,0.93,,79.59498509,35.68915577,False,False
IDN,Indonesia,2025,,5120.0,0.24,,97.17018418,59.3929064,True,True
IRN,Iran (Islamic Republic of),2025,,4650.0,,,,77.37615309,False,False
IRQ,Iraq,2025,,5690.0,1.51,,,69.93967395,False,False
IRL,Ireland,2025,,87360.0,0.32,,,64.58757938,False,False
IMN,Isle of Man,2025,,,,,,52.1358064,False,False
ISR,Israel,2025,,56180.0,0.27,,,91.57830609,False,False
ITA,Italy,2025,,42080.0,0.32,,,69.6808618,False,False
JAM,Jamaica,2025,,7790.0,4.47,,,59.42540518,False,False
JPN,Japan,2025,,38340.0,0.5,,,92.30014494,False,False
JOR,Jordan,2025,,5260.0,3.48,,,93.20851501,False,False
KAZ,Kazakhstan,2025,,13740.0,1.18,,97.61673111,62.38555695,False,False
KEN,Kenya,2025,,2200.0,1.64,,,32.21211929,False,False
KIR,Kiribati,2025,,3930.0,4.28,,,63.38508578,False,False
KOR,Korea (Rep. of),2025,,37880.0,0.45,,,81.17402633,False,False
PRK,"Korea, Dem. People's Rep.",2025,,,,,,64.18978583,False,False
XKX,Kosovo,2025,,7760.0,,,,50.92609717,False,False
KWT,Kuwait,2025,100.0,,0.5,,,100.0,False,False
KGZ,Kyrgyz Republic,2025,,2800.0,1.06,,91.7258849,34.74635373,False,False
LAO,Lao P.D.R.,2025,,2150.0,1.2,,50.5430059,40.3129835,False,True
LVA,Latvia,2025,,24980.0,0.34,,,68.63257198,False,False
LBN,Lebanon,2025,,,2.46,,,90.96023143,False,False
LSO,Lesotho,2025,,1280.0,4.51,,,44.66958558,False,False
LBR,Liberia,2025,,830.0,7.89,,,56.08197472,False,False
LBY,Libya,2025,,7250.0,0.39,,,87.9112413,False,False
LIE,Liechtenstein,2025,,,0.07,,,14.6298999,False,False
LTU,Lithuania,2025,,30500.0,0.18,,,69.08163814,False,False
LUX,Luxembourg,2025,99.12902211,95720.0,0.11,,,94.88417296,False,False
MAC,"Macao SAR, China",2025,,,0.11,,,100.0,False,False
MDG,Madagascar,2025,,560.0,5.99,,,32.90170708,False,False
MWI,Malawi,2025,,600.0,8.07,,,17.59498684,False,False
MYS,Malaysia,2025,,12380.0,0.23,,,77.39488123,False,True
MDV,Maldives,2025,,12950.0,1.07,,,42.5061568,False,False
MLI,Mali,2025,,1120.0,7.51,,,32.21271372,False,False
MLT,Malta,2025,,41440.0,0.21,,,95.68058566,False,False
MHL,Marshall Islands,2025,,9710.0,2.86,,,79.10550309,False,False
MRT,Mauritania,2025,,2210.0,2.94,,,61.48881905,False,False
MUS,Mauritius,2025,,14040.0,0.54,,,39.03696634,False,False
MEX,Mexico,2025,,13730.0,0.86,,,80.04089306,False,False
FSM,Micronesia,2025,,4760.0,8.47,,,22.48092906,False,False
MDA,Moldova,2025,,8050.0,0.53,,,43.73362404,False,False
MCO,Monaco,2025,,,0.2,,,100.0,False,False
MNG,Mongolia,2025,,6210.0,0.84,,,71.14507191,False,False
MNE,Montenegro,2025,,14150.0,0.76,,,65.60850835,False,False
MAR,Morocco,2025,,4360.0,0.61,,,63.12786123,False,False
MOZ,Mozambique,2025,,570.0,3.27,,,37.20779449,False,False
MMR,Myanmar,2025,,1320.0,2.88,,,30.58369155,False,True
NAM,Namibia,2025,,4340.0,1.06,,,50.86669844,False,False
NRU,Naoero,2025,,20690.0,3.58,,94.52991479,100.0,False,False
NPL,Nepal,2025,,1570.0,1.22,,,66.99942488,False,False
NLD,Netherlands,2025,,68530.0,0.29,,,95.93859035,False,False
NCL,New Caledonia,2025,,,0.31,,,68.17178883,False,False
NZL,New Zealand,2025,,46630.0,0.32,,,83.99785158,False,False
NIC,Nicaragua,2025,,2850.0,3.88,,,59.4435893,False,False
NER,Niger,2025,,750.0,6.93,,,18.37406972,False,False
NGA,Nigeria,2025,,1360.0,1.56,,,63.77541805,False,False
MKD,North Macedonia,2025,93.1,9490.0,0.66,,,62.89098578,False,False
MNP,Northern Mariana Islands,2025,,,,,,92.17653836,False,False
NOR,Norway,2025,,97310.0,0.37,,,83.57057877,False,False
OMN,Oman,2025,,,0.33,,,79.47813833,False,False
PAK,Pakistan,2025,,1500.0,1.0,,,39.5256011,False,False
PLW,Palau,2025,,19890.0,2.12,,,79.28359342,False,False
PAN,Panama,2025,,19140.0,1.42,,,66.15009994,False,False
PNG,Papua New Guinea,2025,,2890.0,20.41,,,15.77974487,False,False
PRY,Paraguay,2025,,6750.0,1.41,,,70.38976399,False,False
PER,Peru,2025,,8430.0,1.12,,,85.59634848,False,False
PHL,Philippines,2025,,4850.0,1.39,,,55.77329076,False,True
POL,Poland,2025,,25520.0,0.37,,,60.08533303,False,False
PRT,Portugal,2025,,29930.0,0.37,,,61.49531993,False,False
PRI,Puerto Rico,2025,,27320.0,0.77,,,94.34048366,False,False
QAT,Qatar,2025,,74330.0,0.18,,,99.35934277,False,False
ROU,Romania,2025,,20190.0,0.4,,,52.1728885,False,False
RUS,Russian Federation,2025,,15960.0,0.31,,,75.25066366,False,False
RWA,Rwanda,2025,,1150.0,1.87,,,30.91338409,False,False
KNA,Saint Kitts and Nevis,2025,,24530.0,1.97,,,31.89877131,False,False
LCA,Saint Lucia,2025,,13410.0,4.22,,,29.09657113,False,False
VCT,Saint Vincent and the Grenadines,2025,,12000.0,4.67,,,47.98104804,False,False
WSM,Samoa,2025,,5640.0,4.69,,,17.50638741,False,False
SMR,San Marino,2025,,,0.25,,,97.18702542,False,False
STP,Sao Tome and Principe,2025,,3800.0,2.37,,,69.17218654,False,False
SAU,Saudi Arabia,2025,,36070.0,0.63,,,84.61231211,False,False
SEN,Senegal,2025,,1780.0,2.34,,,55.76724945,False,False
SRB,Serbia,2025,,13480.0,0.7,,,62.63798728,False,False
SYC,Seychelles,2025,,19200.0,0.95,,,45.48283907,False,False
SLE,Sierra Leone,2025,,830.0,2.45,,,45.92677814,False,False
SGP,Singapore,2025,,81760.0,0.15,,,100.0,False,True
SXM,Sint Maarten (Dutch part),2025,,,0.36,,,100.0,False,False
SVK,Slovak Republic,2025,,26410.0,0.51,,,53.1940342,False,False
SVN,Slovenia,2025,,35520.0,0.1,,,55.99069978,False,False
SLB,Solomon Islands,2025,,2020.0,6.6,,,31.30931903,False,False
SOM,Somalia,2025,,640.0,4.0,,,55.13990629,False,False
ZAF,South Africa,2025,,6270.0,1.27,,,63.8154011,False,False
SSD,South Sudan,2025,,,9.69,,,21.6843599,False,False
ESP,Spain,2025,,37120.0,0.37,,,80.5149251,False,False
LKA,Sri Lanka,2025,,4670.0,0.24,,,20.45013552,False,False
MAF,St. Martin (French part),2025,,,,,,100.0,False,False
PSE,State of Palestine,2025,,3250.0,0.56,,,87.3818963,False,False
SDN,Sudan,2025,,900.0,5.44,,,34.9349445,False,False
SUR,Suriname,2025,,6140.0,1.94,,,65.78868364,False,False
SWE,Sweden,2025,95.76629783,63010.0,0.28,,,89.07786778,False,False
CHE,Switzerland,2025,97.32103855,110330.0,0.27,,,85.72721578,False,False
SYR,Syrian Arab Republic,2025,,,3.13,,,72.08362862,False,False
TJK,Tajikistan,2025,,2080.0,2.5,,,26.16476271,False,False
TZA,Tanzania,2025,,1270.0,3.99,,,36.88331159,False,False
THA,Thailand,2025,,7690.0,0.61,,92.08723155,62.79933771,False,True
TLS,Timor-Leste,2025,,1510.0,3.08,,,28.7864319,False,True
TGO,Togo,2025,,1350.0,5.68,,,44.39498921,False,False
TON,Tonga,2025,,6840.0,2.88,,,21.15614062,False,False
TTO,Trinidad and Tobago,2025,,18550.0,1.49,,,53.96960874,False,False
TUN,Tunisia,2025,,4300.0,0.91,,,70.7029326,False,False
TUR,Turkiye,2025,89.77024003,16300.0,0.55,,,89.49406,False,False
TKM,Turkmenistan,2025,,6340.0,2.02,,,47.10536083,False,False
TCA,Turks & Caicos Is.,2025,,,1.47,,,94.39594507,False,False
TUV,Tuvalu,2025,,9780.0,1.99,,,65.44807095,False,False
UGA,Uganda,2025,,1120.0,3.03,,,31.93995575,False,False
UKR,Ukraine,2025,,5510.0,1.38,,,69.59549246,False,False
ARE,United Arab Emirates,2025,,,0.38,,,85.96176413,False,False
GBR,United Kingdom,2025,,54550.0,0.29,,,83.32360808,False,False
USA,United States,2025,,88810.0,0.61,,,80.1921733,False,False
URY,Uruguay,2025,,24020.0,0.53,,,95.65371921,False,False
UZB,Uzbekistan,2025,,3670.0,0.45,,98.11984149,51.01734951,False,False
VUT,Vanuatu,2025,,4410.0,2.49,,,22.32198888,False,False
VEN,Venezuela,2025,,3860.0,7.56,,,89.32191123,False,False
VNM,Viet Nam,2025,,4970.0,0.76,,,38.82991604,False,True
VIR,Virgin Islands (U.S.),2025,,,,,,95.38857908,False,False
YEM,Yemen,2025,,,7.97,,,37.03366646,False,False
ZMB,Zambia,2025,,1200.0,1.91,,,45.91715102,False,False
ZWE,Zimbabwe,2025,,2660.0,,,,40.49512874,False,False
