record_id,kode_wilayah,nama_wilayah,tingkat_wilayah,tahun,topik,kode_indikator,nama_indikator,nilai,satuan,jenis_disagregasi_1,kategori_disagregasi_1,jenis_disagregasi_2,kategori_disagregasi_2,versi_wilayah,dataset_asal
ID-0000001,11,Aceh,provinsi,2017,Akses internet,internet_access_pct,Akses internet penduduk usia 5 tahun ke atas,16.93,% penduduk dalam kelompok,area,rural,,,id_34_pre_split,bps_internet_access_history_province_2017_2024
ID-0000002,11,Aceh,provinsi,2017,Akses internet,internet_access_pct,Akses internet penduduk usia 5 tahun ke atas,22.86,% penduduk dalam kelompok,area,total,,,id_34_pre_split,bps_internet_access_history_province_2017_2024
ID-0000003,11,Aceh,provinsi,2017,Akses internet,internet_access_pct,Akses internet penduduk usia 5 tahun ke atas,36.65,% penduduk dalam kelompok,area,urban,,,id_34_pre_split,bps_internet_access_history_province_2017_2024
ID-0000004,11,Aceh,provinsi,2018,Akses internet,internet_access_pct,Akses internet penduduk usia 5 tahun ke atas,23.64,% penduduk dalam kelompok,area,rural,,,id_34_pre_split,bps_internet_access_history_province_2017_2024
ID-0000005,11,Aceh,provinsi,2018,Akses internet,internet_access_pct,Akses internet penduduk usia 5 tahun ke atas,30.69,% penduduk dalam kelompok,area,total,,,id_34_pre_split,bps_internet_access_history_province_2017_2024
ID-0000006,11,Aceh,provinsi,2018,Akses internet,internet_access_pct,Akses internet penduduk usia 5 tahun ke atas,46.06,% penduduk dalam kelompok,area,urban,,,id_34_pre_split,bps_internet_access_history_province_2017_2024
ID-0000007,11,Aceh,provinsi,2018,Kesenjangan gender,internet_access_pct,Akses internet penduduk usia 5 tahun ke atas menurut gender,27.98,% penduduk dalam kelompok,sex,female,,,id_34_pre_split,bps_internet_gender_history_province_2018_2024
ID-0000008,11,Aceh,provinsi,2018,Kesenjangan gender,internet_access_pct,Akses internet penduduk usia 5 tahun ke atas menurut gender,33.43,% penduduk dalam kelompok,sex,male,,,id_34_pre_split,bps_internet_gender_history_province_2018_2024
ID-0000009,11,Aceh,provinsi,2019,Akses internet,internet_access_pct,Akses internet penduduk usia 5 tahun ke atas,28.93,% penduduk dalam kelompok,area,rural,,,id_34_pre_split,bps_internet_access_history_province_2017_2024
ID-0000010,11,Aceh,provinsi,2019,Akses internet,internet_access_pct,Akses internet penduduk usia 5 tahun ke atas,35.6,% penduduk dalam kelompok,area,total,,,id_34_pre_split,bps_internet_access_history_province_2017_2024
ID-0000011,11,Aceh,provinsi,2019,Akses internet,internet_access_pct,Akses internet penduduk usia 5 tahun ke atas,49.43,% penduduk dalam kelompok,area,urban,,,id_34_pre_split,bps_internet_access_history_province_2017_2024
ID-0000012,11,Aceh,provinsi,2019,Kesenjangan gender,internet_access_pct,Akses internet penduduk usia 5 tahun ke atas menurut gender,32.01,% penduduk dalam kelompok,sex,female,,,id_34_pre_split,bps_internet_gender_history_province_2018_2024
ID-0000013,11,Aceh,provinsi,2019,Kesenjangan gender,internet_access_pct,Akses internet penduduk usia 5 tahun ke atas menurut gender,39.23,% penduduk dalam kelompok,sex,male,,,id_34_pre_split,bps_internet_gender_history_province_2018_2024
ID-0000014,11,Aceh,provinsi,2020,Akses internet,internet_access_pct,Akses internet penduduk usia 5 tahun ke atas,35.41,% penduduk dalam kelompok,area,rural,,,id_34_pre_split,bps_internet_access_history_province_2017_2024
ID-0000015,11,Aceh,provinsi,2020,Akses internet,internet_access_pct,Akses internet penduduk usia 5 tahun ke atas,42.56,% penduduk dalam kelompok,area,total,,,id_34_pre_split,bps_internet_access_history_province_2017_2024
ID-0000016,11,Aceh,provinsi,2020,Akses internet,internet_access_pct,Akses internet penduduk usia 5 tahun ke atas,57.41,% penduduk dalam kelompok,area,urban,,,id_34_pre_split,bps_internet_access_history_province_2017_2024
ID-0000017,11,Aceh,provinsi,2020,Kesenjangan gender,internet_access_pct,Akses internet penduduk usia 5 tahun ke atas menurut gender,38.7,% penduduk dalam kelompok,sex,female,,,id_34_pre_split,bps_internet_gender_history_province_2018_2024
ID-0000018,11,Aceh,provinsi,2020,Kesenjangan gender,internet_access_pct,Akses internet penduduk usia 5 tahun ke atas menurut gender,46.46,% penduduk dalam kelompok,sex,male,,,id_34_pre_split,bps_internet_gender_history_province_2018_2024
ID-0000019,11,Aceh,provinsi,2021,Akses internet,internet_access_pct,Akses internet penduduk usia 5 tahun ke atas,42.86,% penduduk dalam kelompok,area,rural,,,id_34_pre_split,bps_internet_access_history_province_2017_2024
ID-0000020,11,Aceh,provinsi,2021,Akses internet,internet_access_pct,Akses internet penduduk usia 5 tahun ke atas,49.23,% penduduk dalam kelompok,area,total,,,id_34_pre_split,bps_internet_access_history_province_2017_2024
ID-0000021,11,Aceh,provinsi,2021,Akses internet,internet_access_pct,Akses internet penduduk usia 5 tahun ke atas,61.92,% penduduk dalam kelompok,area,urban,,,id_34_pre_split,bps_internet_access_history_province_2017_2024
ID-0000022,11,Aceh,provinsi,2021,Akses rumah tangga,household_internet_pct,Rumah tangga dengan akses internet,71.41,% rumah tangga dalam klasifikasi daerah,area,rural,,,id_34_pre_split,bps_household_internet
ID-0000023,11,Aceh,provinsi,2021,Akses rumah tangga,household_internet_pct,Rumah tangga dengan akses internet,75.54,% rumah tangga dalam klasifikasi daerah,area,total,,,id_34_pre_split,bps_household_internet
ID-0000024,11,Aceh,provinsi,2021,Akses rumah tangga,household_internet_pct,Rumah tangga dengan akses internet,83.87,% rumah tangga dalam klasifikasi daerah,area,urban,,,id_34_pre_split,bps_household_internet
ID-0000025,11,Aceh,provinsi,2021,Kesenjangan gender,internet_access_pct,Akses internet penduduk usia 5 tahun ke atas menurut gender,45.32,% penduduk dalam kelompok,sex,female,,,id_34_pre_split,bps_internet_gender_history_province_2018_2024
ID-0000026,11,Aceh,provinsi,2021,Kesenjangan gender,internet_access_pct,Akses internet penduduk usia 5 tahun ke atas menurut gender,53.16,% penduduk dalam kelompok,sex,male,,,id_34_pre_split,bps_internet_gender_history_province_2018_2024
ID-0000027,11,Aceh,provinsi,2021,Literasi digital,digital_literacy_index,Indeks Literasi Digital Kominfo,3.57,poin 1–5,,,,,id_34_pre_split,kominfo_digital_literacy_province_2021
ID-0000028,11,Aceh,provinsi,2022,Akses internet,internet_access_pct,Akses internet penduduk usia 5 tahun ke atas,48.42,% penduduk dalam kelompok,area,rural,,,id_34_pre_split,bps_internet_access_history_province_2017_2024
ID-0000029,11,Aceh,provinsi,2022,Akses internet,internet_access_pct,Akses internet penduduk usia 5 tahun ke atas,52.99,% penduduk dalam kelompok,area,total,,,id_34_pre_split,bps_internet_access_history_province_2017_2024
ID-0000030,11,Aceh,provinsi,2022,Akses internet,internet_access_pct,Akses internet penduduk usia 5 tahun ke atas,62.74,% penduduk dalam kelompok,area,urban,,,id_34_pre_split,bps_internet_access_history_province_2017_2024
ID-0000031,11,Aceh,provinsi,2022,Akses rumah tangga,household_internet_pct,Rumah tangga dengan akses internet,76.86,% rumah tangga dalam klasifikasi daerah,area,rural,,,id_34_pre_split,bps_household_internet
ID-0000032,11,Aceh,provinsi,2022,Akses rumah tangga,household_internet_pct,Rumah tangga dengan akses internet,79.85,% rumah tangga dalam klasifikasi daerah,area,total,,,id_34_pre_split,bps_household_internet
ID-0000033,11,Aceh,provinsi,2022,Akses rumah tangga,household_internet_pct,Rumah tangga dengan akses internet,85.64,% rumah tangga dalam klasifikasi daerah,area,urban,,,id_34_pre_split,bps_household_internet
ID-0000034,11,Aceh,provinsi,2022,Kesenjangan gender,internet_access_pct,Akses internet penduduk usia 5 tahun ke atas menurut gender,48.92,% penduduk dalam kelompok,sex,female,,,id_34_pre_split,bps_internet_gender_history_province_2018_2024
ID-0000035,11,Aceh,provinsi,2022,Kesenjangan gender,internet_access_pct,Akses internet penduduk usia 5 tahun ke atas menurut gender,57.08,% penduduk dalam kelompok,sex,male,,,id_34_pre_split,bps_internet_gender_history_province_2018_2024
ID-0000036,11,Aceh,provinsi,2023,Akses internet,internet_access_pct,Akses internet penduduk usia 5 tahun ke atas,53.93,% penduduk dalam kelompok,area,rural,,,id_34_pre_split,bps_internet_access_history_province_2017_2024
ID-0000037,11,Aceh,provinsi,2023,Akses internet,internet_access_pct,Akses internet penduduk usia 5 tahun ke atas,59.3,% penduduk dalam kelompok,area,total,,,id_34_pre_split,bps_internet_access_history_province_2017_2024
ID-0000038,11,Aceh,provinsi,2023,Akses internet,internet_access_pct,Akses internet penduduk usia 5 tahun ke atas,69.43,% penduduk dalam kelompok,area,urban,,,id_34_pre_split,bps_internet_access_history_province_2017_2024
ID-0000039,11,Aceh,provinsi,2023,Akses rumah tangga,household_internet_pct,Rumah tangga dengan akses internet,84.59,% rumah tangga dalam klasifikasi daerah,area,rural,,,id_34_pre_split,bps_household_internet
ID-0000040,11,Aceh,provinsi,2023,Akses rumah tangga,household_internet_pct,Rumah tangga dengan akses internet,86.46,% rumah tangga dalam klasifikasi daerah,area,total,,,id_34_pre_split,bps_household_internet
ID-0000041,11,Aceh,provinsi,2023,Akses rumah tangga,household_internet_pct,Rumah tangga dengan akses internet,89.84,% rumah tangga dalam klasifikasi daerah,area,urban,,,id_34_pre_split,bps_household_internet
ID-0000042,11,Aceh,provinsi,2023,Kesenjangan gender,internet_access_pct,Akses internet penduduk usia 5 tahun ke atas menurut gender,55.17,% penduduk dalam kelompok,sex,female,,,id_34_pre_split,bps_internet_gender_history_province_2018_2024
ID-0000043,11,Aceh,provinsi,2023,Kesenjangan gender,internet_access_pct,Akses internet penduduk usia 5 tahun ke atas menurut gender,63.49,% penduduk dalam kelompok,sex,male,,,id_34_pre_split,bps_internet_gender_history_province_2018_2024
ID-0000044,11,Aceh,provinsi,2023,Komponen pembangunan TIK,fixed_broadband_norm,"Broadband tetap per 100 penduduk, ternormalisasi",0.46,poin 0–10,,,,,id_34_papua_aggregated_2023_2024,bps_iptik_normalized_components_province_2023_2024
ID-0000045,11,Aceh,provinsi,2023,Komponen pembangunan TIK,fixed_telephone_norm,"Telepon tetap per 100 penduduk, ternormalisasi",0.98,poin 0–10,,,,,id_34_papua_aggregated_2023_2024,bps_iptik_normalized_components_province_2023_2024
ID-0000046,11,Aceh,provinsi,2023,Komponen pembangunan TIK,household_computer_norm,"Rumah tangga dengan komputer, ternormalisasi",1.51,poin 0–10,,,,,id_34_papua_aggregated_2023_2024,bps_iptik_normalized_components_province_2023_2024
ID-0000047,11,Aceh,provinsi,2023,Komponen pembangunan TIK,household_internet_norm,"Rumah tangga dengan internet, ternormalisasi",8.65,poin 0–10,,,,,id_34_papua_aggregated_2023_2024,bps_iptik_normalized_components_province_2023_2024
ID-0000048,11,Aceh,provinsi,2023,Komponen pembangunan TIK,individual_internet_norm,"Individu pengguna internet, ternormalisasi",5.93,poin 0–10,,,,,id_34_papua_aggregated_2023_2024,bps_iptik_normalized_components_province_2023_2024
ID-0000049,11,Aceh,provinsi,2023,Komponen pembangunan TIK,international_bandwidth_norm,"Bandwidth internet internasional per pengguna, ternormalisasi",8.09,poin 0–10,,,,,id_34_papua_aggregated_2023_2024,bps_iptik_normalized_components_province_2023_2024
ID-0000050,11,Aceh,provinsi,2023,Komponen pembangunan TIK,mean_years_school_norm,"Rata-rata lama sekolah, ternormalisasi",6.59,poin 0–10,,,,,id_34_papua_aggregated_2023_2024,bps_iptik_normalized_components_province_2023_2024
ID-0000051,11,Aceh,provinsi,2023,Komponen pembangunan TIK,mobile_broadband_norm,"Broadband seluler per 100 penduduk, ternormalisasi",10,poin 0–10,,,,,id_34_papua_aggregated_2023_2024,bps_iptik_normalized_components_province_2023_2024
ID-0000052,11,Aceh,provinsi,2023,Komponen pembangunan TIK,mobile_cellular_norm,"Telepon seluler per 100 penduduk, ternormalisasi",10,poin 0–10,,,,,id_34_papua_aggregated_2023_2024,bps_iptik_normalized_components_province_2023_2024
ID-0000053,11,Aceh,provinsi,2023,Komponen pembangunan TIK,secondary_enrolment_norm,"Partisipasi pendidikan sekunder, ternormalisasi",9.46,poin 0–10,,,,,id_34_papua_aggregated_2023_2024,bps_iptik_normalized_components_province_2023_2024
ID-0000054,11,Aceh,provinsi,2023,Komponen pembangunan TIK,tertiary_enrolment_norm,"Partisipasi pendidikan tinggi, ternormalisasi",4.28,poin 0–10,,,,,id_34_papua_aggregated_2023_2024,bps_iptik_normalized_components_province_2023_2024
ID-0000055,11,Aceh,provinsi,2023,Pembangunan TIK,access_infrastructure_subindex,Subindeks akses dan infrastruktur TIK,5.84,poin 0–10,,,,,id_34_papua_aggregated_2023_2024,bps_iptik_province_2023_2024
ID-0000056,11,Aceh,provinsi,2023,Pembangunan TIK,ict_development_index,Indeks Pembangunan TIK,5.88,poin 0–10,,,,,id_34_papua_aggregated_2023_2024,bps_iptik_province_2023_2024
ID-0000057,11,Aceh,provinsi,2023,Pembangunan TIK,skills_proxy_subindex,Subindeks proksi keahlian TIK,6.78,poin 0–10,,,,,id_34_papua_aggregated_2023_2024,bps_iptik_province_2023_2024
ID-0000058,11,Aceh,provinsi,2023,Pembangunan TIK,use_subindex,Subindeks penggunaan TIK,5.46,poin 0–10,,,,,id_34_papua_aggregated_2023_2024,bps_iptik_province_2023_2024
ID-0000059,11,Aceh,provinsi,2024,Akses internet,internet_access_pct,Akses internet penduduk usia 5 tahun ke atas,58.66,% penduduk dalam kelompok,area,rural,,,id_38_2024,bps_internet_access_history_province_2017_2024
ID-0000060,11,Aceh,provinsi,2024,Akses internet,internet_access_pct,Akses internet penduduk usia 5 tahun ke atas,62.93,% penduduk dalam kelompok,area,total,,,id_38_2024,bps_internet_access_history_province_2017_2024
ID-0000061,11,Aceh,provinsi,2024,Akses internet,internet_access_pct,Akses internet penduduk usia 5 tahun ke atas,70.8,% penduduk dalam kelompok,area,urban,,,id_38_2024,bps_internet_access_history_province_2017_2024
ID-0000062,11,Aceh,provinsi,2024,Akses rumah tangga,household_internet_pct,Rumah tangga dengan akses internet,86.97,% rumah tangga dalam klasifikasi daerah,area,rural,,,id_38_2024,bps_household_internet
ID-0000063,11,Aceh,provinsi,2024,Akses rumah tangga,household_internet_pct,Rumah tangga dengan akses internet,88.95,% rumah tangga dalam klasifikasi daerah,area,total,,,id_38_2024,bps_household_internet
ID-0000064,11,Aceh,provinsi,2024,Akses rumah tangga,household_internet_pct,Rumah tangga dengan akses internet,92.6,% rumah tangga dalam klasifikasi daerah,area,urban,,,id_38_2024,bps_household_internet
ID-0000065,11,Aceh,provinsi,2024,Kesenjangan gender,internet_access_pct,Akses internet penduduk usia 5 tahun ke atas menurut gender,59.04,% penduduk dalam kelompok,sex,female,,,id_38_2024,bps_internet_gender_history_province_2018_2024
ID-0000066,11,Aceh,provinsi,2024,Kesenjangan gender,internet_access_pct,Akses internet penduduk usia 5 tahun ke atas menurut gender,66.87,% penduduk dalam kelompok,sex,male,,,id_38_2024,bps_internet_gender_history_province_2018_2024
ID-0000067,11,Aceh,provinsi,2024,Komponen pembangunan TIK,fixed_broadband_norm,"Broadband tetap per 100 penduduk, ternormalisasi",0.64,poin 0–10,,,,,id_34_papua_aggregated_2023_2024,bps_iptik_normalized_components_province_2023_2024
ID-0000068,11,Aceh,provinsi,2024,Komponen pembangunan TIK,fixed_telephone_norm,"Telepon tetap per 100 penduduk, ternormalisasi",1.11,poin 0–10,,,,,id_34_papua_aggregated_2023_2024,bps_iptik_normalized_components_province_2023_2024
ID-0000069,11,Aceh,provinsi,2024,Komponen pembangunan TIK,household_computer_norm,"Rumah tangga dengan komputer, ternormalisasi",1.55,poin 0–10,,,,,id_34_papua_aggregated_2023_2024,bps_iptik_normalized_components_province_2023_2024
ID-0000070,11,Aceh,provinsi,2024,Komponen pembangunan TIK,household_internet_norm,"Rumah tangga dengan internet, ternormalisasi",8.9,poin 0–10,,,,,id_34_papua_aggregated_2023_2024,bps_iptik_normalized_components_province_2023_2024
ID-0000071,11,Aceh,provinsi,2024,Komponen pembangunan TIK,individual_internet_norm,"Individu pengguna internet, ternormalisasi",6.29,poin 0–10,,,,,id_34_papua_aggregated_2023_2024,bps_iptik_normalized_components_province_2023_2024
ID-0000072,11,Aceh,provinsi,2024,Komponen pembangunan TIK,international_bandwidth_norm,"Bandwidth internet internasional per pengguna, ternormalisasi",8.52,poin 0–10,,,,,id_34_papua_aggregated_2023_2024,bps_iptik_normalized_components_province_2023_2024
ID-0000073,11,Aceh,provinsi,2024,Komponen pembangunan TIK,mean_years_school_norm,"Rata-rata lama sekolah, ternormalisasi",6.63,poin 0–10,,,,,id_34_papua_aggregated_2023_2024,bps_iptik_normalized_components_province_2023_2024
ID-0000074,11,Aceh,provinsi,2024,Komponen pembangunan TIK,mobile_broadband_norm,"Broadband seluler per 100 penduduk, ternormalisasi",9.61,poin 0–10,,,,,id_34_papua_aggregated_2023_2024,bps_iptik_normalized_components_province_2023_2024
ID-0000075,11,Aceh,provinsi,2024,Komponen pembangunan TIK,mobile_cellular_norm,"Telepon seluler per 100 penduduk, ternormalisasi",10,poin 0–10,,,,,id_34_papua_aggregated_2023_2024,bps_iptik_normalized_components_province_2023_2024
ID-0000076,11,Aceh,provinsi,2024,Komponen pembangunan TIK,secondary_enrolment_norm,"Partisipasi pendidikan sekunder, ternormalisasi",9.55,poin 0–10,,,,,id_34_papua_aggregated_2023_2024,bps_iptik_normalized_components_province_2023_2024
ID-0000077,11,Aceh,provinsi,2024,Komponen pembangunan TIK,tertiary_enrolment_norm,"Partisipasi pendidikan tinggi, ternormalisasi",4.16,poin 0–10,,,,,id_34_papua_aggregated_2023_2024,bps_iptik_normalized_components_province_2023_2024
ID-0000078,11,Aceh,provinsi,2024,Pemanfaatan internet,percentage_users,Tujuan penggunaan internet,11.34,% pengguna internet,area,rural,category,buy_goods_services,id_38_2024,bps_internet_purpose
ID-0000079,11,Aceh,provinsi,2024,Pemanfaatan internet,percentage_users,Tujuan penggunaan internet,3.16,% pengguna internet,area,rural,category,digital_content_creation,id_38_2024,bps_internet_purpose
ID-0000080,11,Aceh,provinsi,2024,Pemanfaatan internet,percentage_users,Tujuan penggunaan internet,8.27,% pengguna internet,area,rural,category,email,id_38_2024,bps_internet_purpose
ID-0000081,11,Aceh,provinsi,2024,Pemanfaatan internet,percentage_users,Tujuan penggunaan internet,80.61,% pengguna internet,area,rural,category,entertainment,id_38_2024,bps_internet_purpose
ID-0000082,11,Aceh,provinsi,2024,Pemanfaatan internet,percentage_users,Tujuan penggunaan internet,5.22,% pengguna internet,area,rural,category,financial_services,id_38_2024,bps_internet_purpose
ID-0000083,11,Aceh,provinsi,2024,Pemanfaatan internet,percentage_users,Tujuan penggunaan internet,16.92,% pengguna internet,area,rural,category,goods_services_information,id_38_2024,bps_internet_purpose
ID-0000084,11,Aceh,provinsi,2024,Pemanfaatan internet,percentage_users,Tujuan penggunaan internet,79.54,% pengguna internet,area,rural,category,news_information,id_38_2024,bps_internet_purpose
ID-0000085,11,Aceh,provinsi,2024,Pemanfaatan internet,percentage_users,Tujuan penggunaan internet,6.85,% pengguna internet,area,rural,category,online_learning,id_38_2024,bps_internet_purpose
ID-0000086,11,Aceh,provinsi,2024,Pemanfaatan internet,percentage_users,Tujuan penggunaan internet,9.33,% pengguna internet,area,rural,category,other,id_38_2024,bps_internet_purpose
ID-0000087,11,Aceh,provinsi,2024,Pemanfaatan internet,percentage_users,Tujuan penggunaan internet,1.96,% pengguna internet,area,rural,category,sell_goods_services,id_38_2024,bps_internet_purpose
ID-0000088,11,Aceh,provinsi,2024,Pemanfaatan internet,percentage_users,Tujuan penggunaan internet,75.51,% pengguna internet,area,rural,category,social_media,id_38_2024,bps_internet_purpose
ID-0000089,11,Aceh,provinsi,2024,Pemanfaatan internet,percentage_users,Tujuan penggunaan internet,1.28,% pengguna internet,area,rural,category,work_from_home,id_38_2024,bps_internet_purpose
ID-0000090,11,Aceh,provinsi,2024,Pemanfaatan internet,percentage_users,Tujuan penggunaan internet,14.76,% pengguna internet,area,total,category,buy_goods_services,id_38_2024,bps_internet_purpose
ID-0000091,11,Aceh,provinsi,2024,Pemanfaatan internet,percentage_users,Tujuan penggunaan internet,3.98,% pengguna internet,area,total,category,digital_content_creation,id_38_2024,bps_internet_purpose
ID-0000092,11,Aceh,provinsi,2024,Pemanfaatan internet,percentage_users,Tujuan penggunaan internet,12,% pengguna internet,area,total,category,email,id_38_2024,bps_internet_purpose
ID-0000093,11,Aceh,provinsi,2024,Pemanfaatan internet,percentage_users,Tujuan penggunaan internet,82.91,% pengguna internet,area,total,category,entertainment,id_38_2024,bps_internet_purpose
ID-0000094,11,Aceh,provinsi,2024,Pemanfaatan internet,percentage_users,Tujuan penggunaan internet,9.67,% pengguna internet,area,total,category,financial_services,id_38_2024,bps_internet_purpose
ID-0000095,11,Aceh,provinsi,2024,Pemanfaatan internet,percentage_users,Tujuan penggunaan internet,20.8,% pengguna internet,area,total,category,goods_services_information,id_38_2024,bps_internet_purpose
ID-0000096,11,Aceh,provinsi,2024,Pemanfaatan internet,percentage_users,Tujuan penggunaan internet,80.37,% pengguna internet,area,total,category,news_information,id_38_2024,bps_internet_purpose
ID-0000097,11,Aceh,provinsi,2024,Pemanfaatan internet,percentage_users,Tujuan penggunaan internet,7.53,% pengguna internet,area,total,category,online_learning,id_38_2024,bps_internet_purpose
ID-0000098,11,Aceh,provinsi,2024,Pemanfaatan internet,percentage_users,Tujuan penggunaan internet,8.83,% pengguna internet,area,total,category,other,id_38_2024,bps_internet_purpose
ID-0000099,11,Aceh,provinsi,2024,Pemanfaatan internet,percentage_users,Tujuan penggunaan internet,2.26,% pengguna internet,area,total,category,sell_goods_services,id_38_2024,bps_internet_purpose
ID-0000100,11,Aceh,provinsi,2024,Pemanfaatan internet,percentage_users,Tujuan penggunaan internet,77,% pengguna internet,area,total,category,social_media,id_38_2024,bps_internet_purpose
ID-0000101,11,Aceh,provinsi,2024,Pemanfaatan internet,percentage_users,Tujuan penggunaan internet,1.64,% pengguna internet,area,total,category,work_from_home,id_38_2024,bps_internet_purpose
ID-0000102,11,Aceh,provinsi,2024,Pemanfaatan internet,percentage_users,Tujuan penggunaan internet,19.96,% pengguna internet,area,urban,category,buy_goods_services,id_38_2024,bps_internet_purpose
ID-0000103,11,Aceh,provinsi,2024,Pemanfaatan internet,percentage_users,Tujuan penggunaan internet,5.23,% pengguna internet,area,urban,category,digital_content_creation,id_38_2024,bps_internet_purpose
ID-0000104,11,Aceh,provinsi,2024,Pemanfaatan internet,percentage_users,Tujuan penggunaan internet,17.68,% pengguna internet,area,urban,category,email,id_38_2024,bps_internet_purpose
ID-0000105,11,Aceh,provinsi,2024,Pemanfaatan internet,percentage_users,Tujuan penggunaan internet,86.41,% pengguna internet,area,urban,category,entertainment,id_38_2024,bps_internet_purpose
ID-0000106,11,Aceh,provinsi,2024,Pemanfaatan internet,percentage_users,Tujuan penggunaan internet,16.46,% pengguna internet,area,urban,category,financial_services,id_38_2024,bps_internet_purpose
ID-0000107,11,Aceh,provinsi,2024,Pemanfaatan internet,percentage_users,Tujuan penggunaan internet,26.72,% pengguna internet,area,urban,category,goods_services_information,id_38_2024,bps_internet_purpose
ID-0000108,11,Aceh,provinsi,2024,Pemanfaatan internet,percentage_users,Tujuan penggunaan internet,81.64,% pengguna internet,area,urban,category,news_information,id_38_2024,bps_internet_purpose
ID-0000109,11,Aceh,provinsi,2024,Pemanfaatan internet,percentage_users,Tujuan penggunaan internet,8.57,% pengguna internet,area,urban,category,online_learning,id_38_2024,bps_internet_purpose
ID-0000110,11,Aceh,provinsi,2024,Pemanfaatan internet,percentage_users,Tujuan penggunaan internet,8.07,% pengguna internet,area,urban,category,other,id_38_2024,bps_internet_purpose
ID-0000111,11,Aceh,provinsi,2024,Pemanfaatan internet,percentage_users,Tujuan penggunaan internet,2.72,% pengguna internet,area,urban,category,sell_goods_services,id_38_2024,bps_internet_purpose
ID-0000112,11,Aceh,provinsi,2024,Pemanfaatan internet,percentage_users,Tujuan penggunaan internet,79.27,% pengguna internet,area,urban,category,social_media,id_38_2024,bps_internet_purpose
ID-0000113,11,Aceh,provinsi,2024,Pemanfaatan internet,percentage_users,Tujuan penggunaan internet,2.18,% pengguna internet,area,urban,category,work_from_home,id_38_2024,bps_internet_purpose
ID-0000114,11,Aceh,provinsi,2024,Pembangunan TIK,access_infrastructure_subindex,Subindeks akses dan infrastruktur TIK,6.02,poin 0–10,,,,,id_34_papua_aggregated_2023_2024,bps_iptik_province_2023_2024
ID-0000115,11,Aceh,provinsi,2024,Pembangunan TIK,ict_development_index,Indeks Pembangunan TIK,5.97,poin 0–10,,,,,id_34_papua_aggregated_2023_2024,bps_iptik_province_2023_2024
ID-0000116,11,Aceh,provinsi,2024,Pembangunan TIK,skills_proxy_subindex,Subindeks proksi keahlian TIK,6.78,poin 0–10,,,,,id_34_papua_aggregated_2023_2024,bps_iptik_province_2023_2024
ID-0000117,11,Aceh,provinsi,2024,Pembangunan TIK,use_subindex,Subindeks penggunaan TIK,5.52,poin 0–10,,,,,id_34_papua_aggregated_2023_2024,bps_iptik_province_2023_2024
ID-0000118,11,Aceh,provinsi,2024,Perangkat akses,percentage_users,Perangkat yang digunakan untuk mengakses internet,1.16,% pengguna internet,area,rural,category,desktop,id_38_2024,bps_access_device
ID-0000119,11,Aceh,provinsi,2024,Perangkat akses,percentage_users,Perangkat yang digunakan untuk mengakses internet,5.26,% pengguna internet,area,rural,category,laptop_tablet,id_38_2024,bps_access_device
ID-0000120,11,Aceh,provinsi,2024,Perangkat akses,percentage_users,Perangkat yang digunakan untuk mengakses internet,99.08,% pengguna internet,area,rural,category,mobile,id_38_2024,bps_access_device
ID-0000121,11,Aceh,provinsi,2024,Perangkat akses,percentage_users,Perangkat yang digunakan untuk mengakses internet,0.3,% pengguna internet,area,rural,category,other,id_38_2024,bps_access_device
ID-0000122,11,Aceh,provinsi,2024,Perangkat akses,percentage_users,Perangkat yang digunakan untuk mengakses internet,2.12,% pengguna internet,area,total,category,desktop,id_38_2024,bps_access_device
ID-0000123,11,Aceh,provinsi,2024,Perangkat akses,percentage_users,Perangkat yang digunakan untuk mengakses internet,8.55,% pengguna internet,area,total,category,laptop_tablet,id_38_2024,bps_access_device
ID-0000124,11,Aceh,provinsi,2024,Perangkat akses,percentage_users,Perangkat yang digunakan untuk mengakses internet,99.16,% pengguna internet,area,total,category,mobile,id_38_2024,bps_access_device
ID-0000125,11,Aceh,provinsi,2024,Perangkat akses,percentage_users,Perangkat yang digunakan untuk mengakses internet,0.25,% pengguna internet,area,total,category,other,id_38_2024,bps_access_device
ID-0000126,11,Aceh,provinsi,2024,Perangkat akses,percentage_users,Perangkat yang digunakan untuk mengakses internet,3.59,% pengguna internet,area,urban,category,desktop,id_38_2024,bps_access_device
ID-0000127,11,Aceh,provinsi,2024,Perangkat akses,percentage_users,Perangkat yang digunakan untuk mengakses internet,13.57,% pengguna internet,area,urban,category,laptop_tablet,id_38_2024,bps_access_device
ID-0000128,11,Aceh,provinsi,2024,Perangkat akses,percentage_users,Perangkat yang digunakan untuk mengakses internet,99.29,% pengguna internet,area,urban,category,mobile,id_38_2024,bps_access_device
ID-0000129,11,Aceh,provinsi,2024,Perangkat akses,percentage_users,Perangkat yang digunakan untuk mengakses internet,0.17,% pengguna internet,area,urban,category,other,id_38_2024,bps_access_device
ID-0000130,12,Sumatera Utara,provinsi,2017,Akses internet,internet_access_pct,Akses internet penduduk usia 5 tahun ke atas,18.13,% penduduk dalam kelompok,area,rural,,,id_34_pre_split,bps_internet_access_history_province_2017_2024
ID-0000131,12,Sumatera Utara,provinsi,2017,Akses internet,internet_access_pct,Akses internet penduduk usia 5 tahun ke atas,27.63,% penduduk dalam kelompok,area,total,,,id_34_pre_split,bps_internet_access_history_province_2017_2024
ID-0000132,12,Sumatera Utara,provinsi,2017,Akses internet,internet_access_pct,Akses internet penduduk usia 5 tahun ke atas,36.67,% penduduk dalam kelompok,area,urban,,,id_34_pre_split,bps_internet_access_history_province_2017_2024
ID-0000133,12,Sumatera Utara,provinsi,2018,Akses internet,internet_access_pct,Akses internet penduduk usia 5 tahun ke atas,23.4,% penduduk dalam kelompok,area,rural,,,id_34_pre_split,bps_internet_access_history_province_2017_2024
ID-0000134,12,Sumatera Utara,provinsi,2018,Akses internet,internet_access_pct,Akses internet penduduk usia 5 tahun ke atas,34.27,% penduduk dalam kelompok,area,total,,,id_34_pre_split,bps_internet_access_history_province_2017_2024
ID-0000135,12,Sumatera Utara,provinsi,2018,Akses internet,internet_access_pct,Akses internet penduduk usia 5 tahun ke atas,43.84,% penduduk dalam kelompok,area,urban,,,id_34_pre_split,bps_internet_access_history_province_2017_2024
ID-0000136,12,Sumatera Utara,provinsi,2018,Kesenjangan gender,internet_access_pct,Akses internet penduduk usia 5 tahun ke atas menurut gender,32.91,% penduduk dalam kelompok,sex,female,,,id_34_pre_split,bps_internet_gender_history_province_2018_2024
ID-0000137,12,Sumatera Utara,provinsi,2018,Kesenjangan gender,internet_access_pct,Akses internet penduduk usia 5 tahun ke atas menurut gender,35.64,% penduduk dalam kelompok,sex,male,,,id_34_pre_split,bps_internet_gender_history_province_2018_2024
ID-0000138,12,Sumatera Utara,provinsi,2019,Akses internet,internet_access_pct,Akses internet penduduk usia 5 tahun ke atas,30.04,% penduduk dalam kelompok,area,rural,,,id_34_pre_split,bps_internet_access_history_province_2017_2024
ID-0000139,12,Sumatera Utara,provinsi,2019,Akses internet,internet_access_pct,Akses internet penduduk usia 5 tahun ke atas,41.38,% penduduk dalam kelompok,area,total,,,id_34_pre_split,bps_internet_access_history_province_2017_2024
ID-0000140,12,Sumatera Utara,provinsi,2019,Akses internet,internet_access_pct,Akses internet penduduk usia 5 tahun ke atas,50.8,% penduduk dalam kelompok,area,urban,,,id_34_pre_split,bps_internet_access_history_province_2017_2024
ID-0000141,12,Sumatera Utara,provinsi,2019,Kesenjangan gender,internet_access_pct,Akses internet penduduk usia 5 tahun ke atas menurut gender,40.04,% penduduk dalam kelompok,sex,female,,,id_34_pre_split,bps_internet_gender_history_province_2018_2024
ID-0000142,12,Sumatera Utara,provinsi,2019,Kesenjangan gender,internet_access_pct,Akses internet penduduk usia 5 tahun ke atas menurut gender,42.73,% penduduk dalam kelompok,sex,male,,,id_34_pre_split,bps_internet_gender_history_province_2018_2024
ID-0000143,12,Sumatera Utara,provinsi,2020,Akses internet,internet_access_pct,Akses internet penduduk usia 5 tahun ke atas,37.75,% penduduk dalam kelompok,area,rural,,,id_34_pre_split,bps_internet_access_history_province_2017_2024
ID-0000144,12,Sumatera Utara,provinsi,2020,Akses internet,internet_access_pct,Akses internet penduduk usia 5 tahun ke atas,48.05,% penduduk dalam kelompok,area,total,,,id_34_pre_split,bps_internet_access_history_province_2017_2024
ID-0000145,12,Sumatera Utara,provinsi,2020,Akses internet,internet_access_pct,Akses internet penduduk usia 5 tahun ke atas,56.61,% penduduk dalam kelompok,area,urban,,,id_34_pre_split,bps_internet_access_history_province_2017_2024
ID-0000146,12,Sumatera Utara,provinsi,2020,Kesenjangan gender,internet_access_pct,Akses internet penduduk usia 5 tahun ke atas menurut gender,46.5,% penduduk dalam kelompok,sex,female,,,id_34_pre_split,bps_internet_gender_history_province_2018_2024
ID-0000147,12,Sumatera Utara,provinsi,2020,Kesenjangan gender,internet_access_pct,Akses internet penduduk usia 5 tahun ke atas menurut gender,49.62,% penduduk dalam kelompok,sex,male,,,id_34_pre_split,bps_internet_gender_history_province_2018_2024
ID-0000148,12,Sumatera Utara,provinsi,2021,Akses internet,internet_access_pct,Akses internet penduduk usia 5 tahun ke atas,49.3,% penduduk dalam kelompok,area,rural,,,id_34_pre_split,bps_internet_access_history_province_2017_2024
ID-0000149,12,Sumatera Utara,provinsi,2021,Akses internet,internet_access_pct,Akses internet penduduk usia 5 tahun ke atas,59.17,% penduduk dalam kelompok,area,total,,,id_34_pre_split,bps_internet_access_history_province_2017_2024
ID-0000150,12,Sumatera Utara,provinsi,2021,Akses internet,internet_access_pct,Akses internet penduduk usia 5 tahun ke atas,67.04,% penduduk dalam kelompok,area,urban,,,id_34_pre_split,bps_internet_access_history_province_2017_2024
ID-0000151,12,Sumatera Utara,provinsi,2021,Akses rumah tangga,household_internet_pct,Rumah tangga dengan akses internet,74,% rumah tangga dalam klasifikasi daerah,area,rural,,,id_34_pre_split,bps_household_internet
ID-0000152,12,Sumatera Utara,provinsi,2021,Akses rumah tangga,household_internet_pct,Rumah tangga dengan akses internet,81.1,% rumah tangga dalam klasifikasi daerah,area,total,,,id_34_pre_split,bps_household_internet
ID-0000153,12,Sumatera Utara,provinsi,2021,Akses rumah tangga,household_internet_pct,Rumah tangga dengan akses internet,86.89,% rumah tangga dalam klasifikasi daerah,area,urban,,,id_34_pre_split,bps_household_internet
ID-0000154,12,Sumatera Utara,provinsi,2021,Kesenjangan gender,internet_access_pct,Akses internet penduduk usia 5 tahun ke atas menurut gender,57.24,% penduduk dalam kelompok,sex,female,,,id_34_pre_split,bps_internet_gender_history_province_2018_2024
ID-0000155,12,Sumatera Utara,provinsi,2021,Kesenjangan gender,internet_access_pct,Akses internet penduduk usia 5 tahun ke atas menurut gender,61.11,% penduduk dalam kelompok,sex,male,,,id_34_pre_split,bps_internet_gender_history_province_2018_2024
ID-0000156,12,Sumatera Utara,provinsi,2021,Literasi digital,digital_literacy_index,Indeks Literasi Digital Kominfo,3.5,poin 1–5,,,,,id_34_pre_split,kominfo_digital_literacy_province_2021
ID-0000157,12,Sumatera Utara,provinsi,2022,Akses internet,internet_access_pct,Akses internet penduduk usia 5 tahun ke atas,59.55,% penduduk dalam kelompok,area,rural,,,id_34_pre_split,bps_internet_access_history_province_2017_2024
ID-0000158,12,Sumatera Utara,provinsi,2022,Akses internet,internet_access_pct,Akses internet penduduk usia 5 tahun ke atas,65.68,% penduduk dalam kelompok,area,total,,,id_34_pre_split,bps_internet_access_history_province_2017_2024
ID-0000159,12,Sumatera Utara,provinsi,2022,Akses internet,internet_access_pct,Akses internet penduduk usia 5 tahun ke atas,70.43,% penduduk dalam kelompok,area,urban,,,id_34_pre_split,bps_internet_access_history_province_2017_2024
ID-0000160,12,Sumatera Utara,provinsi,2022,Akses rumah tangga,household_internet_pct,Rumah tangga dengan akses internet,82.3,% rumah tangga dalam klasifikasi daerah,area,rural,,,id_34_pre_split,bps_household_internet
ID-0000161,12,Sumatera Utara,provinsi,2022,Akses rumah tangga,household_internet_pct,Rumah tangga dengan akses internet,86.61,% rumah tangga dalam klasifikasi daerah,area,total,,,id_34_pre_split,bps_household_internet
ID-0000162,12,Sumatera Utara,provinsi,2022,Akses rumah tangga,household_internet_pct,Rumah tangga dengan akses internet,89.95,% rumah tangga dalam klasifikasi daerah,area,urban,,,id_34_pre_split,bps_household_internet
ID-0000163,12,Sumatera Utara,provinsi,2022,Kesenjangan gender,internet_access_pct,Akses internet penduduk usia 5 tahun ke atas menurut gender,63.56,% penduduk dalam kelompok,sex,female,,,id_34_pre_split,bps_internet_gender_history_province_2018_2024
ID-0000164,12,Sumatera Utara,provinsi,2022,Kesenjangan gender,internet_access_pct,Akses internet penduduk usia 5 tahun ke atas menurut gender,67.81,% penduduk dalam kelompok,sex,male,,,id_34_pre_split,bps_internet_gender_history_province_2018_2024
ID-0000165,12,Sumatera Utara,provinsi,2023,Akses internet,internet_access_pct,Akses internet penduduk usia 5 tahun ke atas,64.48,% penduduk dalam kelompok,area,rural,,,id_34_pre_split,bps_internet_access_history_province_2017_2024
ID-0000166,12,Sumatera Utara,provinsi,2023,Akses internet,internet_access_pct,Akses internet penduduk usia 5 tahun ke atas,70.29,% penduduk dalam kelompok,area,total,,,id_34_pre_split,bps_internet_access_history_province_2017_2024
ID-0000167,12,Sumatera Utara,provinsi,2023,Akses internet,internet_access_pct,Akses internet penduduk usia 5 tahun ke atas,74.68,% penduduk dalam kelompok,area,urban,,,id_34_pre_split,bps_internet_access_history_province_2017_2024
ID-0000168,12,Sumatera Utara,provinsi,2023,Akses rumah tangga,household_internet_pct,Rumah tangga dengan akses internet,85.56,% rumah tangga dalam klasifikasi daerah,area,rural,,,id_34_pre_split,bps_household_internet
ID-0000169,12,Sumatera Utara,provinsi,2023,Akses rumah tangga,household_internet_pct,Rumah tangga dengan akses internet,89.66,% rumah tangga dalam klasifikasi daerah,area,total,,,id_34_pre_split,bps_household_internet
ID-0000170,12,Sumatera Utara,provinsi,2023,Akses rumah tangga,household_internet_pct,Rumah tangga dengan akses internet,92.78,% rumah tangga dalam klasifikasi daerah,area,urban,,,id_34_pre_split,bps_household_internet
ID-0000171,12,Sumatera Utara,provinsi,2023,Kesenjangan gender,internet_access_pct,Akses internet penduduk usia 5 tahun ke atas menurut gender,67.69,% penduduk dalam kelompok,sex,female,,,id_34_pre_split,bps_internet_gender_history_province_2018_2024
ID-0000172,12,Sumatera Utara,provinsi,2023,Kesenjangan gender,internet_access_pct,Akses internet penduduk usia 5 tahun ke atas menurut gender,72.9,% penduduk dalam kelompok,sex,male,,,id_34_pre_split,bps_internet_gender_history_province_2018_2024
ID-0000173,12,Sumatera Utara,provinsi,2023,Komponen pembangunan TIK,fixed_broadband_norm,"Broadband tetap per 100 penduduk, ternormalisasi",0.75,poin 0–10,,,,,id_34_papua_aggregated_2023_2024,bps_iptik_normalized_components_province_2023_2024
ID-0000174,12,Sumatera Utara,provinsi,2023,Komponen pembangunan TIK,fixed_telephone_norm,"Telepon tetap per 100 penduduk, ternormalisasi",1.13,poin 0–10,,,,,id_34_papua_aggregated_2023_2024,bps_iptik_normalized_components_province_2023_2024
ID-0000175,12,Sumatera Utara,provinsi,2023,Komponen pembangunan TIK,household_computer_norm,"Rumah tangga dengan komputer, ternormalisasi",1.54,poin 0–10,,,,,id_34_papua_aggregated_2023_2024,bps_iptik_normalized_components_province_2023_2024
ID-0000176,12,Sumatera Utara,provinsi,2023,Komponen pembangunan TIK,household_internet_norm,"Rumah tangga dengan internet, ternormalisasi",8.97,poin 0–10,,,,,id_34_papua_aggregated_2023_2024,bps_iptik_normalized_components_province_2023_2024
ID-0000177,12,Sumatera Utara,provinsi,2023,Komponen pembangunan TIK,individual_internet_norm,"Individu pengguna internet, ternormalisasi",7.03,poin 0–10,,,,,id_34_papua_aggregated_2023_2024,bps_iptik_normalized_components_province_2023_2024
ID-0000178,12,Sumatera Utara,provinsi,2023,Komponen pembangunan TIK,international_bandwidth_norm,"Bandwidth internet internasional per pengguna, ternormalisasi",7.99,poin 0–10,,,,,id_34_papua_aggregated_2023_2024,bps_iptik_normalized_components_province_2023_2024
ID-0000179,12,Sumatera Utara,provinsi,2023,Komponen pembangunan TIK,mean_years_school_norm,"Rata-rata lama sekolah, ternormalisasi",6.72,poin 0–10,,,,,id_34_papua_aggregated_2023_2024,bps_iptik_normalized_components_province_2023_2024
ID-0000180,12,Sumatera Utara,provinsi,2023,Komponen pembangunan TIK,mobile_broadband_norm,"Broadband seluler per 100 penduduk, ternormalisasi",10,poin 0–10,,,,,id_34_papua_aggregated_2023_2024,bps_iptik_normalized_components_province_2023_2024
ID-0000181,12,Sumatera Utara,provinsi,2023,Komponen pembangunan TIK,mobile_cellular_norm,"Telepon seluler per 100 penduduk, ternormalisasi",10,poin 0–10,,,,,id_34_papua_aggregated_2023_2024,bps_iptik_normalized_components_province_2023_2024
ID-0000182,12,Sumatera Utara,provinsi,2023,Komponen pembangunan TIK,secondary_enrolment_norm,"Partisipasi pendidikan sekunder, ternormalisasi",9.51,poin 0–10,,,,,id_34_papua_aggregated_2023_2024,bps_iptik_normalized_components_province_2023_2024
ID-0000183,12,Sumatera Utara,provinsi,2023,Komponen pembangunan TIK,tertiary_enrolment_norm,"Partisipasi pendidikan tinggi, ternormalisasi",3.25,poin 0–10,,,,,id_34_papua_aggregated_2023_2024,bps_iptik_normalized_components_province_2023_2024
ID-0000184,12,Sumatera Utara,provinsi,2023,Pembangunan TIK,access_infrastructure_subindex,Subindeks akses dan infrastruktur TIK,5.92,poin 0–10,,,,,id_34_papua_aggregated_2023_2024,bps_iptik_province_2023_2024
ID-0000185,12,Sumatera Utara,provinsi,2023,Pembangunan TIK,ict_development_index,Indeks Pembangunan TIK,6.04,poin 0–10,,,,,id_34_papua_aggregated_2023_2024,bps_iptik_province_2023_2024
ID-0000186,12,Sumatera Utara,provinsi,2023,Pembangunan TIK,skills_proxy_subindex,Subindeks proksi keahlian TIK,6.49,poin 0–10,,,,,id_34_papua_aggregated_2023_2024,bps_iptik_province_2023_2024
ID-0000187,12,Sumatera Utara,provinsi,2023,Pembangunan TIK,use_subindex,Subindeks penggunaan TIK,5.92,poin 0–10,,,,,id_34_papua_aggregated_2023_2024,bps_iptik_province_2023_2024
ID-0000188,12,Sumatera Utara,provinsi,2024,Akses internet,internet_access_pct,Akses internet penduduk usia 5 tahun ke atas,69.69,% penduduk dalam kelompok,area,rural,,,id_38_2024,bps_internet_access_history_province_2017_2024
ID-0000189,12,Sumatera Utara,provinsi,2024,Akses internet,internet_access_pct,Akses internet penduduk usia 5 tahun ke atas,74.15,% penduduk dalam kelompok,area,total,,,id_38_2024,bps_internet_access_history_province_2017_2024
ID-0000190,12,Sumatera Utara,provinsi,2024,Akses internet,internet_access_pct,Akses internet penduduk usia 5 tahun ke atas,77.43,% penduduk dalam kelompok,area,urban,,,id_38_2024,bps_internet_access_history_province_2017_2024
ID-0000191,12,Sumatera Utara,provinsi,2024,Akses rumah tangga,household_internet_pct,Rumah tangga dengan akses internet,89.05,% rumah tangga dalam klasifikasi daerah,area,rural,,,id_38_2024,bps_household_internet
ID-0000192,12,Sumatera Utara,provinsi,2024,Akses rumah tangga,household_internet_pct,Rumah tangga dengan akses internet,92.3,% rumah tangga dalam klasifikasi daerah,area,total,,,id_38_2024,bps_household_internet
ID-0000193,12,Sumatera Utara,provinsi,2024,Akses rumah tangga,household_internet_pct,Rumah tangga dengan akses internet,94.77,% rumah tangga dalam klasifikasi daerah,area,urban,,,id_38_2024,bps_household_internet
ID-0000194,12,Sumatera Utara,provinsi,2024,Kesenjangan gender,internet_access_pct,Akses internet penduduk usia 5 tahun ke atas menurut gender,72.05,% penduduk dalam kelompok,sex,female,,,id_38_2024,bps_internet_gender_history_province_2018_2024
ID-0000195,12,Sumatera Utara,provinsi,2024,Kesenjangan gender,internet_access_pct,Akses internet penduduk usia 5 tahun ke atas menurut gender,76.26,% penduduk dalam kelompok,sex,male,,,id_38_2024,bps_internet_gender_history_province_2018_2024
ID-0000196,12,Sumatera Utara,provinsi,2024,Komponen pembangunan TIK,fixed_broadband_norm,"Broadband tetap per 100 penduduk, ternormalisasi",0.91,poin 0–10,,,,,id_34_papua_aggregated_2023_2024,bps_iptik_normalized_components_province_2023_2024
ID-0000197,12,Sumatera Utara,provinsi,2024,Komponen pembangunan TIK,fixed_telephone_norm,"Telepon tetap per 100 penduduk, ternormalisasi",1.65,poin 0–10,,,,,id_34_papua_aggregated_2023_2024,bps_iptik_normalized_components_province_2023_2024
ID-0000198,12,Sumatera Utara,provinsi,2024,Komponen pembangunan TIK,household_computer_norm,"Rumah tangga dengan komputer, ternormalisasi",1.54,poin 0–10,,,,,id_34_papua_aggregated_2023_2024,bps_iptik_normalized_components_province_2023_2024
ID-0000199,12,Sumatera Utara,provinsi,2024,Komponen pembangunan TIK,household_internet_norm,"Rumah tangga dengan internet, ternormalisasi",9.23,poin 0–10,,,,,id_34_papua_aggregated_2023_2024,bps_iptik_normalized_components_province_2023_2024
ID-0000200,12,Sumatera Utara,provinsi,2024,Komponen pembangunan TIK,individual_internet_norm,"Individu pengguna internet, ternormalisasi",7.42,poin 0–10,,,,,id_34_papua_aggregated_2023_2024,bps_iptik_normalized_components_province_2023_2024
ID-0000201,12,Sumatera Utara,provinsi,2024,Komponen pembangunan TIK,international_bandwidth_norm,"Bandwidth internet internasional per pengguna, ternormalisasi",8.43,poin 0–10,,,,,id_34_papua_aggregated_2023_2024,bps_iptik_normalized_components_province_2023_2024
ID-0000202,12,Sumatera Utara,provinsi,2024,Komponen pembangunan TIK,mean_years_school_norm,"Rata-rata lama sekolah, ternormalisasi",6.78,poin 0–10,,,,,id_34_papua_aggregated_2023_2024,bps_iptik_normalized_components_province_2023_2024
ID-0000203,12,Sumatera Utara,provinsi,2024,Komponen pembangunan TIK,mobile_broadband_norm,"Broadband seluler per 100 penduduk, ternormalisasi",10,poin 0–10,,,,,id_34_papua_aggregated_2023_2024,bps_iptik_normalized_components_province_2023_2024
ID-0000204,12,Sumatera Utara,provinsi,2024,Komponen pembangunan TIK,mobile_cellular_norm,"Telepon seluler per 100 penduduk, ternormalisasi",10,poin 0–10,,,,,id_34_papua_aggregated_2023_2024,bps_iptik_normalized_components_province_2023_2024
ID-0000205,12,Sumatera Utara,provinsi,2024,Komponen pembangunan TIK,secondary_enrolment_norm,"Partisipasi pendidikan sekunder, ternormalisasi",9.46,poin 0–10,,,,,id_34_papua_aggregated_2023_2024,bps_iptik_normalized_components_province_2023_2024
ID-0000206,12,Sumatera Utara,provinsi,2024,Komponen pembangunan TIK,tertiary_enrolment_norm,"Partisipasi pendidikan tinggi, ternormalisasi",3.08,poin 0–10,,,,,id_34_papua_aggregated_2023_2024,bps_iptik_normalized_components_province_2023_2024
ID-0000207,12,Sumatera Utara,provinsi,2024,Pemanfaatan internet,percentage_users,Tujuan penggunaan internet,10.29,% pengguna internet,area,rural,category,buy_goods_services,id_38_2024,bps_internet_purpose
ID-0000208,12,Sumatera Utara,provinsi,2024,Pemanfaatan internet,percentage_users,Tujuan penggunaan internet,5.16,% pengguna internet,area,rural,category,digital_content_creation,id_38_2024,bps_internet_purpose
ID-0000209,12,Sumatera Utara,provinsi,2024,Pemanfaatan internet,percentage_users,Tujuan penggunaan internet,7.27,% pengguna internet,area,rural,category,email,id_38_2024,bps_internet_purpose
ID-0000210,12,Sumatera Utara,provinsi,2024,Pemanfaatan internet,percentage_users,Tujuan penggunaan internet,84.01,% pengguna internet,area,rural,category,entertainment,id_38_2024,bps_internet_purpose
ID-0000211,12,Sumatera Utara,provinsi,2024,Pemanfaatan internet,percentage_users,Tujuan penggunaan internet,3.58,% pengguna internet,area,rural,category,financial_services,id_38_2024,bps_internet_purpose
ID-0000212,12,Sumatera Utara,provinsi,2024,Pemanfaatan internet,percentage_users,Tujuan penggunaan internet,15.35,% pengguna internet,area,rural,category,goods_services_information,id_38_2024,bps_internet_purpose
ID-0000213,12,Sumatera Utara,provinsi,2024,Pemanfaatan internet,percentage_users,Tujuan penggunaan internet,71.93,% pengguna internet,area,rural,category,news_information,id_38_2024,bps_internet_purpose
ID-0000214,12,Sumatera Utara,provinsi,2024,Pemanfaatan internet,percentage_users,Tujuan penggunaan internet,7.26,% pengguna internet,area,rural,category,online_learning,id_38_2024,bps_internet_purpose
ID-0000215,12,Sumatera Utara,provinsi,2024,Pemanfaatan internet,percentage_users,Tujuan penggunaan internet,5.39,% pengguna internet,area,rural,category,other,id_38_2024,bps_internet_purpose
ID-0000216,12,Sumatera Utara,provinsi,2024,Pemanfaatan internet,percentage_users,Tujuan penggunaan internet,2.2,% pengguna internet,area,rural,category,sell_goods_services,id_38_2024,bps_internet_purpose
ID-0000217,12,Sumatera Utara,provinsi,2024,Pemanfaatan internet,percentage_users,Tujuan penggunaan internet,72.27,% pengguna internet,area,rural,category,social_media,id_38_2024,bps_internet_purpose
ID-0000218,12,Sumatera Utara,provinsi,2024,Pemanfaatan internet,percentage_users,Tujuan penggunaan internet,0.54,% pengguna internet,area,rural,category,work_from_home,id_38_2024,bps_internet_purpose
ID-0000219,12,Sumatera Utara,provinsi,2024,Pemanfaatan internet,percentage_users,Tujuan penggunaan internet,15.64,% pengguna internet,area,total,category,buy_goods_services,id_38_2024,bps_internet_purpose
ID-0000220,12,Sumatera Utara,provinsi,2024,Pemanfaatan internet,percentage_users,Tujuan penggunaan internet,4.5,% pengguna internet,area,total,category,digital_content_creation,id_38_2024,bps_internet_purpose
ID-0000221,12,Sumatera Utara,provinsi,2024,Pemanfaatan internet,percentage_users,Tujuan penggunaan internet,10.59,% pengguna internet,area,total,category,email,id_38_2024,bps_internet_purpose
ID-0000222,12,Sumatera Utara,provinsi,2024,Pemanfaatan internet,percentage_users,Tujuan penggunaan internet,86.22,% pengguna internet,area,total,category,entertainment,id_38_2024,bps_internet_purpose
ID-0000223,12,Sumatera Utara,provinsi,2024,Pemanfaatan internet,percentage_users,Tujuan penggunaan internet,8.23,% pengguna internet,area,total,category,financial_services,id_38_2024,bps_internet_purpose
ID-0000224,12,Sumatera Utara,provinsi,2024,Pemanfaatan internet,percentage_users,Tujuan penggunaan internet,20.73,% pengguna internet,area,total,category,goods_services_information,id_38_2024,bps_internet_purpose
ID-0000225,12,Sumatera Utara,provinsi,2024,Pemanfaatan internet,percentage_users,Tujuan penggunaan internet,76.81,% pengguna internet,area,total,category,news_information,id_38_2024,bps_internet_purpose
ID-0000226,12,Sumatera Utara,provinsi,2024,Pemanfaatan internet,percentage_users,Tujuan penggunaan internet,8.04,% pengguna internet,area,total,category,online_learning,id_38_2024,bps_internet_purpose
ID-0000227,12,Sumatera Utara,provinsi,2024,Pemanfaatan internet,percentage_users,Tujuan penggunaan internet,5.46,% pengguna internet,area,total,category,other,id_38_2024,bps_internet_purpose
ID-0000228,12,Sumatera Utara,provinsi,2024,Pemanfaatan internet,percentage_users,Tujuan penggunaan internet,2.86,% pengguna internet,area,total,category,sell_goods_services,id_38_2024,bps_internet_purpose
ID-0000229,12,Sumatera Utara,provinsi,2024,Pemanfaatan internet,percentage_users,Tujuan penggunaan internet,76.18,% pengguna internet,area,total,category,social_media,id_38_2024,bps_internet_purpose
ID-0000230,12,Sumatera Utara,provinsi,2024,Pemanfaatan internet,percentage_users,Tujuan penggunaan internet,1.02,% pengguna internet,area,total,category,work_from_home,id_38_2024,bps_internet_purpose
ID-0000231,12,Sumatera Utara,provinsi,2024,Pemanfaatan internet,percentage_users,Tujuan penggunaan internet,19.18,% pengguna internet,area,urban,category,buy_goods_services,id_38_2024,bps_internet_purpose
ID-0000232,12,Sumatera Utara,provinsi,2024,Pemanfaatan internet,percentage_users,Tujuan penggunaan internet,4.07,% pengguna internet,area,urban,category,digital_content_creation,id_38_2024,bps_internet_purpose
ID-0000233,12,Sumatera Utara,provinsi,2024,Pemanfaatan internet,percentage_users,Tujuan penggunaan internet,12.79,% pengguna internet,area,urban,category,email,id_38_2024,bps_internet_purpose
ID-0000234,12,Sumatera Utara,provinsi,2024,Pemanfaatan internet,percentage_users,Tujuan penggunaan internet,87.69,% pengguna internet,area,urban,category,entertainment,id_38_2024,bps_internet_purpose
ID-0000235,12,Sumatera Utara,provinsi,2024,Pemanfaatan internet,percentage_users,Tujuan penggunaan internet,11.31,% pengguna internet,area,urban,category,financial_services,id_38_2024,bps_internet_purpose
ID-0000236,12,Sumatera Utara,provinsi,2024,Pemanfaatan internet,percentage_users,Tujuan penggunaan internet,24.3,% pengguna internet,area,urban,category,goods_services_information,id_38_2024,bps_internet_purpose
ID-0000237,12,Sumatera Utara,provinsi,2024,Pemanfaatan internet,percentage_users,Tujuan penggunaan internet,80.04,% pengguna internet,area,urban,category,news_information,id_38_2024,bps_internet_purpose
ID-0000238,12,Sumatera Utara,provinsi,2024,Pemanfaatan internet,percentage_users,Tujuan penggunaan internet,8.55,% pengguna internet,area,urban,category,online_learning,id_38_2024,bps_internet_purpose
ID-0000239,12,Sumatera Utara,provinsi,2024,Pemanfaatan internet,percentage_users,Tujuan penggunaan internet,5.51,% pengguna internet,area,urban,category,other,id_38_2024,bps_internet_purpose
ID-0000240,12,Sumatera Utara,provinsi,2024,Pemanfaatan internet,percentage_users,Tujuan penggunaan internet,3.29,% pengguna internet,area,urban,category,sell_goods_services,id_38_2024,bps_internet_purpose
ID-0000241,12,Sumatera Utara,provinsi,2024,Pemanfaatan internet,percentage_users,Tujuan penggunaan internet,78.77,% pengguna internet,area,urban,category,social_media,id_38_2024,bps_internet_purpose
ID-0000242,12,Sumatera Utara,provinsi,2024,Pemanfaatan internet,percentage_users,Tujuan penggunaan internet,1.33,% pengguna internet,area,urban,category,work_from_home,id_38_2024,bps_internet_purpose
ID-0000243,12,Sumatera Utara,provinsi,2024,Pembangunan TIK,access_infrastructure_subindex,Subindeks akses dan infrastruktur TIK,6.17,poin 0–10,,,,,id_34_papua_aggregated_2023_2024,bps_iptik_province_2023_2024
ID-0000244,12,Sumatera Utara,provinsi,2024,Pembangunan TIK,ict_development_index,Indeks Pembangunan TIK,6.2,poin 0–10,,,,,id_34_papua_aggregated_2023_2024,bps_iptik_province_2023_2024
ID-0000245,12,Sumatera Utara,provinsi,2024,Pembangunan TIK,skills_proxy_subindex,Subindeks proksi keahlian TIK,6.44,poin 0–10,,,,,id_34_papua_aggregated_2023_2024,bps_iptik_province_2023_2024
ID-0000246,12,Sumatera Utara,provinsi,2024,Pembangunan TIK,use_subindex,Subindeks penggunaan TIK,6.11,poin 0–10,,,,,id_34_papua_aggregated_2023_2024,bps_iptik_province_2023_2024
ID-0000247,12,Sumatera Utara,provinsi,2024,Perangkat akses,percentage_users,Perangkat yang digunakan untuk mengakses internet,0.69,% pengguna internet,area,rural,category,desktop,id_38_2024,bps_access_device
ID-0000248,12,Sumatera Utara,provinsi,2024,Perangkat akses,percentage_users,Perangkat yang digunakan untuk mengakses internet,4.04,% pengguna internet,area,rural,category,laptop_tablet,id_38_2024,bps_access_device
ID-0000249,12,Sumatera Utara,provinsi,2024,Perangkat akses,percentage_users,Perangkat yang digunakan untuk mengakses internet,99.63,% pengguna internet,area,rural,category,mobile,id_38_2024,bps_access_device
ID-0000250,12,Sumatera Utara,provinsi,2024,Perangkat akses,percentage_users,Perangkat yang digunakan untuk mengakses internet,0.11,% pengguna internet,area,rural,category,other,id_38_2024,bps_access_device
ID-0000251,12,Sumatera Utara,provinsi,2024,Perangkat akses,percentage_users,Perangkat yang digunakan untuk mengakses internet,1.68,% pengguna internet,area,total,category,desktop,id_38_2024,bps_access_device
ID-0000252,12,Sumatera Utara,provinsi,2024,Perangkat akses,percentage_users,Perangkat yang digunakan untuk mengakses internet,7.72,% pengguna internet,area,total,category,laptop_tablet,id_38_2024,bps_access_device
ID-0000253,12,Sumatera Utara,provinsi,2024,Perangkat akses,percentage_users,Perangkat yang digunakan untuk mengakses internet,99.05,% pengguna internet,area,total,category,mobile,id_38_2024,bps_access_device
ID-0000254,12,Sumatera Utara,provinsi,2024,Perangkat akses,percentage_users,Perangkat yang digunakan untuk mengakses internet,0.17,% pengguna internet,area,total,category,other,id_38_2024,bps_access_device
ID-0000255,12,Sumatera Utara,provinsi,2024,Perangkat akses,percentage_users,Perangkat yang digunakan untuk mengakses internet,2.34,% pengguna internet,area,urban,category,desktop,id_38_2024,bps_access_device
ID-0000256,12,Sumatera Utara,provinsi,2024,Perangkat akses,percentage_users,Perangkat yang digunakan untuk mengakses internet,10.16,% pengguna internet,area,urban,category,laptop_tablet,id_38_2024,bps_access_device
ID-0000257,12,Sumatera Utara,provinsi,2024,Perangkat akses,percentage_users,Perangkat yang digunakan untuk mengakses internet,98.66,% pengguna internet,area,urban,category,mobile,id_38_2024,bps_access_device
ID-0000258,12,Sumatera Utara,provinsi,2024,Perangkat akses,percentage_users,Perangkat yang digunakan untuk mengakses internet,0.21,% pengguna internet,area,urban,category,other,id_38_2024,bps_access_device
ID-0000259,13,Sumatera Barat,provinsi,2017,Akses internet,internet_access_pct,Akses internet penduduk usia 5 tahun ke atas,20.11,% penduduk dalam kelompok,area,rural,,,id_34_pre_split,bps_internet_access_history_province_2017_2024
ID-0000260,13,Sumatera Barat,provinsi,2017,Akses internet,internet_access_pct,Akses internet penduduk usia 5 tahun ke atas,29.63,% penduduk dalam kelompok,area,total,,,id_34_pre_split,bps_internet_access_history_province_2017_2024
ID-0000261,13,Sumatera Barat,provinsi,2017,Akses internet,internet_access_pct,Akses internet penduduk usia 5 tahun ke atas,42.97,% penduduk dalam kelompok,area,urban,,,id_34_pre_split,bps_internet_access_history_province_2017_2024
ID-0000262,13,Sumatera Barat,provinsi,2018,Akses internet,internet_access_pct,Akses internet penduduk usia 5 tahun ke atas,26.95,% penduduk dalam kelompok,area,rural,,,id_34_pre_split,bps_internet_access_history_province_2017_2024
ID-0000263,13,Sumatera Barat,provinsi,2018,Akses internet,internet_access_pct,Akses internet penduduk usia 5 tahun ke atas,36.49,% penduduk dalam kelompok,area,total,,,id_34_pre_split,bps_internet_access_history_province_2017_2024
ID-0000264,13,Sumatera Barat,provinsi,2018,Akses internet,internet_access_pct,Akses internet penduduk usia 5 tahun ke atas,48.54,% penduduk dalam kelompok,area,urban,,,id_34_pre_split,bps_internet_access_history_province_2017_2024
ID-0000265,13,Sumatera Barat,provinsi,2018,Kesenjangan gender,internet_access_pct,Akses internet penduduk usia 5 tahun ke atas menurut gender,35.57,% penduduk dalam kelompok,sex,female,,,id_34_pre_split,bps_internet_gender_history_province_2018_2024
ID-0000266,13,Sumatera Barat,provinsi,2018,Kesenjangan gender,internet_access_pct,Akses internet penduduk usia 5 tahun ke atas menurut gender,37.42,% penduduk dalam kelompok,sex,male,,,id_34_pre_split,bps_internet_gender_history_province_2018_2024
ID-0000267,13,Sumatera Barat,provinsi,2019,Akses internet,internet_access_pct,Akses internet penduduk usia 5 tahun ke atas,30.65,% penduduk dalam kelompok,area,rural,,,id_34_pre_split,bps_internet_access_history_province_2017_2024
ID-0000268,13,Sumatera Barat,provinsi,2019,Akses internet,internet_access_pct,Akses internet penduduk usia 5 tahun ke atas,41.15,% penduduk dalam kelompok,area,total,,,id_34_pre_split,bps_internet_access_history_province_2017_2024
ID-0000269,13,Sumatera Barat,provinsi,2019,Akses internet,internet_access_pct,Akses internet penduduk usia 5 tahun ke atas,52.88,% penduduk dalam kelompok,area,urban,,,id_34_pre_split,bps_internet_access_history_province_2017_2024
ID-0000270,13,Sumatera Barat,provinsi,2019,Kesenjangan gender,internet_access_pct,Akses internet penduduk usia 5 tahun ke atas menurut gender,39.94,% penduduk dalam kelompok,sex,female,,,id_34_pre_split,bps_internet_gender_history_province_2018_2024
ID-0000271,13,Sumatera Barat,provinsi,2019,Kesenjangan gender,internet_access_pct,Akses internet penduduk usia 5 tahun ke atas menurut gender,42.36,% penduduk dalam kelompok,sex,male,,,id_34_pre_split,bps_internet_gender_history_province_2018_2024
ID-0000272,13,Sumatera Barat,provinsi,2020,Akses internet,internet_access_pct,Akses internet penduduk usia 5 tahun ke atas,36.89,% penduduk dalam kelompok,area,rural,,,id_34_pre_split,bps_internet_access_history_province_2017_2024
ID-0000273,13,Sumatera Barat,provinsi,2020,Akses internet,internet_access_pct,Akses internet penduduk usia 5 tahun ke atas,46.35,% penduduk dalam kelompok,area,total,,,id_34_pre_split,bps_internet_access_history_province_2017_2024
ID-0000274,13,Sumatera Barat,provinsi,2020,Akses internet,internet_access_pct,Akses internet penduduk usia 5 tahun ke atas,56.95,% penduduk dalam kelompok,area,urban,,,id_34_pre_split,bps_internet_access_history_province_2017_2024
ID-0000275,13,Sumatera Barat,provinsi,2020,Kesenjangan gender,internet_access_pct,Akses internet penduduk usia 5 tahun ke atas menurut gender,44.99,% penduduk dalam kelompok,sex,female,,,id_34_pre_split,bps_internet_gender_history_province_2018_2024
ID-0000276,13,Sumatera Barat,provinsi,2020,Kesenjangan gender,internet_access_pct,Akses internet penduduk usia 5 tahun ke atas menurut gender,47.72,% penduduk dalam kelompok,sex,male,,,id_34_pre_split,bps_internet_gender_history_province_2018_2024
ID-0000277,13,Sumatera Barat,provinsi,2021,Akses internet,internet_access_pct,Akses internet penduduk usia 5 tahun ke atas,48.27,% penduduk dalam kelompok,area,rural,,,id_34_pre_split,bps_internet_access_history_province_2017_2024
ID-0000278,13,Sumatera Barat,provinsi,2021,Akses internet,internet_access_pct,Akses internet penduduk usia 5 tahun ke atas,58.14,% penduduk dalam kelompok,area,total,,,id_34_pre_split,bps_internet_access_history_province_2017_2024
ID-0000279,13,Sumatera Barat,provinsi,2021,Akses internet,internet_access_pct,Akses internet penduduk usia 5 tahun ke atas,68.29,% penduduk dalam kelompok,area,urban,,,id_34_pre_split,bps_internet_access_history_province_2017_2024
ID-0000280,13,Sumatera Barat,provinsi,2021,Akses rumah tangga,household_internet_pct,Rumah tangga dengan akses internet,75.51,% rumah tangga dalam klasifikasi daerah,area,rural,,,id_34_pre_split,bps_household_internet
ID-0000281,13,Sumatera Barat,provinsi,2021,Akses rumah tangga,household_internet_pct,Rumah tangga dengan akses internet,82.29,% rumah tangga dalam klasifikasi daerah,area,total,,,id_34_pre_split,bps_household_internet
ID-0000282,13,Sumatera Barat,provinsi,2021,Akses rumah tangga,household_internet_pct,Rumah tangga dengan akses internet,89.33,% rumah tangga dalam klasifikasi daerah,area,urban,,,id_34_pre_split,bps_household_internet
ID-0000283,13,Sumatera Barat,provinsi,2021,Kesenjangan gender,internet_access_pct,Akses internet penduduk usia 5 tahun ke atas menurut gender,56.21,% penduduk dalam kelompok,sex,female,,,id_34_pre_split,bps_internet_gender_history_province_2018_2024
ID-0000284,13,Sumatera Barat,provinsi,2021,Kesenjangan gender,internet_access_pct,Akses internet penduduk usia 5 tahun ke atas menurut gender,60.08,% penduduk dalam kelompok,sex,male,,,id_34_pre_split,bps_internet_gender_history_province_2018_2024
ID-0000285,13,Sumatera Barat,provinsi,2021,Literasi digital,digital_literacy_index,Indeks Literasi Digital Kominfo,3.61,poin 1–5,,,,,id_34_pre_split,kominfo_digital_literacy_province_2021
ID-0000286,13,Sumatera Barat,provinsi,2022,Akses internet,internet_access_pct,Akses internet penduduk usia 5 tahun ke atas,57.82,% penduduk dalam kelompok,area,rural,,,id_34_pre_split,bps_internet_access_history_province_2017_2024
ID-0000287,13,Sumatera Barat,provinsi,2022,Akses internet,internet_access_pct,Akses internet penduduk usia 5 tahun ke atas,63.13,% penduduk dalam kelompok,area,total,,,id_34_pre_split,bps_internet_access_history_province_2017_2024
ID-0000288,13,Sumatera Barat,provinsi,2022,Akses internet,internet_access_pct,Akses internet penduduk usia 5 tahun ke atas,70.14,% penduduk dalam kelompok,area,urban,,,id_34_pre_split,bps_internet_access_history_province_2017_2024
ID-0000289,13,Sumatera Barat,provinsi,2022,Akses rumah tangga,household_internet_pct,Rumah tangga dengan akses internet,83.41,% rumah tangga dalam klasifikasi daerah,area,rural,,,id_34_pre_split,bps_household_internet
ID-0000290,13,Sumatera Barat,provinsi,2022,Akses rumah tangga,household_internet_pct,Rumah tangga dengan akses internet,87.52,% rumah tangga dalam klasifikasi daerah,area,total,,,id_34_pre_split,bps_household_internet
ID-0000291,13,Sumatera Barat,provinsi,2022,Akses rumah tangga,household_internet_pct,Rumah tangga dengan akses internet,91.71,% rumah tangga dalam klasifikasi daerah,area,urban,,,id_34_pre_split,bps_household_internet
ID-0000292,13,Sumatera Barat,provinsi,2022,Kesenjangan gender,internet_access_pct,Akses internet penduduk usia 5 tahun ke atas menurut gender,60.93,% penduduk dalam kelompok,sex,female,,,id_34_pre_split,bps_internet_gender_history_province_2018_2024
ID-0000293,13,Sumatera Barat,provinsi,2022,Kesenjangan gender,internet_access_pct,Akses internet penduduk usia 5 tahun ke atas menurut gender,65.32,% penduduk dalam kelompok,sex,male,,,id_34_pre_split,bps_internet_gender_history_province_2018_2024
ID-0000294,13,Sumatera Barat,provinsi,2023,Akses internet,internet_access_pct,Akses internet penduduk usia 5 tahun ke atas,62.85,% penduduk dalam kelompok,area,rural,,,id_34_pre_split,bps_internet_access_history_province_2017_2024
ID-0000295,13,Sumatera Barat,provinsi,2023,Akses internet,internet_access_pct,Akses internet penduduk usia 5 tahun ke atas,68.64,% penduduk dalam kelompok,area,total,,,id_34_pre_split,bps_internet_access_history_province_2017_2024
ID-0000296,13,Sumatera Barat,provinsi,2023,Akses internet,internet_access_pct,Akses internet penduduk usia 5 tahun ke atas,74.35,% penduduk dalam kelompok,area,urban,,,id_34_pre_split,bps_internet_access_history_province_2017_2024
ID-0000297,13,Sumatera Barat,provinsi,2023,Akses rumah tangga,household_internet_pct,Rumah tangga dengan akses internet,87.03,% rumah tangga dalam klasifikasi daerah,area,rural,,,id_34_pre_split,bps_household_internet
ID-0000298,13,Sumatera Barat,provinsi,2023,Akses rumah tangga,household_internet_pct,Rumah tangga dengan akses internet,89.92,% rumah tangga dalam klasifikasi daerah,area,total,,,id_34_pre_split,bps_household_internet
ID-0000299,13,Sumatera Barat,provinsi,2023,Akses rumah tangga,household_internet_pct,Rumah tangga dengan akses internet,92.81,% rumah tangga dalam klasifikasi daerah,area,urban,,,id_34_pre_split,bps_household_internet
ID-0000300,13,Sumatera Barat,provinsi,2023,Kesenjangan gender,internet_access_pct,Akses internet penduduk usia 5 tahun ke atas menurut gender,66.21,% penduduk dalam kelompok,sex,female,,,id_34_pre_split,bps_internet_gender_history_province_2018_2024
ID-0000301,13,Sumatera Barat,provinsi,2023,Kesenjangan gender,internet_access_pct,Akses internet penduduk usia 5 tahun ke atas menurut gender,71.1,% penduduk dalam kelompok,sex,male,,,id_34_pre_split,bps_internet_gender_history_province_2018_2024
ID-0000302,13,Sumatera Barat,provinsi,2023,Komponen pembangunan TIK,fixed_broadband_norm,"Broadband tetap per 100 penduduk, ternormalisasi",0.46,poin 0–10,,,,,id_34_papua_aggregated_2023_2024,bps_iptik_normalized_components_province_2023_2024
ID-0000303,13,Sumatera Barat,provinsi,2023,Komponen pembangunan TIK,fixed_telephone_norm,"Telepon tetap per 100 penduduk, ternormalisasi",2.13,poin 0–10,,,,,id_34_papua_aggregated_2023_2024,bps_iptik_normalized_components_province_2023_2024
ID-0000304,13,Sumatera Barat,provinsi,2023,Komponen pembangunan TIK,household_computer_norm,"Rumah tangga dengan komputer, ternormalisasi",1.98,poin 0–10,,,,,id_34_papua_aggregated_2023_2024,bps_iptik_normalized_components_province_2023_2024
ID-0000305,13,Sumatera Barat,provinsi,2023,Komponen pembangunan TIK,household_internet_norm,"Rumah tangga dengan internet, ternormalisasi",8.99,poin 0–10,,,,,id_34_papua_aggregated_2023_2024,bps_iptik_normalized_components_province_2023_2024
ID-0000306,13,Sumatera Barat,provinsi,2023,Komponen pembangunan TIK,individual_internet_norm,"Individu pengguna internet, ternormalisasi",6.86,poin 0–10,,,,,id_34_papua_aggregated_2023_2024,bps_iptik_normalized_components_province_2023_2024
ID-0000307,13,Sumatera Barat,provinsi,2023,Komponen pembangunan TIK,international_bandwidth_norm,"Bandwidth internet internasional per pengguna, ternormalisasi",7.99,poin 0–10,,,,,id_34_papua_aggregated_2023_2024,bps_iptik_normalized_components_province_2023_2024
ID-0000308,13,Sumatera Barat,provinsi,2023,Komponen pembangunan TIK,mean_years_school_norm,"Rata-rata lama sekolah, ternormalisasi",6.39,poin 0–10,,,,,id_34_papua_aggregated_2023_2024,bps_iptik_normalized_components_province_2023_2024
ID-0000309,13,Sumatera Barat,provinsi,2023,Komponen pembangunan TIK,mobile_broadband_norm,"Broadband seluler per 100 penduduk, ternormalisasi",10,poin 0–10,,,,,id_34_papua_aggregated_2023_2024,bps_iptik_normalized_components_province_2023_2024
ID-0000310,13,Sumatera Barat,provinsi,2023,Komponen pembangunan TIK,mobile_cellular_norm,"Telepon seluler per 100 penduduk, ternormalisasi",10,poin 0–10,,,,,id_34_papua_aggregated_2023_2024,bps_iptik_normalized_components_province_2023_2024
ID-0000311,13,Sumatera Barat,provinsi,2023,Komponen pembangunan TIK,secondary_enrolment_norm,"Partisipasi pendidikan sekunder, ternormalisasi",9.23,poin 0–10,,,,,id_34_papua_aggregated_2023_2024,bps_iptik_normalized_components_province_2023_2024
ID-0000312,13,Sumatera Barat,provinsi,2023,Komponen pembangunan TIK,tertiary_enrolment_norm,"Partisipasi pendidikan tinggi, ternormalisasi",4.23,poin 0–10,,,,,id_34_papua_aggregated_2023_2024,bps_iptik_normalized_components_province_2023_2024
ID-0000313,13,Sumatera Barat,provinsi,2023,Pembangunan TIK,access_infrastructure_subindex,Subindeks akses dan infrastruktur TIK,6.22,poin 0–10,,,,,id_34_papua_aggregated_2023_2024,bps_iptik_province_2023_2024
ID-0000314,13,Sumatera Barat,provinsi,2023,Pembangunan TIK,ict_development_index,Indeks Pembangunan TIK,6.12,poin 0–10,,,,,id_34_papua_aggregated_2023_2024,bps_iptik_province_2023_2024
ID-0000315,13,Sumatera Barat,provinsi,2023,Pembangunan TIK,skills_proxy_subindex,Subindeks proksi keahlian TIK,6.62,poin 0–10,,,,,id_34_papua_aggregated_2023_2024,bps_iptik_province_2023_2024
ID-0000316,13,Sumatera Barat,provinsi,2023,Pembangunan TIK,use_subindex,Subindeks penggunaan TIK,5.78,poin 0–10,,,,,id_34_papua_aggregated_2023_2024,bps_iptik_province_2023_2024
ID-0000317,13,Sumatera Barat,provinsi,2024,Akses internet,internet_access_pct,Akses internet penduduk usia 5 tahun ke atas,69.78,% penduduk dalam kelompok,area,rural,,,id_38_2024,bps_internet_access_history_province_2017_2024
ID-0000318,13,Sumatera Barat,provinsi,2024,Akses internet,internet_access_pct,Akses internet penduduk usia 5 tahun ke atas,74.59,% penduduk dalam kelompok,area,total,,,id_38_2024,bps_internet_access_history_province_2017_2024
ID-0000319,13,Sumatera Barat,provinsi,2024,Akses internet,internet_access_pct,Akses internet penduduk usia 5 tahun ke atas,79.16,% penduduk dalam kelompok,area,urban,,,id_38_2024,bps_internet_access_history_province_2017_2024
ID-0000320,13,Sumatera Barat,provinsi,2024,Akses rumah tangga,household_internet_pct,Rumah tangga dengan akses internet,88.82,% rumah tangga dalam klasifikasi daerah,area,rural,,,id_38_2024,bps_household_internet
ID-0000321,13,Sumatera Barat,provinsi,2024,Akses rumah tangga,household_internet_pct,Rumah tangga dengan akses internet,91.89,% rumah tangga dalam klasifikasi daerah,area,total,,,id_38_2024,bps_household_internet
ID-0000322,13,Sumatera Barat,provinsi,2024,Akses rumah tangga,household_internet_pct,Rumah tangga dengan akses internet,94.85,% rumah tangga dalam klasifikasi daerah,area,urban,,,id_38_2024,bps_household_internet
ID-0000323,13,Sumatera Barat,provinsi,2024,Kesenjangan gender,internet_access_pct,Akses internet penduduk usia 5 tahun ke atas menurut gender,72.34,% penduduk dalam kelompok,sex,female,,,id_38_2024,bps_internet_gender_history_province_2018_2024
ID-0000324,13,Sumatera Barat,provinsi,2024,Kesenjangan gender,internet_access_pct,Akses internet penduduk usia 5 tahun ke atas menurut gender,76.87,% penduduk dalam kelompok,sex,male,,,id_38_2024,bps_internet_gender_history_province_2018_2024
ID-0000325,13,Sumatera Barat,provinsi,2024,Komponen pembangunan TIK,fixed_broadband_norm,"Broadband tetap per 100 penduduk, ternormalisasi",0.7,poin 0–10,,,,,id_34_papua_aggregated_2023_2024,bps_iptik_normalized_components_province_2023_2024
ID-0000326,13,Sumatera Barat,provinsi,2024,Komponen pembangunan TIK,fixed_telephone_norm,"Telepon tetap per 100 penduduk, ternormalisasi",1.57,poin 0–10,,,,,id_34_papua_aggregated_2023_2024,bps_iptik_normalized_components_province_2023_2024
ID-0000327,13,Sumatera Barat,provinsi,2024,Komponen pembangunan TIK,household_computer_norm,"Rumah tangga dengan komputer, ternormalisasi",2.05,poin 0–10,,,,,id_34_papua_aggregated_2023_2024,bps_iptik_normalized_components_province_2023_2024
ID-0000328,13,Sumatera Barat,provinsi,2024,Komponen pembangunan TIK,household_internet_norm,"Rumah tangga dengan internet, ternormalisasi",9.19,poin 0–10,,,,,id_34_papua_aggregated_2023_2024,bps_iptik_normalized_components_province_2023_2024
ID-0000329,13,Sumatera Barat,provinsi,2024,Komponen pembangunan TIK,individual_internet_norm,"Individu pengguna internet, ternormalisasi",7.46,poin 0–10,,,,,id_34_papua_aggregated_2023_2024,bps_iptik_normalized_components_province_2023_2024
ID-0000330,13,Sumatera Barat,provinsi,2024,Komponen pembangunan TIK,international_bandwidth_norm,"Bandwidth internet internasional per pengguna, ternormalisasi",8.42,poin 0–10,,,,,id_34_papua_aggregated_2023_2024,bps_iptik_normalized_components_province_2023_2024
ID-0000331,13,Sumatera Barat,provinsi,2024,Komponen pembangunan TIK,mean_years_school_norm,"Rata-rata lama sekolah, ternormalisasi",6.48,poin 0–10,,,,,id_34_papua_aggregated_2023_2024,bps_iptik_normalized_components_province_2023_2024
ID-0000332,13,Sumatera Barat,provinsi,2024,Komponen pembangunan TIK,mobile_broadband_norm,"Broadband seluler per 100 penduduk, ternormalisasi",10,poin 0–10,,,,,id_34_papua_aggregated_2023_2024,bps_iptik_normalized_components_province_2023_2024
ID-0000333,13,Sumatera Barat,provinsi,2024,Komponen pembangunan TIK,mobile_cellular_norm,"Telepon seluler per 100 penduduk, ternormalisasi",10,poin 0–10,,,,,id_34_papua_aggregated_2023_2024,bps_iptik_normalized_components_province_2023_2024
ID-0000334,13,Sumatera Barat,provinsi,2024,Komponen pembangunan TIK,secondary_enrolment_norm,"Partisipasi pendidikan sekunder, ternormalisasi",9.49,poin 0–10,,,,,id_34_papua_aggregated_2023_2024,bps_iptik_normalized_components_province_2023_2024
ID-0000335,13,Sumatera Barat,provinsi,2024,Komponen pembangunan TIK,tertiary_enrolment_norm,"Partisipasi pendidikan tinggi, ternormalisasi",4.26,poin 0–10,,,,,id_34_papua_aggregated_2023_2024,bps_iptik_normalized_components_province_2023_2024
ID-0000336,13,Sumatera Barat,provinsi,2024,Pemanfaatan internet,percentage_users,Tujuan penggunaan internet,14.04,% pengguna internet,area,rural,category,buy_goods_services,id_38_2024,bps_internet_purpose
ID-0000337,13,Sumatera Barat,provinsi,2024,Pemanfaatan internet,percentage_users,Tujuan penggunaan internet,6.11,% pengguna internet,area,rural,category,digital_content_creation,id_38_2024,bps_internet_purpose
ID-0000338,13,Sumatera Barat,provinsi,2024,Pemanfaatan internet,percentage_users,Tujuan penggunaan internet,6.02,% pengguna internet,area,rural,category,email,id_38_2024,bps_internet_purpose
ID-0000339,13,Sumatera Barat,provinsi,2024,Pemanfaatan internet,percentage_users,Tujuan penggunaan internet,86.68,% pengguna internet,area,rural,category,entertainment,id_38_2024,bps_internet_purpose
ID-0000340,13,Sumatera Barat,provinsi,2024,Pemanfaatan internet,percentage_users,Tujuan penggunaan internet,4,% pengguna internet,area,rural,category,financial_services,id_38_2024,bps_internet_purpose
ID-0000341,13,Sumatera Barat,provinsi,2024,Pemanfaatan internet,percentage_users,Tujuan penggunaan internet,17.33,% pengguna internet,area,rural,category,goods_services_information,id_38_2024,bps_internet_purpose
ID-0000342,13,Sumatera Barat,provinsi,2024,Pemanfaatan internet,percentage_users,Tujuan penggunaan internet,72.79,% pengguna internet,area,rural,category,news_information,id_38_2024,bps_internet_purpose
ID-0000343,13,Sumatera Barat,provinsi,2024,Pemanfaatan internet,percentage_users,Tujuan penggunaan internet,7.64,% pengguna internet,area,rural,category,online_learning,id_38_2024,bps_internet_purpose
ID-0000344,13,Sumatera Barat,provinsi,2024,Pemanfaatan internet,percentage_users,Tujuan penggunaan internet,5.15,% pengguna internet,area,rural,category,other,id_38_2024,bps_internet_purpose
ID-0000345,13,Sumatera Barat,provinsi,2024,Pemanfaatan internet,percentage_users,Tujuan penggunaan internet,1.93,% pengguna internet,area,rural,category,sell_goods_services,id_38_2024,bps_internet_purpose
ID-0000346,13,Sumatera Barat,provinsi,2024,Pemanfaatan internet,percentage_users,Tujuan penggunaan internet,74.81,% pengguna internet,area,rural,category,social_media,id_38_2024,bps_internet_purpose
ID-0000347,13,Sumatera Barat,provinsi,2024,Pemanfaatan internet,percentage_users,Tujuan penggunaan internet,0.74,% pengguna internet,area,rural,category,work_from_home,id_38_2024,bps_internet_purpose
ID-0000348,13,Sumatera Barat,provinsi,2024,Pemanfaatan internet,percentage_users,Tujuan penggunaan internet,18.81,% pengguna internet,area,total,category,buy_goods_services,id_38_2024,bps_internet_purpose
ID-0000349,13,Sumatera Barat,provinsi,2024,Pemanfaatan internet,percentage_users,Tujuan penggunaan internet,5.25,% pengguna internet,area,total,category,digital_content_creation,id_38_2024,bps_internet_purpose
ID-0000350,13,Sumatera Barat,provinsi,2024,Pemanfaatan internet,percentage_users,Tujuan penggunaan internet,12.44,% pengguna internet,area,total,category,email,id_38_2024,bps_internet_purpose
ID-0000351,13,Sumatera Barat,provinsi,2024,Pemanfaatan internet,percentage_users,Tujuan penggunaan internet,88.31,% pengguna internet,area,total,category,entertainment,id_38_2024,bps_internet_purpose
ID-0000352,13,Sumatera Barat,provinsi,2024,Pemanfaatan internet,percentage_users,Tujuan penggunaan internet,8.13,% pengguna internet,area,total,category,financial_services,id_38_2024,bps_internet_purpose
ID-0000353,13,Sumatera Barat,provinsi,2024,Pemanfaatan internet,percentage_users,Tujuan penggunaan internet,24.37,% pengguna internet,area,total,category,goods_services_information,id_38_2024,bps_internet_purpose
ID-0000354,13,Sumatera Barat,provinsi,2024,Pemanfaatan internet,percentage_users,Tujuan penggunaan internet,76.55,% pengguna internet,area,total,category,news_information,id_38_2024,bps_internet_purpose
ID-0000355,13,Sumatera Barat,provinsi,2024,Pemanfaatan internet,percentage_users,Tujuan penggunaan internet,9.38,% pengguna internet,area,total,category,online_learning,id_38_2024,bps_internet_purpose
ID-0000356,13,Sumatera Barat,provinsi,2024,Pemanfaatan internet,percentage_users,Tujuan penggunaan internet,5.18,% pengguna internet,area,total,category,other,id_38_2024,bps_internet_purpose
ID-0000357,13,Sumatera Barat,provinsi,2024,Pemanfaatan internet,percentage_users,Tujuan penggunaan internet,3.24,% pengguna internet,area,total,category,sell_goods_services,id_38_2024,bps_internet_purpose
ID-0000358,13,Sumatera Barat,provinsi,2024,Pemanfaatan internet,percentage_users,Tujuan penggunaan internet,78.62,% pengguna internet,area,total,category,social_media,id_38_2024,bps_internet_purpose
ID-0000359,13,Sumatera Barat,provinsi,2024,Pemanfaatan internet,percentage_users,Tujuan penggunaan internet,1.31,% pengguna internet,area,total,category,work_from_home,id_38_2024,bps_internet_purpose
ID-0000360,13,Sumatera Barat,provinsi,2024,Pemanfaatan internet,percentage_users,Tujuan penggunaan internet,22.81,% pengguna internet,area,urban,category,buy_goods_services,id_38_2024,bps_internet_purpose
ID-0000361,13,Sumatera Barat,provinsi,2024,Pemanfaatan internet,percentage_users,Tujuan penggunaan internet,4.54,% pengguna internet,area,urban,category,digital_content_creation,id_38_2024,bps_internet_purpose
ID-0000362,13,Sumatera Barat,provinsi,2024,Pemanfaatan internet,percentage_users,Tujuan penggunaan internet,17.82,% pengguna internet,area,urban,category,email,id_38_2024,bps_internet_purpose
ID-0000363,13,Sumatera Barat,provinsi,2024,Pemanfaatan internet,percentage_users,Tujuan penggunaan internet,89.67,% pengguna internet,area,urban,category,entertainment,id_38_2024,bps_internet_purpose
ID-0000364,13,Sumatera Barat,provinsi,2024,Pemanfaatan internet,percentage_users,Tujuan penggunaan internet,11.59,% pengguna internet,area,urban,category,financial_services,id_38_2024,bps_internet_purpose
ID-0000365,13,Sumatera Barat,provinsi,2024,Pemanfaatan internet,percentage_users,Tujuan penggunaan internet,30.28,% pengguna internet,area,urban,category,goods_services_information,id_38_2024,bps_internet_purpose
ID-0000366,13,Sumatera Barat,provinsi,2024,Pemanfaatan internet,percentage_users,Tujuan penggunaan internet,79.7,% pengguna internet,area,urban,category,news_information,id_38_2024,bps_internet_purpose
ID-0000367,13,Sumatera Barat,provinsi,2024,Pemanfaatan internet,percentage_users,Tujuan penggunaan internet,10.83,% pengguna internet,area,urban,category,online_learning,id_38_2024,bps_internet_purpose
ID-0000368,13,Sumatera Barat,provinsi,2024,Pemanfaatan internet,percentage_users,Tujuan penggunaan internet,5.2,% pengguna internet,area,urban,category,other,id_38_2024,bps_internet_purpose
ID-0000369,13,Sumatera Barat,provinsi,2024,Pemanfaatan internet,percentage_users,Tujuan penggunaan internet,4.34,% pengguna internet,area,urban,category,sell_goods_services,id_38_2024,bps_internet_purpose
ID-0000370,13,Sumatera Barat,provinsi,2024,Pemanfaatan internet,percentage_users,Tujuan penggunaan internet,81.82,% pengguna internet,area,urban,category,social_media,id_38_2024,bps_internet_purpose
ID-0000371,13,Sumatera Barat,provinsi,2024,Pemanfaatan internet,percentage_users,Tujuan penggunaan internet,1.8,% pengguna internet,area,urban,category,work_from_home,id_38_2024,bps_internet_purpose
ID-0000372,13,Sumatera Barat,provinsi,2024,Pembangunan TIK,access_infrastructure_subindex,Subindeks akses dan infrastruktur TIK,6.25,poin 0–10,,,,,id_34_papua_aggregated_2023_2024,bps_iptik_province_2023_2024
ID-0000373,13,Sumatera Barat,provinsi,2024,Pembangunan TIK,ict_development_index,Indeks Pembangunan TIK,6.27,poin 0–10,,,,,id_34_papua_aggregated_2023_2024,bps_iptik_province_2023_2024
ID-0000374,13,Sumatera Barat,provinsi,2024,Pembangunan TIK,skills_proxy_subindex,Subindeks proksi keahlian TIK,6.75,poin 0–10,,,,,id_34_papua_aggregated_2023_2024,bps_iptik_province_2023_2024
ID-0000375,13,Sumatera Barat,provinsi,2024,Pembangunan TIK,use_subindex,Subindeks penggunaan TIK,6.05,poin 0–10,,,,,id_34_papua_aggregated_2023_2024,bps_iptik_province_2023_2024
ID-0000376,13,Sumatera Barat,provinsi,2024,Perangkat akses,percentage_users,Perangkat yang digunakan untuk mengakses internet,1.52,% pengguna internet,area,rural,category,desktop,id_38_2024,bps_access_device
ID-0000377,13,Sumatera Barat,provinsi,2024,Perangkat akses,percentage_users,Perangkat yang digunakan untuk mengakses internet,4.99,% pengguna internet,area,rural,category,laptop_tablet,id_38_2024,bps_access_device
ID-0000378,13,Sumatera Barat,provinsi,2024,Perangkat akses,percentage_users,Perangkat yang digunakan untuk mengakses internet,99.36,% pengguna internet,area,rural,category,mobile,id_38_2024,bps_access_device
ID-0000379,13,Sumatera Barat,provinsi,2024,Perangkat akses,percentage_users,Perangkat yang digunakan untuk mengakses internet,0.15,% pengguna internet,area,rural,category,other,id_38_2024,bps_access_device
ID-0000380,13,Sumatera Barat,provinsi,2024,Perangkat akses,percentage_users,Perangkat yang digunakan untuk mengakses internet,3.2,% pengguna internet,area,total,category,desktop,id_38_2024,bps_access_device
ID-0000381,13,Sumatera Barat,provinsi,2024,Perangkat akses,percentage_users,Perangkat yang digunakan untuk mengakses internet,8.45,% pengguna internet,area,total,category,laptop_tablet,id_38_2024,bps_access_device
ID-0000382,13,Sumatera Barat,provinsi,2024,Perangkat akses,percentage_users,Perangkat yang digunakan untuk mengakses internet,99.3,% pengguna internet,area,total,category,mobile,id_38_2024,bps_access_device
ID-0000383,13,Sumatera Barat,provinsi,2024,Perangkat akses,percentage_users,Perangkat yang digunakan untuk mengakses internet,0.13,% pengguna internet,area,total,category,other,id_38_2024,bps_access_device
ID-0000384,13,Sumatera Barat,provinsi,2024,Perangkat akses,percentage_users,Perangkat yang digunakan untuk mengakses internet,4.61,% pengguna internet,area,urban,category,desktop,id_38_2024,bps_access_device
ID-0000385,13,Sumatera Barat,provinsi,2024,Perangkat akses,percentage_users,Perangkat yang digunakan untuk mengakses internet,11.35,% pengguna internet,area,urban,category,laptop_tablet,id_38_2024,bps_access_device
ID-0000386,13,Sumatera Barat,provinsi,2024,Perangkat akses,percentage_users,Perangkat yang digunakan untuk mengakses internet,99.26,% pengguna internet,area,urban,category,mobile,id_38_2024,bps_access_device
ID-0000387,13,Sumatera Barat,provinsi,2024,Perangkat akses,percentage_users,Perangkat yang digunakan untuk mengakses internet,0.12,% pengguna internet,area,urban,category,other,id_38_2024,bps_access_device
ID-0000388,14,Riau,provinsi,2017,Akses internet,internet_access_pct,Akses internet penduduk usia 5 tahun ke atas,22.93,% penduduk dalam kelompok,area,rural,,,id_34_pre_split,bps_internet_access_history_province_2017_2024
ID-0000389,14,Riau,provinsi,2017,Akses internet,internet_access_pct,Akses internet penduduk usia 5 tahun ke atas,32.16,% penduduk dalam kelompok,area,total,,,id_34_pre_split,bps_internet_access_history_province_2017_2024
ID-0000390,14,Riau,provinsi,2017,Akses internet,internet_access_pct,Akses internet penduduk usia 5 tahun ke atas,46.08,% penduduk dalam kelompok,area,urban,,,id_34_pre_split,bps_internet_access_history_province_2017_2024
ID-0000391,14,Riau,provinsi,2018,Akses internet,internet_access_pct,Akses internet penduduk usia 5 tahun ke atas,30.7,% penduduk dalam kelompok,area,rural,,,id_34_pre_split,bps_internet_access_history_province_2017_2024
ID-0000392,14,Riau,provinsi,2018,Akses internet,internet_access_pct,Akses internet penduduk usia 5 tahun ke atas,39.98,% penduduk dalam kelompok,area,total,,,id_34_pre_split,bps_internet_access_history_province_2017_2024
ID-0000393,14,Riau,provinsi,2018,Akses internet,internet_access_pct,Akses internet penduduk usia 5 tahun ke atas,53.64,% penduduk dalam kelompok,area,urban,,,id_34_pre_split,bps_internet_access_history_province_2017_2024
ID-0000394,14,Riau,provinsi,2018,Kesenjangan gender,internet_access_pct,Akses internet penduduk usia 5 tahun ke atas menurut gender,37.67,% penduduk dalam kelompok,sex,female,,,id_34_pre_split,bps_internet_gender_history_province_2018_2024
ID-0000395,14,Riau,provinsi,2018,Kesenjangan gender,internet_access_pct,Akses internet penduduk usia 5 tahun ke atas menurut gender,42.16,% penduduk dalam kelompok,sex,male,,,id_34_pre_split,bps_internet_gender_history_province_2018_2024
ID-0000396,14,Riau,provinsi,2019,Akses internet,internet_access_pct,Akses internet penduduk usia 5 tahun ke atas,36.45,% penduduk dalam kelompok,area,rural,,,id_34_pre_split,bps_internet_access_history_province_2017_2024
ID-0000397,14,Riau,provinsi,2019,Akses internet,internet_access_pct,Akses internet penduduk usia 5 tahun ke atas,44.97,% penduduk dalam kelompok,area,total,,,id_34_pre_split,bps_internet_access_history_province_2017_2024
ID-0000398,14,Riau,provinsi,2019,Akses internet,internet_access_pct,Akses internet penduduk usia 5 tahun ke atas,57.5,% penduduk dalam kelompok,area,urban,,,id_34_pre_split,bps_internet_access_history_province_2017_2024
ID-0000399,14,Riau,provinsi,2019,Kesenjangan gender,internet_access_pct,Akses internet penduduk usia 5 tahun ke atas menurut gender,42.41,% penduduk dalam kelompok,sex,female,,,id_34_pre_split,bps_internet_gender_history_province_2018_2024
ID-0000400,14,Riau,provinsi,2019,Kesenjangan gender,internet_access_pct,Akses internet penduduk usia 5 tahun ke atas menurut gender,47.4,% penduduk dalam kelompok,sex,male,,,id_34_pre_split,bps_internet_gender_history_province_2018_2024
ID-0000401,14,Riau,provinsi,2020,Akses internet,internet_access_pct,Akses internet penduduk usia 5 tahun ke atas,43.53,% penduduk dalam kelompok,area,rural,,,id_34_pre_split,bps_internet_access_history_province_2017_2024
ID-0000402,14,Riau,provinsi,2020,Akses internet,internet_access_pct,Akses internet penduduk usia 5 tahun ke atas,52.78,% penduduk dalam kelompok,area,total,,,id_34_pre_split,bps_internet_access_history_province_2017_2024
ID-0000403,14,Riau,provinsi,2020,Akses internet,internet_access_pct,Akses internet penduduk usia 5 tahun ke atas,66.46,% penduduk dalam kelompok,area,urban,,,id_34_pre_split,bps_internet_access_history_province_2017_2024
ID-0000404,14,Riau,provinsi,2020,Kesenjangan gender,internet_access_pct,Akses internet penduduk usia 5 tahun ke atas menurut gender,49.92,% penduduk dalam kelompok,sex,female,,,id_34_pre_split,bps_internet_gender_history_province_2018_2024
ID-0000405,14,Riau,provinsi,2020,Kesenjangan gender,internet_access_pct,Akses internet penduduk usia 5 tahun ke atas menurut gender,55.49,% penduduk dalam kelompok,sex,male,,,id_34_pre_split,bps_internet_gender_history_province_2018_2024
ID-0000406,14,Riau,provinsi,2021,Akses internet,internet_access_pct,Akses internet penduduk usia 5 tahun ke atas,55.92,% penduduk dalam kelompok,area,rural,,,id_34_pre_split,bps_internet_access_history_province_2017_2024
ID-0000407,14,Riau,provinsi,2021,Akses internet,internet_access_pct,Akses internet penduduk usia 5 tahun ke atas,62.83,% penduduk dalam kelompok,area,total,,,id_34_pre_split,bps_internet_access_history_province_2017_2024
ID-0000408,14,Riau,provinsi,2021,Akses internet,internet_access_pct,Akses internet penduduk usia 5 tahun ke atas,73.13,% penduduk dalam kelompok,area,urban,,,id_34_pre_split,bps_internet_access_history_province_2017_2024
ID-0000409,14,Riau,provinsi,2021,Akses rumah tangga,household_internet_pct,Rumah tangga dengan akses internet,82.87,% rumah tangga dalam klasifikasi daerah,area,rural,,,id_34_pre_split,bps_household_internet
ID-0000410,14,Riau,provinsi,2021,Akses rumah tangga,household_internet_pct,Rumah tangga dengan akses internet,86.45,% rumah tangga dalam klasifikasi daerah,area,total,,,id_34_pre_split,bps_household_internet
ID-0000411,14,Riau,provinsi,2021,Akses rumah tangga,household_internet_pct,Rumah tangga dengan akses internet,91.8,% rumah tangga dalam klasifikasi daerah,area,urban,,,id_34_pre_split,bps_household_internet
ID-0000412,14,Riau,provinsi,2021,Kesenjangan gender,internet_access_pct,Akses internet penduduk usia 5 tahun ke atas menurut gender,60.3,% penduduk dalam kelompok,sex,female,,,id_34_pre_split,bps_internet_gender_history_province_2018_2024
ID-0000413,14,Riau,provinsi,2021,Kesenjangan gender,internet_access_pct,Akses internet penduduk usia 5 tahun ke atas menurut gender,65.26,% penduduk dalam kelompok,sex,male,,,id_34_pre_split,bps_internet_gender_history_province_2018_2024
ID-0000414,14,Riau,provinsi,2021,Literasi digital,digital_literacy_index,Indeks Literasi Digital Kominfo,3.35,poin 1–5,,,,,id_34_pre_split,kominfo_digital_literacy_province_2021
ID-0000415,14,Riau,provinsi,2022,Akses internet,internet_access_pct,Akses internet penduduk usia 5 tahun ke atas,66.41,% penduduk dalam kelompok,area,rural,,,id_34_pre_split,bps_internet_access_history_province_2017_2024
ID-0000416,14,Riau,provinsi,2022,Akses internet,internet_access_pct,Akses internet penduduk usia 5 tahun ke atas,68.85,% penduduk dalam kelompok,area,total,,,id_34_pre_split,bps_internet_access_history_province_2017_2024
ID-0000417,14,Riau,provinsi,2022,Akses internet,internet_access_pct,Akses internet penduduk usia 5 tahun ke atas,74.48,% penduduk dalam kelompok,area,urban,,,id_34_pre_split,bps_internet_access_history_province_2017_2024
ID-0000418,14,Riau,provinsi,2022,Akses rumah tangga,household_internet_pct,Rumah tangga dengan akses internet,89.05,% rumah tangga dalam klasifikasi daerah,area,rural,,,id_34_pre_split,bps_household_internet
ID-0000419,14,Riau,provinsi,2022,Akses rumah tangga,household_internet_pct,Rumah tangga dengan akses internet,91.01,% rumah tangga dalam klasifikasi daerah,area,total,,,id_34_pre_split,bps_household_internet
ID-0000420,14,Riau,provinsi,2022,Akses rumah tangga,household_internet_pct,Rumah tangga dengan akses internet,93.93,% rumah tangga dalam klasifikasi daerah,area,urban,,,id_34_pre_split,bps_household_internet
ID-0000421,14,Riau,provinsi,2022,Kesenjangan gender,internet_access_pct,Akses internet penduduk usia 5 tahun ke atas menurut gender,66.24,% penduduk dalam kelompok,sex,female,,,id_34_pre_split,bps_internet_gender_history_province_2018_2024
ID-0000422,14,Riau,provinsi,2022,Kesenjangan gender,internet_access_pct,Akses internet penduduk usia 5 tahun ke atas menurut gender,71.35,% penduduk dalam kelompok,sex,male,,,id_34_pre_split,bps_internet_gender_history_province_2018_2024
ID-0000423,14,Riau,provinsi,2023,Akses internet,internet_access_pct,Akses internet penduduk usia 5 tahun ke atas,67.89,% penduduk dalam kelompok,area,rural,,,id_34_pre_split,bps_internet_access_history_province_2017_2024
ID-0000424,14,Riau,provinsi,2023,Akses internet,internet_access_pct,Akses internet penduduk usia 5 tahun ke atas,73.02,% penduduk dalam kelompok,area,total,,,id_34_pre_split,bps_internet_access_history_province_2017_2024
ID-0000425,14,Riau,provinsi,2023,Akses internet,internet_access_pct,Akses internet penduduk usia 5 tahun ke atas,80.66,% penduduk dalam kelompok,area,urban,,,id_34_pre_split,bps_internet_access_history_province_2017_2024
ID-0000426,14,Riau,provinsi,2023,Akses rumah tangga,household_internet_pct,Rumah tangga dengan akses internet,91.5,% rumah tangga dalam klasifikasi daerah,area,rural,,,id_34_pre_split,bps_household_internet
ID-0000427,14,Riau,provinsi,2023,Akses rumah tangga,household_internet_pct,Rumah tangga dengan akses internet,93.25,% rumah tangga dalam klasifikasi daerah,area,total,,,id_34_pre_split,bps_household_internet
ID-0000428,14,Riau,provinsi,2023,Akses rumah tangga,household_internet_pct,Rumah tangga dengan akses internet,95.86,% rumah tangga dalam klasifikasi daerah,area,urban,,,id_34_pre_split,bps_household_internet
ID-0000429,14,Riau,provinsi,2023,Kesenjangan gender,internet_access_pct,Akses internet penduduk usia 5 tahun ke atas menurut gender,71.11,% penduduk dalam kelompok,sex,female,,,id_34_pre_split,bps_internet_gender_history_province_2018_2024
ID-0000430,14,Riau,provinsi,2023,Kesenjangan gender,internet_access_pct,Akses internet penduduk usia 5 tahun ke atas menurut gender,74.87,% penduduk dalam kelompok,sex,male,,,id_34_pre_split,bps_internet_gender_history_province_2018_2024
ID-0000431,14,Riau,provinsi,2023,Komponen pembangunan TIK,fixed_broadband_norm,"Broadband tetap per 100 penduduk, ternormalisasi",0.58,poin 0–10,,,,,id_34_papua_aggregated_2023_2024,bps_iptik_normalized_components_province_2023_2024
ID-0000432,14,Riau,provinsi,2023,Komponen pembangunan TIK,fixed_telephone_norm,"Telepon tetap per 100 penduduk, ternormalisasi",1.29,poin 0–10,,,,,id_34_papua_aggregated_2023_2024,bps_iptik_normalized_components_province_2023_2024
ID-0000433,14,Riau,provinsi,2023,Komponen pembangunan TIK,household_computer_norm,"Rumah tangga dengan komputer, ternormalisasi",1.87,poin 0–10,,,,,id_34_papua_aggregated_2023_2024,bps_iptik_normalized_components_province_2023_2024
ID-0000434,14,Riau,provinsi,2023,Komponen pembangunan TIK,household_internet_norm,"Rumah tangga dengan internet, ternormalisasi",9.32,poin 0–10,,,,,id_34_papua_aggregated_2023_2024,bps_iptik_normalized_components_province_2023_2024
ID-0000435,14,Riau,provinsi,2023,Komponen pembangunan TIK,individual_internet_norm,"Individu pengguna internet, ternormalisasi",7.3,poin 0–10,,,,,id_34_papua_aggregated_2023_2024,bps_iptik_normalized_components_province_2023_2024
ID-0000436,14,Riau,provinsi,2023,Komponen pembangunan TIK,international_bandwidth_norm,"Bandwidth internet internasional per pengguna, ternormalisasi",7.89,poin 0–10,,,,,id_34_papua_aggregated_2023_2024,bps_iptik_normalized_components_province_2023_2024
ID-0000437,14,Riau,provinsi,2023,Komponen pembangunan TIK,mean_years_school_norm,"Rata-rata lama sekolah, ternormalisasi",6.4,poin 0–10,,,,,id_34_papua_aggregated_2023_2024,bps_iptik_normalized_components_province_2023_2024
ID-0000438,14,Riau,provinsi,2023,Komponen pembangunan TIK,mobile_broadband_norm,"Broadband seluler per 100 penduduk, ternormalisasi",10,poin 0–10,,,,,id_34_papua_aggregated_2023_2024,bps_iptik_normalized_components_province_2023_2024
ID-0000439,14,Riau,provinsi,2023,Komponen pembangunan TIK,mobile_cellular_norm,"Telepon seluler per 100 penduduk, ternormalisasi",10,poin 0–10,,,,,id_34_papua_aggregated_2023_2024,bps_iptik_normalized_components_province_2023_2024
ID-0000440,14,Riau,provinsi,2023,Komponen pembangunan TIK,secondary_enrolment_norm,"Partisipasi pendidikan sekunder, ternormalisasi",8.91,poin 0–10,,,,,id_34_papua_aggregated_2023_2024,bps_iptik_normalized_components_province_2023_2024
ID-0000441,14,Riau,provinsi,2023,Komponen pembangunan TIK,tertiary_enrolment_norm,"Partisipasi pendidikan tinggi, ternormalisasi",3.56,poin 0–10,,,,,id_34_papua_aggregated_2023_2024,bps_iptik_normalized_components_province_2023_2024
ID-0000442,14,Riau,provinsi,2023,Pembangunan TIK,access_infrastructure_subindex,Subindeks akses dan infrastruktur TIK,6.07,poin 0–10,,,,,id_34_papua_aggregated_2023_2024,bps_iptik_province_2023_2024
ID-0000443,14,Riau,provinsi,2023,Pembangunan TIK,ict_development_index,Indeks Pembangunan TIK,6.07,poin 0–10,,,,,id_34_papua_aggregated_2023_2024,bps_iptik_province_2023_2024
ID-0000444,14,Riau,provinsi,2023,Pembangunan TIK,skills_proxy_subindex,Subindeks proksi keahlian TIK,6.29,poin 0–10,,,,,id_34_papua_aggregated_2023_2024,bps_iptik_province_2023_2024
ID-0000445,14,Riau,provinsi,2023,Pembangunan TIK,use_subindex,Subindeks penggunaan TIK,5.96,poin 0–10,,,,,id_34_papua_aggregated_2023_2024,bps_iptik_province_2023_2024
ID-0000446,14,Riau,provinsi,2024,Akses internet,internet_access_pct,Akses internet penduduk usia 5 tahun ke atas,73.2,% penduduk dalam kelompok,area,rural,,,id_38_2024,bps_internet_access_history_province_2017_2024
ID-0000447,14,Riau,provinsi,2024,Akses internet,internet_access_pct,Akses internet penduduk usia 5 tahun ke atas,77.68,% penduduk dalam kelompok,area,total,,,id_38_2024,bps_internet_access_history_province_2017_2024
ID-0000448,14,Riau,provinsi,2024,Akses internet,internet_access_pct,Akses internet penduduk usia 5 tahun ke atas,84.3,% penduduk dalam kelompok,area,urban,,,id_38_2024,bps_internet_access_history_province_2017_2024
ID-0000449,14,Riau,provinsi,2024,Akses rumah tangga,household_internet_pct,Rumah tangga dengan akses internet,92.12,% rumah tangga dalam klasifikasi daerah,area,rural,,,id_38_2024,bps_household_internet
ID-0000450,14,Riau,provinsi,2024,Akses rumah tangga,household_internet_pct,Rumah tangga dengan akses internet,94.16,% rumah tangga dalam klasifikasi daerah,area,total,,,id_38_2024,bps_household_internet
ID-0000451,14,Riau,provinsi,2024,Akses rumah tangga,household_internet_pct,Rumah tangga dengan akses internet,97.26,% rumah tangga dalam klasifikasi daerah,area,urban,,,id_38_2024,bps_household_internet
ID-0000452,14,Riau,provinsi,2024,Kesenjangan gender,internet_access_pct,Akses internet penduduk usia 5 tahun ke atas menurut gender,75.06,% penduduk dalam kelompok,sex,female,,,id_38_2024,bps_internet_gender_history_province_2018_2024
ID-0000453,14,Riau,provinsi,2024,Kesenjangan gender,internet_access_pct,Akses internet penduduk usia 5 tahun ke atas menurut gender,80.2,% penduduk dalam kelompok,sex,male,,,id_38_2024,bps_internet_gender_history_province_2018_2024
ID-0000454,14,Riau,provinsi,2024,Komponen pembangunan TIK,fixed_broadband_norm,"Broadband tetap per 100 penduduk, ternormalisasi",0.9,poin 0–10,,,,,id_34_papua_aggregated_2023_2024,bps_iptik_normalized_components_province_2023_2024
ID-0000455,14,Riau,provinsi,2024,Komponen pembangunan TIK,fixed_telephone_norm,"Telepon tetap per 100 penduduk, ternormalisasi",1.98,poin 0–10,,,,,id_34_papua_aggregated_2023_2024,bps_iptik_normalized_components_province_2023_2024
ID-0000456,14,Riau,provinsi,2024,Komponen pembangunan TIK,household_computer_norm,"Rumah tangga dengan komputer, ternormalisasi",1.8,poin 0–10,,,,,id_34_papua_aggregated_2023_2024,bps_iptik_normalized_components_province_2023_2024
ID-0000457,14,Riau,provinsi,2024,Komponen pembangunan TIK,household_internet_norm,"Rumah tangga dengan internet, ternormalisasi",9.42,poin 0–10,,,,,id_34_papua_aggregated_2023_2024,bps_iptik_normalized_components_province_2023_2024
ID-0000458,14,Riau,provinsi,2024,Komponen pembangunan TIK,individual_internet_norm,"Individu pengguna internet, ternormalisasi",7.77,poin 0–10,,,,,id_34_papua_aggregated_2023_2024,bps_iptik_normalized_components_province_2023_2024
ID-0000459,14,Riau,provinsi,2024,Komponen pembangunan TIK,international_bandwidth_norm,"Bandwidth internet internasional per pengguna, ternormalisasi",8.32,poin 0–10,,,,,id_34_papua_aggregated_2023_2024,bps_iptik_normalized_components_province_2023_2024
ID-0000460,14,Riau,provinsi,2024,Komponen pembangunan TIK,mean_years_school_norm,"Rata-rata lama sekolah, ternormalisasi",6.46,poin 0–10,,,,,id_34_papua_aggregated_2023_2024,bps_iptik_normalized_components_province_2023_2024
ID-0000461,14,Riau,provinsi,2024,Komponen pembangunan TIK,mobile_broadband_norm,"Broadband seluler per 100 penduduk, ternormalisasi",10,poin 0–10,,,,,id_34_papua_aggregated_2023_2024,bps_iptik_normalized_components_province_2023_2024
ID-0000462,14,Riau,provinsi,2024,Komponen pembangunan TIK,mobile_cellular_norm,"Telepon seluler per 100 penduduk, ternormalisasi",10,poin 0–10,,,,,id_34_papua_aggregated_2023_2024,bps_iptik_normalized_components_province_2023_2024
ID-0000463,14,Riau,provinsi,2024,Komponen pembangunan TIK,secondary_enrolment_norm,"Partisipasi pendidikan sekunder, ternormalisasi",9.02,poin 0–10,,,,,id_34_papua_aggregated_2023_2024,bps_iptik_normalized_components_province_2023_2024
ID-0000464,14,Riau,provinsi,2024,Komponen pembangunan TIK,tertiary_enrolment_norm,"Partisipasi pendidikan tinggi, ternormalisasi",3.43,poin 0–10,,,,,id_34_papua_aggregated_2023_2024,bps_iptik_normalized_components_province_2023_2024
ID-0000465,14,Riau,provinsi,2024,Pemanfaatan internet,percentage_users,Tujuan penggunaan internet,16.5,% pengguna internet,area,rural,category,buy_goods_services,id_38_2024,bps_internet_purpose
ID-0000466,14,Riau,provinsi,2024,Pemanfaatan internet,percentage_users,Tujuan penggunaan internet,4.57,% pengguna internet,area,rural,category,digital_content_creation,id_38_2024,bps_internet_purpose
ID-0000467,14,Riau,provinsi,2024,Pemanfaatan internet,percentage_users,Tujuan penggunaan internet,7.13,% pengguna internet,area,rural,category,email,id_38_2024,bps_internet_purpose
ID-0000468,14,Riau,provinsi,2024,Pemanfaatan internet,percentage_users,Tujuan penggunaan internet,87.91,% pengguna internet,area,rural,category,entertainment,id_38_2024,bps_internet_purpose
ID-0000469,14,Riau,provinsi,2024,Pemanfaatan internet,percentage_users,Tujuan penggunaan internet,5.82,% pengguna internet,area,rural,category,financial_services,id_38_2024,bps_internet_purpose
ID-0000470,14,Riau,provinsi,2024,Pemanfaatan internet,percentage_users,Tujuan penggunaan internet,20.48,% pengguna internet,area,rural,category,goods_services_information,id_38_2024,bps_internet_purpose
ID-0000471,14,Riau,provinsi,2024,Pemanfaatan internet,percentage_users,Tujuan penggunaan internet,74.83,% pengguna internet,area,rural,category,news_information,id_38_2024,bps_internet_purpose
ID-0000472,14,Riau,provinsi,2024,Pemanfaatan internet,percentage_users,Tujuan penggunaan internet,8.16,% pengguna internet,area,rural,category,online_learning,id_38_2024,bps_internet_purpose
ID-0000473,14,Riau,provinsi,2024,Pemanfaatan internet,percentage_users,Tujuan penggunaan internet,8.65,% pengguna internet,area,rural,category,other,id_38_2024,bps_internet_purpose
ID-0000474,14,Riau,provinsi,2024,Pemanfaatan internet,percentage_users,Tujuan penggunaan internet,3.09,% pengguna internet,area,rural,category,sell_goods_services,id_38_2024,bps_internet_purpose
ID-0000475,14,Riau,provinsi,2024,Pemanfaatan internet,percentage_users,Tujuan penggunaan internet,74.13,% pengguna internet,area,rural,category,social_media,id_38_2024,bps_internet_purpose
ID-0000476,14,Riau,provinsi,2024,Pemanfaatan internet,percentage_users,Tujuan penggunaan internet,0.98,% pengguna internet,area,rural,category,work_from_home,id_38_2024,bps_internet_purpose
ID-0000477,14,Riau,provinsi,2024,Pemanfaatan internet,percentage_users,Tujuan penggunaan internet,17.89,% pengguna internet,area,total,category,buy_goods_services,id_38_2024,bps_internet_purpose
ID-0000478,14,Riau,provinsi,2024,Pemanfaatan internet,percentage_users,Tujuan penggunaan internet,6.3,% pengguna internet,area,total,category,digital_content_creation,id_38_2024,bps_internet_purpose
ID-0000479,14,Riau,provinsi,2024,Pemanfaatan internet,percentage_users,Tujuan penggunaan internet,9.94,% pengguna internet,area,total,category,email,id_38_2024,bps_internet_purpose
ID-0000480,14,Riau,provinsi,2024,Pemanfaatan internet,percentage_users,Tujuan penggunaan internet,89.05,% pengguna internet,area,total,category,entertainment,id_38_2024,bps_internet_purpose
ID-0000481,14,Riau,provinsi,2024,Pemanfaatan internet,percentage_users,Tujuan penggunaan internet,8.7,% pengguna internet,area,total,category,financial_services,id_38_2024,bps_internet_purpose
ID-0000482,14,Riau,provinsi,2024,Pemanfaatan internet,percentage_users,Tujuan penggunaan internet,22.9,% pengguna internet,area,total,category,goods_services_information,id_38_2024,bps_internet_purpose
ID-0000483,14,Riau,provinsi,2024,Pemanfaatan internet,percentage_users,Tujuan penggunaan internet,77.32,% pengguna internet,area,total,category,news_information,id_38_2024,bps_internet_purpose
ID-0000484,14,Riau,provinsi,2024,Pemanfaatan internet,percentage_users,Tujuan penggunaan internet,9.19,% pengguna internet,area,total,category,online_learning,id_38_2024,bps_internet_purpose
ID-0000485,14,Riau,provinsi,2024,Pemanfaatan internet,percentage_users,Tujuan penggunaan internet,7.03,% pengguna internet,area,total,category,other,id_38_2024,bps_internet_purpose
ID-0000486,14,Riau,provinsi,2024,Pemanfaatan internet,percentage_users,Tujuan penggunaan internet,3.27,% pengguna internet,area,total,category,sell_goods_services,id_38_2024,bps_internet_purpose
ID-0000487,14,Riau,provinsi,2024,Pemanfaatan internet,percentage_users,Tujuan penggunaan internet,76.55,% pengguna internet,area,total,category,social_media,id_38_2024,bps_internet_purpose
ID-0000488,14,Riau,provinsi,2024,Pemanfaatan internet,percentage_users,Tujuan penggunaan internet,1.13,% pengguna internet,area,total,category,work_from_home,id_38_2024,bps_internet_purpose
ID-0000489,14,Riau,provinsi,2024,Pemanfaatan internet,percentage_users,Tujuan penggunaan internet,19.67,% pengguna internet,area,urban,category,buy_goods_services,id_38_2024,bps_internet_purpose
ID-0000490,14,Riau,provinsi,2024,Pemanfaatan internet,percentage_users,Tujuan penggunaan internet,8.54,% pengguna internet,area,urban,category,digital_content_creation,id_38_2024,bps_internet_purpose
ID-0000491,14,Riau,provinsi,2024,Pemanfaatan internet,percentage_users,Tujuan penggunaan internet,13.54,% pengguna internet,area,urban,category,email,id_38_2024,bps_internet_purpose
ID-0000492,14,Riau,provinsi,2024,Pemanfaatan internet,percentage_users,Tujuan penggunaan internet,90.52,% pengguna internet,area,urban,category,entertainment,id_38_2024,bps_internet_purpose
ID-0000493,14,Riau,provinsi,2024,Pemanfaatan internet,percentage_users,Tujuan penggunaan internet,12.39,% pengguna internet,area,urban,category,financial_services,id_38_2024,bps_internet_purpose
ID-0000494,14,Riau,provinsi,2024,Pemanfaatan internet,percentage_users,Tujuan penggunaan internet,26.01,% pengguna internet,area,urban,category,goods_services_information,id_38_2024,bps_internet_purpose
ID-0000495,14,Riau,provinsi,2024,Pemanfaatan internet,percentage_users,Tujuan penggunaan internet,80.52,% pengguna internet,area,urban,category,news_information,id_38_2024,bps_internet_purpose
ID-0000496,14,Riau,provinsi,2024,Pemanfaatan internet,percentage_users,Tujuan penggunaan internet,10.52,% pengguna internet,area,urban,category,online_learning,id_38_2024,bps_internet_purpose
ID-0000497,14,Riau,provinsi,2024,Pemanfaatan internet,percentage_users,Tujuan penggunaan internet,4.95,% pengguna internet,area,urban,category,other,id_38_2024,bps_internet_purpose
ID-0000498,14,Riau,provinsi,2024,Pemanfaatan internet,percentage_users,Tujuan penggunaan internet,3.5,% pengguna internet,area,urban,category,sell_goods_services,id_38_2024,bps_internet_purpose
ID-0000499,14,Riau,provinsi,2024,Pemanfaatan internet,percentage_users,Tujuan penggunaan internet,79.66,% pengguna internet,area,urban,category,social_media,id_38_2024,bps_internet_purpose
ID-0000500,14,Riau,provinsi,2024,Pemanfaatan internet,percentage_users,Tujuan penggunaan internet,1.33,% pengguna internet,area,urban,category,work_from_home,id_38_2024,bps_internet_purpose
ID-0000501,14,Riau,provinsi,2024,Pembangunan TIK,access_infrastructure_subindex,Subindeks akses dan infrastruktur TIK,6.3,poin 0–10,,,,,id_34_papua_aggregated_2023_2024,bps_iptik_province_2023_2024
ID-0000502,14,Riau,provinsi,2024,Pembangunan TIK,ict_development_index,Indeks Pembangunan TIK,6.27,poin 0–10,,,,,id_34_papua_aggregated_2023_2024,bps_iptik_province_2023_2024
ID-0000503,14,Riau,provinsi,2024,Pembangunan TIK,skills_proxy_subindex,Subindeks proksi keahlian TIK,6.3,poin 0–10,,,,,id_34_papua_aggregated_2023_2024,bps_iptik_province_2023_2024
ID-0000504,14,Riau,provinsi,2024,Pembangunan TIK,use_subindex,Subindeks penggunaan TIK,6.22,poin 0–10,,,,,id_34_papua_aggregated_2023_2024,bps_iptik_province_2023_2024
ID-0000505,14,Riau,provinsi,2024,Perangkat akses,percentage_users,Perangkat yang digunakan untuk mengakses internet,0.68,% pengguna internet,area,rural,category,desktop,id_38_2024,bps_access_device
ID-0000506,14,Riau,provinsi,2024,Perangkat akses,percentage_users,Perangkat yang digunakan untuk mengakses internet,4.13,% pengguna internet,area,rural,category,laptop_tablet,id_38_2024,bps_access_device
ID-0000507,14,Riau,provinsi,2024,Perangkat akses,percentage_users,Perangkat yang digunakan untuk mengakses internet,99.38,% pengguna internet,area,rural,category,mobile,id_38_2024,bps_access_device
ID-0000508,14,Riau,provinsi,2024,Perangkat akses,percentage_users,Perangkat yang digunakan untuk mengakses internet,0.13,% pengguna internet,area,rural,category,other,id_38_2024,bps_access_device
ID-0000509,14,Riau,provinsi,2024,Perangkat akses,percentage_users,Perangkat yang digunakan untuk mengakses internet,2.11,% pengguna internet,area,total,category,desktop,id_38_2024,bps_access_device
ID-0000510,14,Riau,provinsi,2024,Perangkat akses,percentage_users,Perangkat yang digunakan untuk mengakses internet,7.09,% pengguna internet,area,total,category,laptop_tablet,id_38_2024,bps_access_device
ID-0000511,14,Riau,provinsi,2024,Perangkat akses,percentage_users,Perangkat yang digunakan untuk mengakses internet,99.28,% pengguna internet,area,total,category,mobile,id_38_2024,bps_access_device
ID-0000512,14,Riau,provinsi,2024,Perangkat akses,percentage_users,Perangkat yang digunakan untuk mengakses internet,0.19,% pengguna internet,area,total,category,other,id_38_2024,bps_access_device
ID-0000513,14,Riau,provinsi,2024,Perangkat akses,percentage_users,Perangkat yang digunakan untuk mengakses internet,3.94,% pengguna internet,area,urban,category,desktop,id_38_2024,bps_access_device
ID-0000514,14,Riau,provinsi,2024,Perangkat akses,percentage_users,Perangkat yang digunakan untuk mengakses internet,10.89,% pengguna internet,area,urban,category,laptop_tablet,id_38_2024,bps_access_device
ID-0000515,14,Riau,provinsi,2024,Perangkat akses,percentage_users,Perangkat yang digunakan untuk mengakses internet,99.15,% pengguna internet,area,urban,category,mobile,id_38_2024,bps_access_device
ID-0000516,14,Riau,provinsi,2024,Perangkat akses,percentage_users,Perangkat yang digunakan untuk mengakses internet,0.26,% pengguna internet,area,urban,category,other,id_38_2024,bps_access_device
ID-0000517,15,Jambi,provinsi,2017,Akses internet,internet_access_pct,Akses internet penduduk usia 5 tahun ke atas,20.39,% penduduk dalam kelompok,area,rural,,,id_34_pre_split,bps_internet_access_history_province_2017_2024
ID-0000518,15,Jambi,provinsi,2017,Akses internet,internet_access_pct,Akses internet penduduk usia 5 tahun ke atas,26.67,% penduduk dalam kelompok,area,total,,,id_34_pre_split,bps_internet_access_history_province_2017_2024
ID-0000519,15,Jambi,provinsi,2017,Akses internet,internet_access_pct,Akses internet penduduk usia 5 tahun ke atas,40.37,% penduduk dalam kelompok,area,urban,,,id_34_pre_split,bps_internet_access_history_province_2017_2024
ID-0000520,15,Jambi,provinsi,2018,Akses internet,internet_access_pct,Akses internet penduduk usia 5 tahun ke atas,29.3,% penduduk dalam kelompok,area,rural,,,id_34_pre_split,bps_internet_access_history_province_2017_2024
ID-0000521,15,Jambi,provinsi,2018,Akses internet,internet_access_pct,Akses internet penduduk usia 5 tahun ke atas,35.82,% penduduk dalam kelompok,area,total,,,id_34_pre_split,bps_internet_access_history_province_2017_2024
ID-0000522,15,Jambi,provinsi,2018,Akses internet,internet_access_pct,Akses internet penduduk usia 5 tahun ke atas,49.64,% penduduk dalam kelompok,area,urban,,,id_34_pre_split,bps_internet_access_history_province_2017_2024
ID-0000523,15,Jambi,provinsi,2018,Kesenjangan gender,internet_access_pct,Akses internet penduduk usia 5 tahun ke atas menurut gender,33.26,% penduduk dalam kelompok,sex,female,,,id_34_pre_split,bps_internet_gender_history_province_2018_2024
ID-0000524,15,Jambi,provinsi,2018,Kesenjangan gender,internet_access_pct,Akses internet penduduk usia 5 tahun ke atas menurut gender,38.28,% penduduk dalam kelompok,sex,male,,,id_34_pre_split,bps_internet_gender_history_province_2018_2024
ID-0000525,15,Jambi,provinsi,2019,Akses internet,internet_access_pct,Akses internet penduduk usia 5 tahun ke atas,35.63,% penduduk dalam kelompok,area,rural,,,id_34_pre_split,bps_internet_access_history_province_2017_2024
ID-0000526,15,Jambi,provinsi,2019,Akses internet,internet_access_pct,Akses internet penduduk usia 5 tahun ke atas,42.68,% penduduk dalam kelompok,area,total,,,id_34_pre_split,bps_internet_access_history_province_2017_2024
ID-0000527,15,Jambi,provinsi,2019,Akses internet,internet_access_pct,Akses internet penduduk usia 5 tahun ke atas,57.3,% penduduk dalam kelompok,area,urban,,,id_34_pre_split,bps_internet_access_history_province_2017_2024
ID-0000528,15,Jambi,provinsi,2019,Kesenjangan gender,internet_access_pct,Akses internet penduduk usia 5 tahun ke atas menurut gender,40.33,% penduduk dalam kelompok,sex,female,,,id_34_pre_split,bps_internet_gender_history_province_2018_2024
ID-0000529,15,Jambi,provinsi,2019,Kesenjangan gender,internet_access_pct,Akses internet penduduk usia 5 tahun ke atas menurut gender,44.93,% penduduk dalam kelompok,sex,male,,,id_34_pre_split,bps_internet_gender_history_province_2018_2024
ID-0000530,15,Jambi,provinsi,2020,Akses internet,internet_access_pct,Akses internet penduduk usia 5 tahun ke atas,41.34,% penduduk dalam kelompok,area,rural,,,id_34_pre_split,bps_internet_access_history_province_2017_2024
ID-0000531,15,Jambi,provinsi,2020,Akses internet,internet_access_pct,Akses internet penduduk usia 5 tahun ke atas,47.93,% penduduk dalam kelompok,area,total,,,id_34_pre_split,bps_internet_access_history_province_2017_2024
ID-0000532,15,Jambi,provinsi,2020,Akses internet,internet_access_pct,Akses internet penduduk usia 5 tahun ke atas,61.64,% penduduk dalam kelompok,area,urban,,,id_34_pre_split,bps_internet_access_history_province_2017_2024
ID-0000533,15,Jambi,provinsi,2020,Kesenjangan gender,internet_access_pct,Akses internet penduduk usia 5 tahun ke atas menurut gender,45.32,% penduduk dalam kelompok,sex,female,,,id_34_pre_split,bps_internet_gender_history_province_2018_2024
ID-0000534,15,Jambi,provinsi,2020,Kesenjangan gender,internet_access_pct,Akses internet penduduk usia 5 tahun ke atas menurut gender,50.44,% penduduk dalam kelompok,sex,male,,,id_34_pre_split,bps_internet_gender_history_province_2018_2024
ID-0000535,15,Jambi,provinsi,2021,Akses internet,internet_access_pct,Akses internet penduduk usia 5 tahun ke atas,49.22,% penduduk dalam kelompok,area,rural,,,id_34_pre_split,bps_internet_access_history_province_2017_2024
ID-0000536,15,Jambi,provinsi,2021,Akses internet,internet_access_pct,Akses internet penduduk usia 5 tahun ke atas,56.07,% penduduk dalam kelompok,area,total,,,id_34_pre_split,bps_internet_access_history_province_2017_2024
ID-0000537,15,Jambi,provinsi,2021,Akses internet,internet_access_pct,Akses internet penduduk usia 5 tahun ke atas,70.08,% penduduk dalam kelompok,area,urban,,,id_34_pre_split,bps_internet_access_history_province_2017_2024
ID-0000538,15,Jambi,provinsi,2021,Akses rumah tangga,household_internet_pct,Rumah tangga dengan akses internet,76.74,% rumah tangga dalam klasifikasi daerah,area,rural,,,id_34_pre_split,bps_household_internet
ID-0000539,15,Jambi,provinsi,2021,Akses rumah tangga,household_internet_pct,Rumah tangga dengan akses internet,80.91,% rumah tangga dalam klasifikasi daerah,area,total,,,id_34_pre_split,bps_household_internet
ID-0000540,15,Jambi,provinsi,2021,Akses rumah tangga,household_internet_pct,Rumah tangga dengan akses internet,89.81,% rumah tangga dalam klasifikasi daerah,area,urban,,,id_34_pre_split,bps_household_internet
ID-0000541,15,Jambi,provinsi,2021,Kesenjangan gender,internet_access_pct,Akses internet penduduk usia 5 tahun ke atas menurut gender,53.28,% penduduk dalam kelompok,sex,female,,,id_34_pre_split,bps_internet_gender_history_province_2018_2024
ID-0000542,15,Jambi,provinsi,2021,Kesenjangan gender,internet_access_pct,Akses internet penduduk usia 5 tahun ke atas menurut gender,58.79,% penduduk dalam kelompok,sex,male,,,id_34_pre_split,bps_internet_gender_history_province_2018_2024
ID-0000543,15,Jambi,provinsi,2021,Literasi digital,digital_literacy_index,Indeks Literasi Digital Kominfo,3.41,poin 1–5,,,,,id_34_pre_split,kominfo_digital_literacy_province_2021
ID-0000544,15,Jambi,provinsi,2022,Akses internet,internet_access_pct,Akses internet penduduk usia 5 tahun ke atas,59.88,% penduduk dalam kelompok,area,rural,,,id_34_pre_split,bps_internet_access_history_province_2017_2024
ID-0000545,15,Jambi,provinsi,2022,Akses internet,internet_access_pct,Akses internet penduduk usia 5 tahun ke atas,64.06,% penduduk dalam kelompok,area,total,,,id_34_pre_split,bps_internet_access_history_province_2017_2024
ID-0000546,15,Jambi,provinsi,2022,Akses internet,internet_access_pct,Akses internet penduduk usia 5 tahun ke atas,73.51,% penduduk dalam kelompok,area,urban,,,id_34_pre_split,bps_internet_access_history_province_2017_2024
ID-0000547,15,Jambi,provinsi,2022,Akses rumah tangga,household_internet_pct,Rumah tangga dengan akses internet,85.04,% rumah tangga dalam klasifikasi daerah,area,rural,,,id_34_pre_split,bps_household_internet
ID-0000548,15,Jambi,provinsi,2022,Akses rumah tangga,household_internet_pct,Rumah tangga dengan akses internet,87.34,% rumah tangga dalam klasifikasi daerah,area,total,,,id_34_pre_split,bps_household_internet
ID-0000549,15,Jambi,provinsi,2022,Akses rumah tangga,household_internet_pct,Rumah tangga dengan akses internet,92.2,% rumah tangga dalam klasifikasi daerah,area,urban,,,id_34_pre_split,bps_household_internet
ID-0000550,15,Jambi,provinsi,2022,Kesenjangan gender,internet_access_pct,Akses internet penduduk usia 5 tahun ke atas menurut gender,60.49,% penduduk dalam kelompok,sex,female,,,id_34_pre_split,bps_internet_gender_history_province_2018_2024
ID-0000551,15,Jambi,provinsi,2022,Kesenjangan gender,internet_access_pct,Akses internet penduduk usia 5 tahun ke atas menurut gender,67.5,% penduduk dalam kelompok,sex,male,,,id_34_pre_split,bps_internet_gender_history_province_2018_2024
ID-0000552,15,Jambi,provinsi,2023,Akses internet,internet_access_pct,Akses internet penduduk usia 5 tahun ke atas,64.42,% penduduk dalam kelompok,area,rural,,,id_34_pre_split,bps_internet_access_history_province_2017_2024
ID-0000553,15,Jambi,provinsi,2023,Akses internet,internet_access_pct,Akses internet penduduk usia 5 tahun ke atas,68.14,% penduduk dalam kelompok,area,total,,,id_34_pre_split,bps_internet_access_history_province_2017_2024
ID-0000554,15,Jambi,provinsi,2023,Akses internet,internet_access_pct,Akses internet penduduk usia 5 tahun ke atas,75.59,% penduduk dalam kelompok,area,urban,,,id_34_pre_split,bps_internet_access_history_province_2017_2024
ID-0000555,15,Jambi,provinsi,2023,Akses rumah tangga,household_internet_pct,Rumah tangga dengan akses internet,88.25,% rumah tangga dalam klasifikasi daerah,area,rural,,,id_34_pre_split,bps_household_internet
ID-0000556,15,Jambi,provinsi,2023,Akses rumah tangga,household_internet_pct,Rumah tangga dengan akses internet,89.52,% rumah tangga dalam klasifikasi daerah,area,total,,,id_34_pre_split,bps_household_internet
ID-0000557,15,Jambi,provinsi,2023,Akses rumah tangga,household_internet_pct,Rumah tangga dengan akses internet,91.99,% rumah tangga dalam klasifikasi daerah,area,urban,,,id_34_pre_split,bps_household_internet
ID-0000558,15,Jambi,provinsi,2023,Kesenjangan gender,internet_access_pct,Akses internet penduduk usia 5 tahun ke atas menurut gender,64.31,% penduduk dalam kelompok,sex,female,,,id_34_pre_split,bps_internet_gender_history_province_2018_2024
ID-0000559,15,Jambi,provinsi,2023,Kesenjangan gender,internet_access_pct,Akses internet penduduk usia 5 tahun ke atas menurut gender,71.85,% penduduk dalam kelompok,sex,male,,,id_34_pre_split,bps_internet_gender_history_province_2018_2024
ID-0000560,15,Jambi,provinsi,2023,Komponen pembangunan TIK,fixed_broadband_norm,"Broadband tetap per 100 penduduk, ternormalisasi",0.44,poin 0–10,,,,,id_34_papua_aggregated_2023_2024,bps_iptik_normalized_components_province_2023_2024
ID-0000561,15,Jambi,provinsi,2023,Komponen pembangunan TIK,fixed_telephone_norm,"Telepon tetap per 100 penduduk, ternormalisasi",1.69,poin 0–10,,,,,id_34_papua_aggregated_2023_2024,bps_iptik_normalized_components_province_2023_2024
ID-0000562,15,Jambi,provinsi,2023,Komponen pembangunan TIK,household_computer_norm,"Rumah tangga dengan komputer, ternormalisasi",1.78,poin 0–10,,,,,id_34_papua_aggregated_2023_2024,bps_iptik_normalized_components_province_2023_2024
ID-0000563,15,Jambi,provinsi,2023,Komponen pembangunan TIK,household_internet_norm,"Rumah tangga dengan internet, ternormalisasi",8.95,poin 0–10,,,,,id_34_papua_aggregated_2023_2024,bps_iptik_normalized_components_province_2023_2024
ID-0000564,15,Jambi,provinsi,2023,Komponen pembangunan TIK,individual_internet_norm,"Individu pengguna internet, ternormalisasi",6.81,poin 0–10,,,,,id_34_papua_aggregated_2023_2024,bps_iptik_normalized_components_province_2023_2024
ID-0000565,15,Jambi,provinsi,2023,Komponen pembangunan TIK,international_bandwidth_norm,"Bandwidth internet internasional per pengguna, ternormalisasi",7.99,poin 0–10,,,,,id_34_papua_aggregated_2023_2024,bps_iptik_normalized_components_province_2023_2024
ID-0000566,15,Jambi,provinsi,2023,Komponen pembangunan TIK,mean_years_school_norm,"Rata-rata lama sekolah, ternormalisasi",6.11,poin 0–10,,,,,id_34_papua_aggregated_2023_2024,bps_iptik_normalized_components_province_2023_2024
ID-0000567,15,Jambi,provinsi,2023,Komponen pembangunan TIK,mobile_broadband_norm,"Broadband seluler per 100 penduduk, ternormalisasi",10,poin 0–10,,,,,id_34_papua_aggregated_2023_2024,bps_iptik_normalized_components_province_2023_2024
ID-0000568,15,Jambi,provinsi,2023,Komponen pembangunan TIK,mobile_cellular_norm,"Telepon seluler per 100 penduduk, ternormalisasi",10,poin 0–10,,,,,id_34_papua_aggregated_2023_2024,bps_iptik_normalized_components_province_2023_2024
ID-0000569,15,Jambi,provinsi,2023,Komponen pembangunan TIK,secondary_enrolment_norm,"Partisipasi pendidikan sekunder, ternormalisasi",8.66,poin 0–10,,,,,id_34_papua_aggregated_2023_2024,bps_iptik_normalized_components_province_2023_2024
ID-0000570,15,Jambi,provinsi,2023,Komponen pembangunan TIK,tertiary_enrolment_norm,"Partisipasi pendidikan tinggi, ternormalisasi",3.07,poin 0–10,,,,,id_34_papua_aggregated_2023_2024,bps_iptik_normalized_components_province_2023_2024
ID-0000571,15,Jambi,provinsi,2023,Pembangunan TIK,access_infrastructure_subindex,Subindeks akses dan infrastruktur TIK,6.08,poin 0–10,,,,,id_34_papua_aggregated_2023_2024,bps_iptik_province_2023_2024
ID-0000572,15,Jambi,provinsi,2023,Pembangunan TIK,ict_development_index,Indeks Pembangunan TIK,5.92,poin 0–10,,,,,id_34_papua_aggregated_2023_2024,bps_iptik_province_2023_2024
ID-0000573,15,Jambi,provinsi,2023,Pembangunan TIK,skills_proxy_subindex,Subindeks proksi keahlian TIK,5.95,poin 0–10,,,,,id_34_papua_aggregated_2023_2024,bps_iptik_province_2023_2024
ID-0000574,15,Jambi,provinsi,2023,Pembangunan TIK,use_subindex,Subindeks penggunaan TIK,5.75,poin 0–10,,,,,id_34_papua_aggregated_2023_2024,bps_iptik_province_2023_2024
ID-0000575,15,Jambi,provinsi,2024,Akses internet,internet_access_pct,Akses internet penduduk usia 5 tahun ke atas,68.55,% penduduk dalam kelompok,area,rural,,,id_38_2024,bps_internet_access_history_province_2017_2024
ID-0000576,15,Jambi,provinsi,2024,Akses internet,internet_access_pct,Akses internet penduduk usia 5 tahun ke atas,71.76,% penduduk dalam kelompok,area,total,,,id_38_2024,bps_internet_access_history_province_2017_2024
ID-0000577,15,Jambi,provinsi,2024,Akses internet,internet_access_pct,Akses internet penduduk usia 5 tahun ke atas,78.17,% penduduk dalam kelompok,area,urban,,,id_38_2024,bps_internet_access_history_province_2017_2024
ID-0000578,15,Jambi,provinsi,2024,Akses rumah tangga,household_internet_pct,Rumah tangga dengan akses internet,89.41,% rumah tangga dalam klasifikasi daerah,area,rural,,,id_38_2024,bps_household_internet
ID-0000579,15,Jambi,provinsi,2024,Akses rumah tangga,household_internet_pct,Rumah tangga dengan akses internet,90.59,% rumah tangga dalam klasifikasi daerah,area,total,,,id_38_2024,bps_household_internet
ID-0000580,15,Jambi,provinsi,2024,Akses rumah tangga,household_internet_pct,Rumah tangga dengan akses internet,93.01,% rumah tangga dalam klasifikasi daerah,area,urban,,,id_38_2024,bps_household_internet
ID-0000581,15,Jambi,provinsi,2024,Kesenjangan gender,internet_access_pct,Akses internet penduduk usia 5 tahun ke atas menurut gender,68.43,% penduduk dalam kelompok,sex,female,,,id_38_2024,bps_internet_gender_history_province_2018_2024
ID-0000582,15,Jambi,provinsi,2024,Kesenjangan gender,internet_access_pct,Akses internet penduduk usia 5 tahun ke atas menurut gender,75.03,% penduduk dalam kelompok,sex,male,,,id_38_2024,bps_internet_gender_history_province_2018_2024
ID-0000583,15,Jambi,provinsi,2024,Komponen pembangunan TIK,fixed_broadband_norm,"Broadband tetap per 100 penduduk, ternormalisasi",0.6,poin 0–10,,,,,id_34_papua_aggregated_2023_2024,bps_iptik_normalized_components_province_2023_2024
ID-0000584,15,Jambi,provinsi,2024,Komponen pembangunan TIK,fixed_telephone_norm,"Telepon tetap per 100 penduduk, ternormalisasi",1.5,poin 0–10,,,,,id_34_papua_aggregated_2023_2024,bps_iptik_normalized_components_province_2023_2024
ID-0000585,15,Jambi,provinsi,2024,Komponen pembangunan TIK,household_computer_norm,"Rumah tangga dengan komputer, ternormalisasi",1.76,poin 0–10,,,,,id_34_papua_aggregated_2023_2024,bps_iptik_normalized_components_province_2023_2024
ID-0000586,15,Jambi,provinsi,2024,Komponen pembangunan TIK,household_internet_norm,"Rumah tangga dengan internet, ternormalisasi",9.06,poin 0–10,,,,,id_34_papua_aggregated_2023_2024,bps_iptik_normalized_components_province_2023_2024
ID-0000587,15,Jambi,provinsi,2024,Komponen pembangunan TIK,individual_internet_norm,"Individu pengguna internet, ternormalisasi",7.18,poin 0–10,,,,,id_34_papua_aggregated_2023_2024,bps_iptik_normalized_components_province_2023_2024
ID-0000588,15,Jambi,provinsi,2024,Komponen pembangunan TIK,international_bandwidth_norm,"Bandwidth internet internasional per pengguna, ternormalisasi",8.43,poin 0–10,,,,,id_34_papua_aggregated_2023_2024,bps_iptik_normalized_components_province_2023_2024
ID-0000589,15,Jambi,provinsi,2024,Komponen pembangunan TIK,mean_years_school_norm,"Rata-rata lama sekolah, ternormalisasi",6.17,poin 0–10,,,,,id_34_papua_aggregated_2023_2024,bps_iptik_normalized_components_province_2023_2024
ID-0000590,15,Jambi,provinsi,2024,Komponen pembangunan TIK,mobile_broadband_norm,"Broadband seluler per 100 penduduk, ternormalisasi",10,poin 0–10,,,,,id_34_papua_aggregated_2023_2024,bps_iptik_normalized_components_province_2023_2024
ID-0000591,15,Jambi,provinsi,2024,Komponen pembangunan TIK,mobile_cellular_norm,"Telepon seluler per 100 penduduk, ternormalisasi",10,poin 0–10,,,,,id_34_papua_aggregated_2023_2024,bps_iptik_normalized_components_province_2023_2024
ID-0000592,15,Jambi,provinsi,2024,Komponen pembangunan TIK,secondary_enrolment_norm,"Partisipasi pendidikan sekunder, ternormalisasi",8.76,poin 0–10,,,,,id_34_papua_aggregated_2023_2024,bps_iptik_normalized_components_province_2023_2024
ID-0000593,15,Jambi,provinsi,2024,Komponen pembangunan TIK,tertiary_enrolment_norm,"Partisipasi pendidikan tinggi, ternormalisasi",3.09,poin 0–10,,,,,id_34_papua_aggregated_2023_2024,bps_iptik_normalized_components_province_2023_2024
ID-0000594,15,Jambi,provinsi,2024,Pemanfaatan internet,percentage_users,Tujuan penggunaan internet,14.85,% pengguna internet,area,rural,category,buy_goods_services,id_38_2024,bps_internet_purpose
ID-0000595,15,Jambi,provinsi,2024,Pemanfaatan internet,percentage_users,Tujuan penggunaan internet,12.3,% pengguna internet,area,rural,category,digital_content_creation,id_38_2024,bps_internet_purpose
ID-0000596,15,Jambi,provinsi,2024,Pemanfaatan internet,percentage_users,Tujuan penggunaan internet,6.43,% pengguna internet,area,rural,category,email,id_38_2024,bps_internet_purpose
ID-0000597,15,Jambi,provinsi,2024,Pemanfaatan internet,percentage_users,Tujuan penggunaan internet,84.7,% pengguna internet,area,rural,category,entertainment,id_38_2024,bps_internet_purpose
ID-0000598,15,Jambi,provinsi,2024,Pemanfaatan internet,percentage_users,Tujuan penggunaan internet,4.6,% pengguna internet,area,rural,category,financial_services,id_38_2024,bps_internet_purpose
ID-0000599,15,Jambi,provinsi,2024,Pemanfaatan internet,percentage_users,Tujuan penggunaan internet,21.68,% pengguna internet,area,rural,category,goods_services_information,id_38_2024,bps_internet_purpose
ID-0000600,15,Jambi,provinsi,2024,Pemanfaatan internet,percentage_users,Tujuan penggunaan internet,73.43,% pengguna internet,area,rural,category,news_information,id_38_2024,bps_internet_purpose
ID-0000601,15,Jambi,provinsi,2024,Pemanfaatan internet,percentage_users,Tujuan penggunaan internet,8.01,% pengguna internet,area,rural,category,online_learning,id_38_2024,bps_internet_purpose
ID-0000602,15,Jambi,provinsi,2024,Pemanfaatan internet,percentage_users,Tujuan penggunaan internet,6.05,% pengguna internet,area,rural,category,other,id_38_2024,bps_internet_purpose
ID-0000603,15,Jambi,provinsi,2024,Pemanfaatan internet,percentage_users,Tujuan penggunaan internet,2.97,% pengguna internet,area,rural,category,sell_goods_services,id_38_2024,bps_internet_purpose
ID-0000604,15,Jambi,provinsi,2024,Pemanfaatan internet,percentage_users,Tujuan penggunaan internet,74.82,% pengguna internet,area,rural,category,social_media,id_38_2024,bps_internet_purpose
ID-0000605,15,Jambi,provinsi,2024,Pemanfaatan internet,percentage_users,Tujuan penggunaan internet,0.93,% pengguna internet,area,rural,category,work_from_home,id_38_2024,bps_internet_purpose
ID-0000606,15,Jambi,provinsi,2024,Pemanfaatan internet,percentage_users,Tujuan penggunaan internet,18.52,% pengguna internet,area,total,category,buy_goods_services,id_38_2024,bps_internet_purpose
ID-0000607,15,Jambi,provinsi,2024,Pemanfaatan internet,percentage_users,Tujuan penggunaan internet,10.6,% pengguna internet,area,total,category,digital_content_creation,id_38_2024,bps_internet_purpose
ID-0000608,15,Jambi,provinsi,2024,Pemanfaatan internet,percentage_users,Tujuan penggunaan internet,10.02,% pengguna internet,area,total,category,email,id_38_2024,bps_internet_purpose
ID-0000609,15,Jambi,provinsi,2024,Pemanfaatan internet,percentage_users,Tujuan penggunaan internet,86.56,% pengguna internet,area,total,category,entertainment,id_38_2024,bps_internet_purpose
ID-0000610,15,Jambi,provinsi,2024,Pemanfaatan internet,percentage_users,Tujuan penggunaan internet,8.71,% pengguna internet,area,total,category,financial_services,id_38_2024,bps_internet_purpose
ID-0000611,15,Jambi,provinsi,2024,Pemanfaatan internet,percentage_users,Tujuan penggunaan internet,24.87,% pengguna internet,area,total,category,goods_services_information,id_38_2024,bps_internet_purpose
ID-0000612,15,Jambi,provinsi,2024,Pemanfaatan internet,percentage_users,Tujuan penggunaan internet,75.89,% pengguna internet,area,total,category,news_information,id_38_2024,bps_internet_purpose
ID-0000613,15,Jambi,provinsi,2024,Pemanfaatan internet,percentage_users,Tujuan penggunaan internet,9.46,% pengguna internet,area,total,category,online_learning,id_38_2024,bps_internet_purpose
ID-0000614,15,Jambi,provinsi,2024,Pemanfaatan internet,percentage_users,Tujuan penggunaan internet,6.2,% pengguna internet,area,total,category,other,id_38_2024,bps_internet_purpose
ID-0000615,15,Jambi,provinsi,2024,Pemanfaatan internet,percentage_users,Tujuan penggunaan internet,4.46,% pengguna internet,area,total,category,sell_goods_services,id_38_2024,bps_internet_purpose
ID-0000616,15,Jambi,provinsi,2024,Pemanfaatan internet,percentage_users,Tujuan penggunaan internet,76.34,% pengguna internet,area,total,category,social_media,id_38_2024,bps_internet_purpose
ID-0000617,15,Jambi,provinsi,2024,Pemanfaatan internet,percentage_users,Tujuan penggunaan internet,1.28,% pengguna internet,area,total,category,work_from_home,id_38_2024,bps_internet_purpose
ID-0000618,15,Jambi,provinsi,2024,Pemanfaatan internet,percentage_users,Tujuan penggunaan internet,24.92,% pengguna internet,area,urban,category,buy_goods_services,id_38_2024,bps_internet_purpose
ID-0000619,15,Jambi,provinsi,2024,Pemanfaatan internet,percentage_users,Tujuan penggunaan internet,7.62,% pengguna internet,area,urban,category,digital_content_creation,id_38_2024,bps_internet_purpose
ID-0000620,15,Jambi,provinsi,2024,Pemanfaatan internet,percentage_users,Tujuan penggunaan internet,16.28,% pengguna internet,area,urban,category,email,id_38_2024,bps_internet_purpose
ID-0000621,15,Jambi,provinsi,2024,Pemanfaatan internet,percentage_users,Tujuan penggunaan internet,89.79,% pengguna internet,area,urban,category,entertainment,id_38_2024,bps_internet_purpose
ID-0000622,15,Jambi,provinsi,2024,Pemanfaatan internet,percentage_users,Tujuan penggunaan internet,15.88,% pengguna internet,area,urban,category,financial_services,id_38_2024,bps_internet_purpose
ID-0000623,15,Jambi,provinsi,2024,Pemanfaatan internet,percentage_users,Tujuan penggunaan internet,30.44,% pengguna internet,area,urban,category,goods_services_information,id_38_2024,bps_internet_purpose
ID-0000624,15,Jambi,provinsi,2024,Pemanfaatan internet,percentage_users,Tujuan penggunaan internet,80.19,% pengguna internet,area,urban,category,news_information,id_38_2024,bps_internet_purpose
ID-0000625,15,Jambi,provinsi,2024,Pemanfaatan internet,percentage_users,Tujuan penggunaan internet,11.99,% pengguna internet,area,urban,category,online_learning,id_38_2024,bps_internet_purpose
ID-0000626,15,Jambi,provinsi,2024,Pemanfaatan internet,percentage_users,Tujuan penggunaan internet,6.47,% pengguna internet,area,urban,category,other,id_38_2024,bps_internet_purpose
ID-0000627,15,Jambi,provinsi,2024,Pemanfaatan internet,percentage_users,Tujuan penggunaan internet,7.06,% pengguna internet,area,urban,category,sell_goods_services,id_38_2024,bps_internet_purpose
ID-0000628,15,Jambi,provinsi,2024,Pemanfaatan internet,percentage_users,Tujuan penggunaan internet,79,% pengguna internet,area,urban,category,social_media,id_38_2024,bps_internet_purpose
ID-0000629,15,Jambi,provinsi,2024,Pemanfaatan internet,percentage_users,Tujuan penggunaan internet,1.88,% pengguna internet,area,urban,category,work_from_home,id_38_2024,bps_internet_purpose
ID-0000630,15,Jambi,provinsi,2024,Pembangunan TIK,access_infrastructure_subindex,Subindeks akses dan infrastruktur TIK,6.15,poin 0–10,,,,,id_34_papua_aggregated_2023_2024,bps_iptik_province_2023_2024
ID-0000631,15,Jambi,provinsi,2024,Pembangunan TIK,ict_development_index,Indeks Pembangunan TIK,6.03,poin 0–10,,,,,id_34_papua_aggregated_2023_2024,bps_iptik_province_2023_2024
ID-0000632,15,Jambi,provinsi,2024,Pembangunan TIK,skills_proxy_subindex,Subindeks proksi keahlian TIK,6.01,poin 0–10,,,,,id_34_papua_aggregated_2023_2024,bps_iptik_province_2023_2024
ID-0000633,15,Jambi,provinsi,2024,Pembangunan TIK,use_subindex,Subindeks penggunaan TIK,5.93,poin 0–10,,,,,id_34_papua_aggregated_2023_2024,bps_iptik_province_2023_2024
ID-0000634,15,Jambi,provinsi,2024,Perangkat akses,percentage_users,Perangkat yang digunakan untuk mengakses internet,0.95,% pengguna internet,area,rural,category,desktop,id_38_2024,bps_access_device
ID-0000635,15,Jambi,provinsi,2024,Perangkat akses,percentage_users,Perangkat yang digunakan untuk mengakses internet,4.21,% pengguna internet,area,rural,category,laptop_tablet,id_38_2024,bps_access_device
ID-0000636,15,Jambi,provinsi,2024,Perangkat akses,percentage_users,Perangkat yang digunakan untuk mengakses internet,99.26,% pengguna internet,area,rural,category,mobile,id_38_2024,bps_access_device
ID-0000637,15,Jambi,provinsi,2024,Perangkat akses,percentage_users,Perangkat yang digunakan untuk mengakses internet,0.22,% pengguna internet,area,rural,category,other,id_38_2024,bps_access_device
ID-0000638,15,Jambi,provinsi,2024,Perangkat akses,percentage_users,Perangkat yang digunakan untuk mengakses internet,1.92,% pengguna internet,area,total,category,desktop,id_38_2024,bps_access_device
ID-0000639,15,Jambi,provinsi,2024,Perangkat akses,percentage_users,Perangkat yang digunakan untuk mengakses internet,8.01,% pengguna internet,area,total,category,laptop_tablet,id_38_2024,bps_access_device
ID-0000640,15,Jambi,provinsi,2024,Perangkat akses,percentage_users,Perangkat yang digunakan untuk mengakses internet,99.16,% pengguna internet,area,total,category,mobile,id_38_2024,bps_access_device
ID-0000641,15,Jambi,provinsi,2024,Perangkat akses,percentage_users,Perangkat yang digunakan untuk mengakses internet,0.34,% pengguna internet,area,total,category,other,id_38_2024,bps_access_device
ID-0000642,15,Jambi,provinsi,2024,Perangkat akses,percentage_users,Perangkat yang digunakan untuk mengakses internet,3.61,% pengguna internet,area,urban,category,desktop,id_38_2024,bps_access_device
ID-0000643,15,Jambi,provinsi,2024,Perangkat akses,percentage_users,Perangkat yang digunakan untuk mengakses internet,14.64,% pengguna internet,area,urban,category,laptop_tablet,id_38_2024,bps_access_device
ID-0000644,15,Jambi,provinsi,2024,Perangkat akses,percentage_users,Perangkat yang digunakan untuk mengakses internet,98.99,% pengguna internet,area,urban,category,mobile,id_38_2024,bps_access_device
ID-0000645,15,Jambi,provinsi,2024,Perangkat akses,percentage_users,Perangkat yang digunakan untuk mengakses internet,0.56,% pengguna internet,area,urban,category,other,id_38_2024,bps_access_device
ID-0000646,16,Sumatera Selatan,provinsi,2017,Akses internet,internet_access_pct,Akses internet penduduk usia 5 tahun ke atas,16.72,% penduduk dalam kelompok,area,rural,,,id_34_pre_split,bps_internet_access_history_province_2017_2024
ID-0000647,16,Sumatera Selatan,provinsi,2017,Akses internet,internet_access_pct,Akses internet penduduk usia 5 tahun ke atas,25.65,% penduduk dalam kelompok,area,total,,,id_34_pre_split,bps_internet_access_history_province_2017_2024
ID-0000648,16,Sumatera Selatan,provinsi,2017,Akses internet,internet_access_pct,Akses internet penduduk usia 5 tahun ke atas,41.09,% penduduk dalam kelompok,area,urban,,,id_34_pre_split,bps_internet_access_history_province_2017_2024
ID-0000649,16,Sumatera Selatan,provinsi,2018,Akses internet,internet_access_pct,Akses internet penduduk usia 5 tahun ke atas,24.6,% penduduk dalam kelompok,area,rural,,,id_34_pre_split,bps_internet_access_history_province_2017_2024
ID-0000650,16,Sumatera Selatan,provinsi,2018,Akses internet,internet_access_pct,Akses internet penduduk usia 5 tahun ke atas,33.35,% penduduk dalam kelompok,area,total,,,id_34_pre_split,bps_internet_access_history_province_2017_2024
ID-0000651,16,Sumatera Selatan,provinsi,2018,Akses internet,internet_access_pct,Akses internet penduduk usia 5 tahun ke atas,48.02,% penduduk dalam kelompok,area,urban,,,id_34_pre_split,bps_internet_access_history_province_2017_2024
ID-0000652,16,Sumatera Selatan,provinsi,2018,Kesenjangan gender,internet_access_pct,Akses internet penduduk usia 5 tahun ke atas menurut gender,31.58,% penduduk dalam kelompok,sex,female,,,id_34_pre_split,bps_internet_gender_history_province_2018_2024
ID-0000653,16,Sumatera Selatan,provinsi,2018,Kesenjangan gender,internet_access_pct,Akses internet penduduk usia 5 tahun ke atas menurut gender,35.06,% penduduk dalam kelompok,sex,male,,,id_34_pre_split,bps_internet_gender_history_province_2018_2024
ID-0000654,16,Sumatera Selatan,provinsi,2019,Akses internet,internet_access_pct,Akses internet penduduk usia 5 tahun ke atas,29.36,% penduduk dalam kelompok,area,rural,,,id_34_pre_split,bps_internet_access_history_province_2017_2024
ID-0000655,16,Sumatera Selatan,provinsi,2019,Akses internet,internet_access_pct,Akses internet penduduk usia 5 tahun ke atas,38.14,% penduduk dalam kelompok,area,total,,,id_34_pre_split,bps_internet_access_history_province_2017_2024
ID-0000656,16,Sumatera Selatan,provinsi,2019,Akses internet,internet_access_pct,Akses internet penduduk usia 5 tahun ke atas,52.83,% penduduk dalam kelompok,area,urban,,,id_34_pre_split,bps_internet_access_history_province_2017_2024
ID-0000657,16,Sumatera Selatan,provinsi,2019,Kesenjangan gender,internet_access_pct,Akses internet penduduk usia 5 tahun ke atas menurut gender,35.05,% penduduk dalam kelompok,sex,female,,,id_34_pre_split,bps_internet_gender_history_province_2018_2024
ID-0000658,16,Sumatera Selatan,provinsi,2019,Kesenjangan gender,internet_access_pct,Akses internet penduduk usia 5 tahun ke atas menurut gender,41.16,% penduduk dalam kelompok,sex,male,,,id_34_pre_split,bps_internet_gender_history_province_2018_2024
ID-0000659,16,Sumatera Selatan,provinsi,2020,Akses internet,internet_access_pct,Akses internet penduduk usia 5 tahun ke atas,36.86,% penduduk dalam kelompok,area,rural,,,id_34_pre_split,bps_internet_access_history_province_2017_2024
ID-0000660,16,Sumatera Selatan,provinsi,2020,Akses internet,internet_access_pct,Akses internet penduduk usia 5 tahun ke atas,46,% penduduk dalam kelompok,area,total,,,id_34_pre_split,bps_internet_access_history_province_2017_2024
ID-0000661,16,Sumatera Selatan,provinsi,2020,Akses internet,internet_access_pct,Akses internet penduduk usia 5 tahun ke atas,61.29,% penduduk dalam kelompok,area,urban,,,id_34_pre_split,bps_internet_access_history_province_2017_2024
ID-0000662,16,Sumatera Selatan,provinsi,2020,Kesenjangan gender,internet_access_pct,Akses internet penduduk usia 5 tahun ke atas menurut gender,43.39,% penduduk dalam kelompok,sex,female,,,id_34_pre_split,bps_internet_gender_history_province_2018_2024
ID-0000663,16,Sumatera Selatan,provinsi,2020,Kesenjangan gender,internet_access_pct,Akses internet penduduk usia 5 tahun ke atas menurut gender,48.53,% penduduk dalam kelompok,sex,male,,,id_34_pre_split,bps_internet_gender_history_province_2018_2024
ID-0000664,16,Sumatera Selatan,provinsi,2021,Akses internet,internet_access_pct,Akses internet penduduk usia 5 tahun ke atas,47.67,% penduduk dalam kelompok,area,rural,,,id_34_pre_split,bps_internet_access_history_province_2017_2024
ID-0000665,16,Sumatera Selatan,provinsi,2021,Akses internet,internet_access_pct,Akses internet penduduk usia 5 tahun ke atas,56.89,% penduduk dalam kelompok,area,total,,,id_34_pre_split,bps_internet_access_history_province_2017_2024
ID-0000666,16,Sumatera Selatan,provinsi,2021,Akses internet,internet_access_pct,Akses internet penduduk usia 5 tahun ke atas,72.17,% penduduk dalam kelompok,area,urban,,,id_34_pre_split,bps_internet_access_history_province_2017_2024
ID-0000667,16,Sumatera Selatan,provinsi,2021,Akses rumah tangga,household_internet_pct,Rumah tangga dengan akses internet,75.08,% rumah tangga dalam klasifikasi daerah,area,rural,,,id_34_pre_split,bps_household_internet
ID-0000668,16,Sumatera Selatan,provinsi,2021,Akses rumah tangga,household_internet_pct,Rumah tangga dengan akses internet,80.95,% rumah tangga dalam klasifikasi daerah,area,total,,,id_34_pre_split,bps_household_internet
ID-0000669,16,Sumatera Selatan,provinsi,2021,Akses rumah tangga,household_internet_pct,Rumah tangga dengan akses internet,91.39,% rumah tangga dalam klasifikasi daerah,area,urban,,,id_34_pre_split,bps_household_internet
ID-0000670,16,Sumatera Selatan,provinsi,2021,Kesenjangan gender,internet_access_pct,Akses internet penduduk usia 5 tahun ke atas menurut gender,54.25,% penduduk dalam kelompok,sex,female,,,id_34_pre_split,bps_internet_gender_history_province_2018_2024
ID-0000671,16,Sumatera Selatan,provinsi,2021,Kesenjangan gender,internet_access_pct,Akses internet penduduk usia 5 tahun ke atas menurut gender,59.48,% penduduk dalam kelompok,sex,male,,,id_34_pre_split,bps_internet_gender_history_province_2018_2024
ID-0000672,16,Sumatera Selatan,provinsi,2021,Literasi digital,digital_literacy_index,Indeks Literasi Digital Kominfo,3.44,poin 1–5,,,,,id_34_pre_split,kominfo_digital_literacy_province_2021
ID-0000673,16,Sumatera Selatan,provinsi,2022,Akses internet,internet_access_pct,Akses internet penduduk usia 5 tahun ke atas,56.84,% penduduk dalam kelompok,area,rural,,,id_34_pre_split,bps_internet_access_history_province_2017_2024
ID-0000674,16,Sumatera Selatan,provinsi,2022,Akses internet,internet_access_pct,Akses internet penduduk usia 5 tahun ke atas,62.57,% penduduk dalam kelompok,area,total,,,id_34_pre_split,bps_internet_access_history_province_2017_2024
ID-0000675,16,Sumatera Selatan,provinsi,2022,Akses internet,internet_access_pct,Akses internet penduduk usia 5 tahun ke atas,73.29,% penduduk dalam kelompok,area,urban,,,id_34_pre_split,bps_internet_access_history_province_2017_2024
ID-0000676,16,Sumatera Selatan,provinsi,2022,Akses rumah tangga,household_internet_pct,Rumah tangga dengan akses internet,82.37,% rumah tangga dalam klasifikasi daerah,area,rural,,,id_34_pre_split,bps_household_internet
ID-0000677,16,Sumatera Selatan,provinsi,2022,Akses rumah tangga,household_internet_pct,Rumah tangga dengan akses internet,85.79,% rumah tangga dalam klasifikasi daerah,area,total,,,id_34_pre_split,bps_household_internet
ID-0000678,16,Sumatera Selatan,provinsi,2022,Akses rumah tangga,household_internet_pct,Rumah tangga dengan akses internet,91.85,% rumah tangga dalam klasifikasi daerah,area,urban,,,id_34_pre_split,bps_household_internet
ID-0000679,16,Sumatera Selatan,provinsi,2022,Kesenjangan gender,internet_access_pct,Akses internet penduduk usia 5 tahun ke atas menurut gender,59.18,% penduduk dalam kelompok,sex,female,,,id_34_pre_split,bps_internet_gender_history_province_2018_2024
ID-0000680,16,Sumatera Selatan,provinsi,2022,Kesenjangan gender,internet_access_pct,Akses internet penduduk usia 5 tahun ke atas menurut gender,65.85,% penduduk dalam kelompok,sex,male,,,id_34_pre_split,bps_internet_gender_history_province_2018_2024
ID-0000681,16,Sumatera Selatan,provinsi,2023,Akses internet,internet_access_pct,Akses internet penduduk usia 5 tahun ke atas,59.79,% penduduk dalam kelompok,area,rural,,,id_34_pre_split,bps_internet_access_history_province_2017_2024
ID-0000682,16,Sumatera Selatan,provinsi,2023,Akses internet,internet_access_pct,Akses internet penduduk usia 5 tahun ke atas,66.66,% penduduk dalam kelompok,area,total,,,id_34_pre_split,bps_internet_access_history_province_2017_2024
ID-0000683,16,Sumatera Selatan,provinsi,2023,Akses internet,internet_access_pct,Akses internet penduduk usia 5 tahun ke atas,77.89,% penduduk dalam kelompok,area,urban,,,id_34_pre_split,bps_internet_access_history_province_2017_2024
ID-0000684,16,Sumatera Selatan,provinsi,2023,Akses rumah tangga,household_internet_pct,Rumah tangga dengan akses internet,87.45,% rumah tangga dalam klasifikasi daerah,area,rural,,,id_34_pre_split,bps_household_internet
ID-0000685,16,Sumatera Selatan,provinsi,2023,Akses rumah tangga,household_internet_pct,Rumah tangga dengan akses internet,89.91,% rumah tangga dalam klasifikasi daerah,area,total,,,id_34_pre_split,bps_household_internet
ID-0000686,16,Sumatera Selatan,provinsi,2023,Akses rumah tangga,household_internet_pct,Rumah tangga dengan akses internet,94.08,% rumah tangga dalam klasifikasi daerah,area,urban,,,id_34_pre_split,bps_household_internet
ID-0000687,16,Sumatera Selatan,provinsi,2023,Kesenjangan gender,internet_access_pct,Akses internet penduduk usia 5 tahun ke atas menurut gender,63.86,% penduduk dalam kelompok,sex,female,,,id_34_pre_split,bps_internet_gender_history_province_2018_2024
ID-0000688,16,Sumatera Selatan,provinsi,2023,Kesenjangan gender,internet_access_pct,Akses internet penduduk usia 5 tahun ke atas menurut gender,69.39,% penduduk dalam kelompok,sex,male,,,id_34_pre_split,bps_internet_gender_history_province_2018_2024
ID-0000689,16,Sumatera Selatan,provinsi,2023,Komponen pembangunan TIK,fixed_broadband_norm,"Broadband tetap per 100 penduduk, ternormalisasi",0.54,poin 0–10,,,,,id_34_papua_aggregated_2023_2024,bps_iptik_normalized_components_province_2023_2024
ID-0000690,16,Sumatera Selatan,provinsi,2023,Komponen pembangunan TIK,fixed_telephone_norm,"Telepon tetap per 100 penduduk, ternormalisasi",2.07,poin 0–10,,,,,id_34_papua_aggregated_2023_2024,bps_iptik_normalized_components_province_2023_2024
ID-0000691,16,Sumatera Selatan,provinsi,2023,Komponen pembangunan TIK,household_computer_norm,"Rumah tangga dengan komputer, ternormalisasi",1.48,poin 0–10,,,,,id_34_papua_aggregated_2023_2024,bps_iptik_normalized_components_province_2023_2024
ID-0000692,16,Sumatera Selatan,provinsi,2023,Komponen pembangunan TIK,household_internet_norm,"Rumah tangga dengan internet, ternormalisasi",8.99,poin 0–10,,,,,id_34_papua_aggregated_2023_2024,bps_iptik_normalized_components_province_2023_2024
ID-0000693,16,Sumatera Selatan,provinsi,2023,Komponen pembangunan TIK,individual_internet_norm,"Individu pengguna internet, ternormalisasi",6.67,poin 0–10,,,,,id_34_papua_aggregated_2023_2024,bps_iptik_normalized_components_province_2023_2024
ID-0000694,16,Sumatera Selatan,provinsi,2023,Komponen pembangunan TIK,international_bandwidth_norm,"Bandwidth internet internasional per pengguna, ternormalisasi",8.01,poin 0–10,,,,,id_34_papua_aggregated_2023_2024,bps_iptik_normalized_components_province_2023_2024
ID-0000695,16,Sumatera Selatan,provinsi,2023,Komponen pembangunan TIK,mean_years_school_norm,"Rata-rata lama sekolah, ternormalisasi",5.93,poin 0–10,,,,,id_34_papua_aggregated_2023_2024,bps_iptik_normalized_components_province_2023_2024
ID-0000696,16,Sumatera Selatan,provinsi,2023,Komponen pembangunan TIK,mobile_broadband_norm,"Broadband seluler per 100 penduduk, ternormalisasi",10,poin 0–10,,,,,id_34_papua_aggregated_2023_2024,bps_iptik_normalized_components_province_2023_2024
ID-0000697,16,Sumatera Selatan,provinsi,2023,Komponen pembangunan TIK,mobile_cellular_norm,"Telepon seluler per 100 penduduk, ternormalisasi",10,poin 0–10,,,,,id_34_papua_aggregated_2023_2024,bps_iptik_normalized_components_province_2023_2024
ID-0000698,16,Sumatera Selatan,provinsi,2023,Komponen pembangunan TIK,secondary_enrolment_norm,"Partisipasi pendidikan sekunder, ternormalisasi",8.61,poin 0–10,,,,,id_34_papua_aggregated_2023_2024,bps_iptik_normalized_components_province_2023_2024
ID-0000699,16,Sumatera Selatan,provinsi,2023,Komponen pembangunan TIK,tertiary_enrolment_norm,"Partisipasi pendidikan tinggi, ternormalisasi",2.65,poin 0–10,,,,,id_34_papua_aggregated_2023_2024,bps_iptik_normalized_components_province_2023_2024
ID-0000700,16,Sumatera Selatan,provinsi,2023,Pembangunan TIK,access_infrastructure_subindex,Subindeks akses dan infrastruktur TIK,6.11,poin 0–10,,,,,id_34_papua_aggregated_2023_2024,bps_iptik_province_2023_2024
ID-0000701,16,Sumatera Selatan,provinsi,2023,Pembangunan TIK,ict_development_index,Indeks Pembangunan TIK,5.88,poin 0–10,,,,,id_34_papua_aggregated_2023_2024,bps_iptik_province_2023_2024
ID-0000702,16,Sumatera Selatan,provinsi,2023,Pembangunan TIK,skills_proxy_subindex,Subindeks proksi keahlian TIK,5.73,poin 0–10,,,,,id_34_papua_aggregated_2023_2024,bps_iptik_province_2023_2024
ID-0000703,16,Sumatera Selatan,provinsi,2023,Pembangunan TIK,use_subindex,Subindeks penggunaan TIK,5.74,poin 0–10,,,,,id_34_papua_aggregated_2023_2024,bps_iptik_province_2023_2024
ID-0000704,16,Sumatera Selatan,provinsi,2024,Akses internet,internet_access_pct,Akses internet penduduk usia 5 tahun ke atas,64.5,% penduduk dalam kelompok,area,rural,,,id_38_2024,bps_internet_access_history_province_2017_2024
ID-0000705,16,Sumatera Selatan,provinsi,2024,Akses internet,internet_access_pct,Akses internet penduduk usia 5 tahun ke atas,70.54,% penduduk dalam kelompok,area,total,,,id_38_2024,bps_internet_access_history_province_2017_2024
ID-0000706,16,Sumatera Selatan,provinsi,2024,Akses internet,internet_access_pct,Akses internet penduduk usia 5 tahun ke atas,80.34,% penduduk dalam kelompok,area,urban,,,id_38_2024,bps_internet_access_history_province_2017_2024
ID-0000707,16,Sumatera Selatan,provinsi,2024,Akses rumah tangga,household_internet_pct,Rumah tangga dengan akses internet,88.72,% rumah tangga dalam klasifikasi daerah,area,rural,,,id_38_2024,bps_household_internet
ID-0000708,16,Sumatera Selatan,provinsi,2024,Akses rumah tangga,household_internet_pct,Rumah tangga dengan akses internet,90.94,% rumah tangga dalam klasifikasi daerah,area,total,,,id_38_2024,bps_household_internet
ID-0000709,16,Sumatera Selatan,provinsi,2024,Akses rumah tangga,household_internet_pct,Rumah tangga dengan akses internet,94.82,% rumah tangga dalam klasifikasi daerah,area,urban,,,id_38_2024,bps_household_internet
ID-0000710,16,Sumatera Selatan,provinsi,2024,Kesenjangan gender,internet_access_pct,Akses internet penduduk usia 5 tahun ke atas menurut gender,67.1,% penduduk dalam kelompok,sex,female,,,id_38_2024,bps_internet_gender_history_province_2018_2024
ID-0000711,16,Sumatera Selatan,provinsi,2024,Kesenjangan gender,internet_access_pct,Akses internet penduduk usia 5 tahun ke atas menurut gender,73.92,% penduduk dalam kelompok,sex,male,,,id_38_2024,bps_internet_gender_history_province_2018_2024
ID-0000712,16,Sumatera Selatan,provinsi,2024,Komponen pembangunan TIK,fixed_broadband_norm,"Broadband tetap per 100 penduduk, ternormalisasi",0.73,poin 0–10,,,,,id_34_papua_aggregated_2023_2024,bps_iptik_normalized_components_province_2023_2024
ID-0000713,16,Sumatera Selatan,provinsi,2024,Komponen pembangunan TIK,fixed_telephone_norm,"Telepon tetap per 100 penduduk, ternormalisasi",1.64,poin 0–10,,,,,id_34_papua_aggregated_2023_2024,bps_iptik_normalized_components_province_2023_2024
ID-0000714,16,Sumatera Selatan,provinsi,2024,Komponen pembangunan TIK,household_computer_norm,"Rumah tangga dengan komputer, ternormalisasi",1.49,poin 0–10,,,,,id_34_papua_aggregated_2023_2024,bps_iptik_normalized_components_province_2023_2024
ID-0000715,16,Sumatera Selatan,provinsi,2024,Komponen pembangunan TIK,household_internet_norm,"Rumah tangga dengan internet, ternormalisasi",9.09,poin 0–10,,,,,id_34_papua_aggregated_2023_2024,bps_iptik_normalized_components_province_2023_2024
ID-0000716,16,Sumatera Selatan,provinsi,2024,Komponen pembangunan TIK,individual_internet_norm,"Individu pengguna internet, ternormalisasi",7.05,poin 0–10,,,,,id_34_papua_aggregated_2023_2024,bps_iptik_normalized_components_province_2023_2024
ID-0000717,16,Sumatera Selatan,provinsi,2024,Komponen pembangunan TIK,international_bandwidth_norm,"Bandwidth internet internasional per pengguna, ternormalisasi",8.45,poin 0–10,,,,,id_34_papua_aggregated_2023_2024,bps_iptik_normalized_components_province_2023_2024
ID-0000718,16,Sumatera Selatan,provinsi,2024,Komponen pembangunan TIK,mean_years_school_norm,"Rata-rata lama sekolah, ternormalisasi",5.99,poin 0–10,,,,,id_34_papua_aggregated_2023_2024,bps_iptik_normalized_components_province_2023_2024
ID-0000719,16,Sumatera Selatan,provinsi,2024,Komponen pembangunan TIK,mobile_broadband_norm,"Broadband seluler per 100 penduduk, ternormalisasi",10,poin 0–10,,,,,id_34_papua_aggregated_2023_2024,bps_iptik_normalized_components_province_2023_2024
ID-0000720,16,Sumatera Selatan,provinsi,2024,Komponen pembangunan TIK,mobile_cellular_norm,"Telepon seluler per 100 penduduk, ternormalisasi",10,poin 0–10,,,,,id_34_papua_aggregated_2023_2024,bps_iptik_normalized_components_province_2023_2024
ID-0000721,16,Sumatera Selatan,provinsi,2024,Komponen pembangunan TIK,secondary_enrolment_norm,"Partisipasi pendidikan sekunder, ternormalisasi",8.53,poin 0–10,,,,,id_34_papua_aggregated_2023_2024,bps_iptik_normalized_components_province_2023_2024
ID-0000722,16,Sumatera Selatan,provinsi,2024,Komponen pembangunan TIK,tertiary_enrolment_norm,"Partisipasi pendidikan tinggi, ternormalisasi",2.59,poin 0–10,,,,,id_34_papua_aggregated_2023_2024,bps_iptik_normalized_components_province_2023_2024
ID-0000723,16,Sumatera Selatan,provinsi,2024,Pemanfaatan internet,percentage_users,Tujuan penggunaan internet,17.69,% pengguna internet,area,rural,category,buy_goods_services,id_38_2024,bps_internet_purpose
ID-0000724,16,Sumatera Selatan,provinsi,2024,Pemanfaatan internet,percentage_users,Tujuan penggunaan internet,6.12,% pengguna internet,area,rural,category,digital_content_creation,id_38_2024,bps_internet_purpose
ID-0000725,16,Sumatera Selatan,provinsi,2024,Pemanfaatan internet,percentage_users,Tujuan penggunaan internet,7.77,% pengguna internet,area,rural,category,email,id_38_2024,bps_internet_purpose
ID-0000726,16,Sumatera Selatan,provinsi,2024,Pemanfaatan internet,percentage_users,Tujuan penggunaan internet,83.99,% pengguna internet,area,rural,category,entertainment,id_38_2024,bps_internet_purpose
ID-0000727,16,Sumatera Selatan,provinsi,2024,Pemanfaatan internet,percentage_users,Tujuan penggunaan internet,4.27,% pengguna internet,area,rural,category,financial_services,id_38_2024,bps_internet_purpose
ID-0000728,16,Sumatera Selatan,provinsi,2024,Pemanfaatan internet,percentage_users,Tujuan penggunaan internet,22.23,% pengguna internet,area,rural,category,goods_services_information,id_38_2024,bps_internet_purpose
ID-0000729,16,Sumatera Selatan,provinsi,2024,Pemanfaatan internet,percentage_users,Tujuan penggunaan internet,71.96,% pengguna internet,area,rural,category,news_information,id_38_2024,bps_internet_purpose
ID-0000730,16,Sumatera Selatan,provinsi,2024,Pemanfaatan internet,percentage_users,Tujuan penggunaan internet,9.14,% pengguna internet,area,rural,category,online_learning,id_38_2024,bps_internet_purpose
ID-0000731,16,Sumatera Selatan,provinsi,2024,Pemanfaatan internet,percentage_users,Tujuan penggunaan internet,7.36,% pengguna internet,area,rural,category,other,id_38_2024,bps_internet_purpose
ID-0000732,16,Sumatera Selatan,provinsi,2024,Pemanfaatan internet,percentage_users,Tujuan penggunaan internet,3.04,% pengguna internet,area,rural,category,sell_goods_services,id_38_2024,bps_internet_purpose
ID-0000733,16,Sumatera Selatan,provinsi,2024,Pemanfaatan internet,percentage_users,Tujuan penggunaan internet,77.3,% pengguna internet,area,rural,category,social_media,id_38_2024,bps_internet_purpose
ID-0000734,16,Sumatera Selatan,provinsi,2024,Pemanfaatan internet,percentage_users,Tujuan penggunaan internet,0.7,% pengguna internet,area,rural,category,work_from_home,id_38_2024,bps_internet_purpose
ID-0000735,16,Sumatera Selatan,provinsi,2024,Pemanfaatan internet,percentage_users,Tujuan penggunaan internet,21.16,% pengguna internet,area,total,category,buy_goods_services,id_38_2024,bps_internet_purpose
ID-0000736,16,Sumatera Selatan,provinsi,2024,Pemanfaatan internet,percentage_users,Tujuan penggunaan internet,10.98,% pengguna internet,area,total,category,digital_content_creation,id_38_2024,bps_internet_purpose
ID-0000737,16,Sumatera Selatan,provinsi,2024,Pemanfaatan internet,percentage_users,Tujuan penggunaan internet,10.22,% pengguna internet,area,total,category,email,id_38_2024,bps_internet_purpose
ID-0000738,16,Sumatera Selatan,provinsi,2024,Pemanfaatan internet,percentage_users,Tujuan penggunaan internet,86.08,% pengguna internet,area,total,category,entertainment,id_38_2024,bps_internet_purpose
ID-0000739,16,Sumatera Selatan,provinsi,2024,Pemanfaatan internet,percentage_users,Tujuan penggunaan internet,7.26,% pengguna internet,area,total,category,financial_services,id_38_2024,bps_internet_purpose
ID-0000740,16,Sumatera Selatan,provinsi,2024,Pemanfaatan internet,percentage_users,Tujuan penggunaan internet,26.45,% pengguna internet,area,total,category,goods_services_information,id_38_2024,bps_internet_purpose
ID-0000741,16,Sumatera Selatan,provinsi,2024,Pemanfaatan internet,percentage_users,Tujuan penggunaan internet,74.77,% pengguna internet,area,total,category,news_information,id_38_2024,bps_internet_purpose
ID-0000742,16,Sumatera Selatan,provinsi,2024,Pemanfaatan internet,percentage_users,Tujuan penggunaan internet,9.75,% pengguna internet,area,total,category,online_learning,id_38_2024,bps_internet_purpose
ID-0000743,16,Sumatera Selatan,provinsi,2024,Pemanfaatan internet,percentage_users,Tujuan penggunaan internet,7.7,% pengguna internet,area,total,category,other,id_38_2024,bps_internet_purpose
ID-0000744,16,Sumatera Selatan,provinsi,2024,Pemanfaatan internet,percentage_users,Tujuan penggunaan internet,4.02,% pengguna internet,area,total,category,sell_goods_services,id_38_2024,bps_internet_purpose
ID-0000745,16,Sumatera Selatan,provinsi,2024,Pemanfaatan internet,percentage_users,Tujuan penggunaan internet,77.56,% pengguna internet,area,total,category,social_media,id_38_2024,bps_internet_purpose
ID-0000746,16,Sumatera Selatan,provinsi,2024,Pemanfaatan internet,percentage_users,Tujuan penggunaan internet,1.15,% pengguna internet,area,total,category,work_from_home,id_38_2024,bps_internet_purpose
ID-0000747,16,Sumatera Selatan,provinsi,2024,Pemanfaatan internet,percentage_users,Tujuan penggunaan internet,25.67,% pengguna internet,area,urban,category,buy_goods_services,id_38_2024,bps_internet_purpose
ID-0000748,16,Sumatera Selatan,provinsi,2024,Pemanfaatan internet,percentage_users,Tujuan penggunaan internet,17.31,% pengguna internet,area,urban,category,digital_content_creation,id_38_2024,bps_internet_purpose
ID-0000749,16,Sumatera Selatan,provinsi,2024,Pemanfaatan internet,percentage_users,Tujuan penggunaan internet,13.42,% pengguna internet,area,urban,category,email,id_38_2024,bps_internet_purpose
ID-0000750,16,Sumatera Selatan,provinsi,2024,Pemanfaatan internet,percentage_users,Tujuan penggunaan internet,88.82,% pengguna internet,area,urban,category,entertainment,id_38_2024,bps_internet_purpose
ID-0000751,16,Sumatera Selatan,provinsi,2024,Pemanfaatan internet,percentage_users,Tujuan penggunaan internet,11.16,% pengguna internet,area,urban,category,financial_services,id_38_2024,bps_internet_purpose
ID-0000752,16,Sumatera Selatan,provinsi,2024,Pemanfaatan internet,percentage_users,Tujuan penggunaan internet,31.95,% pengguna internet,area,urban,category,goods_services_information,id_38_2024,bps_internet_purpose
ID-0000753,16,Sumatera Selatan,provinsi,2024,Pemanfaatan internet,percentage_users,Tujuan penggunaan internet,78.42,% pengguna internet,area,urban,category,news_information,id_38_2024,bps_internet_purpose
ID-0000754,16,Sumatera Selatan,provinsi,2024,Pemanfaatan internet,percentage_users,Tujuan penggunaan internet,10.53,% pengguna internet,area,urban,category,online_learning,id_38_2024,bps_internet_purpose
ID-0000755,16,Sumatera Selatan,provinsi,2024,Pemanfaatan internet,percentage_users,Tujuan penggunaan internet,8.15,% pengguna internet,area,urban,category,other,id_38_2024,bps_internet_purpose
ID-0000756,16,Sumatera Selatan,provinsi,2024,Pemanfaatan internet,percentage_users,Tujuan penggunaan internet,5.29,% pengguna internet,area,urban,category,sell_goods_services,id_38_2024,bps_internet_purpose
ID-0000757,16,Sumatera Selatan,provinsi,2024,Pemanfaatan internet,percentage_users,Tujuan penggunaan internet,77.89,% pengguna internet,area,urban,category,social_media,id_38_2024,bps_internet_purpose
ID-0000758,16,Sumatera Selatan,provinsi,2024,Pemanfaatan internet,percentage_users,Tujuan penggunaan internet,1.74,% pengguna internet,area,urban,category,work_from_home,id_38_2024,bps_internet_purpose
ID-0000759,16,Sumatera Selatan,provinsi,2024,Pembangunan TIK,access_infrastructure_subindex,Subindeks akses dan infrastruktur TIK,6.13,poin 0–10,,,,,id_34_papua_aggregated_2023_2024,bps_iptik_province_2023_2024
ID-0000760,16,Sumatera Selatan,provinsi,2024,Pembangunan TIK,ict_development_index,Indeks Pembangunan TIK,5.97,poin 0–10,,,,,id_34_papua_aggregated_2023_2024,bps_iptik_province_2023_2024
ID-0000761,16,Sumatera Selatan,provinsi,2024,Pembangunan TIK,skills_proxy_subindex,Subindeks proksi keahlian TIK,5.7,poin 0–10,,,,,id_34_papua_aggregated_2023_2024,bps_iptik_province_2023_2024
ID-0000762,16,Sumatera Selatan,provinsi,2024,Pembangunan TIK,use_subindex,Subindeks penggunaan TIK,5.93,poin 0–10,,,,,id_34_papua_aggregated_2023_2024,bps_iptik_province_2023_2024
ID-0000763,16,Sumatera Selatan,provinsi,2024,Perangkat akses,percentage_users,Perangkat yang digunakan untuk mengakses internet,0.61,% pengguna internet,area,rural,category,desktop,id_38_2024,bps_access_device
ID-0000764,16,Sumatera Selatan,provinsi,2024,Perangkat akses,percentage_users,Perangkat yang digunakan untuk mengakses internet,4.09,% pengguna internet,area,rural,category,laptop_tablet,id_38_2024,bps_access_device
ID-0000765,16,Sumatera Selatan,provinsi,2024,Perangkat akses,percentage_users,Perangkat yang digunakan untuk mengakses internet,99.29,% pengguna internet,area,rural,category,mobile,id_38_2024,bps_access_device
ID-0000766,16,Sumatera Selatan,provinsi,2024,Perangkat akses,percentage_users,Perangkat yang digunakan untuk mengakses internet,0.36,% pengguna internet,area,rural,category,other,id_38_2024,bps_access_device
ID-0000767,16,Sumatera Selatan,provinsi,2024,Perangkat akses,percentage_users,Perangkat yang digunakan untuk mengakses internet,1.43,% pengguna internet,area,total,category,desktop,id_38_2024,bps_access_device
ID-0000768,16,Sumatera Selatan,provinsi,2024,Perangkat akses,percentage_users,Perangkat yang digunakan untuk mengakses internet,6.76,% pengguna internet,area,total,category,laptop_tablet,id_38_2024,bps_access_device
ID-0000769,16,Sumatera Selatan,provinsi,2024,Perangkat akses,percentage_users,Perangkat yang digunakan untuk mengakses internet,99.2,% pengguna internet,area,total,category,mobile,id_38_2024,bps_access_device
ID-0000770,16,Sumatera Selatan,provinsi,2024,Perangkat akses,percentage_users,Perangkat yang digunakan untuk mengakses internet,0.34,% pengguna internet,area,total,category,other,id_38_2024,bps_access_device
ID-0000771,16,Sumatera Selatan,provinsi,2024,Perangkat akses,percentage_users,Perangkat yang digunakan untuk mengakses internet,2.5,% pengguna internet,area,urban,category,desktop,id_38_2024,bps_access_device
ID-0000772,16,Sumatera Selatan,provinsi,2024,Perangkat akses,percentage_users,Perangkat yang digunakan untuk mengakses internet,10.24,% pengguna internet,area,urban,category,laptop_tablet,id_38_2024,bps_access_device
ID-0000773,16,Sumatera Selatan,provinsi,2024,Perangkat akses,percentage_users,Perangkat yang digunakan untuk mengakses internet,99.08,% pengguna internet,area,urban,category,mobile,id_38_2024,bps_access_device
ID-0000774,16,Sumatera Selatan,provinsi,2024,Perangkat akses,percentage_users,Perangkat yang digunakan untuk mengakses internet,0.32,% pengguna internet,area,urban,category,other,id_38_2024,bps_access_device
ID-0000775,17,Bengkulu,provinsi,2017,Akses internet,internet_access_pct,Akses internet penduduk usia 5 tahun ke atas,16.79,% penduduk dalam kelompok,area,rural,,,id_34_pre_split,bps_internet_access_history_province_2017_2024
ID-0000776,17,Bengkulu,provinsi,2017,Akses internet,internet_access_pct,Akses internet penduduk usia 5 tahun ke atas,26.71,% penduduk dalam kelompok,area,total,,,id_34_pre_split,bps_internet_access_history_province_2017_2024
ID-0000777,17,Bengkulu,provinsi,2017,Akses internet,internet_access_pct,Akses internet penduduk usia 5 tahun ke atas,47.66,% penduduk dalam kelompok,area,urban,,,id_34_pre_split,bps_internet_access_history_province_2017_2024
ID-0000778,17,Bengkulu,provinsi,2018,Akses internet,internet_access_pct,Akses internet penduduk usia 5 tahun ke atas,23.95,% penduduk dalam kelompok,area,rural,,,id_34_pre_split,bps_internet_access_history_province_2017_2024
ID-0000779,17,Bengkulu,provinsi,2018,Akses internet,internet_access_pct,Akses internet penduduk usia 5 tahun ke atas,32.66,% penduduk dalam kelompok,area,total,,,id_34_pre_split,bps_internet_access_history_province_2017_2024
ID-0000780,17,Bengkulu,provinsi,2018,Akses internet,internet_access_pct,Akses internet penduduk usia 5 tahun ke atas,50.55,% penduduk dalam kelompok,area,urban,,,id_34_pre_split,bps_internet_access_history_province_2017_2024
ID-0000781,17,Bengkulu,provinsi,2018,Kesenjangan gender,internet_access_pct,Akses internet penduduk usia 5 tahun ke atas menurut gender,31.66,% penduduk dalam kelompok,sex,female,,,id_34_pre_split,bps_internet_gender_history_province_2018_2024
ID-0000782,17,Bengkulu,provinsi,2018,Kesenjangan gender,internet_access_pct,Akses internet penduduk usia 5 tahun ke atas menurut gender,33.61,% penduduk dalam kelompok,sex,male,,,id_34_pre_split,bps_internet_gender_history_province_2018_2024
ID-0000783,17,Bengkulu,provinsi,2019,Akses internet,internet_access_pct,Akses internet penduduk usia 5 tahun ke atas,30.57,% penduduk dalam kelompok,area,rural,,,id_34_pre_split,bps_internet_access_history_province_2017_2024
ID-0000784,17,Bengkulu,provinsi,2019,Akses internet,internet_access_pct,Akses internet penduduk usia 5 tahun ke atas,40.72,% penduduk dalam kelompok,area,total,,,id_34_pre_split,bps_internet_access_history_province_2017_2024
ID-0000785,17,Bengkulu,provinsi,2019,Akses internet,internet_access_pct,Akses internet penduduk usia 5 tahun ke atas,61.2,% penduduk dalam kelompok,area,urban,,,id_34_pre_split,bps_internet_access_history_province_2017_2024
ID-0000786,17,Bengkulu,provinsi,2019,Kesenjangan gender,internet_access_pct,Akses internet penduduk usia 5 tahun ke atas menurut gender,38.83,% penduduk dalam kelompok,sex,female,,,id_34_pre_split,bps_internet_gender_history_province_2018_2024
ID-0000787,17,Bengkulu,provinsi,2019,Kesenjangan gender,internet_access_pct,Akses internet penduduk usia 5 tahun ke atas menurut gender,42.54,% penduduk dalam kelompok,sex,male,,,id_34_pre_split,bps_internet_gender_history_province_2018_2024
ID-0000788,17,Bengkulu,provinsi,2020,Akses internet,internet_access_pct,Akses internet penduduk usia 5 tahun ke atas,35.14,% penduduk dalam kelompok,area,rural,,,id_34_pre_split,bps_internet_access_history_province_2017_2024
ID-0000789,17,Bengkulu,provinsi,2020,Akses internet,internet_access_pct,Akses internet penduduk usia 5 tahun ke atas,45.32,% penduduk dalam kelompok,area,total,,,id_34_pre_split,bps_internet_access_history_province_2017_2024
ID-0000790,17,Bengkulu,provinsi,2020,Akses internet,internet_access_pct,Akses internet penduduk usia 5 tahun ke atas,65.78,% penduduk dalam kelompok,area,urban,,,id_34_pre_split,bps_internet_access_history_province_2017_2024
ID-0000791,17,Bengkulu,provinsi,2020,Kesenjangan gender,internet_access_pct,Akses internet penduduk usia 5 tahun ke atas menurut gender,43.5,% penduduk dalam kelompok,sex,female,,,id_34_pre_split,bps_internet_gender_history_province_2018_2024
ID-0000792,17,Bengkulu,provinsi,2020,Kesenjangan gender,internet_access_pct,Akses internet penduduk usia 5 tahun ke atas menurut gender,47.06,% penduduk dalam kelompok,sex,male,,,id_34_pre_split,bps_internet_gender_history_province_2018_2024
ID-0000793,17,Bengkulu,provinsi,2021,Akses internet,internet_access_pct,Akses internet penduduk usia 5 tahun ke atas,45.9,% penduduk dalam kelompok,area,rural,,,id_34_pre_split,bps_internet_access_history_province_2017_2024
ID-0000794,17,Bengkulu,provinsi,2021,Akses internet,internet_access_pct,Akses internet penduduk usia 5 tahun ke atas,54.97,% penduduk dalam kelompok,area,total,,,id_34_pre_split,bps_internet_access_history_province_2017_2024
ID-0000795,17,Bengkulu,provinsi,2021,Akses internet,internet_access_pct,Akses internet penduduk usia 5 tahun ke atas,73.24,% penduduk dalam kelompok,area,urban,,,id_34_pre_split,bps_internet_access_history_province_2017_2024
ID-0000796,17,Bengkulu,provinsi,2021,Akses rumah tangga,household_internet_pct,Rumah tangga dengan akses internet,71.81,% rumah tangga dalam klasifikasi daerah,area,rural,,,id_34_pre_split,bps_household_internet
ID-0000797,17,Bengkulu,provinsi,2021,Akses rumah tangga,household_internet_pct,Rumah tangga dengan akses internet,78.03,% rumah tangga dalam klasifikasi daerah,area,total,,,id_34_pre_split,bps_household_internet
ID-0000798,17,Bengkulu,provinsi,2021,Akses rumah tangga,household_internet_pct,Rumah tangga dengan akses internet,90.81,% rumah tangga dalam klasifikasi daerah,area,urban,,,id_34_pre_split,bps_household_internet
ID-0000799,17,Bengkulu,provinsi,2021,Kesenjangan gender,internet_access_pct,Akses internet penduduk usia 5 tahun ke atas menurut gender,53.3,% penduduk dalam kelompok,sex,female,,,id_34_pre_split,bps_internet_gender_history_province_2018_2024
ID-0000800,17,Bengkulu,provinsi,2021,Kesenjangan gender,internet_access_pct,Akses internet penduduk usia 5 tahun ke atas menurut gender,56.56,% penduduk dalam kelompok,sex,male,,,id_34_pre_split,bps_internet_gender_history_province_2018_2024
ID-0000801,17,Bengkulu,provinsi,2021,Literasi digital,digital_literacy_index,Indeks Literasi Digital Kominfo,3.5,poin 1–5,,,,,id_34_pre_split,kominfo_digital_literacy_province_2021
ID-0000802,17,Bengkulu,provinsi,2022,Akses internet,internet_access_pct,Akses internet penduduk usia 5 tahun ke atas,56.55,% penduduk dalam kelompok,area,rural,,,id_34_pre_split,bps_internet_access_history_province_2017_2024
ID-0000803,17,Bengkulu,provinsi,2022,Akses internet,internet_access_pct,Akses internet penduduk usia 5 tahun ke atas,63.14,% penduduk dalam kelompok,area,total,,,id_34_pre_split,bps_internet_access_history_province_2017_2024
ID-0000804,17,Bengkulu,provinsi,2022,Akses internet,internet_access_pct,Akses internet penduduk usia 5 tahun ke atas,76.77,% penduduk dalam kelompok,area,urban,,,id_34_pre_split,bps_internet_access_history_province_2017_2024
ID-0000805,17,Bengkulu,provinsi,2022,Akses rumah tangga,household_internet_pct,Rumah tangga dengan akses internet,83.15,% rumah tangga dalam klasifikasi daerah,area,rural,,,id_34_pre_split,bps_household_internet
ID-0000806,17,Bengkulu,provinsi,2022,Akses rumah tangga,household_internet_pct,Rumah tangga dengan akses internet,86.43,% rumah tangga dalam klasifikasi daerah,area,total,,,id_34_pre_split,bps_household_internet
ID-0000807,17,Bengkulu,provinsi,2022,Akses rumah tangga,household_internet_pct,Rumah tangga dengan akses internet,93.23,% rumah tangga dalam klasifikasi daerah,area,urban,,,id_34_pre_split,bps_household_internet
ID-0000808,17,Bengkulu,provinsi,2022,Kesenjangan gender,internet_access_pct,Akses internet penduduk usia 5 tahun ke atas menurut gender,60.24,% penduduk dalam kelompok,sex,female,,,id_34_pre_split,bps_internet_gender_history_province_2018_2024
ID-0000809,17,Bengkulu,provinsi,2022,Kesenjangan gender,internet_access_pct,Akses internet penduduk usia 5 tahun ke atas menurut gender,65.92,% penduduk dalam kelompok,sex,male,,,id_34_pre_split,bps_internet_gender_history_province_2018_2024
ID-0000810,17,Bengkulu,provinsi,2023,Akses internet,internet_access_pct,Akses internet penduduk usia 5 tahun ke atas,59.34,% penduduk dalam kelompok,area,rural,,,id_34_pre_split,bps_internet_access_history_province_2017_2024
ID-0000811,17,Bengkulu,provinsi,2023,Akses internet,internet_access_pct,Akses internet penduduk usia 5 tahun ke atas,66.25,% penduduk dalam kelompok,area,total,,,id_34_pre_split,bps_internet_access_history_province_2017_2024
ID-0000812,17,Bengkulu,provinsi,2023,Akses internet,internet_access_pct,Akses internet penduduk usia 5 tahun ke atas,79.94,% penduduk dalam kelompok,area,urban,,,id_34_pre_split,bps_internet_access_history_province_2017_2024
ID-0000813,17,Bengkulu,provinsi,2023,Akses rumah tangga,household_internet_pct,Rumah tangga dengan akses internet,86.13,% rumah tangga dalam klasifikasi daerah,area,rural,,,id_34_pre_split,bps_household_internet
ID-0000814,17,Bengkulu,provinsi,2023,Akses rumah tangga,household_internet_pct,Rumah tangga dengan akses internet,88.82,% rumah tangga dalam klasifikasi daerah,area,total,,,id_34_pre_split,bps_household_internet
ID-0000815,17,Bengkulu,provinsi,2023,Akses rumah tangga,household_internet_pct,Rumah tangga dengan akses internet,93.99,% rumah tangga dalam klasifikasi daerah,area,urban,,,id_34_pre_split,bps_household_internet
ID-0000816,17,Bengkulu,provinsi,2023,Kesenjangan gender,internet_access_pct,Akses internet penduduk usia 5 tahun ke atas menurut gender,63.47,% penduduk dalam kelompok,sex,female,,,id_34_pre_split,bps_internet_gender_history_province_2018_2024
ID-0000817,17,Bengkulu,provinsi,2023,Kesenjangan gender,internet_access_pct,Akses internet penduduk usia 5 tahun ke atas menurut gender,68.94,% penduduk dalam kelompok,sex,male,,,id_34_pre_split,bps_internet_gender_history_province_2018_2024
ID-0000818,17,Bengkulu,provinsi,2023,Komponen pembangunan TIK,fixed_broadband_norm,"Broadband tetap per 100 penduduk, ternormalisasi",0.59,poin 0–10,,,,,id_34_papua_aggregated_2023_2024,bps_iptik_normalized_components_province_2023_2024
ID-0000819,17,Bengkulu,provinsi,2023,Komponen pembangunan TIK,fixed_telephone_norm,"Telepon tetap per 100 penduduk, ternormalisasi",1.96,poin 0–10,,,,,id_34_papua_aggregated_2023_2024,bps_iptik_normalized_components_province_2023_2024
ID-0000820,17,Bengkulu,provinsi,2023,Komponen pembangunan TIK,household_computer_norm,"Rumah tangga dengan komputer, ternormalisasi",1.78,poin 0–10,,,,,id_34_papua_aggregated_2023_2024,bps_iptik_normalized_components_province_2023_2024
ID-0000821,17,Bengkulu,provinsi,2023,Komponen pembangunan TIK,household_internet_norm,"Rumah tangga dengan internet, ternormalisasi",8.88,poin 0–10,,,,,id_34_papua_aggregated_2023_2024,bps_iptik_normalized_components_province_2023_2024
ID-0000822,17,Bengkulu,provinsi,2023,Komponen pembangunan TIK,individual_internet_norm,"Individu pengguna internet, ternormalisasi",6.63,poin 0–10,,,,,id_34_papua_aggregated_2023_2024,bps_iptik_normalized_components_province_2023_2024
ID-0000823,17,Bengkulu,provinsi,2023,Komponen pembangunan TIK,international_bandwidth_norm,"Bandwidth internet internasional per pengguna, ternormalisasi",8.03,poin 0–10,,,,,id_34_papua_aggregated_2023_2024,bps_iptik_normalized_components_province_2023_2024
ID-0000824,17,Bengkulu,provinsi,2023,Komponen pembangunan TIK,mean_years_school_norm,"Rata-rata lama sekolah, ternormalisasi",6.23,poin 0–10,,,,,id_34_papua_aggregated_2023_2024,bps_iptik_normalized_components_province_2023_2024
ID-0000825,17,Bengkulu,provinsi,2023,Komponen pembangunan TIK,mobile_broadband_norm,"Broadband seluler per 100 penduduk, ternormalisasi",10,poin 0–10,,,,,id_34_papua_aggregated_2023_2024,bps_iptik_normalized_components_province_2023_2024
ID-0000826,17,Bengkulu,provinsi,2023,Komponen pembangunan TIK,mobile_cellular_norm,"Telepon seluler per 100 penduduk, ternormalisasi",10,poin 0–10,,,,,id_34_papua_aggregated_2023_2024,bps_iptik_normalized_components_province_2023_2024
ID-0000827,17,Bengkulu,provinsi,2023,Komponen pembangunan TIK,secondary_enrolment_norm,"Partisipasi pendidikan sekunder, ternormalisasi",9.39,poin 0–10,,,,,id_34_papua_aggregated_2023_2024,bps_iptik_normalized_components_province_2023_2024
ID-0000828,17,Bengkulu,provinsi,2023,Komponen pembangunan TIK,tertiary_enrolment_norm,"Partisipasi pendidikan tinggi, ternormalisasi",3.74,poin 0–10,,,,,id_34_papua_aggregated_2023_2024,bps_iptik_normalized_components_province_2023_2024
ID-0000829,17,Bengkulu,provinsi,2023,Pembangunan TIK,access_infrastructure_subindex,Subindeks akses dan infrastruktur TIK,6.13,poin 0–10,,,,,id_34_papua_aggregated_2023_2024,bps_iptik_province_2023_2024
ID-0000830,17,Bengkulu,provinsi,2023,Pembangunan TIK,ict_development_index,Indeks Pembangunan TIK,6.04,poin 0–10,,,,,id_34_papua_aggregated_2023_2024,bps_iptik_province_2023_2024
ID-0000831,17,Bengkulu,provinsi,2023,Pembangunan TIK,skills_proxy_subindex,Subindeks proksi keahlian TIK,6.45,poin 0–10,,,,,id_34_papua_aggregated_2023_2024,bps_iptik_province_2023_2024
ID-0000832,17,Bengkulu,provinsi,2023,Pembangunan TIK,use_subindex,Subindeks penggunaan TIK,5.74,poin 0–10,,,,,id_34_papua_aggregated_2023_2024,bps_iptik_province_2023_2024
ID-0000833,17,Bengkulu,provinsi,2024,Akses internet,internet_access_pct,Akses internet penduduk usia 5 tahun ke atas,65.01,% penduduk dalam kelompok,area,rural,,,id_38_2024,bps_internet_access_history_province_2017_2024
ID-0000834,17,Bengkulu,provinsi,2024,Akses internet,internet_access_pct,Akses internet penduduk usia 5 tahun ke atas,70.72,% penduduk dalam kelompok,area,total,,,id_38_2024,bps_internet_access_history_province_2017_2024
ID-0000835,17,Bengkulu,provinsi,2024,Akses internet,internet_access_pct,Akses internet penduduk usia 5 tahun ke atas,81.96,% penduduk dalam kelompok,area,urban,,,id_38_2024,bps_internet_access_history_province_2017_2024
ID-0000836,17,Bengkulu,provinsi,2024,Akses rumah tangga,household_internet_pct,Rumah tangga dengan akses internet,88.05,% rumah tangga dalam klasifikasi daerah,area,rural,,,id_38_2024,bps_household_internet
ID-0000837,17,Bengkulu,provinsi,2024,Akses rumah tangga,household_internet_pct,Rumah tangga dengan akses internet,90.62,% rumah tangga dalam klasifikasi daerah,area,total,,,id_38_2024,bps_household_internet
ID-0000838,17,Bengkulu,provinsi,2024,Akses rumah tangga,household_internet_pct,Rumah tangga dengan akses internet,95.83,% rumah tangga dalam klasifikasi daerah,area,urban,,,id_38_2024,bps_household_internet
ID-0000839,17,Bengkulu,provinsi,2024,Kesenjangan gender,internet_access_pct,Akses internet penduduk usia 5 tahun ke atas menurut gender,67.92,% penduduk dalam kelompok,sex,female,,,id_38_2024,bps_internet_gender_history_province_2018_2024
ID-0000840,17,Bengkulu,provinsi,2024,Kesenjangan gender,internet_access_pct,Akses internet penduduk usia 5 tahun ke atas menurut gender,73.45,% penduduk dalam kelompok,sex,male,,,id_38_2024,bps_internet_gender_history_province_2018_2024
ID-0000841,17,Bengkulu,provinsi,2024,Komponen pembangunan TIK,fixed_broadband_norm,"Broadband tetap per 100 penduduk, ternormalisasi",0.89,poin 0–10,,,,,id_34_papua_aggregated_2023_2024,bps_iptik_normalized_components_province_2023_2024
ID-0000842,17,Bengkulu,provinsi,2024,Komponen pembangunan TIK,fixed_telephone_norm,"Telepon tetap per 100 penduduk, ternormalisasi",1.74,poin 0–10,,,,,id_34_papua_aggregated_2023_2024,bps_iptik_normalized_components_province_2023_2024
ID-0000843,17,Bengkulu,provinsi,2024,Komponen pembangunan TIK,household_computer_norm,"Rumah tangga dengan komputer, ternormalisasi",1.98,poin 0–10,,,,,id_34_papua_aggregated_2023_2024,bps_iptik_normalized_components_province_2023_2024
ID-0000844,17,Bengkulu,provinsi,2024,Komponen pembangunan TIK,household_internet_norm,"Rumah tangga dengan internet, ternormalisasi",9.06,poin 0–10,,,,,id_34_papua_aggregated_2023_2024,bps_iptik_normalized_components_province_2023_2024
ID-0000845,17,Bengkulu,provinsi,2024,Komponen pembangunan TIK,individual_internet_norm,"Individu pengguna internet, ternormalisasi",7.07,poin 0–10,,,,,id_34_papua_aggregated_2023_2024,bps_iptik_normalized_components_province_2023_2024
ID-0000846,17,Bengkulu,provinsi,2024,Komponen pembangunan TIK,international_bandwidth_norm,"Bandwidth internet internasional per pengguna, ternormalisasi",8.46,poin 0–10,,,,,id_34_papua_aggregated_2023_2024,bps_iptik_normalized_components_province_2023_2024
ID-0000847,17,Bengkulu,provinsi,2024,Komponen pembangunan TIK,mean_years_school_norm,"Rata-rata lama sekolah, ternormalisasi",6.27,poin 0–10,,,,,id_34_papua_aggregated_2023_2024,bps_iptik_normalized_components_province_2023_2024
ID-0000848,17,Bengkulu,provinsi,2024,Komponen pembangunan TIK,mobile_broadband_norm,"Broadband seluler per 100 penduduk, ternormalisasi",10,poin 0–10,,,,,id_34_papua_aggregated_2023_2024,bps_iptik_normalized_components_province_2023_2024
ID-0000849,17,Bengkulu,provinsi,2024,Komponen pembangunan TIK,mobile_cellular_norm,"Telepon seluler per 100 penduduk, ternormalisasi",10,poin 0–10,,,,,id_34_papua_aggregated_2023_2024,bps_iptik_normalized_components_province_2023_2024
ID-0000850,17,Bengkulu,provinsi,2024,Komponen pembangunan TIK,secondary_enrolment_norm,"Partisipasi pendidikan sekunder, ternormalisasi",9.48,poin 0–10,,,,,id_34_papua_aggregated_2023_2024,bps_iptik_normalized_components_province_2023_2024
ID-0000851,17,Bengkulu,provinsi,2024,Komponen pembangunan TIK,tertiary_enrolment_norm,"Partisipasi pendidikan tinggi, ternormalisasi",3.66,poin 0–10,,,,,id_34_papua_aggregated_2023_2024,bps_iptik_normalized_components_province_2023_2024
ID-0000852,17,Bengkulu,provinsi,2024,Pemanfaatan internet,percentage_users,Tujuan penggunaan internet,17.46,% pengguna internet,area,rural,category,buy_goods_services,id_38_2024,bps_internet_purpose
ID-0000853,17,Bengkulu,provinsi,2024,Pemanfaatan internet,percentage_users,Tujuan penggunaan internet,10.32,% pengguna internet,area,rural,category,digital_content_creation,id_38_2024,bps_internet_purpose
ID-0000854,17,Bengkulu,provinsi,2024,Pemanfaatan internet,percentage_users,Tujuan penggunaan internet,6.41,% pengguna internet,area,rural,category,email,id_38_2024,bps_internet_purpose
ID-0000855,17,Bengkulu,provinsi,2024,Pemanfaatan internet,percentage_users,Tujuan penggunaan internet,84.93,% pengguna internet,area,rural,category,entertainment,id_38_2024,bps_internet_purpose
ID-0000856,17,Bengkulu,provinsi,2024,Pemanfaatan internet,percentage_users,Tujuan penggunaan internet,4.55,% pengguna internet,area,rural,category,financial_services,id_38_2024,bps_internet_purpose
ID-0000857,17,Bengkulu,provinsi,2024,Pemanfaatan internet,percentage_users,Tujuan penggunaan internet,21.42,% pengguna internet,area,rural,category,goods_services_information,id_38_2024,bps_internet_purpose
ID-0000858,17,Bengkulu,provinsi,2024,Pemanfaatan internet,percentage_users,Tujuan penggunaan internet,74.99,% pengguna internet,area,rural,category,news_information,id_38_2024,bps_internet_purpose
ID-0000859,17,Bengkulu,provinsi,2024,Pemanfaatan internet,percentage_users,Tujuan penggunaan internet,8.13,% pengguna internet,area,rural,category,online_learning,id_38_2024,bps_internet_purpose
ID-0000860,17,Bengkulu,provinsi,2024,Pemanfaatan internet,percentage_users,Tujuan penggunaan internet,6.91,% pengguna internet,area,rural,category,other,id_38_2024,bps_internet_purpose
ID-0000861,17,Bengkulu,provinsi,2024,Pemanfaatan internet,percentage_users,Tujuan penggunaan internet,4.47,% pengguna internet,area,rural,category,sell_goods_services,id_38_2024,bps_internet_purpose
ID-0000862,17,Bengkulu,provinsi,2024,Pemanfaatan internet,percentage_users,Tujuan penggunaan internet,78.88,% pengguna internet,area,rural,category,social_media,id_38_2024,bps_internet_purpose
ID-0000863,17,Bengkulu,provinsi,2024,Pemanfaatan internet,percentage_users,Tujuan penggunaan internet,1.03,% pengguna internet,area,rural,category,work_from_home,id_38_2024,bps_internet_purpose
ID-0000864,17,Bengkulu,provinsi,2024,Pemanfaatan internet,percentage_users,Tujuan penggunaan internet,21.02,% pengguna internet,area,total,category,buy_goods_services,id_38_2024,bps_internet_purpose
ID-0000865,17,Bengkulu,provinsi,2024,Pemanfaatan internet,percentage_users,Tujuan penggunaan internet,9.21,% pengguna internet,area,total,category,digital_content_creation,id_38_2024,bps_internet_purpose
ID-0000866,17,Bengkulu,provinsi,2024,Pemanfaatan internet,percentage_users,Tujuan penggunaan internet,10.32,% pengguna internet,area,total,category,email,id_38_2024,bps_internet_purpose
ID-0000867,17,Bengkulu,provinsi,2024,Pemanfaatan internet,percentage_users,Tujuan penggunaan internet,84.82,% pengguna internet,area,total,category,entertainment,id_38_2024,bps_internet_purpose
ID-0000868,17,Bengkulu,provinsi,2024,Pemanfaatan internet,percentage_users,Tujuan penggunaan internet,8.4,% pengguna internet,area,total,category,financial_services,id_38_2024,bps_internet_purpose
ID-0000869,17,Bengkulu,provinsi,2024,Pemanfaatan internet,percentage_users,Tujuan penggunaan internet,24.9,% pengguna internet,area,total,category,goods_services_information,id_38_2024,bps_internet_purpose
ID-0000870,17,Bengkulu,provinsi,2024,Pemanfaatan internet,percentage_users,Tujuan penggunaan internet,76.05,% pengguna internet,area,total,category,news_information,id_38_2024,bps_internet_purpose
ID-0000871,17,Bengkulu,provinsi,2024,Pemanfaatan internet,percentage_users,Tujuan penggunaan internet,8.19,% pengguna internet,area,total,category,online_learning,id_38_2024,bps_internet_purpose
ID-0000872,17,Bengkulu,provinsi,2024,Pemanfaatan internet,percentage_users,Tujuan penggunaan internet,5.76,% pengguna internet,area,total,category,other,id_38_2024,bps_internet_purpose
ID-0000873,17,Bengkulu,provinsi,2024,Pemanfaatan internet,percentage_users,Tujuan penggunaan internet,5.06,% pengguna internet,area,total,category,sell_goods_services,id_38_2024,bps_internet_purpose
ID-0000874,17,Bengkulu,provinsi,2024,Pemanfaatan internet,percentage_users,Tujuan penggunaan internet,81.23,% pengguna internet,area,total,category,social_media,id_38_2024,bps_internet_purpose
ID-0000875,17,Bengkulu,provinsi,2024,Pemanfaatan internet,percentage_users,Tujuan penggunaan internet,1.22,% pengguna internet,area,total,category,work_from_home,id_38_2024,bps_internet_purpose
ID-0000876,17,Bengkulu,provinsi,2024,Pemanfaatan internet,percentage_users,Tujuan penggunaan internet,26.58,% pengguna internet,area,urban,category,buy_goods_services,id_38_2024,bps_internet_purpose
ID-0000877,17,Bengkulu,provinsi,2024,Pemanfaatan internet,percentage_users,Tujuan penggunaan internet,7.49,% pengguna internet,area,urban,category,digital_content_creation,id_38_2024,bps_internet_purpose
ID-0000878,17,Bengkulu,provinsi,2024,Pemanfaatan internet,percentage_users,Tujuan penggunaan internet,16.43,% pengguna internet,area,urban,category,email,id_38_2024,bps_internet_purpose
ID-0000879,17,Bengkulu,provinsi,2024,Pemanfaatan internet,percentage_users,Tujuan penggunaan internet,84.64,% pengguna internet,area,urban,category,entertainment,id_38_2024,bps_internet_purpose
ID-0000880,17,Bengkulu,provinsi,2024,Pemanfaatan internet,percentage_users,Tujuan penggunaan internet,14.41,% pengguna internet,area,urban,category,financial_services,id_38_2024,bps_internet_purpose
ID-0000881,17,Bengkulu,provinsi,2024,Pemanfaatan internet,percentage_users,Tujuan penggunaan internet,30.31,% pengguna internet,area,urban,category,goods_services_information,id_38_2024,bps_internet_purpose
ID-0000882,17,Bengkulu,provinsi,2024,Pemanfaatan internet,percentage_users,Tujuan penggunaan internet,77.7,% pengguna internet,area,urban,category,news_information,id_38_2024,bps_internet_purpose
ID-0000883,17,Bengkulu,provinsi,2024,Pemanfaatan internet,percentage_users,Tujuan penggunaan internet,8.28,% pengguna internet,area,urban,category,online_learning,id_38_2024,bps_internet_purpose
ID-0000884,17,Bengkulu,provinsi,2024,Pemanfaatan internet,percentage_users,Tujuan penggunaan internet,3.97,% pengguna internet,area,urban,category,other,id_38_2024,bps_internet_purpose
ID-0000885,17,Bengkulu,provinsi,2024,Pemanfaatan internet,percentage_users,Tujuan penggunaan internet,5.98,% pengguna internet,area,urban,category,sell_goods_services,id_38_2024,bps_internet_purpose
ID-0000886,17,Bengkulu,provinsi,2024,Pemanfaatan internet,percentage_users,Tujuan penggunaan internet,84.9,% pengguna internet,area,urban,category,social_media,id_38_2024,bps_internet_purpose
ID-0000887,17,Bengkulu,provinsi,2024,Pemanfaatan internet,percentage_users,Tujuan penggunaan internet,1.52,% pengguna internet,area,urban,category,work_from_home,id_38_2024,bps_internet_purpose
ID-0000888,17,Bengkulu,provinsi,2024,Pembangunan TIK,access_infrastructure_subindex,Subindeks akses dan infrastruktur TIK,6.25,poin 0–10,,,,,id_34_papua_aggregated_2023_2024,bps_iptik_province_2023_2024
ID-0000889,17,Bengkulu,provinsi,2024,Pembangunan TIK,ict_development_index,Indeks Pembangunan TIK,6.19,poin 0–10,,,,,id_34_papua_aggregated_2023_2024,bps_iptik_province_2023_2024
ID-0000890,17,Bengkulu,provinsi,2024,Pembangunan TIK,skills_proxy_subindex,Subindeks proksi keahlian TIK,6.47,poin 0–10,,,,,id_34_papua_aggregated_2023_2024,bps_iptik_province_2023_2024
ID-0000891,17,Bengkulu,provinsi,2024,Pembangunan TIK,use_subindex,Subindeks penggunaan TIK,5.99,poin 0–10,,,,,id_34_papua_aggregated_2023_2024,bps_iptik_province_2023_2024
ID-0000892,17,Bengkulu,provinsi,2024,Perangkat akses,percentage_users,Perangkat yang digunakan untuk mengakses internet,0.65,% pengguna internet,area,rural,category,desktop,id_38_2024,bps_access_device
ID-0000893,17,Bengkulu,provinsi,2024,Perangkat akses,percentage_users,Perangkat yang digunakan untuk mengakses internet,5.16,% pengguna internet,area,rural,category,laptop_tablet,id_38_2024,bps_access_device
ID-0000894,17,Bengkulu,provinsi,2024,Perangkat akses,percentage_users,Perangkat yang digunakan untuk mengakses internet,99.43,% pengguna internet,area,rural,category,mobile,id_38_2024,bps_access_device
ID-0000895,17,Bengkulu,provinsi,2024,Perangkat akses,percentage_users,Perangkat yang digunakan untuk mengakses internet,0.3,% pengguna internet,area,rural,category,other,id_38_2024,bps_access_device
ID-0000896,17,Bengkulu,provinsi,2024,Perangkat akses,percentage_users,Perangkat yang digunakan untuk mengakses internet,1.47,% pengguna internet,area,total,category,desktop,id_38_2024,bps_access_device
ID-0000897,17,Bengkulu,provinsi,2024,Perangkat akses,percentage_users,Perangkat yang digunakan untuk mengakses internet,9.03,% pengguna internet,area,total,category,laptop_tablet,id_38_2024,bps_access_device
ID-0000898,17,Bengkulu,provinsi,2024,Perangkat akses,percentage_users,Perangkat yang digunakan untuk mengakses internet,99.3,% pengguna internet,area,total,category,mobile,id_38_2024,bps_access_device
ID-0000899,17,Bengkulu,provinsi,2024,Perangkat akses,percentage_users,Perangkat yang digunakan untuk mengakses internet,0.3,% pengguna internet,area,total,category,other,id_38_2024,bps_access_device
ID-0000900,17,Bengkulu,provinsi,2024,Perangkat akses,percentage_users,Perangkat yang digunakan untuk mengakses internet,2.75,% pengguna internet,area,urban,category,desktop,id_38_2024,bps_access_device
ID-0000901,17,Bengkulu,provinsi,2024,Perangkat akses,percentage_users,Perangkat yang digunakan untuk mengakses internet,15.07,% pengguna internet,area,urban,category,laptop_tablet,id_38_2024,bps_access_device
ID-0000902,17,Bengkulu,provinsi,2024,Perangkat akses,percentage_users,Perangkat yang digunakan untuk mengakses internet,99.11,% pengguna internet,area,urban,category,mobile,id_38_2024,bps_access_device
ID-0000903,17,Bengkulu,provinsi,2024,Perangkat akses,percentage_users,Perangkat yang digunakan untuk mengakses internet,0.29,% pengguna internet,area,urban,category,other,id_38_2024,bps_access_device
ID-0000904,18,Lampung,provinsi,2017,Akses internet,internet_access_pct,Akses internet penduduk usia 5 tahun ke atas,17.23,% penduduk dalam kelompok,area,rural,,,id_34_pre_split,bps_internet_access_history_province_2017_2024
ID-0000905,18,Lampung,provinsi,2017,Akses internet,internet_access_pct,Akses internet penduduk usia 5 tahun ke atas,22.45,% penduduk dalam kelompok,area,total,,,id_34_pre_split,bps_internet_access_history_province_2017_2024
ID-0000906,18,Lampung,provinsi,2017,Akses internet,internet_access_pct,Akses internet penduduk usia 5 tahun ke atas,36.17,% penduduk dalam kelompok,area,urban,,,id_34_pre_split,bps_internet_access_history_province_2017_2024
ID-0000907,18,Lampung,provinsi,2018,Akses internet,internet_access_pct,Akses internet penduduk usia 5 tahun ke atas,27.08,% penduduk dalam kelompok,area,rural,,,id_34_pre_split,bps_internet_access_history_province_2017_2024
ID-0000908,18,Lampung,provinsi,2018,Akses internet,internet_access_pct,Akses internet penduduk usia 5 tahun ke atas,32.41,% penduduk dalam kelompok,area,total,,,id_34_pre_split,bps_internet_access_history_province_2017_2024
ID-0000909,18,Lampung,provinsi,2018,Akses internet,internet_access_pct,Akses internet penduduk usia 5 tahun ke atas,45.06,% penduduk dalam kelompok,area,urban,,,id_34_pre_split,bps_internet_access_history_province_2017_2024
ID-0000910,18,Lampung,provinsi,2018,Kesenjangan gender,internet_access_pct,Akses internet penduduk usia 5 tahun ke atas menurut gender,30.54,% penduduk dalam kelompok,sex,female,,,id_34_pre_split,bps_internet_gender_history_province_2018_2024
ID-0000911,18,Lampung,provinsi,2018,Kesenjangan gender,internet_access_pct,Akses internet penduduk usia 5 tahun ke atas menurut gender,34.18,% penduduk dalam kelompok,sex,male,,,id_34_pre_split,bps_internet_gender_history_province_2018_2024
ID-0000912,18,Lampung,provinsi,2019,Akses internet,internet_access_pct,Akses internet penduduk usia 5 tahun ke atas,33.31,% penduduk dalam kelompok,area,rural,,,id_34_pre_split,bps_internet_access_history_province_2017_2024
ID-0000913,18,Lampung,provinsi,2019,Akses internet,internet_access_pct,Akses internet penduduk usia 5 tahun ke atas,40.17,% penduduk dalam kelompok,area,total,,,id_34_pre_split,bps_internet_access_history_province_2017_2024
ID-0000914,18,Lampung,provinsi,2019,Akses internet,internet_access_pct,Akses internet penduduk usia 5 tahun ke atas,55.56,% penduduk dalam kelompok,area,urban,,,id_34_pre_split,bps_internet_access_history_province_2017_2024
ID-0000915,18,Lampung,provinsi,2019,Kesenjangan gender,internet_access_pct,Akses internet penduduk usia 5 tahun ke atas menurut gender,36.95,% penduduk dalam kelompok,sex,female,,,id_34_pre_split,bps_internet_gender_history_province_2018_2024
ID-0000916,18,Lampung,provinsi,2019,Kesenjangan gender,internet_access_pct,Akses internet penduduk usia 5 tahun ke atas menurut gender,43.24,% penduduk dalam kelompok,sex,male,,,id_34_pre_split,bps_internet_gender_history_province_2018_2024
ID-0000917,18,Lampung,provinsi,2020,Akses internet,internet_access_pct,Akses internet penduduk usia 5 tahun ke atas,41.28,% penduduk dalam kelompok,area,rural,,,id_34_pre_split,bps_internet_access_history_province_2017_2024
ID-0000918,18,Lampung,provinsi,2020,Akses internet,internet_access_pct,Akses internet penduduk usia 5 tahun ke atas,47.06,% penduduk dalam kelompok,area,total,,,id_34_pre_split,bps_internet_access_history_province_2017_2024
ID-0000919,18,Lampung,provinsi,2020,Akses internet,internet_access_pct,Akses internet penduduk usia 5 tahun ke atas,59.91,% penduduk dalam kelompok,area,urban,,,id_34_pre_split,bps_internet_access_history_province_2017_2024
ID-0000920,18,Lampung,provinsi,2020,Kesenjangan gender,internet_access_pct,Akses internet penduduk usia 5 tahun ke atas menurut gender,44.63,% penduduk dalam kelompok,sex,female,,,id_34_pre_split,bps_internet_gender_history_province_2018_2024
ID-0000921,18,Lampung,provinsi,2020,Kesenjangan gender,internet_access_pct,Akses internet penduduk usia 5 tahun ke atas menurut gender,49.37,% penduduk dalam kelompok,sex,male,,,id_34_pre_split,bps_internet_gender_history_province_2018_2024
ID-0000922,18,Lampung,provinsi,2021,Akses internet,internet_access_pct,Akses internet penduduk usia 5 tahun ke atas,55.65,% penduduk dalam kelompok,area,rural,,,id_34_pre_split,bps_internet_access_history_province_2017_2024
ID-0000923,18,Lampung,provinsi,2021,Akses internet,internet_access_pct,Akses internet penduduk usia 5 tahun ke atas,59.94,% penduduk dalam kelompok,area,total,,,id_34_pre_split,bps_internet_access_history_province_2017_2024
ID-0000924,18,Lampung,provinsi,2021,Akses internet,internet_access_pct,Akses internet penduduk usia 5 tahun ke atas,69.1,% penduduk dalam kelompok,area,urban,,,id_34_pre_split,bps_internet_access_history_province_2017_2024
ID-0000925,18,Lampung,provinsi,2021,Akses rumah tangga,household_internet_pct,Rumah tangga dengan akses internet,80.93,% rumah tangga dalam klasifikasi daerah,area,rural,,,id_34_pre_split,bps_household_internet
ID-0000926,18,Lampung,provinsi,2021,Akses rumah tangga,household_internet_pct,Rumah tangga dengan akses internet,83.49,% rumah tangga dalam klasifikasi daerah,area,total,,,id_34_pre_split,bps_household_internet
ID-0000927,18,Lampung,provinsi,2021,Akses rumah tangga,household_internet_pct,Rumah tangga dengan akses internet,89.33,% rumah tangga dalam klasifikasi daerah,area,urban,,,id_34_pre_split,bps_household_internet
ID-0000928,18,Lampung,provinsi,2021,Kesenjangan gender,internet_access_pct,Akses internet penduduk usia 5 tahun ke atas menurut gender,57.96,% penduduk dalam kelompok,sex,female,,,id_34_pre_split,bps_internet_gender_history_province_2018_2024
ID-0000929,18,Lampung,provinsi,2021,Kesenjangan gender,internet_access_pct,Akses internet penduduk usia 5 tahun ke atas menurut gender,61.84,% penduduk dalam kelompok,sex,male,,,id_34_pre_split,bps_internet_gender_history_province_2018_2024
ID-0000930,18,Lampung,provinsi,2021,Literasi digital,digital_literacy_index,Indeks Literasi Digital Kominfo,3.52,poin 1–5,,,,,id_34_pre_split,kominfo_digital_literacy_province_2021
ID-0000931,18,Lampung,provinsi,2022,Akses internet,internet_access_pct,Akses internet penduduk usia 5 tahun ke atas,61.96,% penduduk dalam kelompok,area,rural,,,id_34_pre_split,bps_internet_access_history_province_2017_2024
ID-0000932,18,Lampung,provinsi,2022,Akses internet,internet_access_pct,Akses internet penduduk usia 5 tahun ke atas,65.21,% penduduk dalam kelompok,area,total,,,id_34_pre_split,bps_internet_access_history_province_2017_2024
ID-0000933,18,Lampung,provinsi,2022,Akses internet,internet_access_pct,Akses internet penduduk usia 5 tahun ke atas,71.44,% penduduk dalam kelompok,area,urban,,,id_34_pre_split,bps_internet_access_history_province_2017_2024
ID-0000934,18,Lampung,provinsi,2022,Akses rumah tangga,household_internet_pct,Rumah tangga dengan akses internet,86.38,% rumah tangga dalam klasifikasi daerah,area,rural,,,id_34_pre_split,bps_household_internet
ID-0000935,18,Lampung,provinsi,2022,Akses rumah tangga,household_internet_pct,Rumah tangga dengan akses internet,87.9,% rumah tangga dalam klasifikasi daerah,area,total,,,id_34_pre_split,bps_household_internet
ID-0000936,18,Lampung,provinsi,2022,Akses rumah tangga,household_internet_pct,Rumah tangga dengan akses internet,91.22,% rumah tangga dalam klasifikasi daerah,area,urban,,,id_34_pre_split,bps_household_internet
ID-0000937,18,Lampung,provinsi,2022,Kesenjangan gender,internet_access_pct,Akses internet penduduk usia 5 tahun ke atas menurut gender,62.72,% penduduk dalam kelompok,sex,female,,,id_34_pre_split,bps_internet_gender_history_province_2018_2024
ID-0000938,18,Lampung,provinsi,2022,Kesenjangan gender,internet_access_pct,Akses internet penduduk usia 5 tahun ke atas menurut gender,67.57,% penduduk dalam kelompok,sex,male,,,id_34_pre_split,bps_internet_gender_history_province_2018_2024
ID-0000939,18,Lampung,provinsi,2023,Akses internet,internet_access_pct,Akses internet penduduk usia 5 tahun ke atas,67.63,% penduduk dalam kelompok,area,rural,,,id_34_pre_split,bps_internet_access_history_province_2017_2024
ID-0000940,18,Lampung,provinsi,2023,Akses internet,internet_access_pct,Akses internet penduduk usia 5 tahun ke atas,70.68,% penduduk dalam kelompok,area,total,,,id_34_pre_split,bps_internet_access_history_province_2017_2024
ID-0000941,18,Lampung,provinsi,2023,Akses internet,internet_access_pct,Akses internet penduduk usia 5 tahun ke atas,76.8,% penduduk dalam kelompok,area,urban,,,id_34_pre_split,bps_internet_access_history_province_2017_2024
ID-0000942,18,Lampung,provinsi,2023,Akses rumah tangga,household_internet_pct,Rumah tangga dengan akses internet,87.76,% rumah tangga dalam klasifikasi daerah,area,rural,,,id_34_pre_split,bps_household_internet
ID-0000943,18,Lampung,provinsi,2023,Akses rumah tangga,household_internet_pct,Rumah tangga dengan akses internet,88.88,% rumah tangga dalam klasifikasi daerah,area,total,,,id_34_pre_split,bps_household_internet
ID-0000944,18,Lampung,provinsi,2023,Akses rumah tangga,household_internet_pct,Rumah tangga dengan akses internet,91.13,% rumah tangga dalam klasifikasi daerah,area,urban,,,id_34_pre_split,bps_household_internet
ID-0000945,18,Lampung,provinsi,2023,Kesenjangan gender,internet_access_pct,Akses internet penduduk usia 5 tahun ke atas menurut gender,68.7,% penduduk dalam kelompok,sex,female,,,id_34_pre_split,bps_internet_gender_history_province_2018_2024
ID-0000946,18,Lampung,provinsi,2023,Kesenjangan gender,internet_access_pct,Akses internet penduduk usia 5 tahun ke atas menurut gender,72.59,% penduduk dalam kelompok,sex,male,,,id_34_pre_split,bps_internet_gender_history_province_2018_2024
ID-0000947,18,Lampung,provinsi,2023,Komponen pembangunan TIK,fixed_broadband_norm,"Broadband tetap per 100 penduduk, ternormalisasi",0.3,poin 0–10,,,,,id_34_papua_aggregated_2023_2024,bps_iptik_normalized_components_province_2023_2024
ID-0000948,18,Lampung,provinsi,2023,Komponen pembangunan TIK,fixed_telephone_norm,"Telepon tetap per 100 penduduk, ternormalisasi",1.23,poin 0–10,,,,,id_34_papua_aggregated_2023_2024,bps_iptik_normalized_components_province_2023_2024
ID-0000949,18,Lampung,provinsi,2023,Komponen pembangunan TIK,household_computer_norm,"Rumah tangga dengan komputer, ternormalisasi",1.06,poin 0–10,,,,,id_34_papua_aggregated_2023_2024,bps_iptik_normalized_components_province_2023_2024
ID-0000950,18,Lampung,provinsi,2023,Komponen pembangunan TIK,household_internet_norm,"Rumah tangga dengan internet, ternormalisasi",8.89,poin 0–10,,,,,id_34_papua_aggregated_2023_2024,bps_iptik_normalized_components_province_2023_2024
ID-0000951,18,Lampung,provinsi,2023,Komponen pembangunan TIK,individual_internet_norm,"Individu pengguna internet, ternormalisasi",7.07,poin 0–10,,,,,id_34_papua_aggregated_2023_2024,bps_iptik_normalized_components_province_2023_2024
ID-0000952,18,Lampung,provinsi,2023,Komponen pembangunan TIK,international_bandwidth_norm,"Bandwidth internet internasional per pengguna, ternormalisasi",8.02,poin 0–10,,,,,id_34_papua_aggregated_2023_2024,bps_iptik_normalized_components_province_2023_2024
ID-0000953,18,Lampung,provinsi,2023,Komponen pembangunan TIK,mean_years_school_norm,"Rata-rata lama sekolah, ternormalisasi",5.81,poin 0–10,,,,,id_34_papua_aggregated_2023_2024,bps_iptik_normalized_components_province_2023_2024
ID-0000954,18,Lampung,provinsi,2023,Komponen pembangunan TIK,mobile_broadband_norm,"Broadband seluler per 100 penduduk, ternormalisasi",10,poin 0–10,,,,,id_34_papua_aggregated_2023_2024,bps_iptik_normalized_components_province_2023_2024
ID-0000955,18,Lampung,provinsi,2023,Komponen pembangunan TIK,mobile_cellular_norm,"Telepon seluler per 100 penduduk, ternormalisasi",10,poin 0–10,,,,,id_34_papua_aggregated_2023_2024,bps_iptik_normalized_components_province_2023_2024
ID-0000956,18,Lampung,provinsi,2023,Komponen pembangunan TIK,secondary_enrolment_norm,"Partisipasi pendidikan sekunder, ternormalisasi",9.01,poin 0–10,,,,,id_34_papua_aggregated_2023_2024,bps_iptik_normalized_components_province_2023_2024
ID-0000957,18,Lampung,provinsi,2023,Komponen pembangunan TIK,tertiary_enrolment_norm,"Partisipasi pendidikan tinggi, ternormalisasi",2.18,poin 0–10,,,,,id_34_papua_aggregated_2023_2024,bps_iptik_normalized_components_province_2023_2024
ID-0000958,18,Lampung,provinsi,2023,Pembangunan TIK,access_infrastructure_subindex,Subindeks akses dan infrastruktur TIK,5.84,poin 0–10,,,,,id_34_papua_aggregated_2023_2024,bps_iptik_province_2023_2024
ID-0000959,18,Lampung,provinsi,2023,Pembangunan TIK,ict_development_index,Indeks Pembangunan TIK,5.78,poin 0–10,,,,,id_34_papua_aggregated_2023_2024,bps_iptik_province_2023_2024
ID-0000960,18,Lampung,provinsi,2023,Pembangunan TIK,skills_proxy_subindex,Subindeks proksi keahlian TIK,5.67,poin 0–10,,,,,id_34_papua_aggregated_2023_2024,bps_iptik_province_2023_2024
ID-0000961,18,Lampung,provinsi,2023,Pembangunan TIK,use_subindex,Subindeks penggunaan TIK,5.79,poin 0–10,,,,,id_34_papua_aggregated_2023_2024,bps_iptik_province_2023_2024
ID-0000962,18,Lampung,provinsi,2024,Akses internet,internet_access_pct,Akses internet penduduk usia 5 tahun ke atas,71.37,% penduduk dalam kelompok,area,rural,,,id_38_2024,bps_internet_access_history_province_2017_2024
ID-0000963,18,Lampung,provinsi,2024,Akses internet,internet_access_pct,Akses internet penduduk usia 5 tahun ke atas,73.37,% penduduk dalam kelompok,area,total,,,id_38_2024,bps_internet_access_history_province_2017_2024
ID-0000964,18,Lampung,provinsi,2024,Akses internet,internet_access_pct,Akses internet penduduk usia 5 tahun ke atas,77.24,% penduduk dalam kelompok,area,urban,,,id_38_2024,bps_internet_access_history_province_2017_2024
ID-0000965,18,Lampung,provinsi,2024,Akses rumah tangga,household_internet_pct,Rumah tangga dengan akses internet,90.45,% rumah tangga dalam klasifikasi daerah,area,rural,,,id_38_2024,bps_household_internet
ID-0000966,18,Lampung,provinsi,2024,Akses rumah tangga,household_internet_pct,Rumah tangga dengan akses internet,91.57,% rumah tangga dalam klasifikasi daerah,area,total,,,id_38_2024,bps_household_internet
ID-0000967,18,Lampung,provinsi,2024,Akses rumah tangga,household_internet_pct,Rumah tangga dengan akses internet,93.84,% rumah tangga dalam klasifikasi daerah,area,urban,,,id_38_2024,bps_household_internet
ID-0000968,18,Lampung,provinsi,2024,Kesenjangan gender,internet_access_pct,Akses internet penduduk usia 5 tahun ke atas menurut gender,71.39,% penduduk dalam kelompok,sex,female,,,id_38_2024,bps_internet_gender_history_province_2018_2024
ID-0000969,18,Lampung,provinsi,2024,Kesenjangan gender,internet_access_pct,Akses internet penduduk usia 5 tahun ke atas menurut gender,75.27,% penduduk dalam kelompok,sex,male,,,id_38_2024,bps_internet_gender_history_province_2018_2024
ID-0000970,18,Lampung,provinsi,2024,Komponen pembangunan TIK,fixed_broadband_norm,"Broadband tetap per 100 penduduk, ternormalisasi",0.42,poin 0–10,,,,,id_34_papua_aggregated_2023_2024,bps_iptik_normalized_components_province_2023_2024
ID-0000971,18,Lampung,provinsi,2024,Komponen pembangunan TIK,fixed_telephone_norm,"Telepon tetap per 100 penduduk, ternormalisasi",1.37,poin 0–10,,,,,id_34_papua_aggregated_2023_2024,bps_iptik_normalized_components_province_2023_2024
ID-0000972,18,Lampung,provinsi,2024,Komponen pembangunan TIK,household_computer_norm,"Rumah tangga dengan komputer, ternormalisasi",1.09,poin 0–10,,,,,id_34_papua_aggregated_2023_2024,bps_iptik_normalized_components_province_2023_2024
ID-0000973,18,Lampung,provinsi,2024,Komponen pembangunan TIK,household_internet_norm,"Rumah tangga dengan internet, ternormalisasi",9.16,poin 0–10,,,,,id_34_papua_aggregated_2023_2024,bps_iptik_normalized_components_province_2023_2024
ID-0000974,18,Lampung,provinsi,2024,Komponen pembangunan TIK,individual_internet_norm,"Individu pengguna internet, ternormalisasi",7.34,poin 0–10,,,,,id_34_papua_aggregated_2023_2024,bps_iptik_normalized_components_province_2023_2024
ID-0000975,18,Lampung,provinsi,2024,Komponen pembangunan TIK,international_bandwidth_norm,"Bandwidth internet internasional per pengguna, ternormalisasi",8.47,poin 0–10,,,,,id_34_papua_aggregated_2023_2024,bps_iptik_normalized_components_province_2023_2024
ID-0000976,18,Lampung,provinsi,2024,Komponen pembangunan TIK,mean_years_school_norm,"Rata-rata lama sekolah, ternormalisasi",5.86,poin 0–10,,,,,id_34_papua_aggregated_2023_2024,bps_iptik_normalized_components_province_2023_2024
ID-0000977,18,Lampung,provinsi,2024,Komponen pembangunan TIK,mobile_broadband_norm,"Broadband seluler per 100 penduduk, ternormalisasi",10,poin 0–10,,,,,id_34_papua_aggregated_2023_2024,bps_iptik_normalized_components_province_2023_2024
ID-0000978,18,Lampung,provinsi,2024,Komponen pembangunan TIK,mobile_cellular_norm,"Telepon seluler per 100 penduduk, ternormalisasi",10,poin 0–10,,,,,id_34_papua_aggregated_2023_2024,bps_iptik_normalized_components_province_2023_2024
ID-0000979,18,Lampung,provinsi,2024,Komponen pembangunan TIK,secondary_enrolment_norm,"Partisipasi pendidikan sekunder, ternormalisasi",9.02,poin 0–10,,,,,id_34_papua_aggregated_2023_2024,bps_iptik_normalized_components_province_2023_2024
ID-0000980,18,Lampung,provinsi,2024,Komponen pembangunan TIK,tertiary_enrolment_norm,"Partisipasi pendidikan tinggi, ternormalisasi",2.16,poin 0–10,,,,,id_34_papua_aggregated_2023_2024,bps_iptik_normalized_components_province_2023_2024
ID-0000981,18,Lampung,provinsi,2024,Pemanfaatan internet,percentage_users,Tujuan penggunaan internet,13.23,% pengguna internet,area,rural,category,buy_goods_services,id_38_2024,bps_internet_purpose
ID-0000982,18,Lampung,provinsi,2024,Pemanfaatan internet,percentage_users,Tujuan penggunaan internet,6.93,% pengguna internet,area,rural,category,digital_content_creation,id_38_2024,bps_internet_purpose
ID-0000983,18,Lampung,provinsi,2024,Pemanfaatan internet,percentage_users,Tujuan penggunaan internet,6.45,% pengguna internet,area,rural,category,email,id_38_2024,bps_internet_purpose
ID-0000984,18,Lampung,provinsi,2024,Pemanfaatan internet,percentage_users,Tujuan penggunaan internet,82.82,% pengguna internet,area,rural,category,entertainment,id_38_2024,bps_internet_purpose
ID-0000985,18,Lampung,provinsi,2024,Pemanfaatan internet,percentage_users,Tujuan penggunaan internet,3.73,% pengguna internet,area,rural,category,financial_services,id_38_2024,bps_internet_purpose
ID-0000986,18,Lampung,provinsi,2024,Pemanfaatan internet,percentage_users,Tujuan penggunaan internet,18.31,% pengguna internet,area,rural,category,goods_services_information,id_38_2024,bps_internet_purpose
ID-0000987,18,Lampung,provinsi,2024,Pemanfaatan internet,percentage_users,Tujuan penggunaan internet,68.67,% pengguna internet,area,rural,category,news_information,id_38_2024,bps_internet_purpose
ID-0000988,18,Lampung,provinsi,2024,Pemanfaatan internet,percentage_users,Tujuan penggunaan internet,8.71,% pengguna internet,area,rural,category,online_learning,id_38_2024,bps_internet_purpose
ID-0000989,18,Lampung,provinsi,2024,Pemanfaatan internet,percentage_users,Tujuan penggunaan internet,4.81,% pengguna internet,area,rural,category,other,id_38_2024,bps_internet_purpose
ID-0000990,18,Lampung,provinsi,2024,Pemanfaatan internet,percentage_users,Tujuan penggunaan internet,4.61,% pengguna internet,area,rural,category,sell_goods_services,id_38_2024,bps_internet_purpose
ID-0000991,18,Lampung,provinsi,2024,Pemanfaatan internet,percentage_users,Tujuan penggunaan internet,73.89,% pengguna internet,area,rural,category,social_media,id_38_2024,bps_internet_purpose
ID-0000992,18,Lampung,provinsi,2024,Pemanfaatan internet,percentage_users,Tujuan penggunaan internet,0.84,% pengguna internet,area,rural,category,work_from_home,id_38_2024,bps_internet_purpose
ID-0000993,18,Lampung,provinsi,2024,Pemanfaatan internet,percentage_users,Tujuan penggunaan internet,16.58,% pengguna internet,area,total,category,buy_goods_services,id_38_2024,bps_internet_purpose
ID-0000994,18,Lampung,provinsi,2024,Pemanfaatan internet,percentage_users,Tujuan penggunaan internet,7.94,% pengguna internet,area,total,category,digital_content_creation,id_38_2024,bps_internet_purpose
ID-0000995,18,Lampung,provinsi,2024,Pemanfaatan internet,percentage_users,Tujuan penggunaan internet,8.4,% pengguna internet,area,total,category,email,id_38_2024,bps_internet_purpose
ID-0000996,18,Lampung,provinsi,2024,Pemanfaatan internet,percentage_users,Tujuan penggunaan internet,84.55,% pengguna internet,area,total,category,entertainment,id_38_2024,bps_internet_purpose
ID-0000997,18,Lampung,provinsi,2024,Pemanfaatan internet,percentage_users,Tujuan penggunaan internet,6.66,% pengguna internet,area,total,category,financial_services,id_38_2024,bps_internet_purpose
ID-0000998,18,Lampung,provinsi,2024,Pemanfaatan internet,percentage_users,Tujuan penggunaan internet,21.3,% pengguna internet,area,total,category,goods_services_information,id_38_2024,bps_internet_purpose
ID-0000999,18,Lampung,provinsi,2024,Pemanfaatan internet,percentage_users,Tujuan penggunaan internet,71.43,% pengguna internet,area,total,category,news_information,id_38_2024,bps_internet_purpose
ID-0001000,18,Lampung,provinsi,2024,Pemanfaatan internet,percentage_users,Tujuan penggunaan internet,9.52,% pengguna internet,area,total,category,online_learning,id_38_2024,bps_internet_purpose
ID-0001001,18,Lampung,provinsi,2024,Pemanfaatan internet,percentage_users,Tujuan penggunaan internet,4.79,% pengguna internet,area,total,category,other,id_38_2024,bps_internet_purpose
ID-0001002,18,Lampung,provinsi,2024,Pemanfaatan internet,percentage_users,Tujuan penggunaan internet,5.6,% pengguna internet,area,total,category,sell_goods_services,id_38_2024,bps_internet_purpose
ID-0001003,18,Lampung,provinsi,2024,Pemanfaatan internet,percentage_users,Tujuan penggunaan internet,75.98,% pengguna internet,area,total,category,social_media,id_38_2024,bps_internet_purpose
ID-0001004,18,Lampung,provinsi,2024,Pemanfaatan internet,percentage_users,Tujuan penggunaan internet,1.2,% pengguna internet,area,total,category,work_from_home,id_38_2024,bps_internet_purpose
ID-0001005,18,Lampung,provinsi,2024,Pemanfaatan internet,percentage_users,Tujuan penggunaan internet,22.59,% pengguna internet,area,urban,category,buy_goods_services,id_38_2024,bps_internet_purpose
ID-0001006,18,Lampung,provinsi,2024,Pemanfaatan internet,percentage_users,Tujuan penggunaan internet,9.75,% pengguna internet,area,urban,category,digital_content_creation,id_38_2024,bps_internet_purpose
ID-0001007,18,Lampung,provinsi,2024,Pemanfaatan internet,percentage_users,Tujuan penggunaan internet,11.89,% pengguna internet,area,urban,category,email,id_38_2024,bps_internet_purpose
ID-0001008,18,Lampung,provinsi,2024,Pemanfaatan internet,percentage_users,Tujuan penggunaan internet,87.67,% pengguna internet,area,urban,category,entertainment,id_38_2024,bps_internet_purpose
ID-0001009,18,Lampung,provinsi,2024,Pemanfaatan internet,percentage_users,Tujuan penggunaan internet,11.93,% pengguna internet,area,urban,category,financial_services,id_38_2024,bps_internet_purpose
ID-0001010,18,Lampung,provinsi,2024,Pemanfaatan internet,percentage_users,Tujuan penggunaan internet,26.67,% pengguna internet,area,urban,category,goods_services_information,id_38_2024,bps_internet_purpose
ID-0001011,18,Lampung,provinsi,2024,Pemanfaatan internet,percentage_users,Tujuan penggunaan internet,76.39,% pengguna internet,area,urban,category,news_information,id_38_2024,bps_internet_purpose
ID-0001012,18,Lampung,provinsi,2024,Pemanfaatan internet,percentage_users,Tujuan penggunaan internet,10.97,% pengguna internet,area,urban,category,online_learning,id_38_2024,bps_internet_purpose
ID-0001013,18,Lampung,provinsi,2024,Pemanfaatan internet,percentage_users,Tujuan penggunaan internet,4.73,% pengguna internet,area,urban,category,other,id_38_2024,bps_internet_purpose
ID-0001014,18,Lampung,provinsi,2024,Pemanfaatan internet,percentage_users,Tujuan penggunaan internet,7.37,% pengguna internet,area,urban,category,sell_goods_services,id_38_2024,bps_internet_purpose
ID-0001015,18,Lampung,provinsi,2024,Pemanfaatan internet,percentage_users,Tujuan penggunaan internet,79.72,% pengguna internet,area,urban,category,social_media,id_38_2024,bps_internet_purpose
ID-0001016,18,Lampung,provinsi,2024,Pemanfaatan internet,percentage_users,Tujuan penggunaan internet,1.85,% pengguna internet,area,urban,category,work_from_home,id_38_2024,bps_internet_purpose
ID-0001017,18,Lampung,provinsi,2024,Pembangunan TIK,access_infrastructure_subindex,Subindeks akses dan infrastruktur TIK,6.02,poin 0–10,,,,,id_34_papua_aggregated_2023_2024,bps_iptik_province_2023_2024
ID-0001018,18,Lampung,provinsi,2024,Pembangunan TIK,ict_development_index,Indeks Pembangunan TIK,5.91,poin 0–10,,,,,id_34_papua_aggregated_2023_2024,bps_iptik_province_2023_2024
ID-0001019,18,Lampung,provinsi,2024,Pembangunan TIK,skills_proxy_subindex,Subindeks proksi keahlian TIK,5.68,poin 0–10,,,,,id_34_papua_aggregated_2023_2024,bps_iptik_province_2023_2024
ID-0001020,18,Lampung,provinsi,2024,Pembangunan TIK,use_subindex,Subindeks penggunaan TIK,5.92,poin 0–10,,,,,id_34_papua_aggregated_2023_2024,bps_iptik_province_2023_2024
ID-0001021,18,Lampung,provinsi,2024,Perangkat akses,percentage_users,Perangkat yang digunakan untuk mengakses internet,0.88,% pengguna internet,area,rural,category,desktop,id_38_2024,bps_access_device
ID-0001022,18,Lampung,provinsi,2024,Perangkat akses,percentage_users,Perangkat yang digunakan untuk mengakses internet,3.52,% pengguna internet,area,rural,category,laptop_tablet,id_38_2024,bps_access_device
ID-0001023,18,Lampung,provinsi,2024,Perangkat akses,percentage_users,Perangkat yang digunakan untuk mengakses internet,99.51,% pengguna internet,area,rural,category,mobile,id_38_2024,bps_access_device
ID-0001024,18,Lampung,provinsi,2024,Perangkat akses,percentage_users,Perangkat yang digunakan untuk mengakses internet,0.13,% pengguna internet,area,rural,category,other,id_38_2024,bps_access_device
ID-0001025,18,Lampung,provinsi,2024,Perangkat akses,percentage_users,Perangkat yang digunakan untuk mengakses internet,1.45,% pengguna internet,area,total,category,desktop,id_38_2024,bps_access_device
ID-0001026,18,Lampung,provinsi,2024,Perangkat akses,percentage_users,Perangkat yang digunakan untuk mengakses internet,5.78,% pengguna internet,area,total,category,laptop_tablet,id_38_2024,bps_access_device
ID-0001027,18,Lampung,provinsi,2024,Perangkat akses,percentage_users,Perangkat yang digunakan untuk mengakses internet,99.36,% pengguna internet,area,total,category,mobile,id_38_2024,bps_access_device
ID-0001028,18,Lampung,provinsi,2024,Perangkat akses,percentage_users,Perangkat yang digunakan untuk mengakses internet,0.14,% pengguna internet,area,total,category,other,id_38_2024,bps_access_device
ID-0001029,18,Lampung,provinsi,2024,Perangkat akses,percentage_users,Perangkat yang digunakan untuk mengakses internet,2.47,% pengguna internet,area,urban,category,desktop,id_38_2024,bps_access_device
ID-0001030,18,Lampung,provinsi,2024,Perangkat akses,percentage_users,Perangkat yang digunakan untuk mengakses internet,9.83,% pengguna internet,area,urban,category,laptop_tablet,id_38_2024,bps_access_device
ID-0001031,18,Lampung,provinsi,2024,Perangkat akses,percentage_users,Perangkat yang digunakan untuk mengakses internet,99.07,% pengguna internet,area,urban,category,mobile,id_38_2024,bps_access_device
ID-0001032,18,Lampung,provinsi,2024,Perangkat akses,percentage_users,Perangkat yang digunakan untuk mengakses internet,0.15,% pengguna internet,area,urban,category,other,id_38_2024,bps_access_device
ID-0001033,19,Kepulauan Bangka Belitung,provinsi,2017,Akses internet,internet_access_pct,Akses internet penduduk usia 5 tahun ke atas,18.35,% penduduk dalam kelompok,area,rural,,,id_34_pre_split,bps_internet_access_history_province_2017_2024
ID-0001034,19,Kepulauan Bangka Belitung,provinsi,2017,Akses internet,internet_access_pct,Akses internet penduduk usia 5 tahun ke atas,28.86,% penduduk dalam kelompok,area,total,,,id_34_pre_split,bps_internet_access_history_province_2017_2024
ID-0001035,19,Kepulauan Bangka Belitung,provinsi,2017,Akses internet,internet_access_pct,Akses internet penduduk usia 5 tahun ke atas,38.46,% penduduk dalam kelompok,area,urban,,,id_34_pre_split,bps_internet_access_history_province_2017_2024
ID-0001036,19,Kepulauan Bangka Belitung,provinsi,2018,Akses internet,internet_access_pct,Akses internet penduduk usia 5 tahun ke atas,27.72,% penduduk dalam kelompok,area,rural,,,id_34_pre_split,bps_internet_access_history_province_2017_2024
ID-0001037,19,Kepulauan Bangka Belitung,provinsi,2018,Akses internet,internet_access_pct,Akses internet penduduk usia 5 tahun ke atas,37.33,% penduduk dalam kelompok,area,total,,,id_34_pre_split,bps_internet_access_history_province_2017_2024
ID-0001038,19,Kepulauan Bangka Belitung,provinsi,2018,Akses internet,internet_access_pct,Akses internet penduduk usia 5 tahun ke atas,45.58,% penduduk dalam kelompok,area,urban,,,id_34_pre_split,bps_internet_access_history_province_2017_2024
ID-0001039,19,Kepulauan Bangka Belitung,provinsi,2018,Kesenjangan gender,internet_access_pct,Akses internet penduduk usia 5 tahun ke atas menurut gender,35.92,% penduduk dalam kelompok,sex,female,,,id_34_pre_split,bps_internet_gender_history_province_2018_2024
ID-0001040,19,Kepulauan Bangka Belitung,provinsi,2018,Kesenjangan gender,internet_access_pct,Akses internet penduduk usia 5 tahun ke atas menurut gender,38.61,% penduduk dalam kelompok,sex,male,,,id_34_pre_split,bps_internet_gender_history_province_2018_2024
ID-0001041,19,Kepulauan Bangka Belitung,provinsi,2019,Akses internet,internet_access_pct,Akses internet penduduk usia 5 tahun ke atas,36.04,% penduduk dalam kelompok,area,rural,,,id_34_pre_split,bps_internet_access_history_province_2017_2024
ID-0001042,19,Kepulauan Bangka Belitung,provinsi,2019,Akses internet,internet_access_pct,Akses internet penduduk usia 5 tahun ke atas,45.85,% penduduk dalam kelompok,area,total,,,id_34_pre_split,bps_internet_access_history_province_2017_2024
ID-0001043,19,Kepulauan Bangka Belitung,provinsi,2019,Akses internet,internet_access_pct,Akses internet penduduk usia 5 tahun ke atas,53.78,% penduduk dalam kelompok,area,urban,,,id_34_pre_split,bps_internet_access_history_province_2017_2024
ID-0001044,19,Kepulauan Bangka Belitung,provinsi,2019,Kesenjangan gender,internet_access_pct,Akses internet penduduk usia 5 tahun ke atas menurut gender,44.56,% penduduk dalam kelompok,sex,female,,,id_34_pre_split,bps_internet_gender_history_province_2018_2024
ID-0001045,19,Kepulauan Bangka Belitung,provinsi,2019,Kesenjangan gender,internet_access_pct,Akses internet penduduk usia 5 tahun ke atas menurut gender,47.04,% penduduk dalam kelompok,sex,male,,,id_34_pre_split,bps_internet_gender_history_province_2018_2024
ID-0001046,19,Kepulauan Bangka Belitung,provinsi,2020,Akses internet,internet_access_pct,Akses internet penduduk usia 5 tahun ke atas,41.13,% penduduk dalam kelompok,area,rural,,,id_34_pre_split,bps_internet_access_history_province_2017_2024
ID-0001047,19,Kepulauan Bangka Belitung,provinsi,2020,Akses internet,internet_access_pct,Akses internet penduduk usia 5 tahun ke atas,51.78,% penduduk dalam kelompok,area,total,,,id_34_pre_split,bps_internet_access_history_province_2017_2024
ID-0001048,19,Kepulauan Bangka Belitung,provinsi,2020,Akses internet,internet_access_pct,Akses internet penduduk usia 5 tahun ke atas,60.4,% penduduk dalam kelompok,area,urban,,,id_34_pre_split,bps_internet_access_history_province_2017_2024
ID-0001049,19,Kepulauan Bangka Belitung,provinsi,2020,Kesenjangan gender,internet_access_pct,Akses internet penduduk usia 5 tahun ke atas menurut gender,50.27,% penduduk dalam kelompok,sex,female,,,id_34_pre_split,bps_internet_gender_history_province_2018_2024
ID-0001050,19,Kepulauan Bangka Belitung,provinsi,2020,Kesenjangan gender,internet_access_pct,Akses internet penduduk usia 5 tahun ke atas menurut gender,53.18,% penduduk dalam kelompok,sex,male,,,id_34_pre_split,bps_internet_gender_history_province_2018_2024
ID-0001051,19,Kepulauan Bangka Belitung,provinsi,2021,Akses internet,internet_access_pct,Akses internet penduduk usia 5 tahun ke atas,51.66,% penduduk dalam kelompok,area,rural,,,id_34_pre_split,bps_internet_access_history_province_2017_2024
ID-0001052,19,Kepulauan Bangka Belitung,provinsi,2021,Akses internet,internet_access_pct,Akses internet penduduk usia 5 tahun ke atas,60.94,% penduduk dalam kelompok,area,total,,,id_34_pre_split,bps_internet_access_history_province_2017_2024
ID-0001053,19,Kepulauan Bangka Belitung,provinsi,2021,Akses internet,internet_access_pct,Akses internet penduduk usia 5 tahun ke atas,68.06,% penduduk dalam kelompok,area,urban,,,id_34_pre_split,bps_internet_access_history_province_2017_2024
ID-0001054,19,Kepulauan Bangka Belitung,provinsi,2021,Akses rumah tangga,household_internet_pct,Rumah tangga dengan akses internet,78.62,% rumah tangga dalam klasifikasi daerah,area,rural,,,id_34_pre_split,bps_household_internet
ID-0001055,19,Kepulauan Bangka Belitung,provinsi,2021,Akses rumah tangga,household_internet_pct,Rumah tangga dengan akses internet,82.89,% rumah tangga dalam klasifikasi daerah,area,total,,,id_34_pre_split,bps_household_internet
ID-0001056,19,Kepulauan Bangka Belitung,provinsi,2021,Akses rumah tangga,household_internet_pct,Rumah tangga dengan akses internet,86.15,% rumah tangga dalam klasifikasi daerah,area,urban,,,id_34_pre_split,bps_household_internet
ID-0001057,19,Kepulauan Bangka Belitung,provinsi,2021,Kesenjangan gender,internet_access_pct,Akses internet penduduk usia 5 tahun ke atas menurut gender,60.94,% penduduk dalam kelompok,sex,female,,,id_34_pre_split,bps_internet_gender_history_province_2018_2024
ID-0001058,19,Kepulauan Bangka Belitung,provinsi,2021,Kesenjangan gender,internet_access_pct,Akses internet penduduk usia 5 tahun ke atas menurut gender,60.93,% penduduk dalam kelompok,sex,male,,,id_34_pre_split,bps_internet_gender_history_province_2018_2024
ID-0001059,19,Kepulauan Bangka Belitung,provinsi,2021,Literasi digital,digital_literacy_index,Indeks Literasi Digital Kominfo,3.57,poin 1–5,,,,,id_34_pre_split,kominfo_digital_literacy_province_2021
ID-0001060,19,Kepulauan Bangka Belitung,provinsi,2022,Akses internet,internet_access_pct,Akses internet penduduk usia 5 tahun ke atas,62.01,% penduduk dalam kelompok,area,rural,,,id_34_pre_split,bps_internet_access_history_province_2017_2024
ID-0001061,19,Kepulauan Bangka Belitung,provinsi,2022,Akses internet,internet_access_pct,Akses internet penduduk usia 5 tahun ke atas,68.7,% penduduk dalam kelompok,area,total,,,id_34_pre_split,bps_internet_access_history_province_2017_2024
ID-0001062,19,Kepulauan Bangka Belitung,provinsi,2022,Akses internet,internet_access_pct,Akses internet penduduk usia 5 tahun ke atas,73.88,% penduduk dalam kelompok,area,urban,,,id_34_pre_split,bps_internet_access_history_province_2017_2024
ID-0001063,19,Kepulauan Bangka Belitung,provinsi,2022,Akses rumah tangga,household_internet_pct,Rumah tangga dengan akses internet,87.35,% rumah tangga dalam klasifikasi daerah,area,rural,,,id_34_pre_split,bps_household_internet
ID-0001064,19,Kepulauan Bangka Belitung,provinsi,2022,Akses rumah tangga,household_internet_pct,Rumah tangga dengan akses internet,89.81,% rumah tangga dalam klasifikasi daerah,area,total,,,id_34_pre_split,bps_household_internet
ID-0001065,19,Kepulauan Bangka Belitung,provinsi,2022,Akses rumah tangga,household_internet_pct,Rumah tangga dengan akses internet,91.67,% rumah tangga dalam klasifikasi daerah,area,urban,,,id_34_pre_split,bps_household_internet
ID-0001066,19,Kepulauan Bangka Belitung,provinsi,2022,Kesenjangan gender,internet_access_pct,Akses internet penduduk usia 5 tahun ke atas menurut gender,67.71,% penduduk dalam kelompok,sex,female,,,id_34_pre_split,bps_internet_gender_history_province_2018_2024
ID-0001067,19,Kepulauan Bangka Belitung,provinsi,2022,Kesenjangan gender,internet_access_pct,Akses internet penduduk usia 5 tahun ke atas menurut gender,69.63,% penduduk dalam kelompok,sex,male,,,id_34_pre_split,bps_internet_gender_history_province_2018_2024
ID-0001068,19,Kepulauan Bangka Belitung,provinsi,2023,Akses internet,internet_access_pct,Akses internet penduduk usia 5 tahun ke atas,65.04,% penduduk dalam kelompok,area,rural,,,id_34_pre_split,bps_internet_access_history_province_2017_2024
ID-0001069,19,Kepulauan Bangka Belitung,provinsi,2023,Akses internet,internet_access_pct,Akses internet penduduk usia 5 tahun ke atas,72.03,% penduduk dalam kelompok,area,total,,,id_34_pre_split,bps_internet_access_history_province_2017_2024
ID-0001070,19,Kepulauan Bangka Belitung,provinsi,2023,Akses internet,internet_access_pct,Akses internet penduduk usia 5 tahun ke atas,77.12,% penduduk dalam kelompok,area,urban,,,id_34_pre_split,bps_internet_access_history_province_2017_2024
ID-0001071,19,Kepulauan Bangka Belitung,provinsi,2023,Akses rumah tangga,household_internet_pct,Rumah tangga dengan akses internet,90.67,% rumah tangga dalam klasifikasi daerah,area,rural,,,id_34_pre_split,bps_household_internet
ID-0001072,19,Kepulauan Bangka Belitung,provinsi,2023,Akses rumah tangga,household_internet_pct,Rumah tangga dengan akses internet,91.16,% rumah tangga dalam klasifikasi daerah,area,total,,,id_34_pre_split,bps_household_internet
ID-0001073,19,Kepulauan Bangka Belitung,provinsi,2023,Akses rumah tangga,household_internet_pct,Rumah tangga dengan akses internet,91.49,% rumah tangga dalam klasifikasi daerah,area,urban,,,id_34_pre_split,bps_household_internet
ID-0001074,19,Kepulauan Bangka Belitung,provinsi,2023,Kesenjangan gender,internet_access_pct,Akses internet penduduk usia 5 tahun ke atas menurut gender,71.62,% penduduk dalam kelompok,sex,female,,,id_34_pre_split,bps_internet_gender_history_province_2018_2024
ID-0001075,19,Kepulauan Bangka Belitung,provinsi,2023,Kesenjangan gender,internet_access_pct,Akses internet penduduk usia 5 tahun ke atas menurut gender,72.41,% penduduk dalam kelompok,sex,male,,,id_34_pre_split,bps_internet_gender_history_province_2018_2024
ID-0001076,19,Kepulauan Bangka Belitung,provinsi,2023,Komponen pembangunan TIK,fixed_broadband_norm,"Broadband tetap per 100 penduduk, ternormalisasi",0.73,poin 0–10,,,,,id_34_papua_aggregated_2023_2024,bps_iptik_normalized_components_province_2023_2024
ID-0001077,19,Kepulauan Bangka Belitung,provinsi,2023,Komponen pembangunan TIK,fixed_telephone_norm,"Telepon tetap per 100 penduduk, ternormalisasi",1.77,poin 0–10,,,,,id_34_papua_aggregated_2023_2024,bps_iptik_normalized_components_province_2023_2024
ID-0001078,19,Kepulauan Bangka Belitung,provinsi,2023,Komponen pembangunan TIK,household_computer_norm,"Rumah tangga dengan komputer, ternormalisasi",1.96,poin 0–10,,,,,id_34_papua_aggregated_2023_2024,bps_iptik_normalized_components_province_2023_2024
ID-0001079,19,Kepulauan Bangka Belitung,provinsi,2023,Komponen pembangunan TIK,household_internet_norm,"Rumah tangga dengan internet, ternormalisasi",9.12,poin 0–10,,,,,id_34_papua_aggregated_2023_2024,bps_iptik_normalized_components_province_2023_2024
ID-0001080,19,Kepulauan Bangka Belitung,provinsi,2023,Komponen pembangunan TIK,individual_internet_norm,"Individu pengguna internet, ternormalisasi",7.2,poin 0–10,,,,,id_34_papua_aggregated_2023_2024,bps_iptik_normalized_components_province_2023_2024
ID-0001081,19,Kepulauan Bangka Belitung,provinsi,2023,Komponen pembangunan TIK,international_bandwidth_norm,"Bandwidth internet internasional per pengguna, ternormalisasi",7.96,poin 0–10,,,,,id_34_papua_aggregated_2023_2024,bps_iptik_normalized_components_province_2023_2024
ID-0001082,19,Kepulauan Bangka Belitung,provinsi,2023,Komponen pembangunan TIK,mean_years_school_norm,"Rata-rata lama sekolah, ternormalisasi",5.77,poin 0–10,,,,,id_34_papua_aggregated_2023_2024,bps_iptik_normalized_components_province_2023_2024
ID-0001083,19,Kepulauan Bangka Belitung,provinsi,2023,Komponen pembangunan TIK,mobile_broadband_norm,"Broadband seluler per 100 penduduk, ternormalisasi",10,poin 0–10,,,,,id_34_papua_aggregated_2023_2024,bps_iptik_normalized_components_province_2023_2024
ID-0001084,19,Kepulauan Bangka Belitung,provinsi,2023,Komponen pembangunan TIK,mobile_cellular_norm,"Telepon seluler per 100 penduduk, ternormalisasi",10,poin 0–10,,,,,id_34_papua_aggregated_2023_2024,bps_iptik_normalized_components_province_2023_2024
ID-0001085,19,Kepulauan Bangka Belitung,provinsi,2023,Komponen pembangunan TIK,secondary_enrolment_norm,"Partisipasi pendidikan sekunder, ternormalisasi",8.84,poin 0–10,,,,,id_34_papua_aggregated_2023_2024,bps_iptik_normalized_components_province_2023_2024
ID-0001086,19,Kepulauan Bangka Belitung,provinsi,2023,Komponen pembangunan TIK,tertiary_enrolment_norm,"Partisipasi pendidikan tinggi, ternormalisasi",1.8,poin 0–10,,,,,id_34_papua_aggregated_2023_2024,bps_iptik_normalized_components_province_2023_2024
ID-0001087,19,Kepulauan Bangka Belitung,provinsi,2023,Pembangunan TIK,access_infrastructure_subindex,Subindeks akses dan infrastruktur TIK,6.16,poin 0–10,,,,,id_34_papua_aggregated_2023_2024,bps_iptik_province_2023_2024
ID-0001088,19,Kepulauan Bangka Belitung,provinsi,2023,Pembangunan TIK,ict_development_index,Indeks Pembangunan TIK,5.95,poin 0–10,,,,,id_34_papua_aggregated_2023_2024,bps_iptik_province_2023_2024
ID-0001089,19,Kepulauan Bangka Belitung,provinsi,2023,Pembangunan TIK,skills_proxy_subindex,Subindeks proksi keahlian TIK,5.47,poin 0–10,,,,,id_34_papua_aggregated_2023_2024,bps_iptik_province_2023_2024
ID-0001090,19,Kepulauan Bangka Belitung,provinsi,2023,Pembangunan TIK,use_subindex,Subindeks penggunaan TIK,5.98,poin 0–10,,,,,id_34_papua_aggregated_2023_2024,bps_iptik_province_2023_2024
ID-0001091,19,Kepulauan Bangka Belitung,provinsi,2024,Akses internet,internet_access_pct,Akses internet penduduk usia 5 tahun ke atas,70.41,% penduduk dalam kelompok,area,rural,,,id_38_2024,bps_internet_access_history_province_2017_2024
ID-0001092,19,Kepulauan Bangka Belitung,provinsi,2024,Akses internet,internet_access_pct,Akses internet penduduk usia 5 tahun ke atas,76.06,% penduduk dalam kelompok,area,total,,,id_38_2024,bps_internet_access_history_province_2017_2024
ID-0001093,19,Kepulauan Bangka Belitung,provinsi,2024,Akses internet,internet_access_pct,Akses internet penduduk usia 5 tahun ke atas,80.08,% penduduk dalam kelompok,area,urban,,,id_38_2024,bps_internet_access_history_province_2017_2024
ID-0001094,19,Kepulauan Bangka Belitung,provinsi,2024,Akses rumah tangga,household_internet_pct,Rumah tangga dengan akses internet,90.77,% rumah tangga dalam klasifikasi daerah,area,rural,,,id_38_2024,bps_household_internet
ID-0001095,19,Kepulauan Bangka Belitung,provinsi,2024,Akses rumah tangga,household_internet_pct,Rumah tangga dengan akses internet,92.14,% rumah tangga dalam klasifikasi daerah,area,total,,,id_38_2024,bps_household_internet
ID-0001096,19,Kepulauan Bangka Belitung,provinsi,2024,Akses rumah tangga,household_internet_pct,Rumah tangga dengan akses internet,93.09,% rumah tangga dalam klasifikasi daerah,area,urban,,,id_38_2024,bps_household_internet
ID-0001097,19,Kepulauan Bangka Belitung,provinsi,2024,Kesenjangan gender,internet_access_pct,Akses internet penduduk usia 5 tahun ke atas menurut gender,75.06,% penduduk dalam kelompok,sex,female,,,id_38_2024,bps_internet_gender_history_province_2018_2024
ID-0001098,19,Kepulauan Bangka Belitung,provinsi,2024,Kesenjangan gender,internet_access_pct,Akses internet penduduk usia 5 tahun ke atas menurut gender,77.03,% penduduk dalam kelompok,sex,male,,,id_38_2024,bps_internet_gender_history_province_2018_2024
ID-0001099,19,Kepulauan Bangka Belitung,provinsi,2024,Komponen pembangunan TIK,fixed_broadband_norm,"Broadband tetap per 100 penduduk, ternormalisasi",1.24,poin 0–10,,,,,id_34_papua_aggregated_2023_2024,bps_iptik_normalized_components_province_2023_2024
ID-0001100,19,Kepulauan Bangka Belitung,provinsi,2024,Komponen pembangunan TIK,fixed_telephone_norm,"Telepon tetap per 100 penduduk, ternormalisasi",1.01,poin 0–10,,,,,id_34_papua_aggregated_2023_2024,bps_iptik_normalized_components_province_2023_2024
ID-0001101,19,Kepulauan Bangka Belitung,provinsi,2024,Komponen pembangunan TIK,household_computer_norm,"Rumah tangga dengan komputer, ternormalisasi",1.93,poin 0–10,,,,,id_34_papua_aggregated_2023_2024,bps_iptik_normalized_components_province_2023_2024
ID-0001102,19,Kepulauan Bangka Belitung,provinsi,2024,Komponen pembangunan TIK,household_internet_norm,"Rumah tangga dengan internet, ternormalisasi",9.21,poin 0–10,,,,,id_34_papua_aggregated_2023_2024,bps_iptik_normalized_components_province_2023_2024
ID-0001103,19,Kepulauan Bangka Belitung,provinsi,2024,Komponen pembangunan TIK,individual_internet_norm,"Individu pengguna internet, ternormalisasi",7.61,poin 0–10,,,,,id_34_papua_aggregated_2023_2024,bps_iptik_normalized_components_province_2023_2024
ID-0001104,19,Kepulauan Bangka Belitung,provinsi,2024,Komponen pembangunan TIK,international_bandwidth_norm,"Bandwidth internet internasional per pengguna, ternormalisasi",8.39,poin 0–10,,,,,id_34_papua_aggregated_2023_2024,bps_iptik_normalized_components_province_2023_2024
ID-0001105,19,Kepulauan Bangka Belitung,provinsi,2024,Komponen pembangunan TIK,mean_years_school_norm,"Rata-rata lama sekolah, ternormalisasi",5.85,poin 0–10,,,,,id_34_papua_aggregated_2023_2024,bps_iptik_normalized_components_province_2023_2024
ID-0001106,19,Kepulauan Bangka Belitung,provinsi,2024,Komponen pembangunan TIK,mobile_broadband_norm,"Broadband seluler per 100 penduduk, ternormalisasi",10,poin 0–10,,,,,id_34_papua_aggregated_2023_2024,bps_iptik_normalized_components_province_2023_2024
ID-0001107,19,Kepulauan Bangka Belitung,provinsi,2024,Komponen pembangunan TIK,mobile_cellular_norm,"Telepon seluler per 100 penduduk, ternormalisasi",10,poin 0–10,,,,,id_34_papua_aggregated_2023_2024,bps_iptik_normalized_components_province_2023_2024
ID-0001108,19,Kepulauan Bangka Belitung,provinsi,2024,Komponen pembangunan TIK,secondary_enrolment_norm,"Partisipasi pendidikan sekunder, ternormalisasi",8.78,poin 0–10,,,,,id_34_papua_aggregated_2023_2024,bps_iptik_normalized_components_province_2023_2024
ID-0001109,19,Kepulauan Bangka Belitung,provinsi,2024,Komponen pembangunan TIK,tertiary_enrolment_norm,"Partisipasi pendidikan tinggi, ternormalisasi",1.97,poin 0–10,,,,,id_34_papua_aggregated_2023_2024,bps_iptik_normalized_components_province_2023_2024
ID-0001110,19,Kepulauan Bangka Belitung,provinsi,2024,Pemanfaatan internet,percentage_users,Tujuan penggunaan internet,26.72,% pengguna internet,area,rural,category,buy_goods_services,id_38_2024,bps_internet_purpose
ID-0001111,19,Kepulauan Bangka Belitung,provinsi,2024,Pemanfaatan internet,percentage_users,Tujuan penggunaan internet,6.83,% pengguna internet,area,rural,category,digital_content_creation,id_38_2024,bps_internet_purpose
ID-0001112,19,Kepulauan Bangka Belitung,provinsi,2024,Pemanfaatan internet,percentage_users,Tujuan penggunaan internet,7.91,% pengguna internet,area,rural,category,email,id_38_2024,bps_internet_purpose
ID-0001113,19,Kepulauan Bangka Belitung,provinsi,2024,Pemanfaatan internet,percentage_users,Tujuan penggunaan internet,91.81,% pengguna internet,area,rural,category,entertainment,id_38_2024,bps_internet_purpose
ID-0001114,19,Kepulauan Bangka Belitung,provinsi,2024,Pemanfaatan internet,percentage_users,Tujuan penggunaan internet,4.79,% pengguna internet,area,rural,category,financial_services,id_38_2024,bps_internet_purpose
ID-0001115,19,Kepulauan Bangka Belitung,provinsi,2024,Pemanfaatan internet,percentage_users,Tujuan penggunaan internet,29.38,% pengguna internet,area,rural,category,goods_services_information,id_38_2024,bps_internet_purpose
ID-0001116,19,Kepulauan Bangka Belitung,provinsi,2024,Pemanfaatan internet,percentage_users,Tujuan penggunaan internet,74.09,% pengguna internet,area,rural,category,news_information,id_38_2024,bps_internet_purpose
ID-0001117,19,Kepulauan Bangka Belitung,provinsi,2024,Pemanfaatan internet,percentage_users,Tujuan penggunaan internet,8.07,% pengguna internet,area,rural,category,online_learning,id_38_2024,bps_internet_purpose
ID-0001118,19,Kepulauan Bangka Belitung,provinsi,2024,Pemanfaatan internet,percentage_users,Tujuan penggunaan internet,4.63,% pengguna internet,area,rural,category,other,id_38_2024,bps_internet_purpose
ID-0001119,19,Kepulauan Bangka Belitung,provinsi,2024,Pemanfaatan internet,percentage_users,Tujuan penggunaan internet,3.66,% pengguna internet,area,rural,category,sell_goods_services,id_38_2024,bps_internet_purpose
ID-0001120,19,Kepulauan Bangka Belitung,provinsi,2024,Pemanfaatan internet,percentage_users,Tujuan penggunaan internet,94.56,% pengguna internet,area,rural,category,social_media,id_38_2024,bps_internet_purpose
ID-0001121,19,Kepulauan Bangka Belitung,provinsi,2024,Pemanfaatan internet,percentage_users,Tujuan penggunaan internet,0.65,% pengguna internet,area,rural,category,work_from_home,id_38_2024,bps_internet_purpose
ID-0001122,19,Kepulauan Bangka Belitung,provinsi,2024,Pemanfaatan internet,percentage_users,Tujuan penggunaan internet,30.34,% pengguna internet,area,total,category,buy_goods_services,id_38_2024,bps_internet_purpose
ID-0001123,19,Kepulauan Bangka Belitung,provinsi,2024,Pemanfaatan internet,percentage_users,Tujuan penggunaan internet,7.51,% pengguna internet,area,total,category,digital_content_creation,id_38_2024,bps_internet_purpose
ID-0001124,19,Kepulauan Bangka Belitung,provinsi,2024,Pemanfaatan internet,percentage_users,Tujuan penggunaan internet,10.8,% pengguna internet,area,total,category,email,id_38_2024,bps_internet_purpose
ID-0001125,19,Kepulauan Bangka Belitung,provinsi,2024,Pemanfaatan internet,percentage_users,Tujuan penggunaan internet,91.89,% pengguna internet,area,total,category,entertainment,id_38_2024,bps_internet_purpose
ID-0001126,19,Kepulauan Bangka Belitung,provinsi,2024,Pemanfaatan internet,percentage_users,Tujuan penggunaan internet,10.67,% pengguna internet,area,total,category,financial_services,id_38_2024,bps_internet_purpose
ID-0001127,19,Kepulauan Bangka Belitung,provinsi,2024,Pemanfaatan internet,percentage_users,Tujuan penggunaan internet,32.75,% pengguna internet,area,total,category,goods_services_information,id_38_2024,bps_internet_purpose
ID-0001128,19,Kepulauan Bangka Belitung,provinsi,2024,Pemanfaatan internet,percentage_users,Tujuan penggunaan internet,77.88,% pengguna internet,area,total,category,news_information,id_38_2024,bps_internet_purpose
ID-0001129,19,Kepulauan Bangka Belitung,provinsi,2024,Pemanfaatan internet,percentage_users,Tujuan penggunaan internet,8.92,% pengguna internet,area,total,category,online_learning,id_38_2024,bps_internet_purpose
ID-0001130,19,Kepulauan Bangka Belitung,provinsi,2024,Pemanfaatan internet,percentage_users,Tujuan penggunaan internet,3.32,% pengguna internet,area,total,category,other,id_38_2024,bps_internet_purpose
ID-0001131,19,Kepulauan Bangka Belitung,provinsi,2024,Pemanfaatan internet,percentage_users,Tujuan penggunaan internet,5.11,% pengguna internet,area,total,category,sell_goods_services,id_38_2024,bps_internet_purpose
ID-0001132,19,Kepulauan Bangka Belitung,provinsi,2024,Pemanfaatan internet,percentage_users,Tujuan penggunaan internet,96.13,% pengguna internet,area,total,category,social_media,id_38_2024,bps_internet_purpose
ID-0001133,19,Kepulauan Bangka Belitung,provinsi,2024,Pemanfaatan internet,percentage_users,Tujuan penggunaan internet,1.2,% pengguna internet,area,total,category,work_from_home,id_38_2024,bps_internet_purpose
ID-0001134,19,Kepulauan Bangka Belitung,provinsi,2024,Pemanfaatan internet,percentage_users,Tujuan penggunaan internet,32.59,% pengguna internet,area,urban,category,buy_goods_services,id_38_2024,bps_internet_purpose
ID-0001135,19,Kepulauan Bangka Belitung,provinsi,2024,Pemanfaatan internet,percentage_users,Tujuan penggunaan internet,7.94,% pengguna internet,area,urban,category,digital_content_creation,id_38_2024,bps_internet_purpose
ID-0001136,19,Kepulauan Bangka Belitung,provinsi,2024,Pemanfaatan internet,percentage_users,Tujuan penggunaan internet,12.59,% pengguna internet,area,urban,category,email,id_38_2024,bps_internet_purpose
ID-0001137,19,Kepulauan Bangka Belitung,provinsi,2024,Pemanfaatan internet,percentage_users,Tujuan penggunaan internet,91.95,% pengguna internet,area,urban,category,entertainment,id_38_2024,bps_internet_purpose
ID-0001138,19,Kepulauan Bangka Belitung,provinsi,2024,Pemanfaatan internet,percentage_users,Tujuan penggunaan internet,14.34,% pengguna internet,area,urban,category,financial_services,id_38_2024,bps_internet_purpose
ID-0001139,19,Kepulauan Bangka Belitung,provinsi,2024,Pemanfaatan internet,percentage_users,Tujuan penggunaan internet,34.86,% pengguna internet,area,urban,category,goods_services_information,id_38_2024,bps_internet_purpose
ID-0001140,19,Kepulauan Bangka Belitung,provinsi,2024,Pemanfaatan internet,percentage_users,Tujuan penggunaan internet,80.25,% pengguna internet,area,urban,category,news_information,id_38_2024,bps_internet_purpose
ID-0001141,19,Kepulauan Bangka Belitung,provinsi,2024,Pemanfaatan internet,percentage_users,Tujuan penggunaan internet,9.45,% pengguna internet,area,urban,category,online_learning,id_38_2024,bps_internet_purpose
ID-0001142,19,Kepulauan Bangka Belitung,provinsi,2024,Pemanfaatan internet,percentage_users,Tujuan penggunaan internet,2.51,% pengguna internet,area,urban,category,other,id_38_2024,bps_internet_purpose
ID-0001143,19,Kepulauan Bangka Belitung,provinsi,2024,Pemanfaatan internet,percentage_users,Tujuan penggunaan internet,6.02,% pengguna internet,area,urban,category,sell_goods_services,id_38_2024,bps_internet_purpose
ID-0001144,19,Kepulauan Bangka Belitung,provinsi,2024,Pemanfaatan internet,percentage_users,Tujuan penggunaan internet,97.11,% pengguna internet,area,urban,category,social_media,id_38_2024,bps_internet_purpose
ID-0001145,19,Kepulauan Bangka Belitung,provinsi,2024,Pemanfaatan internet,percentage_users,Tujuan penggunaan internet,1.53,% pengguna internet,area,urban,category,work_from_home,id_38_2024,bps_internet_purpose
ID-0001146,19,Kepulauan Bangka Belitung,provinsi,2024,Pembangunan TIK,access_infrastructure_subindex,Subindeks akses dan infrastruktur TIK,6.11,poin 0–10,,,,,id_34_papua_aggregated_2023_2024,bps_iptik_province_2023_2024
ID-0001147,19,Kepulauan Bangka Belitung,provinsi,2024,Pembangunan TIK,ict_development_index,Indeks Pembangunan TIK,6.06,poin 0–10,,,,,id_34_papua_aggregated_2023_2024,bps_iptik_province_2023_2024
ID-0001148,19,Kepulauan Bangka Belitung,provinsi,2024,Pembangunan TIK,skills_proxy_subindex,Subindeks proksi keahlian TIK,5.54,poin 0–10,,,,,id_34_papua_aggregated_2023_2024,bps_iptik_province_2023_2024
ID-0001149,19,Kepulauan Bangka Belitung,provinsi,2024,Pembangunan TIK,use_subindex,Subindeks penggunaan TIK,6.28,poin 0–10,,,,,id_34_papua_aggregated_2023_2024,bps_iptik_province_2023_2024
ID-0001150,19,Kepulauan Bangka Belitung,provinsi,2024,Perangkat akses,percentage_users,Perangkat yang digunakan untuk mengakses internet,0.9,% pengguna internet,area,rural,category,desktop,id_38_2024,bps_access_device
ID-0001151,19,Kepulauan Bangka Belitung,provinsi,2024,Perangkat akses,percentage_users,Perangkat yang digunakan untuk mengakses internet,4.2,% pengguna internet,area,rural,category,laptop_tablet,id_38_2024,bps_access_device
ID-0001152,19,Kepulauan Bangka Belitung,provinsi,2024,Perangkat akses,percentage_users,Perangkat yang digunakan untuk mengakses internet,99.72,% pengguna internet,area,rural,category,mobile,id_38_2024,bps_access_device
ID-0001153,19,Kepulauan Bangka Belitung,provinsi,2024,Perangkat akses,percentage_users,Perangkat yang digunakan untuk mengakses internet,0.05,% pengguna internet,area,rural,category,other,id_38_2024,bps_access_device
ID-0001154,19,Kepulauan Bangka Belitung,provinsi,2024,Perangkat akses,percentage_users,Perangkat yang digunakan untuk mengakses internet,2.2,% pengguna internet,area,total,category,desktop,id_38_2024,bps_access_device
ID-0001155,19,Kepulauan Bangka Belitung,provinsi,2024,Perangkat akses,percentage_users,Perangkat yang digunakan untuk mengakses internet,8.65,% pengguna internet,area,total,category,laptop_tablet,id_38_2024,bps_access_device
ID-0001156,19,Kepulauan Bangka Belitung,provinsi,2024,Perangkat akses,percentage_users,Perangkat yang digunakan untuk mengakses internet,99.33,% pengguna internet,area,total,category,mobile,id_38_2024,bps_access_device
ID-0001157,19,Kepulauan Bangka Belitung,provinsi,2024,Perangkat akses,percentage_users,Perangkat yang digunakan untuk mengakses internet,0.21,% pengguna internet,area,total,category,other,id_38_2024,bps_access_device
ID-0001158,19,Kepulauan Bangka Belitung,provinsi,2024,Perangkat akses,percentage_users,Perangkat yang digunakan untuk mengakses internet,3.01,% pengguna internet,area,urban,category,desktop,id_38_2024,bps_access_device
ID-0001159,19,Kepulauan Bangka Belitung,provinsi,2024,Perangkat akses,percentage_users,Perangkat yang digunakan untuk mengakses internet,11.42,% pengguna internet,area,urban,category,laptop_tablet,id_38_2024,bps_access_device
ID-0001160,19,Kepulauan Bangka Belitung,provinsi,2024,Perangkat akses,percentage_users,Perangkat yang digunakan untuk mengakses internet,99.09,% pengguna internet,area,urban,category,mobile,id_38_2024,bps_access_device
ID-0001161,19,Kepulauan Bangka Belitung,provinsi,2024,Perangkat akses,percentage_users,Perangkat yang digunakan untuk mengakses internet,0.32,% pengguna internet,area,urban,category,other,id_38_2024,bps_access_device
ID-0001162,21,Kepulauan Riau,provinsi,2017,Akses internet,internet_access_pct,Akses internet penduduk usia 5 tahun ke atas,22.79,% penduduk dalam kelompok,area,rural,,,id_34_pre_split,bps_internet_access_history_province_2017_2024
ID-0001163,21,Kepulauan Riau,provinsi,2017,Akses internet,internet_access_pct,Akses internet penduduk usia 5 tahun ke atas,48.35,% penduduk dalam kelompok,area,total,,,id_34_pre_split,bps_internet_access_history_province_2017_2024
ID-0001164,21,Kepulauan Riau,provinsi,2017,Akses internet,internet_access_pct,Akses internet penduduk usia 5 tahun ke atas,52.89,% penduduk dalam kelompok,area,urban,,,id_34_pre_split,bps_internet_access_history_province_2017_2024
ID-0001165,21,Kepulauan Riau,provinsi,2018,Akses internet,internet_access_pct,Akses internet penduduk usia 5 tahun ke atas,30.25,% penduduk dalam kelompok,area,rural,,,id_34_pre_split,bps_internet_access_history_province_2017_2024
ID-0001166,21,Kepulauan Riau,provinsi,2018,Akses internet,internet_access_pct,Akses internet penduduk usia 5 tahun ke atas,53.74,% penduduk dalam kelompok,area,total,,,id_34_pre_split,bps_internet_access_history_province_2017_2024
ID-0001167,21,Kepulauan Riau,provinsi,2018,Akses internet,internet_access_pct,Akses internet penduduk usia 5 tahun ke atas,57.69,% penduduk dalam kelompok,area,urban,,,id_34_pre_split,bps_internet_access_history_province_2017_2024
ID-0001168,21,Kepulauan Riau,provinsi,2018,Kesenjangan gender,internet_access_pct,Akses internet penduduk usia 5 tahun ke atas menurut gender,51.45,% penduduk dalam kelompok,sex,female,,,id_34_pre_split,bps_internet_gender_history_province_2018_2024
ID-0001169,21,Kepulauan Riau,provinsi,2018,Kesenjangan gender,internet_access_pct,Akses internet penduduk usia 5 tahun ke atas menurut gender,55.97,% penduduk dalam kelompok,sex,male,,,id_34_pre_split,bps_internet_gender_history_province_2018_2024
ID-0001170,21,Kepulauan Riau,provinsi,2019,Akses internet,internet_access_pct,Akses internet penduduk usia 5 tahun ke atas,38.42,% penduduk dalam kelompok,area,rural,,,id_34_pre_split,bps_internet_access_history_province_2017_2024
ID-0001171,21,Kepulauan Riau,provinsi,2019,Akses internet,internet_access_pct,Akses internet penduduk usia 5 tahun ke atas,65.02,% penduduk dalam kelompok,area,total,,,id_34_pre_split,bps_internet_access_history_province_2017_2024
ID-0001172,21,Kepulauan Riau,provinsi,2019,Akses internet,internet_access_pct,Akses internet penduduk usia 5 tahun ke atas,68.06,% penduduk dalam kelompok,area,urban,,,id_34_pre_split,bps_internet_access_history_province_2017_2024
ID-0001173,21,Kepulauan Riau,provinsi,2019,Kesenjangan gender,internet_access_pct,Akses internet penduduk usia 5 tahun ke atas menurut gender,63.02,% penduduk dalam kelompok,sex,female,,,id_34_pre_split,bps_internet_gender_history_province_2018_2024
ID-0001174,21,Kepulauan Riau,provinsi,2019,Kesenjangan gender,internet_access_pct,Akses internet penduduk usia 5 tahun ke atas menurut gender,66.96,% penduduk dalam kelompok,sex,male,,,id_34_pre_split,bps_internet_gender_history_province_2018_2024
ID-0001175,21,Kepulauan Riau,provinsi,2020,Akses internet,internet_access_pct,Akses internet penduduk usia 5 tahun ke atas,44.73,% penduduk dalam kelompok,area,rural,,,id_34_pre_split,bps_internet_access_history_province_2017_2024
ID-0001176,21,Kepulauan Riau,provinsi,2020,Akses internet,internet_access_pct,Akses internet penduduk usia 5 tahun ke atas,67.72,% penduduk dalam kelompok,area,total,,,id_34_pre_split,bps_internet_access_history_province_2017_2024
ID-0001177,21,Kepulauan Riau,provinsi,2020,Akses internet,internet_access_pct,Akses internet penduduk usia 5 tahun ke atas,70.32,% penduduk dalam kelompok,area,urban,,,id_34_pre_split,bps_internet_access_history_province_2017_2024
ID-0001178,21,Kepulauan Riau,provinsi,2020,Kesenjangan gender,internet_access_pct,Akses internet penduduk usia 5 tahun ke atas menurut gender,66.06,% penduduk dalam kelompok,sex,female,,,id_34_pre_split,bps_internet_gender_history_province_2018_2024
ID-0001179,21,Kepulauan Riau,provinsi,2020,Kesenjangan gender,internet_access_pct,Akses internet penduduk usia 5 tahun ke atas menurut gender,69.31,% penduduk dalam kelompok,sex,male,,,id_34_pre_split,bps_internet_gender_history_province_2018_2024
ID-0001180,21,Kepulauan Riau,provinsi,2021,Akses internet,internet_access_pct,Akses internet penduduk usia 5 tahun ke atas,52.35,% penduduk dalam kelompok,area,rural,,,id_34_pre_split,bps_internet_access_history_province_2017_2024
ID-0001181,21,Kepulauan Riau,provinsi,2021,Akses internet,internet_access_pct,Akses internet penduduk usia 5 tahun ke atas,81.03,% penduduk dalam kelompok,area,total,,,id_34_pre_split,bps_internet_access_history_province_2017_2024
ID-0001182,21,Kepulauan Riau,provinsi,2021,Akses internet,internet_access_pct,Akses internet penduduk usia 5 tahun ke atas,83.39,% penduduk dalam kelompok,area,urban,,,id_34_pre_split,bps_internet_access_history_province_2017_2024
ID-0001183,21,Kepulauan Riau,provinsi,2021,Akses rumah tangga,household_internet_pct,Rumah tangga dengan akses internet,76.33,% rumah tangga dalam klasifikasi daerah,area,rural,,,id_34_pre_split,bps_household_internet
ID-0001184,21,Kepulauan Riau,provinsi,2021,Akses rumah tangga,household_internet_pct,Rumah tangga dengan akses internet,93.79,% rumah tangga dalam klasifikasi daerah,area,total,,,id_34_pre_split,bps_household_internet
ID-0001185,21,Kepulauan Riau,provinsi,2021,Akses rumah tangga,household_internet_pct,Rumah tangga dengan akses internet,95.21,% rumah tangga dalam klasifikasi daerah,area,urban,,,id_34_pre_split,bps_household_internet
ID-0001186,21,Kepulauan Riau,provinsi,2021,Kesenjangan gender,internet_access_pct,Akses internet penduduk usia 5 tahun ke atas menurut gender,80.71,% penduduk dalam kelompok,sex,female,,,id_34_pre_split,bps_internet_gender_history_province_2018_2024
ID-0001187,21,Kepulauan Riau,provinsi,2021,Kesenjangan gender,internet_access_pct,Akses internet penduduk usia 5 tahun ke atas menurut gender,81.36,% penduduk dalam kelompok,sex,male,,,id_34_pre_split,bps_internet_gender_history_province_2018_2024
ID-0001188,21,Kepulauan Riau,provinsi,2021,Literasi digital,digital_literacy_index,Indeks Literasi Digital Kominfo,3.68,poin 1–5,,,,,id_34_pre_split,kominfo_digital_literacy_province_2021
ID-0001189,21,Kepulauan Riau,provinsi,2022,Akses internet,internet_access_pct,Akses internet penduduk usia 5 tahun ke atas,94.95,% penduduk dalam kelompok,area,rural,,,id_34_pre_split,bps_internet_access_history_province_2017_2024
ID-0001190,21,Kepulauan Riau,provinsi,2022,Akses internet,internet_access_pct,Akses internet penduduk usia 5 tahun ke atas,82.4,% penduduk dalam kelompok,area,total,,,id_34_pre_split,bps_internet_access_history_province_2017_2024
ID-0001191,21,Kepulauan Riau,provinsi,2022,Akses internet,internet_access_pct,Akses internet penduduk usia 5 tahun ke atas,85,% penduduk dalam kelompok,area,urban,,,id_34_pre_split,bps_internet_access_history_province_2017_2024
ID-0001192,21,Kepulauan Riau,provinsi,2022,Akses rumah tangga,household_internet_pct,Rumah tangga dengan akses internet,84.07,% rumah tangga dalam klasifikasi daerah,area,rural,,,id_34_pre_split,bps_household_internet
ID-0001193,21,Kepulauan Riau,provinsi,2022,Akses rumah tangga,household_internet_pct,Rumah tangga dengan akses internet,95.26,% rumah tangga dalam klasifikasi daerah,area,total,,,id_34_pre_split,bps_household_internet
ID-0001194,21,Kepulauan Riau,provinsi,2022,Akses rumah tangga,household_internet_pct,Rumah tangga dengan akses internet,96.59,% rumah tangga dalam klasifikasi daerah,area,urban,,,id_34_pre_split,bps_household_internet
ID-0001195,21,Kepulauan Riau,provinsi,2022,Kesenjangan gender,internet_access_pct,Akses internet penduduk usia 5 tahun ke atas menurut gender,81.35,% penduduk dalam kelompok,sex,female,,,id_34_pre_split,bps_internet_gender_history_province_2018_2024
ID-0001196,21,Kepulauan Riau,provinsi,2022,Kesenjangan gender,internet_access_pct,Akses internet penduduk usia 5 tahun ke atas menurut gender,83.44,% penduduk dalam kelompok,sex,male,,,id_34_pre_split,bps_internet_gender_history_province_2018_2024
ID-0001197,21,Kepulauan Riau,provinsi,2023,Akses internet,internet_access_pct,Akses internet penduduk usia 5 tahun ke atas,63.07,% penduduk dalam kelompok,area,rural,,,id_34_pre_split,bps_internet_access_history_province_2017_2024
ID-0001198,21,Kepulauan Riau,provinsi,2023,Akses internet,internet_access_pct,Akses internet penduduk usia 5 tahun ke atas,86.71,% penduduk dalam kelompok,area,total,,,id_34_pre_split,bps_internet_access_history_province_2017_2024
ID-0001199,21,Kepulauan Riau,provinsi,2023,Akses internet,internet_access_pct,Akses internet penduduk usia 5 tahun ke atas,89.85,% penduduk dalam kelompok,area,urban,,,id_34_pre_split,bps_internet_access_history_province_2017_2024
ID-0001200,21,Kepulauan Riau,provinsi,2023,Akses rumah tangga,household_internet_pct,Rumah tangga dengan akses internet,88.06,% rumah tangga dalam klasifikasi daerah,area,rural,,,id_34_pre_split,bps_household_internet
ID-0001201,21,Kepulauan Riau,provinsi,2023,Akses rumah tangga,household_internet_pct,Rumah tangga dengan akses internet,95.98,% rumah tangga dalam klasifikasi daerah,area,total,,,id_34_pre_split,bps_household_internet
ID-0001202,21,Kepulauan Riau,provinsi,2023,Akses rumah tangga,household_internet_pct,Rumah tangga dengan akses internet,96.99,% rumah tangga dalam klasifikasi daerah,area,urban,,,id_34_pre_split,bps_household_internet
ID-0001203,21,Kepulauan Riau,provinsi,2023,Kesenjangan gender,internet_access_pct,Akses internet penduduk usia 5 tahun ke atas menurut gender,85.97,% penduduk dalam kelompok,sex,female,,,id_34_pre_split,bps_internet_gender_history_province_2018_2024
ID-0001204,21,Kepulauan Riau,provinsi,2023,Kesenjangan gender,internet_access_pct,Akses internet penduduk usia 5 tahun ke atas menurut gender,87.43,% penduduk dalam kelompok,sex,male,,,id_34_pre_split,bps_internet_gender_history_province_2018_2024
ID-0001205,21,Kepulauan Riau,provinsi,2023,Komponen pembangunan TIK,fixed_broadband_norm,"Broadband tetap per 100 penduduk, ternormalisasi",1.6,poin 0–10,,,,,id_34_papua_aggregated_2023_2024,bps_iptik_normalized_components_province_2023_2024
ID-0001206,21,Kepulauan Riau,provinsi,2023,Komponen pembangunan TIK,fixed_telephone_norm,"Telepon tetap per 100 penduduk, ternormalisasi",3.13,poin 0–10,,,,,id_34_papua_aggregated_2023_2024,bps_iptik_normalized_components_province_2023_2024
ID-0001207,21,Kepulauan Riau,provinsi,2023,Komponen pembangunan TIK,household_computer_norm,"Rumah tangga dengan komputer, ternormalisasi",3.15,poin 0–10,,,,,id_34_papua_aggregated_2023_2024,bps_iptik_normalized_components_province_2023_2024
ID-0001208,21,Kepulauan Riau,provinsi,2023,Komponen pembangunan TIK,household_internet_norm,"Rumah tangga dengan internet, ternormalisasi",9.6,poin 0–10,,,,,id_34_papua_aggregated_2023_2024,bps_iptik_normalized_components_province_2023_2024
ID-0001209,21,Kepulauan Riau,provinsi,2023,Komponen pembangunan TIK,individual_internet_norm,"Individu pengguna internet, ternormalisasi",8.67,poin 0–10,,,,,id_34_papua_aggregated_2023_2024,bps_iptik_normalized_components_province_2023_2024
ID-0001210,21,Kepulauan Riau,provinsi,2023,Komponen pembangunan TIK,international_bandwidth_norm,"Bandwidth internet internasional per pengguna, ternormalisasi",7.73,poin 0–10,,,,,id_34_papua_aggregated_2023_2024,bps_iptik_normalized_components_province_2023_2024
ID-0001211,21,Kepulauan Riau,provinsi,2023,Komponen pembangunan TIK,mean_years_school_norm,"Rata-rata lama sekolah, ternormalisasi",7.01,poin 0–10,,,,,id_34_papua_aggregated_2023_2024,bps_iptik_normalized_components_province_2023_2024
ID-0001212,21,Kepulauan Riau,provinsi,2023,Komponen pembangunan TIK,mobile_broadband_norm,"Broadband seluler per 100 penduduk, ternormalisasi",10,poin 0–10,,,,,id_34_papua_aggregated_2023_2024,bps_iptik_normalized_components_province_2023_2024
ID-0001213,21,Kepulauan Riau,provinsi,2023,Komponen pembangunan TIK,mobile_cellular_norm,"Telepon seluler per 100 penduduk, ternormalisasi",10,poin 0–10,,,,,id_34_papua_aggregated_2023_2024,bps_iptik_normalized_components_province_2023_2024
ID-0001214,21,Kepulauan Riau,provinsi,2023,Komponen pembangunan TIK,secondary_enrolment_norm,"Partisipasi pendidikan sekunder, ternormalisasi",9.16,poin 0–10,,,,,id_34_papua_aggregated_2023_2024,bps_iptik_normalized_components_province_2023_2024
ID-0001215,21,Kepulauan Riau,provinsi,2023,Komponen pembangunan TIK,tertiary_enrolment_norm,"Partisipasi pendidikan tinggi, ternormalisasi",2.84,poin 0–10,,,,,id_34_papua_aggregated_2023_2024,bps_iptik_normalized_components_province_2023_2024
ID-0001216,21,Kepulauan Riau,provinsi,2023,Pembangunan TIK,access_infrastructure_subindex,Subindeks akses dan infrastruktur TIK,6.72,poin 0–10,,,,,id_34_papua_aggregated_2023_2024,bps_iptik_province_2023_2024
ID-0001217,21,Kepulauan Riau,provinsi,2023,Pembangunan TIK,ict_development_index,Indeks Pembangunan TIK,6.66,poin 0–10,,,,,id_34_papua_aggregated_2023_2024,bps_iptik_province_2023_2024
ID-0001218,21,Kepulauan Riau,provinsi,2023,Pembangunan TIK,skills_proxy_subindex,Subindeks proksi keahlian TIK,6.34,poin 0–10,,,,,id_34_papua_aggregated_2023_2024,bps_iptik_province_2023_2024
ID-0001219,21,Kepulauan Riau,provinsi,2023,Pembangunan TIK,use_subindex,Subindeks penggunaan TIK,6.76,poin 0–10,,,,,id_34_papua_aggregated_2023_2024,bps_iptik_province_2023_2024
ID-0001220,21,Kepulauan Riau,provinsi,2024,Akses internet,internet_access_pct,Akses internet penduduk usia 5 tahun ke atas,69.66,% penduduk dalam kelompok,area,rural,,,id_38_2024,bps_internet_access_history_province_2017_2024
ID-0001221,21,Kepulauan Riau,provinsi,2024,Akses internet,internet_access_pct,Akses internet penduduk usia 5 tahun ke atas,89.26,% penduduk dalam kelompok,area,total,,,id_38_2024,bps_internet_access_history_province_2017_2024
ID-0001222,21,Kepulauan Riau,provinsi,2024,Akses internet,internet_access_pct,Akses internet penduduk usia 5 tahun ke atas,91.52,% penduduk dalam kelompok,area,urban,,,id_38_2024,bps_internet_access_history_province_2017_2024
ID-0001223,21,Kepulauan Riau,provinsi,2024,Akses rumah tangga,household_internet_pct,Rumah tangga dengan akses internet,87.65,% rumah tangga dalam klasifikasi daerah,area,rural,,,id_38_2024,bps_household_internet
ID-0001224,21,Kepulauan Riau,provinsi,2024,Akses rumah tangga,household_internet_pct,Rumah tangga dengan akses internet,97.57,% rumah tangga dalam klasifikasi daerah,area,total,,,id_38_2024,bps_household_internet
ID-0001225,21,Kepulauan Riau,provinsi,2024,Akses rumah tangga,household_internet_pct,Rumah tangga dengan akses internet,98.68,% rumah tangga dalam klasifikasi daerah,area,urban,,,id_38_2024,bps_household_internet
ID-0001226,21,Kepulauan Riau,provinsi,2024,Kesenjangan gender,internet_access_pct,Akses internet penduduk usia 5 tahun ke atas menurut gender,88.41,% penduduk dalam kelompok,sex,female,,,id_38_2024,bps_internet_gender_history_province_2018_2024
ID-0001227,21,Kepulauan Riau,provinsi,2024,Kesenjangan gender,internet_access_pct,Akses internet penduduk usia 5 tahun ke atas menurut gender,90.08,% penduduk dalam kelompok,sex,male,,,id_38_2024,bps_internet_gender_history_province_2018_2024
ID-0001228,21,Kepulauan Riau,provinsi,2024,Komponen pembangunan TIK,fixed_broadband_norm,"Broadband tetap per 100 penduduk, ternormalisasi",2.1,poin 0–10,,,,,id_34_papua_aggregated_2023_2024,bps_iptik_normalized_components_province_2023_2024
ID-0001229,21,Kepulauan Riau,provinsi,2024,Komponen pembangunan TIK,fixed_telephone_norm,"Telepon tetap per 100 penduduk, ternormalisasi",2.69,poin 0–10,,,,,id_34_papua_aggregated_2023_2024,bps_iptik_normalized_components_province_2023_2024
ID-0001230,21,Kepulauan Riau,provinsi,2024,Komponen pembangunan TIK,household_computer_norm,"Rumah tangga dengan komputer, ternormalisasi",3.04,poin 0–10,,,,,id_34_papua_aggregated_2023_2024,bps_iptik_normalized_components_province_2023_2024
ID-0001231,21,Kepulauan Riau,provinsi,2024,Komponen pembangunan TIK,household_internet_norm,"Rumah tangga dengan internet, ternormalisasi",9.76,poin 0–10,,,,,id_34_papua_aggregated_2023_2024,bps_iptik_normalized_components_province_2023_2024
ID-0001232,21,Kepulauan Riau,provinsi,2024,Komponen pembangunan TIK,individual_internet_norm,"Individu pengguna internet, ternormalisasi",8.93,poin 0–10,,,,,id_34_papua_aggregated_2023_2024,bps_iptik_normalized_components_province_2023_2024
ID-0001233,21,Kepulauan Riau,provinsi,2024,Komponen pembangunan TIK,international_bandwidth_norm,"Bandwidth internet internasional per pengguna, ternormalisasi",8.17,poin 0–10,,,,,id_34_papua_aggregated_2023_2024,bps_iptik_normalized_components_province_2023_2024
ID-0001234,21,Kepulauan Riau,provinsi,2024,Komponen pembangunan TIK,mean_years_school_norm,"Rata-rata lama sekolah, ternormalisasi",7.1,poin 0–10,,,,,id_34_papua_aggregated_2023_2024,bps_iptik_normalized_components_province_2023_2024
ID-0001235,21,Kepulauan Riau,provinsi,2024,Komponen pembangunan TIK,mobile_broadband_norm,"Broadband seluler per 100 penduduk, ternormalisasi",10,poin 0–10,,,,,id_34_papua_aggregated_2023_2024,bps_iptik_normalized_components_province_2023_2024
ID-0001236,21,Kepulauan Riau,provinsi,2024,Komponen pembangunan TIK,mobile_cellular_norm,"Telepon seluler per 100 penduduk, ternormalisasi",10,poin 0–10,,,,,id_34_papua_aggregated_2023_2024,bps_iptik_normalized_components_province_2023_2024
ID-0001237,21,Kepulauan Riau,provinsi,2024,Komponen pembangunan TIK,secondary_enrolment_norm,"Partisipasi pendidikan sekunder, ternormalisasi",9.43,poin 0–10,,,,,id_34_papua_aggregated_2023_2024,bps_iptik_normalized_components_province_2023_2024
ID-0001238,21,Kepulauan Riau,provinsi,2024,Komponen pembangunan TIK,tertiary_enrolment_norm,"Partisipasi pendidikan tinggi, ternormalisasi",3.04,poin 0–10,,,,,id_34_papua_aggregated_2023_2024,bps_iptik_normalized_components_province_2023_2024
ID-0001239,21,Kepulauan Riau,provinsi,2024,Pemanfaatan internet,percentage_users,Tujuan penggunaan internet,13.43,% pengguna internet,area,rural,category,buy_goods_services,id_38_2024,bps_internet_purpose
ID-0001240,21,Kepulauan Riau,provinsi,2024,Pemanfaatan internet,percentage_users,Tujuan penggunaan internet,3.54,% pengguna internet,area,rural,category,digital_content_creation,id_38_2024,bps_internet_purpose
ID-0001241,21,Kepulauan Riau,provinsi,2024,Pemanfaatan internet,percentage_users,Tujuan penggunaan internet,7.73,% pengguna internet,area,rural,category,email,id_38_2024,bps_internet_purpose
ID-0001242,21,Kepulauan Riau,provinsi,2024,Pemanfaatan internet,percentage_users,Tujuan penggunaan internet,87.29,% pengguna internet,area,rural,category,entertainment,id_38_2024,bps_internet_purpose
ID-0001243,21,Kepulauan Riau,provinsi,2024,Pemanfaatan internet,percentage_users,Tujuan penggunaan internet,5.65,% pengguna internet,area,rural,category,financial_services,id_38_2024,bps_internet_purpose
ID-0001244,21,Kepulauan Riau,provinsi,2024,Pemanfaatan internet,percentage_users,Tujuan penggunaan internet,13.96,% pengguna internet,area,rural,category,goods_services_information,id_38_2024,bps_internet_purpose
ID-0001245,21,Kepulauan Riau,provinsi,2024,Pemanfaatan internet,percentage_users,Tujuan penggunaan internet,75.86,% pengguna internet,area,rural,category,news_information,id_38_2024,bps_internet_purpose
ID-0001246,21,Kepulauan Riau,provinsi,2024,Pemanfaatan internet,percentage_users,Tujuan penggunaan internet,7.53,% pengguna internet,area,rural,category,online_learning,id_38_2024,bps_internet_purpose
ID-0001247,21,Kepulauan Riau,provinsi,2024,Pemanfaatan internet,percentage_users,Tujuan penggunaan internet,8.47,% pengguna internet,area,rural,category,other,id_38_2024,bps_internet_purpose
ID-0001248,21,Kepulauan Riau,provinsi,2024,Pemanfaatan internet,percentage_users,Tujuan penggunaan internet,2.63,% pengguna internet,area,rural,category,sell_goods_services,id_38_2024,bps_internet_purpose
ID-0001249,21,Kepulauan Riau,provinsi,2024,Pemanfaatan internet,percentage_users,Tujuan penggunaan internet,76.41,% pengguna internet,area,rural,category,social_media,id_38_2024,bps_internet_purpose
ID-0001250,21,Kepulauan Riau,provinsi,2024,Pemanfaatan internet,percentage_users,Tujuan penggunaan internet,1.29,% pengguna internet,area,rural,category,work_from_home,id_38_2024,bps_internet_purpose
ID-0001251,21,Kepulauan Riau,provinsi,2024,Pemanfaatan internet,percentage_users,Tujuan penggunaan internet,23.11,% pengguna internet,area,total,category,buy_goods_services,id_38_2024,bps_internet_purpose
ID-0001252,21,Kepulauan Riau,provinsi,2024,Pemanfaatan internet,percentage_users,Tujuan penggunaan internet,1.7,% pengguna internet,area,total,category,digital_content_creation,id_38_2024,bps_internet_purpose
ID-0001253,21,Kepulauan Riau,provinsi,2024,Pemanfaatan internet,percentage_users,Tujuan penggunaan internet,17.48,% pengguna internet,area,total,category,email,id_38_2024,bps_internet_purpose
ID-0001254,21,Kepulauan Riau,provinsi,2024,Pemanfaatan internet,percentage_users,Tujuan penggunaan internet,89.53,% pengguna internet,area,total,category,entertainment,id_38_2024,bps_internet_purpose
ID-0001255,21,Kepulauan Riau,provinsi,2024,Pemanfaatan internet,percentage_users,Tujuan penggunaan internet,20.48,% pengguna internet,area,total,category,financial_services,id_38_2024,bps_internet_purpose
ID-0001256,21,Kepulauan Riau,provinsi,2024,Pemanfaatan internet,percentage_users,Tujuan penggunaan internet,23.49,% pengguna internet,area,total,category,goods_services_information,id_38_2024,bps_internet_purpose
ID-0001257,21,Kepulauan Riau,provinsi,2024,Pemanfaatan internet,percentage_users,Tujuan penggunaan internet,80.24,% pengguna internet,area,total,category,news_information,id_38_2024,bps_internet_purpose
ID-0001258,21,Kepulauan Riau,provinsi,2024,Pemanfaatan internet,percentage_users,Tujuan penggunaan internet,10.41,% pengguna internet,area,total,category,online_learning,id_38_2024,bps_internet_purpose
ID-0001259,21,Kepulauan Riau,provinsi,2024,Pemanfaatan internet,percentage_users,Tujuan penggunaan internet,4.27,% pengguna internet,area,total,category,other,id_38_2024,bps_internet_purpose
ID-0001260,21,Kepulauan Riau,provinsi,2024,Pemanfaatan internet,percentage_users,Tujuan penggunaan internet,6.23,% pengguna internet,area,total,category,sell_goods_services,id_38_2024,bps_internet_purpose
ID-0001261,21,Kepulauan Riau,provinsi,2024,Pemanfaatan internet,percentage_users,Tujuan penggunaan internet,79.07,% pengguna internet,area,total,category,social_media,id_38_2024,bps_internet_purpose
ID-0001262,21,Kepulauan Riau,provinsi,2024,Pemanfaatan internet,percentage_users,Tujuan penggunaan internet,2.05,% pengguna internet,area,total,category,work_from_home,id_38_2024,bps_internet_purpose
ID-0001263,21,Kepulauan Riau,provinsi,2024,Pemanfaatan internet,percentage_users,Tujuan penggunaan internet,23.96,% pengguna internet,area,urban,category,buy_goods_services,id_38_2024,bps_internet_purpose
ID-0001264,21,Kepulauan Riau,provinsi,2024,Pemanfaatan internet,percentage_users,Tujuan penggunaan internet,1.54,% pengguna internet,area,urban,category,digital_content_creation,id_38_2024,bps_internet_purpose
ID-0001265,21,Kepulauan Riau,provinsi,2024,Pemanfaatan internet,percentage_users,Tujuan penggunaan internet,18.34,% pengguna internet,area,urban,category,email,id_38_2024,bps_internet_purpose
ID-0001266,21,Kepulauan Riau,provinsi,2024,Pemanfaatan internet,percentage_users,Tujuan penggunaan internet,89.73,% pengguna internet,area,urban,category,entertainment,id_38_2024,bps_internet_purpose
ID-0001267,21,Kepulauan Riau,provinsi,2024,Pemanfaatan internet,percentage_users,Tujuan penggunaan internet,21.78,% pengguna internet,area,urban,category,financial_services,id_38_2024,bps_internet_purpose
ID-0001268,21,Kepulauan Riau,provinsi,2024,Pemanfaatan internet,percentage_users,Tujuan penggunaan internet,24.33,% pengguna internet,area,urban,category,goods_services_information,id_38_2024,bps_internet_purpose
ID-0001269,21,Kepulauan Riau,provinsi,2024,Pemanfaatan internet,percentage_users,Tujuan penggunaan internet,80.62,% pengguna internet,area,urban,category,news_information,id_38_2024,bps_internet_purpose
ID-0001270,21,Kepulauan Riau,provinsi,2024,Pemanfaatan internet,percentage_users,Tujuan penggunaan internet,10.66,% pengguna internet,area,urban,category,online_learning,id_38_2024,bps_internet_purpose
ID-0001271,21,Kepulauan Riau,provinsi,2024,Pemanfaatan internet,percentage_users,Tujuan penggunaan internet,3.9,% pengguna internet,area,urban,category,other,id_38_2024,bps_internet_purpose
ID-0001272,21,Kepulauan Riau,provinsi,2024,Pemanfaatan internet,percentage_users,Tujuan penggunaan internet,6.54,% pengguna internet,area,urban,category,sell_goods_services,id_38_2024,bps_internet_purpose
ID-0001273,21,Kepulauan Riau,provinsi,2024,Pemanfaatan internet,percentage_users,Tujuan penggunaan internet,79.3,% pengguna internet,area,urban,category,social_media,id_38_2024,bps_internet_purpose
ID-0001274,21,Kepulauan Riau,provinsi,2024,Pemanfaatan internet,percentage_users,Tujuan penggunaan internet,2.11,% pengguna internet,area,urban,category,work_from_home,id_38_2024,bps_internet_purpose
ID-0001275,21,Kepulauan Riau,provinsi,2024,Pembangunan TIK,access_infrastructure_subindex,Subindeks akses dan infrastruktur TIK,6.73,poin 0–10,,,,,id_34_papua_aggregated_2023_2024,bps_iptik_province_2023_2024
ID-0001276,21,Kepulauan Riau,provinsi,2024,Pembangunan TIK,ict_development_index,Indeks Pembangunan TIK,6.8,poin 0–10,,,,,id_34_papua_aggregated_2023_2024,bps_iptik_province_2023_2024
ID-0001277,21,Kepulauan Riau,provinsi,2024,Pembangunan TIK,skills_proxy_subindex,Subindeks proksi keahlian TIK,6.52,poin 0–10,,,,,id_34_papua_aggregated_2023_2024,bps_iptik_province_2023_2024
ID-0001278,21,Kepulauan Riau,provinsi,2024,Pembangunan TIK,use_subindex,Subindeks penggunaan TIK,7.01,poin 0–10,,,,,id_34_papua_aggregated_2023_2024,bps_iptik_province_2023_2024
ID-0001279,21,Kepulauan Riau,provinsi,2024,Perangkat akses,percentage_users,Perangkat yang digunakan untuk mengakses internet,0.53,% pengguna internet,area,rural,category,desktop,id_38_2024,bps_access_device
ID-0001280,21,Kepulauan Riau,provinsi,2024,Perangkat akses,percentage_users,Perangkat yang digunakan untuk mengakses internet,5.51,% pengguna internet,area,rural,category,laptop_tablet,id_38_2024,bps_access_device
ID-0001281,21,Kepulauan Riau,provinsi,2024,Perangkat akses,percentage_users,Perangkat yang digunakan untuk mengakses internet,99.78,% pengguna internet,area,rural,category,mobile,id_38_2024,bps_access_device
ID-0001282,21,Kepulauan Riau,provinsi,2024,Perangkat akses,percentage_users,Perangkat yang digunakan untuk mengakses internet,0.11,% pengguna internet,area,rural,category,other,id_38_2024,bps_access_device
ID-0001283,21,Kepulauan Riau,provinsi,2024,Perangkat akses,percentage_users,Perangkat yang digunakan untuk mengakses internet,3.85,% pengguna internet,area,total,category,desktop,id_38_2024,bps_access_device
ID-0001284,21,Kepulauan Riau,provinsi,2024,Perangkat akses,percentage_users,Perangkat yang digunakan untuk mengakses internet,14.3,% pengguna internet,area,total,category,laptop_tablet,id_38_2024,bps_access_device
ID-0001285,21,Kepulauan Riau,provinsi,2024,Perangkat akses,percentage_users,Perangkat yang digunakan untuk mengakses internet,98.39,% pengguna internet,area,total,category,mobile,id_38_2024,bps_access_device
ID-0001286,21,Kepulauan Riau,provinsi,2024,Perangkat akses,percentage_users,Perangkat yang digunakan untuk mengakses internet,1.12,% pengguna internet,area,total,category,other,id_38_2024,bps_access_device
ID-0001287,21,Kepulauan Riau,provinsi,2024,Perangkat akses,percentage_users,Perangkat yang digunakan untuk mengakses internet,4.14,% pengguna internet,area,urban,category,desktop,id_38_2024,bps_access_device
ID-0001288,21,Kepulauan Riau,provinsi,2024,Perangkat akses,percentage_users,Perangkat yang digunakan untuk mengakses internet,15.07,% pengguna internet,area,urban,category,laptop_tablet,id_38_2024,bps_access_device
ID-0001289,21,Kepulauan Riau,provinsi,2024,Perangkat akses,percentage_users,Perangkat yang digunakan untuk mengakses internet,98.27,% pengguna internet,area,urban,category,mobile,id_38_2024,bps_access_device
ID-0001290,21,Kepulauan Riau,provinsi,2024,Perangkat akses,percentage_users,Perangkat yang digunakan untuk mengakses internet,1.21,% pengguna internet,area,urban,category,other,id_38_2024,bps_access_device
ID-0001291,31,DKI Jakarta,provinsi,2017,Akses internet,internet_access_pct,Akses internet penduduk usia 5 tahun ke atas,60.65,% penduduk dalam kelompok,area,total,,,id_34_pre_split,bps_internet_access_history_province_2017_2024
ID-0001292,31,DKI Jakarta,provinsi,2017,Akses internet,internet_access_pct,Akses internet penduduk usia 5 tahun ke atas,60.65,% penduduk dalam kelompok,area,urban,,,id_34_pre_split,bps_internet_access_history_province_2017_2024
ID-0001293,31,DKI Jakarta,provinsi,2018,Akses internet,internet_access_pct,Akses internet penduduk usia 5 tahun ke atas,65.89,% penduduk dalam kelompok,area,total,,,id_34_pre_split,bps_internet_access_history_province_2017_2024
ID-0001294,31,DKI Jakarta,provinsi,2018,Akses internet,internet_access_pct,Akses internet penduduk usia 5 tahun ke atas,65.89,% penduduk dalam kelompok,area,urban,,,id_34_pre_split,bps_internet_access_history_province_2017_2024
ID-0001295,31,DKI Jakarta,provinsi,2018,Kesenjangan gender,internet_access_pct,Akses internet penduduk usia 5 tahun ke atas menurut gender,62.83,% penduduk dalam kelompok,sex,female,,,id_34_pre_split,bps_internet_gender_history_province_2018_2024
ID-0001296,31,DKI Jakarta,provinsi,2018,Kesenjangan gender,internet_access_pct,Akses internet penduduk usia 5 tahun ke atas menurut gender,68.95,% penduduk dalam kelompok,sex,male,,,id_34_pre_split,bps_internet_gender_history_province_2018_2024
ID-0001297,31,DKI Jakarta,provinsi,2019,Akses internet,internet_access_pct,Akses internet penduduk usia 5 tahun ke atas,73.46,% penduduk dalam kelompok,area,total,,,id_34_pre_split,bps_internet_access_history_province_2017_2024
ID-0001298,31,DKI Jakarta,provinsi,2019,Akses internet,internet_access_pct,Akses internet penduduk usia 5 tahun ke atas,73.46,% penduduk dalam kelompok,area,urban,,,id_34_pre_split,bps_internet_access_history_province_2017_2024
ID-0001299,31,DKI Jakarta,provinsi,2019,Kesenjangan gender,internet_access_pct,Akses internet penduduk usia 5 tahun ke atas menurut gender,70.74,% penduduk dalam kelompok,sex,female,,,id_34_pre_split,bps_internet_gender_history_province_2018_2024
ID-0001300,31,DKI Jakarta,provinsi,2019,Kesenjangan gender,internet_access_pct,Akses internet penduduk usia 5 tahun ke atas menurut gender,76.17,% penduduk dalam kelompok,sex,male,,,id_34_pre_split,bps_internet_gender_history_province_2018_2024
ID-0001301,31,DKI Jakarta,provinsi,2020,Akses internet,internet_access_pct,Akses internet penduduk usia 5 tahun ke atas,77.61,% penduduk dalam kelompok,area,total,,,id_34_pre_split,bps_internet_access_history_province_2017_2024
ID-0001302,31,DKI Jakarta,provinsi,2020,Akses internet,internet_access_pct,Akses internet penduduk usia 5 tahun ke atas,77.61,% penduduk dalam kelompok,area,urban,,,id_34_pre_split,bps_internet_access_history_province_2017_2024
ID-0001303,31,DKI Jakarta,provinsi,2020,Kesenjangan gender,internet_access_pct,Akses internet penduduk usia 5 tahun ke atas menurut gender,75.2,% penduduk dalam kelompok,sex,female,,,id_34_pre_split,bps_internet_gender_history_province_2018_2024
ID-0001304,31,DKI Jakarta,provinsi,2020,Kesenjangan gender,internet_access_pct,Akses internet penduduk usia 5 tahun ke atas menurut gender,80.03,% penduduk dalam kelompok,sex,male,,,id_34_pre_split,bps_internet_gender_history_province_2018_2024
ID-0001305,31,DKI Jakarta,provinsi,2021,Akses internet,internet_access_pct,Akses internet penduduk usia 5 tahun ke atas,85.55,% penduduk dalam kelompok,area,total,,,id_34_pre_split,bps_internet_access_history_province_2017_2024
ID-0001306,31,DKI Jakarta,provinsi,2021,Akses internet,internet_access_pct,Akses internet penduduk usia 5 tahun ke atas,85.55,% penduduk dalam kelompok,area,urban,,,id_34_pre_split,bps_internet_access_history_province_2017_2024
ID-0001307,31,DKI Jakarta,provinsi,2021,Akses rumah tangga,household_internet_pct,Rumah tangga dengan akses internet,95.44,% rumah tangga dalam klasifikasi daerah,area,total,,,id_34_pre_split,bps_household_internet
ID-0001308,31,DKI Jakarta,provinsi,2021,Akses rumah tangga,household_internet_pct,Rumah tangga dengan akses internet,95.44,% rumah tangga dalam klasifikasi daerah,area,urban,,,id_34_pre_split,bps_household_internet
ID-0001309,31,DKI Jakarta,provinsi,2021,Kesenjangan gender,internet_access_pct,Akses internet penduduk usia 5 tahun ke atas menurut gender,82.82,% penduduk dalam kelompok,sex,female,,,id_34_pre_split,bps_internet_gender_history_province_2018_2024
ID-0001310,31,DKI Jakarta,provinsi,2021,Kesenjangan gender,internet_access_pct,Akses internet penduduk usia 5 tahun ke atas menurut gender,88.31,% penduduk dalam kelompok,sex,male,,,id_34_pre_split,bps_internet_gender_history_province_2018_2024
ID-0001311,31,DKI Jakarta,provinsi,2021,Literasi digital,digital_literacy_index,Indeks Literasi Digital Kominfo,3.51,poin 1–5,,,,,id_34_pre_split,kominfo_digital_literacy_province_2021
ID-0001312,31,DKI Jakarta,provinsi,2022,Akses internet,internet_access_pct,Akses internet penduduk usia 5 tahun ke atas,84.65,% penduduk dalam kelompok,area,total,,,id_34_pre_split,bps_internet_access_history_province_2017_2024
ID-0001313,31,DKI Jakarta,provinsi,2022,Akses internet,internet_access_pct,Akses internet penduduk usia 5 tahun ke atas,84.65,% penduduk dalam kelompok,area,urban,,,id_34_pre_split,bps_internet_access_history_province_2017_2024
ID-0001314,31,DKI Jakarta,provinsi,2022,Akses rumah tangga,household_internet_pct,Rumah tangga dengan akses internet,95.39,% rumah tangga dalam klasifikasi daerah,area,total,,,id_34_pre_split,bps_household_internet
ID-0001315,31,DKI Jakarta,provinsi,2022,Akses rumah tangga,household_internet_pct,Rumah tangga dengan akses internet,95.39,% rumah tangga dalam klasifikasi daerah,area,urban,,,id_34_pre_split,bps_household_internet
ID-0001316,31,DKI Jakarta,provinsi,2022,Kesenjangan gender,internet_access_pct,Akses internet penduduk usia 5 tahun ke atas menurut gender,82.18,% penduduk dalam kelompok,sex,female,,,id_34_pre_split,bps_internet_gender_history_province_2018_2024
ID-0001317,31,DKI Jakarta,provinsi,2022,Kesenjangan gender,internet_access_pct,Akses internet penduduk usia 5 tahun ke atas menurut gender,87.1,% penduduk dalam kelompok,sex,male,,,id_34_pre_split,bps_internet_gender_history_province_2018_2024
ID-0001318,31,DKI Jakarta,provinsi,2023,Akses internet,internet_access_pct,Akses internet penduduk usia 5 tahun ke atas,86.5,% penduduk dalam kelompok,area,total,,,id_34_pre_split,bps_internet_access_history_province_2017_2024
ID-0001319,31,DKI Jakarta,provinsi,2023,Akses internet,internet_access_pct,Akses internet penduduk usia 5 tahun ke atas,86.5,% penduduk dalam kelompok,area,urban,,,id_34_pre_split,bps_internet_access_history_province_2017_2024
ID-0001320,31,DKI Jakarta,provinsi,2023,Akses rumah tangga,household_internet_pct,Rumah tangga dengan akses internet,98.08,% rumah tangga dalam klasifikasi daerah,area,total,,,id_34_pre_split,bps_household_internet
ID-0001321,31,DKI Jakarta,provinsi,2023,Akses rumah tangga,household_internet_pct,Rumah tangga dengan akses internet,98.08,% rumah tangga dalam klasifikasi daerah,area,urban,,,id_34_pre_split,bps_household_internet
ID-0001322,31,DKI Jakarta,provinsi,2023,Kesenjangan gender,internet_access_pct,Akses internet penduduk usia 5 tahun ke atas menurut gender,84.99,% penduduk dalam kelompok,sex,female,,,id_34_pre_split,bps_internet_gender_history_province_2018_2024
ID-0001323,31,DKI Jakarta,provinsi,2023,Kesenjangan gender,internet_access_pct,Akses internet penduduk usia 5 tahun ke atas menurut gender,88.04,% penduduk dalam kelompok,sex,male,,,id_34_pre_split,bps_internet_gender_history_province_2018_2024
ID-0001324,31,DKI Jakarta,provinsi,2023,Komponen pembangunan TIK,fixed_broadband_norm,"Broadband tetap per 100 penduduk, ternormalisasi",4.31,poin 0–10,,,,,id_34_papua_aggregated_2023_2024,bps_iptik_normalized_components_province_2023_2024
ID-0001325,31,DKI Jakarta,provinsi,2023,Komponen pembangunan TIK,fixed_telephone_norm,"Telepon tetap per 100 penduduk, ternormalisasi",10,poin 0–10,,,,,id_34_papua_aggregated_2023_2024,bps_iptik_normalized_components_province_2023_2024
ID-0001326,31,DKI Jakarta,provinsi,2023,Komponen pembangunan TIK,household_computer_norm,"Rumah tangga dengan komputer, ternormalisasi",3.92,poin 0–10,,,,,id_34_papua_aggregated_2023_2024,bps_iptik_normalized_components_province_2023_2024
ID-0001327,31,DKI Jakarta,provinsi,2023,Komponen pembangunan TIK,household_internet_norm,"Rumah tangga dengan internet, ternormalisasi",9.81,poin 0–10,,,,,id_34_papua_aggregated_2023_2024,bps_iptik_normalized_components_province_2023_2024
ID-0001328,31,DKI Jakarta,provinsi,2023,Komponen pembangunan TIK,individual_internet_norm,"Individu pengguna internet, ternormalisasi",8.65,poin 0–10,,,,,id_34_papua_aggregated_2023_2024,bps_iptik_normalized_components_province_2023_2024
ID-0001329,31,DKI Jakarta,provinsi,2023,Komponen pembangunan TIK,international_bandwidth_norm,"Bandwidth internet internasional per pengguna, ternormalisasi",7.85,poin 0–10,,,,,id_34_papua_aggregated_2023_2024,bps_iptik_normalized_components_province_2023_2024
ID-0001330,31,DKI Jakarta,provinsi,2023,Komponen pembangunan TIK,mean_years_school_norm,"Rata-rata lama sekolah, ternormalisasi",7.61,poin 0–10,,,,,id_34_papua_aggregated_2023_2024,bps_iptik_normalized_components_province_2023_2024
ID-0001331,31,DKI Jakarta,provinsi,2023,Komponen pembangunan TIK,mobile_broadband_norm,"Broadband seluler per 100 penduduk, ternormalisasi",10,poin 0–10,,,,,id_34_papua_aggregated_2023_2024,bps_iptik_normalized_components_province_2023_2024
ID-0001332,31,DKI Jakarta,provinsi,2023,Komponen pembangunan TIK,mobile_cellular_norm,"Telepon seluler per 100 penduduk, ternormalisasi",10,poin 0–10,,,,,id_34_papua_aggregated_2023_2024,bps_iptik_normalized_components_province_2023_2024
ID-0001333,31,DKI Jakarta,provinsi,2023,Komponen pembangunan TIK,secondary_enrolment_norm,"Partisipasi pendidikan sekunder, ternormalisasi",8.63,poin 0–10,,,,,id_34_papua_aggregated_2023_2024,bps_iptik_normalized_components_province_2023_2024
ID-0001334,31,DKI Jakarta,provinsi,2023,Komponen pembangunan TIK,tertiary_enrolment_norm,"Partisipasi pendidikan tinggi, ternormalisasi",3.92,poin 0–10,,,,,id_34_papua_aggregated_2023_2024,bps_iptik_normalized_components_province_2023_2024
ID-0001335,31,DKI Jakarta,provinsi,2023,Pembangunan TIK,access_infrastructure_subindex,Subindeks akses dan infrastruktur TIK,8.31,poin 0–10,,,,,id_34_papua_aggregated_2023_2024,bps_iptik_province_2023_2024
ID-0001336,31,DKI Jakarta,provinsi,2023,Pembangunan TIK,ict_development_index,Indeks Pembangunan TIK,7.73,poin 0–10,,,,,id_34_papua_aggregated_2023_2024,bps_iptik_province_2023_2024
ID-0001337,31,DKI Jakarta,provinsi,2023,Pembangunan TIK,skills_proxy_subindex,Subindeks proksi keahlian TIK,6.72,poin 0–10,,,,,id_34_papua_aggregated_2023_2024,bps_iptik_province_2023_2024
ID-0001338,31,DKI Jakarta,provinsi,2023,Pembangunan TIK,use_subindex,Subindeks penggunaan TIK,7.65,poin 0–10,,,,,id_34_papua_aggregated_2023_2024,bps_iptik_province_2023_2024
ID-0001339,31,DKI Jakarta,provinsi,2024,Akses internet,internet_access_pct,Akses internet penduduk usia 5 tahun ke atas,87.84,% penduduk dalam kelompok,area,total,,,id_38_2024,bps_internet_access_history_province_2017_2024
ID-0001340,31,DKI Jakarta,provinsi,2024,Akses internet,internet_access_pct,Akses internet penduduk usia 5 tahun ke atas,87.84,% penduduk dalam kelompok,area,urban,,,id_38_2024,bps_internet_access_history_province_2017_2024
ID-0001341,31,DKI Jakarta,provinsi,2024,Akses rumah tangga,household_internet_pct,Rumah tangga dengan akses internet,98.18,% rumah tangga dalam klasifikasi daerah,area,total,,,id_38_2024,bps_household_internet
ID-0001342,31,DKI Jakarta,provinsi,2024,Akses rumah tangga,household_internet_pct,Rumah tangga dengan akses internet,98.18,% rumah tangga dalam klasifikasi daerah,area,urban,,,id_38_2024,bps_household_internet
ID-0001343,31,DKI Jakarta,provinsi,2024,Kesenjangan gender,internet_access_pct,Akses internet penduduk usia 5 tahun ke atas menurut gender,86.48,% penduduk dalam kelompok,sex,female,,,id_38_2024,bps_internet_gender_history_province_2018_2024
ID-0001344,31,DKI Jakarta,provinsi,2024,Kesenjangan gender,internet_access_pct,Akses internet penduduk usia 5 tahun ke atas menurut gender,89.24,% penduduk dalam kelompok,sex,male,,,id_38_2024,bps_internet_gender_history_province_2018_2024
ID-0001345,31,DKI Jakarta,provinsi,2024,Komponen pembangunan TIK,fixed_broadband_norm,"Broadband tetap per 100 penduduk, ternormalisasi",4.8,poin 0–10,,,,,id_34_papua_aggregated_2023_2024,bps_iptik_normalized_components_province_2023_2024
ID-0001346,31,DKI Jakarta,provinsi,2024,Komponen pembangunan TIK,fixed_telephone_norm,"Telepon tetap per 100 penduduk, ternormalisasi",10,poin 0–10,,,,,id_34_papua_aggregated_2023_2024,bps_iptik_normalized_components_province_2023_2024
ID-0001347,31,DKI Jakarta,provinsi,2024,Komponen pembangunan TIK,household_computer_norm,"Rumah tangga dengan komputer, ternormalisasi",3.93,poin 0–10,,,,,id_34_papua_aggregated_2023_2024,bps_iptik_normalized_components_province_2023_2024
ID-0001348,31,DKI Jakarta,provinsi,2024,Komponen pembangunan TIK,household_internet_norm,"Rumah tangga dengan internet, ternormalisasi",9.82,poin 0–10,,,,,id_34_papua_aggregated_2023_2024,bps_iptik_normalized_components_province_2023_2024
ID-0001349,31,DKI Jakarta,provinsi,2024,Komponen pembangunan TIK,individual_internet_norm,"Individu pengguna internet, ternormalisasi",8.78,poin 0–10,,,,,id_34_papua_aggregated_2023_2024,bps_iptik_normalized_components_province_2023_2024
ID-0001350,31,DKI Jakarta,provinsi,2024,Komponen pembangunan TIK,international_bandwidth_norm,"Bandwidth internet internasional per pengguna, ternormalisasi",8.32,poin 0–10,,,,,id_34_papua_aggregated_2023_2024,bps_iptik_normalized_components_province_2023_2024
ID-0001351,31,DKI Jakarta,provinsi,2024,Komponen pembangunan TIK,mean_years_school_norm,"Rata-rata lama sekolah, ternormalisasi",7.66,poin 0–10,,,,,id_34_papua_aggregated_2023_2024,bps_iptik_normalized_components_province_2023_2024
ID-0001352,31,DKI Jakarta,provinsi,2024,Komponen pembangunan TIK,mobile_broadband_norm,"Broadband seluler per 100 penduduk, ternormalisasi",10,poin 0–10,,,,,id_34_papua_aggregated_2023_2024,bps_iptik_normalized_components_province_2023_2024
ID-0001353,31,DKI Jakarta,provinsi,2024,Komponen pembangunan TIK,mobile_cellular_norm,"Telepon seluler per 100 penduduk, ternormalisasi",10,poin 0–10,,,,,id_34_papua_aggregated_2023_2024,bps_iptik_normalized_components_province_2023_2024
ID-0001354,31,DKI Jakarta,provinsi,2024,Komponen pembangunan TIK,secondary_enrolment_norm,"Partisipasi pendidikan sekunder, ternormalisasi",8.84,poin 0–10,,,,,id_34_papua_aggregated_2023_2024,bps_iptik_normalized_components_province_2023_2024
ID-0001355,31,DKI Jakarta,provinsi,2024,Komponen pembangunan TIK,tertiary_enrolment_norm,"Partisipasi pendidikan tinggi, ternormalisasi",4.09,poin 0–10,,,,,id_34_papua_aggregated_2023_2024,bps_iptik_normalized_components_province_2023_2024
ID-0001356,31,DKI Jakarta,provinsi,2024,Pemanfaatan internet,percentage_users,Tujuan penggunaan internet,34.34,% pengguna internet,area,total,category,buy_goods_services,id_38_2024,bps_internet_purpose
ID-0001357,31,DKI Jakarta,provinsi,2024,Pemanfaatan internet,percentage_users,Tujuan penggunaan internet,9.81,% pengguna internet,area,total,category,digital_content_creation,id_38_2024,bps_internet_purpose
ID-0001358,31,DKI Jakarta,provinsi,2024,Pemanfaatan internet,percentage_users,Tujuan penggunaan internet,27.06,% pengguna internet,area,total,category,email,id_38_2024,bps_internet_purpose
ID-0001359,31,DKI Jakarta,provinsi,2024,Pemanfaatan internet,percentage_users,Tujuan penggunaan internet,83.05,% pengguna internet,area,total,category,entertainment,id_38_2024,bps_internet_purpose
ID-0001360,31,DKI Jakarta,provinsi,2024,Pemanfaatan internet,percentage_users,Tujuan penggunaan internet,27.97,% pengguna internet,area,total,category,financial_services,id_38_2024,bps_internet_purpose
ID-0001361,31,DKI Jakarta,provinsi,2024,Pemanfaatan internet,percentage_users,Tujuan penggunaan internet,36.89,% pengguna internet,area,total,category,goods_services_information,id_38_2024,bps_internet_purpose
ID-0001362,31,DKI Jakarta,provinsi,2024,Pemanfaatan internet,percentage_users,Tujuan penggunaan internet,83.8,% pengguna internet,area,total,category,news_information,id_38_2024,bps_internet_purpose
ID-0001363,31,DKI Jakarta,provinsi,2024,Pemanfaatan internet,percentage_users,Tujuan penggunaan internet,11.21,% pengguna internet,area,total,category,online_learning,id_38_2024,bps_internet_purpose
ID-0001364,31,DKI Jakarta,provinsi,2024,Pemanfaatan internet,percentage_users,Tujuan penggunaan internet,4.85,% pengguna internet,area,total,category,other,id_38_2024,bps_internet_purpose
ID-0001365,31,DKI Jakarta,provinsi,2024,Pemanfaatan internet,percentage_users,Tujuan penggunaan internet,7.21,% pengguna internet,area,total,category,sell_goods_services,id_38_2024,bps_internet_purpose
ID-0001366,31,DKI Jakarta,provinsi,2024,Pemanfaatan internet,percentage_users,Tujuan penggunaan internet,80.56,% pengguna internet,area,total,category,social_media,id_38_2024,bps_internet_purpose
ID-0001367,31,DKI Jakarta,provinsi,2024,Pemanfaatan internet,percentage_users,Tujuan penggunaan internet,3.4,% pengguna internet,area,total,category,work_from_home,id_38_2024,bps_internet_purpose
ID-0001368,31,DKI Jakarta,provinsi,2024,Pemanfaatan internet,percentage_users,Tujuan penggunaan internet,34.34,% pengguna internet,area,urban,category,buy_goods_services,id_38_2024,bps_internet_purpose
ID-0001369,31,DKI Jakarta,provinsi,2024,Pemanfaatan internet,percentage_users,Tujuan penggunaan internet,9.81,% pengguna internet,area,urban,category,digital_content_creation,id_38_2024,bps_internet_purpose
ID-0001370,31,DKI Jakarta,provinsi,2024,Pemanfaatan internet,percentage_users,Tujuan penggunaan internet,27.06,% pengguna internet,area,urban,category,email,id_38_2024,bps_internet_purpose
ID-0001371,31,DKI Jakarta,provinsi,2024,Pemanfaatan internet,percentage_users,Tujuan penggunaan internet,83.05,% pengguna internet,area,urban,category,entertainment,id_38_2024,bps_internet_purpose
ID-0001372,31,DKI Jakarta,provinsi,2024,Pemanfaatan internet,percentage_users,Tujuan penggunaan internet,27.97,% pengguna internet,area,urban,category,financial_services,id_38_2024,bps_internet_purpose
ID-0001373,31,DKI Jakarta,provinsi,2024,Pemanfaatan internet,percentage_users,Tujuan penggunaan internet,36.89,% pengguna internet,area,urban,category,goods_services_information,id_38_2024,bps_internet_purpose
ID-0001374,31,DKI Jakarta,provinsi,2024,Pemanfaatan internet,percentage_users,Tujuan penggunaan internet,83.8,% pengguna internet,area,urban,category,news_information,id_38_2024,bps_internet_purpose
ID-0001375,31,DKI Jakarta,provinsi,2024,Pemanfaatan internet,percentage_users,Tujuan penggunaan internet,11.21,% pengguna internet,area,urban,category,online_learning,id_38_2024,bps_internet_purpose
ID-0001376,31,DKI Jakarta,provinsi,2024,Pemanfaatan internet,percentage_users,Tujuan penggunaan internet,4.85,% pengguna internet,area,urban,category,other,id_38_2024,bps_internet_purpose
ID-0001377,31,DKI Jakarta,provinsi,2024,Pemanfaatan internet,percentage_users,Tujuan penggunaan internet,7.21,% pengguna internet,area,urban,category,sell_goods_services,id_38_2024,bps_internet_purpose
ID-0001378,31,DKI Jakarta,provinsi,2024,Pemanfaatan internet,percentage_users,Tujuan penggunaan internet,80.56,% pengguna internet,area,urban,category,social_media,id_38_2024,bps_internet_purpose
ID-0001379,31,DKI Jakarta,provinsi,2024,Pemanfaatan internet,percentage_users,Tujuan penggunaan internet,3.4,% pengguna internet,area,urban,category,work_from_home,id_38_2024,bps_internet_purpose
ID-0001380,31,DKI Jakarta,provinsi,2024,Pembangunan TIK,access_infrastructure_subindex,Subindeks akses dan infrastruktur TIK,8.41,poin 0–10,,,,,id_34_papua_aggregated_2023_2024,bps_iptik_province_2023_2024
ID-0001381,31,DKI Jakarta,provinsi,2024,Pembangunan TIK,ict_development_index,Indeks Pembangunan TIK,7.88,poin 0–10,,,,,id_34_papua_aggregated_2023_2024,bps_iptik_province_2023_2024
ID-0001382,31,DKI Jakarta,provinsi,2024,Pembangunan TIK,skills_proxy_subindex,Subindeks proksi keahlian TIK,6.86,poin 0–10,,,,,id_34_papua_aggregated_2023_2024,bps_iptik_province_2023_2024
ID-0001383,31,DKI Jakarta,provinsi,2024,Pembangunan TIK,use_subindex,Subindeks penggunaan TIK,7.86,poin 0–10,,,,,id_34_papua_aggregated_2023_2024,bps_iptik_province_2023_2024
ID-0001384,31,DKI Jakarta,provinsi,2024,Perangkat akses,percentage_users,Perangkat yang digunakan untuk mengakses internet,3.41,% pengguna internet,area,total,category,desktop,id_38_2024,bps_access_device
ID-0001385,31,DKI Jakarta,provinsi,2024,Perangkat akses,percentage_users,Perangkat yang digunakan untuk mengakses internet,21.04,% pengguna internet,area,total,category,laptop_tablet,id_38_2024,bps_access_device
ID-0001386,31,DKI Jakarta,provinsi,2024,Perangkat akses,percentage_users,Perangkat yang digunakan untuk mengakses internet,98.4,% pengguna internet,area,total,category,mobile,id_38_2024,bps_access_device
ID-0001387,31,DKI Jakarta,provinsi,2024,Perangkat akses,percentage_users,Perangkat yang digunakan untuk mengakses internet,0.25,% pengguna internet,area,total,category,other,id_38_2024,bps_access_device
ID-0001388,31,DKI Jakarta,provinsi,2024,Perangkat akses,percentage_users,Perangkat yang digunakan untuk mengakses internet,3.41,% pengguna internet,area,urban,category,desktop,id_38_2024,bps_access_device
ID-0001389,31,DKI Jakarta,provinsi,2024,Perangkat akses,percentage_users,Perangkat yang digunakan untuk mengakses internet,21.04,% pengguna internet,area,urban,category,laptop_tablet,id_38_2024,bps_access_device
ID-0001390,31,DKI Jakarta,provinsi,2024,Perangkat akses,percentage_users,Perangkat yang digunakan untuk mengakses internet,98.4,% pengguna internet,area,urban,category,mobile,id_38_2024,bps_access_device
ID-0001391,31,DKI Jakarta,provinsi,2024,Perangkat akses,percentage_users,Perangkat yang digunakan untuk mengakses internet,0.25,% pengguna internet,area,urban,category,other,id_38_2024,bps_access_device
ID-0001392,32,Jawa Barat,provinsi,2017,Akses internet,internet_access_pct,Akses internet penduduk usia 5 tahun ke atas,22.2,% penduduk dalam kelompok,area,rural,,,id_34_pre_split,bps_internet_access_history_province_2017_2024
ID-0001393,32,Jawa Barat,provinsi,2017,Akses internet,internet_access_pct,Akses internet penduduk usia 5 tahun ke atas,37.02,% penduduk dalam kelompok,area,total,,,id_34_pre_split,bps_internet_access_history_province_2017_2024
ID-0001394,32,Jawa Barat,provinsi,2017,Akses internet,internet_access_pct,Akses internet penduduk usia 5 tahun ke atas,42.83,% penduduk dalam kelompok,area,urban,,,id_34_pre_split,bps_internet_access_history_province_2017_2024
ID-0001395,32,Jawa Barat,provinsi,2018,Akses internet,internet_access_pct,Akses internet penduduk usia 5 tahun ke atas,28.84,% penduduk dalam kelompok,area,rural,,,id_34_pre_split,bps_internet_access_history_province_2017_2024
ID-0001396,32,Jawa Barat,provinsi,2018,Akses internet,internet_access_pct,Akses internet penduduk usia 5 tahun ke atas,45.33,% penduduk dalam kelompok,area,total,,,id_34_pre_split,bps_internet_access_history_province_2017_2024
ID-0001397,32,Jawa Barat,provinsi,2018,Akses internet,internet_access_pct,Akses internet penduduk usia 5 tahun ke atas,51.11,% penduduk dalam kelompok,area,urban,,,id_34_pre_split,bps_internet_access_history_province_2017_2024
ID-0001398,32,Jawa Barat,provinsi,2018,Kesenjangan gender,internet_access_pct,Akses internet penduduk usia 5 tahun ke atas menurut gender,42.74,% penduduk dalam kelompok,sex,female,,,id_34_pre_split,bps_internet_gender_history_province_2018_2024
ID-0001399,32,Jawa Barat,provinsi,2018,Kesenjangan gender,internet_access_pct,Akses internet penduduk usia 5 tahun ke atas menurut gender,47.86,% penduduk dalam kelompok,sex,male,,,id_34_pre_split,bps_internet_gender_history_province_2018_2024
ID-0001400,32,Jawa Barat,provinsi,2019,Akses internet,internet_access_pct,Akses internet penduduk usia 5 tahun ke atas,37.35,% penduduk dalam kelompok,area,rural,,,id_34_pre_split,bps_internet_access_history_province_2017_2024
ID-0001401,32,Jawa Barat,provinsi,2019,Akses internet,internet_access_pct,Akses internet penduduk usia 5 tahun ke atas,53.94,% penduduk dalam kelompok,area,total,,,id_34_pre_split,bps_internet_access_history_province_2017_2024
ID-0001402,32,Jawa Barat,provinsi,2019,Akses internet,internet_access_pct,Akses internet penduduk usia 5 tahun ke atas,59.05,% penduduk dalam kelompok,area,urban,,,id_34_pre_split,bps_internet_access_history_province_2017_2024
ID-0001403,32,Jawa Barat,provinsi,2019,Kesenjangan gender,internet_access_pct,Akses internet penduduk usia 5 tahun ke atas menurut gender,50.99,% penduduk dalam kelompok,sex,female,,,id_34_pre_split,bps_internet_gender_history_province_2018_2024
ID-0001404,32,Jawa Barat,provinsi,2019,Kesenjangan gender,internet_access_pct,Akses internet penduduk usia 5 tahun ke atas menurut gender,56.79,% penduduk dalam kelompok,sex,male,,,id_34_pre_split,bps_internet_gender_history_province_2018_2024
ID-0001405,32,Jawa Barat,provinsi,2020,Akses internet,internet_access_pct,Akses internet penduduk usia 5 tahun ke atas,44.02,% penduduk dalam kelompok,area,rural,,,id_34_pre_split,bps_internet_access_history_province_2017_2024
ID-0001406,32,Jawa Barat,provinsi,2020,Akses internet,internet_access_pct,Akses internet penduduk usia 5 tahun ke atas,59.9,% penduduk dalam kelompok,area,total,,,id_34_pre_split,bps_internet_access_history_province_2017_2024
ID-0001407,32,Jawa Barat,provinsi,2020,Akses internet,internet_access_pct,Akses internet penduduk usia 5 tahun ke atas,64.76,% penduduk dalam kelompok,area,urban,,,id_34_pre_split,bps_internet_access_history_province_2017_2024
ID-0001408,32,Jawa Barat,provinsi,2020,Kesenjangan gender,internet_access_pct,Akses internet penduduk usia 5 tahun ke atas menurut gender,56.7,% penduduk dalam kelompok,sex,female,,,id_34_pre_split,bps_internet_gender_history_province_2018_2024
ID-0001409,32,Jawa Barat,provinsi,2020,Kesenjangan gender,internet_access_pct,Akses internet penduduk usia 5 tahun ke atas menurut gender,63.01,% penduduk dalam kelompok,sex,male,,,id_34_pre_split,bps_internet_gender_history_province_2018_2024
ID-0001410,32,Jawa Barat,provinsi,2021,Akses internet,internet_access_pct,Akses internet penduduk usia 5 tahun ke atas,52.36,% penduduk dalam kelompok,area,rural,,,id_34_pre_split,bps_internet_access_history_province_2017_2024
ID-0001411,32,Jawa Barat,provinsi,2021,Akses internet,internet_access_pct,Akses internet penduduk usia 5 tahun ke atas,68.37,% penduduk dalam kelompok,area,total,,,id_34_pre_split,bps_internet_access_history_province_2017_2024
ID-0001412,32,Jawa Barat,provinsi,2021,Akses internet,internet_access_pct,Akses internet penduduk usia 5 tahun ke atas,72.88,% penduduk dalam kelompok,area,urban,,,id_34_pre_split,bps_internet_access_history_province_2017_2024
ID-0001413,32,Jawa Barat,provinsi,2021,Akses rumah tangga,household_internet_pct,Rumah tangga dengan akses internet,72.07,% rumah tangga dalam klasifikasi daerah,area,rural,,,id_34_pre_split,bps_household_internet
ID-0001414,32,Jawa Barat,provinsi,2021,Akses rumah tangga,household_internet_pct,Rumah tangga dengan akses internet,84.26,% rumah tangga dalam klasifikasi daerah,area,total,,,id_34_pre_split,bps_household_internet
ID-0001415,32,Jawa Barat,provinsi,2021,Akses rumah tangga,household_internet_pct,Rumah tangga dengan akses internet,88.02,% rumah tangga dalam klasifikasi daerah,area,urban,,,id_34_pre_split,bps_household_internet
ID-0001416,32,Jawa Barat,provinsi,2021,Kesenjangan gender,internet_access_pct,Akses internet penduduk usia 5 tahun ke atas menurut gender,65.25,% penduduk dalam kelompok,sex,female,,,id_34_pre_split,bps_internet_gender_history_province_2018_2024
ID-0001417,32,Jawa Barat,provinsi,2021,Kesenjangan gender,internet_access_pct,Akses internet penduduk usia 5 tahun ke atas menurut gender,71.41,% penduduk dalam kelompok,sex,male,,,id_34_pre_split,bps_internet_gender_history_province_2018_2024
ID-0001418,32,Jawa Barat,provinsi,2021,Literasi digital,digital_literacy_index,Indeks Literasi Digital Kominfo,3.47,poin 1–5,,,,,id_34_pre_split,kominfo_digital_literacy_province_2021
ID-0001419,32,Jawa Barat,provinsi,2022,Akses internet,internet_access_pct,Akses internet penduduk usia 5 tahun ke atas,56.73,% penduduk dalam kelompok,area,rural,,,id_34_pre_split,bps_internet_access_history_province_2017_2024
ID-0001420,32,Jawa Barat,provinsi,2022,Akses internet,internet_access_pct,Akses internet penduduk usia 5 tahun ke atas,71.12,% penduduk dalam kelompok,area,total,,,id_34_pre_split,bps_internet_access_history_province_2017_2024
ID-0001421,32,Jawa Barat,provinsi,2022,Akses internet,internet_access_pct,Akses internet penduduk usia 5 tahun ke atas,74.68,% penduduk dalam kelompok,area,urban,,,id_34_pre_split,bps_internet_access_history_province_2017_2024
ID-0001422,32,Jawa Barat,provinsi,2022,Akses rumah tangga,household_internet_pct,Rumah tangga dengan akses internet,78.33,% rumah tangga dalam klasifikasi daerah,area,rural,,,id_34_pre_split,bps_household_internet
ID-0001423,32,Jawa Barat,provinsi,2022,Akses rumah tangga,household_internet_pct,Rumah tangga dengan akses internet,87.57,% rumah tangga dalam klasifikasi daerah,area,total,,,id_34_pre_split,bps_household_internet
ID-0001424,32,Jawa Barat,provinsi,2022,Akses rumah tangga,household_internet_pct,Rumah tangga dengan akses internet,90.23,% rumah tangga dalam klasifikasi daerah,area,urban,,,id_34_pre_split,bps_household_internet
ID-0001425,32,Jawa Barat,provinsi,2022,Kesenjangan gender,internet_access_pct,Akses internet penduduk usia 5 tahun ke atas menurut gender,68.14,% penduduk dalam kelompok,sex,female,,,id_34_pre_split,bps_internet_gender_history_province_2018_2024
ID-0001426,32,Jawa Barat,provinsi,2022,Kesenjangan gender,internet_access_pct,Akses internet penduduk usia 5 tahun ke atas menurut gender,74.02,% penduduk dalam kelompok,sex,male,,,id_34_pre_split,bps_internet_gender_history_province_2018_2024
ID-0001427,32,Jawa Barat,provinsi,2023,Akses internet,internet_access_pct,Akses internet penduduk usia 5 tahun ke atas,60.52,% penduduk dalam kelompok,area,rural,,,id_34_pre_split,bps_internet_access_history_province_2017_2024
ID-0001428,32,Jawa Barat,provinsi,2023,Akses internet,internet_access_pct,Akses internet penduduk usia 5 tahun ke atas,72.54,% penduduk dalam kelompok,area,total,,,id_34_pre_split,bps_internet_access_history_province_2017_2024
ID-0001429,32,Jawa Barat,provinsi,2023,Akses internet,internet_access_pct,Akses internet penduduk usia 5 tahun ke atas,75.66,% penduduk dalam kelompok,area,urban,,,id_34_pre_split,bps_internet_access_history_province_2017_2024
ID-0001430,32,Jawa Barat,provinsi,2023,Akses rumah tangga,household_internet_pct,Rumah tangga dengan akses internet,79.48,% rumah tangga dalam klasifikasi daerah,area,rural,,,id_34_pre_split,bps_household_internet
ID-0001431,32,Jawa Barat,provinsi,2023,Akses rumah tangga,household_internet_pct,Rumah tangga dengan akses internet,87.92,% rumah tangga dalam klasifikasi daerah,area,total,,,id_34_pre_split,bps_household_internet
ID-0001432,32,Jawa Barat,provinsi,2023,Akses rumah tangga,household_internet_pct,Rumah tangga dengan akses internet,90.29,% rumah tangga dalam klasifikasi daerah,area,urban,,,id_34_pre_split,bps_household_internet
ID-0001433,32,Jawa Barat,provinsi,2023,Kesenjangan gender,internet_access_pct,Akses internet penduduk usia 5 tahun ke atas menurut gender,69.76,% penduduk dalam kelompok,sex,female,,,id_34_pre_split,bps_internet_gender_history_province_2018_2024
ID-0001434,32,Jawa Barat,provinsi,2023,Kesenjangan gender,internet_access_pct,Akses internet penduduk usia 5 tahun ke atas menurut gender,75.26,% penduduk dalam kelompok,sex,male,,,id_34_pre_split,bps_internet_gender_history_province_2018_2024
ID-0001435,32,Jawa Barat,provinsi,2023,Komponen pembangunan TIK,fixed_broadband_norm,"Broadband tetap per 100 penduduk, ternormalisasi",0.75,poin 0–10,,,,,id_34_papua_aggregated_2023_2024,bps_iptik_normalized_components_province_2023_2024
ID-0001436,32,Jawa Barat,provinsi,2023,Komponen pembangunan TIK,fixed_telephone_norm,"Telepon tetap per 100 penduduk, ternormalisasi",3.87,poin 0–10,,,,,id_34_papua_aggregated_2023_2024,bps_iptik_normalized_components_province_2023_2024
ID-0001437,32,Jawa Barat,provinsi,2023,Komponen pembangunan TIK,household_computer_norm,"Rumah tangga dengan komputer, ternormalisasi",1.89,poin 0–10,,,,,id_34_papua_aggregated_2023_2024,bps_iptik_normalized_components_province_2023_2024
ID-0001438,32,Jawa Barat,provinsi,2023,Komponen pembangunan TIK,household_internet_norm,"Rumah tangga dengan internet, ternormalisasi",8.79,poin 0–10,,,,,id_34_papua_aggregated_2023_2024,bps_iptik_normalized_components_province_2023_2024
ID-0001439,32,Jawa Barat,provinsi,2023,Komponen pembangunan TIK,individual_internet_norm,"Individu pengguna internet, ternormalisasi",7.25,poin 0–10,,,,,id_34_papua_aggregated_2023_2024,bps_iptik_normalized_components_province_2023_2024
ID-0001440,32,Jawa Barat,provinsi,2023,Komponen pembangunan TIK,international_bandwidth_norm,"Bandwidth internet internasional per pengguna, ternormalisasi",7.95,poin 0–10,,,,,id_34_papua_aggregated_2023_2024,bps_iptik_normalized_components_province_2023_2024
ID-0001441,32,Jawa Barat,provinsi,2023,Komponen pembangunan TIK,mean_years_school_norm,"Rata-rata lama sekolah, ternormalisasi",6.11,poin 0–10,,,,,id_34_papua_aggregated_2023_2024,bps_iptik_normalized_components_province_2023_2024
ID-0001442,32,Jawa Barat,provinsi,2023,Komponen pembangunan TIK,mobile_broadband_norm,"Broadband seluler per 100 penduduk, ternormalisasi",10,poin 0–10,,,,,id_34_papua_aggregated_2023_2024,bps_iptik_normalized_components_province_2023_2024
ID-0001443,32,Jawa Barat,provinsi,2023,Komponen pembangunan TIK,mobile_cellular_norm,"Telepon seluler per 100 penduduk, ternormalisasi",10,poin 0–10,,,,,id_34_papua_aggregated_2023_2024,bps_iptik_normalized_components_province_2023_2024
ID-0001444,32,Jawa Barat,provinsi,2023,Komponen pembangunan TIK,secondary_enrolment_norm,"Partisipasi pendidikan sekunder, ternormalisasi",8.67,poin 0–10,,,,,id_34_papua_aggregated_2023_2024,bps_iptik_normalized_components_province_2023_2024
ID-0001445,32,Jawa Barat,provinsi,2023,Komponen pembangunan TIK,tertiary_enrolment_norm,"Partisipasi pendidikan tinggi, ternormalisasi",2.54,poin 0–10,,,,,id_34_papua_aggregated_2023_2024,bps_iptik_normalized_components_province_2023_2024
ID-0001446,32,Jawa Barat,provinsi,2023,Pembangunan TIK,access_infrastructure_subindex,Subindeks akses dan infrastruktur TIK,6.5,poin 0–10,,,,,id_34_papua_aggregated_2023_2024,bps_iptik_province_2023_2024
ID-0001447,32,Jawa Barat,provinsi,2023,Pembangunan TIK,ict_development_index,Indeks Pembangunan TIK,6.15,poin 0–10,,,,,id_34_papua_aggregated_2023_2024,bps_iptik_province_2023_2024
ID-0001448,32,Jawa Barat,provinsi,2023,Pembangunan TIK,skills_proxy_subindex,Subindeks proksi keahlian TIK,5.77,poin 0–10,,,,,id_34_papua_aggregated_2023_2024,bps_iptik_province_2023_2024
ID-0001449,32,Jawa Barat,provinsi,2023,Pembangunan TIK,use_subindex,Subindeks penggunaan TIK,6,poin 0–10,,,,,id_34_papua_aggregated_2023_2024,bps_iptik_province_2023_2024
ID-0001450,32,Jawa Barat,provinsi,2024,Akses internet,internet_access_pct,Akses internet penduduk usia 5 tahun ke atas,65.35,% penduduk dalam kelompok,area,rural,,,id_38_2024,bps_internet_access_history_province_2017_2024
ID-0001451,32,Jawa Barat,provinsi,2024,Akses internet,internet_access_pct,Akses internet penduduk usia 5 tahun ke atas,76.62,% penduduk dalam kelompok,area,total,,,id_38_2024,bps_internet_access_history_province_2017_2024
ID-0001452,32,Jawa Barat,provinsi,2024,Akses internet,internet_access_pct,Akses internet penduduk usia 5 tahun ke atas,79.42,% penduduk dalam kelompok,area,urban,,,id_38_2024,bps_internet_access_history_province_2017_2024
ID-0001453,32,Jawa Barat,provinsi,2024,Akses rumah tangga,household_internet_pct,Rumah tangga dengan akses internet,82.2,% rumah tangga dalam klasifikasi daerah,area,rural,,,id_38_2024,bps_household_internet
ID-0001454,32,Jawa Barat,provinsi,2024,Akses rumah tangga,household_internet_pct,Rumah tangga dengan akses internet,90.58,% rumah tangga dalam klasifikasi daerah,area,total,,,id_38_2024,bps_household_internet
ID-0001455,32,Jawa Barat,provinsi,2024,Akses rumah tangga,household_internet_pct,Rumah tangga dengan akses internet,92.83,% rumah tangga dalam klasifikasi daerah,area,urban,,,id_38_2024,bps_household_internet
ID-0001456,32,Jawa Barat,provinsi,2024,Kesenjangan gender,internet_access_pct,Akses internet penduduk usia 5 tahun ke atas menurut gender,73.93,% penduduk dalam kelompok,sex,female,,,id_38_2024,bps_internet_gender_history_province_2018_2024
ID-0001457,32,Jawa Barat,provinsi,2024,Kesenjangan gender,internet_access_pct,Akses internet penduduk usia 5 tahun ke atas menurut gender,79.24,% penduduk dalam kelompok,sex,male,,,id_38_2024,bps_internet_gender_history_province_2018_2024
ID-0001458,32,Jawa Barat,provinsi,2024,Komponen pembangunan TIK,fixed_broadband_norm,"Broadband tetap per 100 penduduk, ternormalisasi",0.95,poin 0–10,,,,,id_34_papua_aggregated_2023_2024,bps_iptik_normalized_components_province_2023_2024
ID-0001459,32,Jawa Barat,provinsi,2024,Komponen pembangunan TIK,fixed_telephone_norm,"Telepon tetap per 100 penduduk, ternormalisasi",4.14,poin 0–10,,,,,id_34_papua_aggregated_2023_2024,bps_iptik_normalized_components_province_2023_2024
ID-0001460,32,Jawa Barat,provinsi,2024,Komponen pembangunan TIK,household_computer_norm,"Rumah tangga dengan komputer, ternormalisasi",1.86,poin 0–10,,,,,id_34_papua_aggregated_2023_2024,bps_iptik_normalized_components_province_2023_2024
ID-0001461,32,Jawa Barat,provinsi,2024,Komponen pembangunan TIK,household_internet_norm,"Rumah tangga dengan internet, ternormalisasi",9.06,poin 0–10,,,,,id_34_papua_aggregated_2023_2024,bps_iptik_normalized_components_province_2023_2024
ID-0001462,32,Jawa Barat,provinsi,2024,Komponen pembangunan TIK,individual_internet_norm,"Individu pengguna internet, ternormalisasi",7.66,poin 0–10,,,,,id_34_papua_aggregated_2023_2024,bps_iptik_normalized_components_province_2023_2024
ID-0001463,32,Jawa Barat,provinsi,2024,Komponen pembangunan TIK,international_bandwidth_norm,"Bandwidth internet internasional per pengguna, ternormalisasi",8.39,poin 0–10,,,,,id_34_papua_aggregated_2023_2024,bps_iptik_normalized_components_province_2023_2024
ID-0001464,32,Jawa Barat,provinsi,2024,Komponen pembangunan TIK,mean_years_school_norm,"Rata-rata lama sekolah, ternormalisasi",6.16,poin 0–10,,,,,id_34_papua_aggregated_2023_2024,bps_iptik_normalized_components_province_2023_2024
ID-0001465,32,Jawa Barat,provinsi,2024,Komponen pembangunan TIK,mobile_broadband_norm,"Broadband seluler per 100 penduduk, ternormalisasi",10,poin 0–10,,,,,id_34_papua_aggregated_2023_2024,bps_iptik_normalized_components_province_2023_2024
ID-0001466,32,Jawa Barat,provinsi,2024,Komponen pembangunan TIK,mobile_cellular_norm,"Telepon seluler per 100 penduduk, ternormalisasi",10,poin 0–10,,,,,id_34_papua_aggregated_2023_2024,bps_iptik_normalized_components_province_2023_2024
ID-0001467,32,Jawa Barat,provinsi,2024,Komponen pembangunan TIK,secondary_enrolment_norm,"Partisipasi pendidikan sekunder, ternormalisasi",8.78,poin 0–10,,,,,id_34_papua_aggregated_2023_2024,bps_iptik_normalized_components_province_2023_2024
ID-0001468,32,Jawa Barat,provinsi,2024,Komponen pembangunan TIK,tertiary_enrolment_norm,"Partisipasi pendidikan tinggi, ternormalisasi",2.64,poin 0–10,,,,,id_34_papua_aggregated_2023_2024,bps_iptik_normalized_components_province_2023_2024
ID-0001469,32,Jawa Barat,provinsi,2024,Pemanfaatan internet,percentage_users,Tujuan penggunaan internet,23.12,% pengguna internet,area,rural,category,buy_goods_services,id_38_2024,bps_internet_purpose
ID-0001470,32,Jawa Barat,provinsi,2024,Pemanfaatan internet,percentage_users,Tujuan penggunaan internet,3.78,% pengguna internet,area,rural,category,digital_content_creation,id_38_2024,bps_internet_purpose
ID-0001471,32,Jawa Barat,provinsi,2024,Pemanfaatan internet,percentage_users,Tujuan penggunaan internet,8.68,% pengguna internet,area,rural,category,email,id_38_2024,bps_internet_purpose
ID-0001472,32,Jawa Barat,provinsi,2024,Pemanfaatan internet,percentage_users,Tujuan penggunaan internet,82.01,% pengguna internet,area,rural,category,entertainment,id_38_2024,bps_internet_purpose
ID-0001473,32,Jawa Barat,provinsi,2024,Pemanfaatan internet,percentage_users,Tujuan penggunaan internet,5.31,% pengguna internet,area,rural,category,financial_services,id_38_2024,bps_internet_purpose
ID-0001474,32,Jawa Barat,provinsi,2024,Pemanfaatan internet,percentage_users,Tujuan penggunaan internet,22.39,% pengguna internet,area,rural,category,goods_services_information,id_38_2024,bps_internet_purpose
ID-0001475,32,Jawa Barat,provinsi,2024,Pemanfaatan internet,percentage_users,Tujuan penggunaan internet,73.47,% pengguna internet,area,rural,category,news_information,id_38_2024,bps_internet_purpose
ID-0001476,32,Jawa Barat,provinsi,2024,Pemanfaatan internet,percentage_users,Tujuan penggunaan internet,10.98,% pengguna internet,area,rural,category,online_learning,id_38_2024,bps_internet_purpose
ID-0001477,32,Jawa Barat,provinsi,2024,Pemanfaatan internet,percentage_users,Tujuan penggunaan internet,6.52,% pengguna internet,area,rural,category,other,id_38_2024,bps_internet_purpose
ID-0001478,32,Jawa Barat,provinsi,2024,Pemanfaatan internet,percentage_users,Tujuan penggunaan internet,4.09,% pengguna internet,area,rural,category,sell_goods_services,id_38_2024,bps_internet_purpose
ID-0001479,32,Jawa Barat,provinsi,2024,Pemanfaatan internet,percentage_users,Tujuan penggunaan internet,73.11,% pengguna internet,area,rural,category,social_media,id_38_2024,bps_internet_purpose
ID-0001480,32,Jawa Barat,provinsi,2024,Pemanfaatan internet,percentage_users,Tujuan penggunaan internet,1.03,% pengguna internet,area,rural,category,work_from_home,id_38_2024,bps_internet_purpose
ID-0001481,32,Jawa Barat,provinsi,2024,Pemanfaatan internet,percentage_users,Tujuan penggunaan internet,29.18,% pengguna internet,area,total,category,buy_goods_services,id_38_2024,bps_internet_purpose
ID-0001482,32,Jawa Barat,provinsi,2024,Pemanfaatan internet,percentage_users,Tujuan penggunaan internet,4.74,% pengguna internet,area,total,category,digital_content_creation,id_38_2024,bps_internet_purpose
ID-0001483,32,Jawa Barat,provinsi,2024,Pemanfaatan internet,percentage_users,Tujuan penggunaan internet,13.9,% pengguna internet,area,total,category,email,id_38_2024,bps_internet_purpose
ID-0001484,32,Jawa Barat,provinsi,2024,Pemanfaatan internet,percentage_users,Tujuan penggunaan internet,83.96,% pengguna internet,area,total,category,entertainment,id_38_2024,bps_internet_purpose
ID-0001485,32,Jawa Barat,provinsi,2024,Pemanfaatan internet,percentage_users,Tujuan penggunaan internet,13.5,% pengguna internet,area,total,category,financial_services,id_38_2024,bps_internet_purpose
ID-0001486,32,Jawa Barat,provinsi,2024,Pemanfaatan internet,percentage_users,Tujuan penggunaan internet,26.79,% pengguna internet,area,total,category,goods_services_information,id_38_2024,bps_internet_purpose
ID-0001487,32,Jawa Barat,provinsi,2024,Pemanfaatan internet,percentage_users,Tujuan penggunaan internet,77.24,% pengguna internet,area,total,category,news_information,id_38_2024,bps_internet_purpose
ID-0001488,32,Jawa Barat,provinsi,2024,Pemanfaatan internet,percentage_users,Tujuan penggunaan internet,11.41,% pengguna internet,area,total,category,online_learning,id_38_2024,bps_internet_purpose
ID-0001489,32,Jawa Barat,provinsi,2024,Pemanfaatan internet,percentage_users,Tujuan penggunaan internet,5.07,% pengguna internet,area,total,category,other,id_38_2024,bps_internet_purpose
ID-0001490,32,Jawa Barat,provinsi,2024,Pemanfaatan internet,percentage_users,Tujuan penggunaan internet,5.32,% pengguna internet,area,total,category,sell_goods_services,id_38_2024,bps_internet_purpose
ID-0001491,32,Jawa Barat,provinsi,2024,Pemanfaatan internet,percentage_users,Tujuan penggunaan internet,76.72,% pengguna internet,area,total,category,social_media,id_38_2024,bps_internet_purpose
ID-0001492,32,Jawa Barat,provinsi,2024,Pemanfaatan internet,percentage_users,Tujuan penggunaan internet,1.86,% pengguna internet,area,total,category,work_from_home,id_38_2024,bps_internet_purpose
ID-0001493,32,Jawa Barat,provinsi,2024,Pemanfaatan internet,percentage_users,Tujuan penggunaan internet,30.41,% pengguna internet,area,urban,category,buy_goods_services,id_38_2024,bps_internet_purpose
ID-0001494,32,Jawa Barat,provinsi,2024,Pemanfaatan internet,percentage_users,Tujuan penggunaan internet,4.93,% pengguna internet,area,urban,category,digital_content_creation,id_38_2024,bps_internet_purpose
ID-0001495,32,Jawa Barat,provinsi,2024,Pemanfaatan internet,percentage_users,Tujuan penggunaan internet,14.97,% pengguna internet,area,urban,category,email,id_38_2024,bps_internet_purpose
ID-0001496,32,Jawa Barat,provinsi,2024,Pemanfaatan internet,percentage_users,Tujuan penggunaan internet,84.36,% pengguna internet,area,urban,category,entertainment,id_38_2024,bps_internet_purpose
ID-0001497,32,Jawa Barat,provinsi,2024,Pemanfaatan internet,percentage_users,Tujuan penggunaan internet,15.17,% pengguna internet,area,urban,category,financial_services,id_38_2024,bps_internet_purpose
ID-0001498,32,Jawa Barat,provinsi,2024,Pemanfaatan internet,percentage_users,Tujuan penggunaan internet,27.69,% pengguna internet,area,urban,category,goods_services_information,id_38_2024,bps_internet_purpose
ID-0001499,32,Jawa Barat,provinsi,2024,Pemanfaatan internet,percentage_users,Tujuan penggunaan internet,78.01,% pengguna internet,area,urban,category,news_information,id_38_2024,bps_internet_purpose
ID-0001500,32,Jawa Barat,provinsi,2024,Pemanfaatan internet,percentage_users,Tujuan penggunaan internet,11.5,% pengguna internet,area,urban,category,online_learning,id_38_2024,bps_internet_purpose
ID-0001501,32,Jawa Barat,provinsi,2024,Pemanfaatan internet,percentage_users,Tujuan penggunaan internet,4.77,% pengguna internet,area,urban,category,other,id_38_2024,bps_internet_purpose
ID-0001502,32,Jawa Barat,provinsi,2024,Pemanfaatan internet,percentage_users,Tujuan penggunaan internet,5.57,% pengguna internet,area,urban,category,sell_goods_services,id_38_2024,bps_internet_purpose
ID-0001503,32,Jawa Barat,provinsi,2024,Pemanfaatan internet,percentage_users,Tujuan penggunaan internet,77.46,% pengguna internet,area,urban,category,social_media,id_38_2024,bps_internet_purpose
ID-0001504,32,Jawa Barat,provinsi,2024,Pemanfaatan internet,percentage_users,Tujuan penggunaan internet,2.03,% pengguna internet,area,urban,category,work_from_home,id_38_2024,bps_internet_purpose
ID-0001505,32,Jawa Barat,provinsi,2024,Pembangunan TIK,access_infrastructure_subindex,Subindeks akses dan infrastruktur TIK,6.69,poin 0–10,,,,,id_34_papua_aggregated_2023_2024,bps_iptik_province_2023_2024
ID-0001506,32,Jawa Barat,provinsi,2024,Pembangunan TIK,ict_development_index,Indeks Pembangunan TIK,6.33,poin 0–10,,,,,id_34_papua_aggregated_2023_2024,bps_iptik_province_2023_2024
ID-0001507,32,Jawa Barat,provinsi,2024,Pembangunan TIK,skills_proxy_subindex,Subindeks proksi keahlian TIK,5.86,poin 0–10,,,,,id_34_papua_aggregated_2023_2024,bps_iptik_province_2023_2024
ID-0001508,32,Jawa Barat,provinsi,2024,Pembangunan TIK,use_subindex,Subindeks penggunaan TIK,6.2,poin 0–10,,,,,id_34_papua_aggregated_2023_2024,bps_iptik_province_2023_2024
ID-0001509,32,Jawa Barat,provinsi,2024,Perangkat akses,percentage_users,Perangkat yang digunakan untuk mengakses internet,1.44,% pengguna internet,area,rural,category,desktop,id_38_2024,bps_access_device
ID-0001510,32,Jawa Barat,provinsi,2024,Perangkat akses,percentage_users,Perangkat yang digunakan untuk mengakses internet,3.97,% pengguna internet,area,rural,category,laptop_tablet,id_38_2024,bps_access_device
ID-0001511,32,Jawa Barat,provinsi,2024,Perangkat akses,percentage_users,Perangkat yang digunakan untuk mengakses internet,99.44,% pengguna internet,area,rural,category,mobile,id_38_2024,bps_access_device
ID-0001512,32,Jawa Barat,provinsi,2024,Perangkat akses,percentage_users,Perangkat yang digunakan untuk mengakses internet,0.15,% pengguna internet,area,rural,category,other,id_38_2024,bps_access_device
ID-0001513,32,Jawa Barat,provinsi,2024,Perangkat akses,percentage_users,Perangkat yang digunakan untuk mengakses internet,2.82,% pengguna internet,area,total,category,desktop,id_38_2024,bps_access_device
ID-0001514,32,Jawa Barat,provinsi,2024,Perangkat akses,percentage_users,Perangkat yang digunakan untuk mengakses internet,10.49,% pengguna internet,area,total,category,laptop_tablet,id_38_2024,bps_access_device
ID-0001515,32,Jawa Barat,provinsi,2024,Perangkat akses,percentage_users,Perangkat yang digunakan untuk mengakses internet,99.08,% pengguna internet,area,total,category,mobile,id_38_2024,bps_access_device
ID-0001516,32,Jawa Barat,provinsi,2024,Perangkat akses,percentage_users,Perangkat yang digunakan untuk mengakses internet,0.16,% pengguna internet,area,total,category,other,id_38_2024,bps_access_device
ID-0001517,32,Jawa Barat,provinsi,2024,Perangkat akses,percentage_users,Perangkat yang digunakan untuk mengakses internet,3.1,% pengguna internet,area,urban,category,desktop,id_38_2024,bps_access_device
ID-0001518,32,Jawa Barat,provinsi,2024,Perangkat akses,percentage_users,Perangkat yang digunakan untuk mengakses internet,11.83,% pengguna internet,area,urban,category,laptop_tablet,id_38_2024,bps_access_device
ID-0001519,32,Jawa Barat,provinsi,2024,Perangkat akses,percentage_users,Perangkat yang digunakan untuk mengakses internet,99.01,% pengguna internet,area,urban,category,mobile,id_38_2024,bps_access_device
ID-0001520,32,Jawa Barat,provinsi,2024,Perangkat akses,percentage_users,Perangkat yang digunakan untuk mengakses internet,0.16,% pengguna internet,area,urban,category,other,id_38_2024,bps_access_device
ID-0001521,33,Jawa Tengah,provinsi,2017,Akses internet,internet_access_pct,Akses internet penduduk usia 5 tahun ke atas,23.64,% penduduk dalam kelompok,area,rural,,,id_34_pre_split,bps_internet_access_history_province_2017_2024
ID-0001522,33,Jawa Tengah,provinsi,2017,Akses internet,internet_access_pct,Akses internet penduduk usia 5 tahun ke atas,30.73,% penduduk dalam kelompok,area,total,,,id_34_pre_split,bps_internet_access_history_province_2017_2024
ID-0001523,33,Jawa Tengah,provinsi,2017,Akses internet,internet_access_pct,Akses internet penduduk usia 5 tahun ke atas,38.03,% penduduk dalam kelompok,area,urban,,,id_34_pre_split,bps_internet_access_history_province_2017_2024
ID-0001524,33,Jawa Tengah,provinsi,2018,Akses internet,internet_access_pct,Akses internet penduduk usia 5 tahun ke atas,30.57,% penduduk dalam kelompok,area,rural,,,id_34_pre_split,bps_internet_access_history_province_2017_2024
ID-0001525,33,Jawa Tengah,provinsi,2018,Akses internet,internet_access_pct,Akses internet penduduk usia 5 tahun ke atas,38.51,% penduduk dalam kelompok,area,total,,,id_34_pre_split,bps_internet_access_history_province_2017_2024
ID-0001526,33,Jawa Tengah,provinsi,2018,Akses internet,internet_access_pct,Akses internet penduduk usia 5 tahun ke atas,46.06,% penduduk dalam kelompok,area,urban,,,id_34_pre_split,bps_internet_access_history_province_2017_2024
ID-0001527,33,Jawa Tengah,provinsi,2018,Kesenjangan gender,internet_access_pct,Akses internet penduduk usia 5 tahun ke atas menurut gender,35.7,% penduduk dalam kelompok,sex,female,,,id_34_pre_split,bps_internet_gender_history_province_2018_2024
ID-0001528,33,Jawa Tengah,provinsi,2018,Kesenjangan gender,internet_access_pct,Akses internet penduduk usia 5 tahun ke atas menurut gender,41.37,% penduduk dalam kelompok,sex,male,,,id_34_pre_split,bps_internet_gender_history_province_2018_2024
ID-0001529,33,Jawa Tengah,provinsi,2019,Akses internet,internet_access_pct,Akses internet penduduk usia 5 tahun ke atas,40.52,% penduduk dalam kelompok,area,rural,,,id_34_pre_split,bps_internet_access_history_province_2017_2024
ID-0001530,33,Jawa Tengah,provinsi,2019,Akses internet,internet_access_pct,Akses internet penduduk usia 5 tahun ke atas,47.74,% penduduk dalam kelompok,area,total,,,id_34_pre_split,bps_internet_access_history_province_2017_2024
ID-0001531,33,Jawa Tengah,provinsi,2019,Akses internet,internet_access_pct,Akses internet penduduk usia 5 tahun ke atas,54.61,% penduduk dalam kelompok,area,urban,,,id_34_pre_split,bps_internet_access_history_province_2017_2024
ID-0001532,33,Jawa Tengah,provinsi,2019,Kesenjangan gender,internet_access_pct,Akses internet penduduk usia 5 tahun ke atas menurut gender,44.28,% penduduk dalam kelompok,sex,female,,,id_34_pre_split,bps_internet_gender_history_province_2018_2024
ID-0001533,33,Jawa Tengah,provinsi,2019,Kesenjangan gender,internet_access_pct,Akses internet penduduk usia 5 tahun ke atas menurut gender,51.28,% penduduk dalam kelompok,sex,male,,,id_34_pre_split,bps_internet_gender_history_province_2018_2024
ID-0001534,33,Jawa Tengah,provinsi,2020,Akses internet,internet_access_pct,Akses internet penduduk usia 5 tahun ke atas,47.97,% penduduk dalam kelompok,area,rural,,,id_34_pre_split,bps_internet_access_history_province_2017_2024
ID-0001535,33,Jawa Tengah,provinsi,2020,Akses internet,internet_access_pct,Akses internet penduduk usia 5 tahun ke atas,54.72,% penduduk dalam kelompok,area,total,,,id_34_pre_split,bps_internet_access_history_province_2017_2024
ID-0001536,33,Jawa Tengah,provinsi,2020,Akses internet,internet_access_pct,Akses internet penduduk usia 5 tahun ke atas,61.13,% penduduk dalam kelompok,area,urban,,,id_34_pre_split,bps_internet_access_history_province_2017_2024
ID-0001537,33,Jawa Tengah,provinsi,2020,Kesenjangan gender,internet_access_pct,Akses internet penduduk usia 5 tahun ke atas menurut gender,51.25,% penduduk dalam kelompok,sex,female,,,id_34_pre_split,bps_internet_gender_history_province_2018_2024
ID-0001538,33,Jawa Tengah,provinsi,2020,Kesenjangan gender,internet_access_pct,Akses internet penduduk usia 5 tahun ke atas menurut gender,58.27,% penduduk dalam kelompok,sex,male,,,id_34_pre_split,bps_internet_gender_history_province_2018_2024
ID-0001539,33,Jawa Tengah,provinsi,2021,Akses internet,internet_access_pct,Akses internet penduduk usia 5 tahun ke atas,56.04,% penduduk dalam kelompok,area,rural,,,id_34_pre_split,bps_internet_access_history_province_2017_2024
ID-0001540,33,Jawa Tengah,provinsi,2021,Akses internet,internet_access_pct,Akses internet penduduk usia 5 tahun ke atas,62.2,% penduduk dalam kelompok,area,total,,,id_34_pre_split,bps_internet_access_history_province_2017_2024
ID-0001541,33,Jawa Tengah,provinsi,2021,Akses internet,internet_access_pct,Akses internet penduduk usia 5 tahun ke atas,67.95,% penduduk dalam kelompok,area,urban,,,id_34_pre_split,bps_internet_access_history_province_2017_2024
ID-0001542,33,Jawa Tengah,provinsi,2021,Akses rumah tangga,household_internet_pct,Rumah tangga dengan akses internet,79.14,% rumah tangga dalam klasifikasi daerah,area,rural,,,id_34_pre_split,bps_household_internet
ID-0001543,33,Jawa Tengah,provinsi,2021,Akses rumah tangga,household_internet_pct,Rumah tangga dengan akses internet,82.88,% rumah tangga dalam klasifikasi daerah,area,total,,,id_34_pre_split,bps_household_internet
ID-0001544,33,Jawa Tengah,provinsi,2021,Akses rumah tangga,household_internet_pct,Rumah tangga dengan akses internet,86.45,% rumah tangga dalam klasifikasi daerah,area,urban,,,id_34_pre_split,bps_household_internet
ID-0001545,33,Jawa Tengah,provinsi,2021,Kesenjangan gender,internet_access_pct,Akses internet penduduk usia 5 tahun ke atas menurut gender,58.67,% penduduk dalam kelompok,sex,female,,,id_34_pre_split,bps_internet_gender_history_province_2018_2024
ID-0001546,33,Jawa Tengah,provinsi,2021,Kesenjangan gender,internet_access_pct,Akses internet penduduk usia 5 tahun ke atas menurut gender,65.79,% penduduk dalam kelompok,sex,male,,,id_34_pre_split,bps_internet_gender_history_province_2018_2024
ID-0001547,33,Jawa Tengah,provinsi,2021,Literasi digital,digital_literacy_index,Indeks Literasi Digital Kominfo,3.46,poin 1–5,,,,,id_34_pre_split,kominfo_digital_literacy_province_2021
ID-0001548,33,Jawa Tengah,provinsi,2022,Akses internet,internet_access_pct,Akses internet penduduk usia 5 tahun ke atas,62.62,% penduduk dalam kelompok,area,rural,,,id_34_pre_split,bps_internet_access_history_province_2017_2024
ID-0001549,33,Jawa Tengah,provinsi,2022,Akses internet,internet_access_pct,Akses internet penduduk usia 5 tahun ke atas,67.73,% penduduk dalam kelompok,area,total,,,id_34_pre_split,bps_internet_access_history_province_2017_2024
ID-0001550,33,Jawa Tengah,provinsi,2022,Akses internet,internet_access_pct,Akses internet penduduk usia 5 tahun ke atas,71.84,% penduduk dalam kelompok,area,urban,,,id_34_pre_split,bps_internet_access_history_province_2017_2024
ID-0001551,33,Jawa Tengah,provinsi,2022,Akses rumah tangga,household_internet_pct,Rumah tangga dengan akses internet,86.13,% rumah tangga dalam klasifikasi daerah,area,rural,,,id_34_pre_split,bps_household_internet
ID-0001552,33,Jawa Tengah,provinsi,2022,Akses rumah tangga,household_internet_pct,Rumah tangga dengan akses internet,88.24,% rumah tangga dalam klasifikasi daerah,area,total,,,id_34_pre_split,bps_household_internet
ID-0001553,33,Jawa Tengah,provinsi,2022,Akses rumah tangga,household_internet_pct,Rumah tangga dengan akses internet,90.18,% rumah tangga dalam klasifikasi daerah,area,urban,,,id_34_pre_split,bps_household_internet
ID-0001554,33,Jawa Tengah,provinsi,2022,Kesenjangan gender,internet_access_pct,Akses internet penduduk usia 5 tahun ke atas menurut gender,64.23,% penduduk dalam kelompok,sex,female,,,id_34_pre_split,bps_internet_gender_history_province_2018_2024
ID-0001555,33,Jawa Tengah,provinsi,2022,Kesenjangan gender,internet_access_pct,Akses internet penduduk usia 5 tahun ke atas menurut gender,71.21,% penduduk dalam kelompok,sex,male,,,id_34_pre_split,bps_internet_gender_history_province_2018_2024
ID-0001556,33,Jawa Tengah,provinsi,2023,Akses internet,internet_access_pct,Akses internet penduduk usia 5 tahun ke atas,65.61,% penduduk dalam kelompok,area,rural,,,id_34_pre_split,bps_internet_access_history_province_2017_2024
ID-0001557,33,Jawa Tengah,provinsi,2023,Akses internet,internet_access_pct,Akses internet penduduk usia 5 tahun ke atas,70,% penduduk dalam kelompok,area,total,,,id_34_pre_split,bps_internet_access_history_province_2017_2024
ID-0001558,33,Jawa Tengah,provinsi,2023,Akses internet,internet_access_pct,Akses internet penduduk usia 5 tahun ke atas,73.91,% penduduk dalam kelompok,area,urban,,,id_34_pre_split,bps_internet_access_history_province_2017_2024
ID-0001559,33,Jawa Tengah,provinsi,2023,Akses rumah tangga,household_internet_pct,Rumah tangga dengan akses internet,83.5,% rumah tangga dalam klasifikasi daerah,area,rural,,,id_34_pre_split,bps_household_internet
ID-0001560,33,Jawa Tengah,provinsi,2023,Akses rumah tangga,household_internet_pct,Rumah tangga dengan akses internet,85.61,% rumah tangga dalam klasifikasi daerah,area,total,,,id_34_pre_split,bps_household_internet
ID-0001561,33,Jawa Tengah,provinsi,2023,Akses rumah tangga,household_internet_pct,Rumah tangga dengan akses internet,87.5,% rumah tangga dalam klasifikasi daerah,area,urban,,,id_34_pre_split,bps_household_internet
ID-0001562,33,Jawa Tengah,provinsi,2023,Kesenjangan gender,internet_access_pct,Akses internet penduduk usia 5 tahun ke atas menurut gender,66.41,% penduduk dalam kelompok,sex,female,,,id_34_pre_split,bps_internet_gender_history_province_2018_2024
ID-0001563,33,Jawa Tengah,provinsi,2023,Kesenjangan gender,internet_access_pct,Akses internet penduduk usia 5 tahun ke atas menurut gender,73.65,% penduduk dalam kelompok,sex,male,,,id_34_pre_split,bps_internet_gender_history_province_2018_2024
ID-0001564,33,Jawa Tengah,provinsi,2023,Komponen pembangunan TIK,fixed_broadband_norm,"Broadband tetap per 100 penduduk, ternormalisasi",0.5,poin 0–10,,,,,id_34_papua_aggregated_2023_2024,bps_iptik_normalized_components_province_2023_2024
ID-0001565,33,Jawa Tengah,provinsi,2023,Komponen pembangunan TIK,fixed_telephone_norm,"Telepon tetap per 100 penduduk, ternormalisasi",2.27,poin 0–10,,,,,id_34_papua_aggregated_2023_2024,bps_iptik_normalized_components_province_2023_2024
ID-0001566,33,Jawa Tengah,provinsi,2023,Komponen pembangunan TIK,household_computer_norm,"Rumah tangga dengan komputer, ternormalisasi",1.41,poin 0–10,,,,,id_34_papua_aggregated_2023_2024,bps_iptik_normalized_components_province_2023_2024
ID-0001567,33,Jawa Tengah,provinsi,2023,Komponen pembangunan TIK,household_internet_norm,"Rumah tangga dengan internet, ternormalisasi",8.56,poin 0–10,,,,,id_34_papua_aggregated_2023_2024,bps_iptik_normalized_components_province_2023_2024
ID-0001568,33,Jawa Tengah,provinsi,2023,Komponen pembangunan TIK,individual_internet_norm,"Individu pengguna internet, ternormalisasi",7,poin 0–10,,,,,id_34_papua_aggregated_2023_2024,bps_iptik_normalized_components_province_2023_2024
ID-0001569,33,Jawa Tengah,provinsi,2023,Komponen pembangunan TIK,international_bandwidth_norm,"Bandwidth internet internasional per pengguna, ternormalisasi",8.03,poin 0–10,,,,,id_34_papua_aggregated_2023_2024,bps_iptik_normalized_components_province_2023_2024
ID-0001570,33,Jawa Tengah,provinsi,2023,Komponen pembangunan TIK,mean_years_school_norm,"Rata-rata lama sekolah, ternormalisasi",5.63,poin 0–10,,,,,id_34_papua_aggregated_2023_2024,bps_iptik_normalized_components_province_2023_2024
ID-0001571,33,Jawa Tengah,provinsi,2023,Komponen pembangunan TIK,mobile_broadband_norm,"Broadband seluler per 100 penduduk, ternormalisasi",10,poin 0–10,,,,,id_34_papua_aggregated_2023_2024,bps_iptik_normalized_components_province_2023_2024
ID-0001572,33,Jawa Tengah,provinsi,2023,Komponen pembangunan TIK,mobile_cellular_norm,"Telepon seluler per 100 penduduk, ternormalisasi",9.58,poin 0–10,,,,,id_34_papua_aggregated_2023_2024,bps_iptik_normalized_components_province_2023_2024
ID-0001573,33,Jawa Tengah,provinsi,2023,Komponen pembangunan TIK,secondary_enrolment_norm,"Partisipasi pendidikan sekunder, ternormalisasi",9.02,poin 0–10,,,,,id_34_papua_aggregated_2023_2024,bps_iptik_normalized_components_province_2023_2024
ID-0001574,33,Jawa Tengah,provinsi,2023,Komponen pembangunan TIK,tertiary_enrolment_norm,"Partisipasi pendidikan tinggi, ternormalisasi",2.44,poin 0–10,,,,,id_34_papua_aggregated_2023_2024,bps_iptik_normalized_components_province_2023_2024
ID-0001575,33,Jawa Tengah,provinsi,2023,Pembangunan TIK,access_infrastructure_subindex,Subindeks akses dan infrastruktur TIK,5.97,poin 0–10,,,,,id_34_papua_aggregated_2023_2024,bps_iptik_province_2023_2024
ID-0001576,33,Jawa Tengah,provinsi,2023,Pembangunan TIK,ict_development_index,Indeks Pembangunan TIK,5.86,poin 0–10,,,,,id_34_papua_aggregated_2023_2024,bps_iptik_province_2023_2024
ID-0001577,33,Jawa Tengah,provinsi,2023,Pembangunan TIK,skills_proxy_subindex,Subindeks proksi keahlian TIK,5.7,poin 0–10,,,,,id_34_papua_aggregated_2023_2024,bps_iptik_province_2023_2024
ID-0001578,33,Jawa Tengah,provinsi,2023,Pembangunan TIK,use_subindex,Subindeks penggunaan TIK,5.83,poin 0–10,,,,,id_34_papua_aggregated_2023_2024,bps_iptik_province_2023_2024
ID-0001579,33,Jawa Tengah,provinsi,2024,Akses internet,internet_access_pct,Akses internet penduduk usia 5 tahun ke atas,69.78,% penduduk dalam kelompok,area,rural,,,id_38_2024,bps_internet_access_history_province_2017_2024
ID-0001580,33,Jawa Tengah,provinsi,2024,Akses internet,internet_access_pct,Akses internet penduduk usia 5 tahun ke atas,73.15,% penduduk dalam kelompok,area,total,,,id_38_2024,bps_internet_access_history_province_2017_2024
ID-0001581,33,Jawa Tengah,provinsi,2024,Akses internet,internet_access_pct,Akses internet penduduk usia 5 tahun ke atas,76.08,% penduduk dalam kelompok,area,urban,,,id_38_2024,bps_internet_access_history_province_2017_2024
ID-0001582,33,Jawa Tengah,provinsi,2024,Akses rumah tangga,household_internet_pct,Rumah tangga dengan akses internet,86.44,% rumah tangga dalam klasifikasi daerah,area,rural,,,id_38_2024,bps_household_internet
ID-0001583,33,Jawa Tengah,provinsi,2024,Akses rumah tangga,household_internet_pct,Rumah tangga dengan akses internet,88.89,% rumah tangga dalam klasifikasi daerah,area,total,,,id_38_2024,bps_household_internet
ID-0001584,33,Jawa Tengah,provinsi,2024,Akses rumah tangga,household_internet_pct,Rumah tangga dengan akses internet,91.12,% rumah tangga dalam klasifikasi daerah,area,urban,,,id_38_2024,bps_household_internet
ID-0001585,33,Jawa Tengah,provinsi,2024,Kesenjangan gender,internet_access_pct,Akses internet penduduk usia 5 tahun ke atas menurut gender,69.7,% penduduk dalam kelompok,sex,female,,,id_38_2024,bps_internet_gender_history_province_2018_2024
ID-0001586,33,Jawa Tengah,provinsi,2024,Kesenjangan gender,internet_access_pct,Akses internet penduduk usia 5 tahun ke atas menurut gender,76.66,% penduduk dalam kelompok,sex,male,,,id_38_2024,bps_internet_gender_history_province_2018_2024
ID-0001587,33,Jawa Tengah,provinsi,2024,Komponen pembangunan TIK,fixed_broadband_norm,"Broadband tetap per 100 penduduk, ternormalisasi",0.56,poin 0–10,,,,,id_34_papua_aggregated_2023_2024,bps_iptik_normalized_components_province_2023_2024
ID-0001588,33,Jawa Tengah,provinsi,2024,Komponen pembangunan TIK,fixed_telephone_norm,"Telepon tetap per 100 penduduk, ternormalisasi",2.45,poin 0–10,,,,,id_34_papua_aggregated_2023_2024,bps_iptik_normalized_components_province_2023_2024
ID-0001589,33,Jawa Tengah,provinsi,2024,Komponen pembangunan TIK,household_computer_norm,"Rumah tangga dengan komputer, ternormalisasi",1.48,poin 0–10,,,,,id_34_papua_aggregated_2023_2024,bps_iptik_normalized_components_province_2023_2024
ID-0001590,33,Jawa Tengah,provinsi,2024,Komponen pembangunan TIK,household_internet_norm,"Rumah tangga dengan internet, ternormalisasi",8.89,poin 0–10,,,,,id_34_papua_aggregated_2023_2024,bps_iptik_normalized_components_province_2023_2024
ID-0001591,33,Jawa Tengah,provinsi,2024,Komponen pembangunan TIK,individual_internet_norm,"Individu pengguna internet, ternormalisasi",7.32,poin 0–10,,,,,id_34_papua_aggregated_2023_2024,bps_iptik_normalized_components_province_2023_2024
ID-0001592,33,Jawa Tengah,provinsi,2024,Komponen pembangunan TIK,international_bandwidth_norm,"Bandwidth internet internasional per pengguna, ternormalisasi",8.48,poin 0–10,,,,,id_34_papua_aggregated_2023_2024,bps_iptik_normalized_components_province_2023_2024
ID-0001593,33,Jawa Tengah,provinsi,2024,Komponen pembangunan TIK,mean_years_school_norm,"Rata-rata lama sekolah, ternormalisasi",5.65,poin 0–10,,,,,id_34_papua_aggregated_2023_2024,bps_iptik_normalized_components_province_2023_2024
ID-0001594,33,Jawa Tengah,provinsi,2024,Komponen pembangunan TIK,mobile_broadband_norm,"Broadband seluler per 100 penduduk, ternormalisasi",10,poin 0–10,,,,,id_34_papua_aggregated_2023_2024,bps_iptik_normalized_components_province_2023_2024
ID-0001595,33,Jawa Tengah,provinsi,2024,Komponen pembangunan TIK,mobile_cellular_norm,"Telepon seluler per 100 penduduk, ternormalisasi",9.38,poin 0–10,,,,,id_34_papua_aggregated_2023_2024,bps_iptik_normalized_components_province_2023_2024
ID-0001596,33,Jawa Tengah,provinsi,2024,Komponen pembangunan TIK,secondary_enrolment_norm,"Partisipasi pendidikan sekunder, ternormalisasi",8.97,poin 0–10,,,,,id_34_papua_aggregated_2023_2024,bps_iptik_normalized_components_province_2023_2024
ID-0001597,33,Jawa Tengah,provinsi,2024,Komponen pembangunan TIK,tertiary_enrolment_norm,"Partisipasi pendidikan tinggi, ternormalisasi",2.58,poin 0–10,,,,,id_34_papua_aggregated_2023_2024,bps_iptik_normalized_components_province_2023_2024
ID-0001598,33,Jawa Tengah,provinsi,2024,Pemanfaatan internet,percentage_users,Tujuan penggunaan internet,20.31,% pengguna internet,area,rural,category,buy_goods_services,id_38_2024,bps_internet_purpose
ID-0001599,33,Jawa Tengah,provinsi,2024,Pemanfaatan internet,percentage_users,Tujuan penggunaan internet,11.53,% pengguna internet,area,rural,category,digital_content_creation,id_38_2024,bps_internet_purpose
ID-0001600,33,Jawa Tengah,provinsi,2024,Pemanfaatan internet,percentage_users,Tujuan penggunaan internet,6.98,% pengguna internet,area,rural,category,email,id_38_2024,bps_internet_purpose
ID-0001601,33,Jawa Tengah,provinsi,2024,Pemanfaatan internet,percentage_users,Tujuan penggunaan internet,85.93,% pengguna internet,area,rural,category,entertainment,id_38_2024,bps_internet_purpose
ID-0001602,33,Jawa Tengah,provinsi,2024,Pemanfaatan internet,percentage_users,Tujuan penggunaan internet,5.35,% pengguna internet,area,rural,category,financial_services,id_38_2024,bps_internet_purpose
ID-0001603,33,Jawa Tengah,provinsi,2024,Pemanfaatan internet,percentage_users,Tujuan penggunaan internet,24.45,% pengguna internet,area,rural,category,goods_services_information,id_38_2024,bps_internet_purpose
ID-0001604,33,Jawa Tengah,provinsi,2024,Pemanfaatan internet,percentage_users,Tujuan penggunaan internet,74.62,% pengguna internet,area,rural,category,news_information,id_38_2024,bps_internet_purpose
ID-0001605,33,Jawa Tengah,provinsi,2024,Pemanfaatan internet,percentage_users,Tujuan penggunaan internet,8.01,% pengguna internet,area,rural,category,online_learning,id_38_2024,bps_internet_purpose
ID-0001606,33,Jawa Tengah,provinsi,2024,Pemanfaatan internet,percentage_users,Tujuan penggunaan internet,4.62,% pengguna internet,area,rural,category,other,id_38_2024,bps_internet_purpose
ID-0001607,33,Jawa Tengah,provinsi,2024,Pemanfaatan internet,percentage_users,Tujuan penggunaan internet,5.1,% pengguna internet,area,rural,category,sell_goods_services,id_38_2024,bps_internet_purpose
ID-0001608,33,Jawa Tengah,provinsi,2024,Pemanfaatan internet,percentage_users,Tujuan penggunaan internet,78.04,% pengguna internet,area,rural,category,social_media,id_38_2024,bps_internet_purpose
ID-0001609,33,Jawa Tengah,provinsi,2024,Pemanfaatan internet,percentage_users,Tujuan penggunaan internet,0.82,% pengguna internet,area,rural,category,work_from_home,id_38_2024,bps_internet_purpose
ID-0001610,33,Jawa Tengah,provinsi,2024,Pemanfaatan internet,percentage_users,Tujuan penggunaan internet,23.22,% pengguna internet,area,total,category,buy_goods_services,id_38_2024,bps_internet_purpose
ID-0001611,33,Jawa Tengah,provinsi,2024,Pemanfaatan internet,percentage_users,Tujuan penggunaan internet,10.84,% pengguna internet,area,total,category,digital_content_creation,id_38_2024,bps_internet_purpose
ID-0001612,33,Jawa Tengah,provinsi,2024,Pemanfaatan internet,percentage_users,Tujuan penggunaan internet,10.74,% pengguna internet,area,total,category,email,id_38_2024,bps_internet_purpose
ID-0001613,33,Jawa Tengah,provinsi,2024,Pemanfaatan internet,percentage_users,Tujuan penggunaan internet,85.92,% pengguna internet,area,total,category,entertainment,id_38_2024,bps_internet_purpose
ID-0001614,33,Jawa Tengah,provinsi,2024,Pemanfaatan internet,percentage_users,Tujuan penggunaan internet,9.55,% pengguna internet,area,total,category,financial_services,id_38_2024,bps_internet_purpose
ID-0001615,33,Jawa Tengah,provinsi,2024,Pemanfaatan internet,percentage_users,Tujuan penggunaan internet,27.66,% pengguna internet,area,total,category,goods_services_information,id_38_2024,bps_internet_purpose
ID-0001616,33,Jawa Tengah,provinsi,2024,Pemanfaatan internet,percentage_users,Tujuan penggunaan internet,76.31,% pengguna internet,area,total,category,news_information,id_38_2024,bps_internet_purpose
ID-0001617,33,Jawa Tengah,provinsi,2024,Pemanfaatan internet,percentage_users,Tujuan penggunaan internet,9.1,% pengguna internet,area,total,category,online_learning,id_38_2024,bps_internet_purpose
ID-0001618,33,Jawa Tengah,provinsi,2024,Pemanfaatan internet,percentage_users,Tujuan penggunaan internet,4.74,% pengguna internet,area,total,category,other,id_38_2024,bps_internet_purpose
ID-0001619,33,Jawa Tengah,provinsi,2024,Pemanfaatan internet,percentage_users,Tujuan penggunaan internet,6.19,% pengguna internet,area,total,category,sell_goods_services,id_38_2024,bps_internet_purpose
ID-0001620,33,Jawa Tengah,provinsi,2024,Pemanfaatan internet,percentage_users,Tujuan penggunaan internet,80.13,% pengguna internet,area,total,category,social_media,id_38_2024,bps_internet_purpose
ID-0001621,33,Jawa Tengah,provinsi,2024,Pemanfaatan internet,percentage_users,Tujuan penggunaan internet,1.09,% pengguna internet,area,total,category,work_from_home,id_38_2024,bps_internet_purpose
ID-0001622,33,Jawa Tengah,provinsi,2024,Pemanfaatan internet,percentage_users,Tujuan penggunaan internet,25.54,% pengguna internet,area,urban,category,buy_goods_services,id_38_2024,bps_internet_purpose
ID-0001623,33,Jawa Tengah,provinsi,2024,Pemanfaatan internet,percentage_users,Tujuan penggunaan internet,10.29,% pengguna internet,area,urban,category,digital_content_creation,id_38_2024,bps_internet_purpose
ID-0001624,33,Jawa Tengah,provinsi,2024,Pemanfaatan internet,percentage_users,Tujuan penggunaan internet,13.76,% pengguna internet,area,urban,category,email,id_38_2024,bps_internet_purpose
ID-0001625,33,Jawa Tengah,provinsi,2024,Pemanfaatan internet,percentage_users,Tujuan penggunaan internet,85.91,% pengguna internet,area,urban,category,entertainment,id_38_2024,bps_internet_purpose
ID-0001626,33,Jawa Tengah,provinsi,2024,Pemanfaatan internet,percentage_users,Tujuan penggunaan internet,12.9,% pengguna internet,area,urban,category,financial_services,id_38_2024,bps_internet_purpose
ID-0001627,33,Jawa Tengah,provinsi,2024,Pemanfaatan internet,percentage_users,Tujuan penggunaan internet,30.23,% pengguna internet,area,urban,category,goods_services_information,id_38_2024,bps_internet_purpose
ID-0001628,33,Jawa Tengah,provinsi,2024,Pemanfaatan internet,percentage_users,Tujuan penggunaan internet,77.66,% pengguna internet,area,urban,category,news_information,id_38_2024,bps_internet_purpose
ID-0001629,33,Jawa Tengah,provinsi,2024,Pemanfaatan internet,percentage_users,Tujuan penggunaan internet,9.97,% pengguna internet,area,urban,category,online_learning,id_38_2024,bps_internet_purpose
ID-0001630,33,Jawa Tengah,provinsi,2024,Pemanfaatan internet,percentage_users,Tujuan penggunaan internet,4.84,% pengguna internet,area,urban,category,other,id_38_2024,bps_internet_purpose
ID-0001631,33,Jawa Tengah,provinsi,2024,Pemanfaatan internet,percentage_users,Tujuan penggunaan internet,7.05,% pengguna internet,area,urban,category,sell_goods_services,id_38_2024,bps_internet_purpose
ID-0001632,33,Jawa Tengah,provinsi,2024,Pemanfaatan internet,percentage_users,Tujuan penggunaan internet,81.8,% pengguna internet,area,urban,category,social_media,id_38_2024,bps_internet_purpose
ID-0001633,33,Jawa Tengah,provinsi,2024,Pemanfaatan internet,percentage_users,Tujuan penggunaan internet,1.3,% pengguna internet,area,urban,category,work_from_home,id_38_2024,bps_internet_purpose
ID-0001634,33,Jawa Tengah,provinsi,2024,Pembangunan TIK,access_infrastructure_subindex,Subindeks akses dan infrastruktur TIK,6.14,poin 0–10,,,,,id_34_papua_aggregated_2023_2024,bps_iptik_province_2023_2024
ID-0001635,33,Jawa Tengah,provinsi,2024,Pembangunan TIK,ict_development_index,Indeks Pembangunan TIK,5.98,poin 0–10,,,,,id_34_papua_aggregated_2023_2024,bps_iptik_province_2023_2024
ID-0001636,33,Jawa Tengah,provinsi,2024,Pembangunan TIK,skills_proxy_subindex,Subindeks proksi keahlian TIK,5.73,poin 0–10,,,,,id_34_papua_aggregated_2023_2024,bps_iptik_province_2023_2024
ID-0001637,33,Jawa Tengah,provinsi,2024,Pembangunan TIK,use_subindex,Subindeks penggunaan TIK,5.96,poin 0–10,,,,,id_34_papua_aggregated_2023_2024,bps_iptik_province_2023_2024
ID-0001638,33,Jawa Tengah,provinsi,2024,Perangkat akses,percentage_users,Perangkat yang digunakan untuk mengakses internet,2.13,% pengguna internet,area,rural,category,desktop,id_38_2024,bps_access_device
ID-0001639,33,Jawa Tengah,provinsi,2024,Perangkat akses,percentage_users,Perangkat yang digunakan untuk mengakses internet,4.8,% pengguna internet,area,rural,category,laptop_tablet,id_38_2024,bps_access_device
ID-0001640,33,Jawa Tengah,provinsi,2024,Perangkat akses,percentage_users,Perangkat yang digunakan untuk mengakses internet,99.56,% pengguna internet,area,rural,category,mobile,id_38_2024,bps_access_device
ID-0001641,33,Jawa Tengah,provinsi,2024,Perangkat akses,percentage_users,Perangkat yang digunakan untuk mengakses internet,0.19,% pengguna internet,area,rural,category,other,id_38_2024,bps_access_device
ID-0001642,33,Jawa Tengah,provinsi,2024,Perangkat akses,percentage_users,Perangkat yang digunakan untuk mengakses internet,2.99,% pengguna internet,area,total,category,desktop,id_38_2024,bps_access_device
ID-0001643,33,Jawa Tengah,provinsi,2024,Perangkat akses,percentage_users,Perangkat yang digunakan untuk mengakses internet,8.07,% pengguna internet,area,total,category,laptop_tablet,id_38_2024,bps_access_device
ID-0001644,33,Jawa Tengah,provinsi,2024,Perangkat akses,percentage_users,Perangkat yang digunakan untuk mengakses internet,99.29,% pengguna internet,area,total,category,mobile,id_38_2024,bps_access_device
ID-0001645,33,Jawa Tengah,provinsi,2024,Perangkat akses,percentage_users,Perangkat yang digunakan untuk mengakses internet,0.29,% pengguna internet,area,total,category,other,id_38_2024,bps_access_device
ID-0001646,33,Jawa Tengah,provinsi,2024,Perangkat akses,percentage_users,Perangkat yang digunakan untuk mengakses internet,3.69,% pengguna internet,area,urban,category,desktop,id_38_2024,bps_access_device
ID-0001647,33,Jawa Tengah,provinsi,2024,Perangkat akses,percentage_users,Perangkat yang digunakan untuk mengakses internet,10.67,% pengguna internet,area,urban,category,laptop_tablet,id_38_2024,bps_access_device
ID-0001648,33,Jawa Tengah,provinsi,2024,Perangkat akses,percentage_users,Perangkat yang digunakan untuk mengakses internet,99.08,% pengguna internet,area,urban,category,mobile,id_38_2024,bps_access_device
ID-0001649,33,Jawa Tengah,provinsi,2024,Perangkat akses,percentage_users,Perangkat yang digunakan untuk mengakses internet,0.36,% pengguna internet,area,urban,category,other,id_38_2024,bps_access_device
ID-0001650,34,DI Yogyakarta,provinsi,2017,Akses internet,internet_access_pct,Akses internet penduduk usia 5 tahun ke atas,26.87,% penduduk dalam kelompok,area,rural,,,id_34_pre_split,bps_internet_access_history_province_2017_2024
ID-0001651,34,DI Yogyakarta,provinsi,2017,Akses internet,internet_access_pct,Akses internet penduduk usia 5 tahun ke atas,45.38,% penduduk dalam kelompok,area,total,,,id_34_pre_split,bps_internet_access_history_province_2017_2024
ID-0001652,34,DI Yogyakarta,provinsi,2017,Akses internet,internet_access_pct,Akses internet penduduk usia 5 tahun ke atas,53.21,% penduduk dalam kelompok,area,urban,,,id_34_pre_split,bps_internet_access_history_province_2017_2024
ID-0001653,34,DI Yogyakarta,provinsi,2018,Akses internet,internet_access_pct,Akses internet penduduk usia 5 tahun ke atas,35.79,% penduduk dalam kelompok,area,rural,,,id_34_pre_split,bps_internet_access_history_province_2017_2024
ID-0001654,34,DI Yogyakarta,provinsi,2018,Akses internet,internet_access_pct,Akses internet penduduk usia 5 tahun ke atas,55.45,% penduduk dalam kelompok,area,total,,,id_34_pre_split,bps_internet_access_history_province_2017_2024
ID-0001655,34,DI Yogyakarta,provinsi,2018,Akses internet,internet_access_pct,Akses internet penduduk usia 5 tahun ke atas,62.78,% penduduk dalam kelompok,area,urban,,,id_34_pre_split,bps_internet_access_history_province_2017_2024
ID-0001656,34,DI Yogyakarta,provinsi,2018,Kesenjangan gender,internet_access_pct,Akses internet penduduk usia 5 tahun ke atas menurut gender,52.83,% penduduk dalam kelompok,sex,female,,,id_34_pre_split,bps_internet_gender_history_province_2018_2024
ID-0001657,34,DI Yogyakarta,provinsi,2018,Kesenjangan gender,internet_access_pct,Akses internet penduduk usia 5 tahun ke atas menurut gender,58.16,% penduduk dalam kelompok,sex,male,,,id_34_pre_split,bps_internet_gender_history_province_2018_2024
ID-0001658,34,DI Yogyakarta,provinsi,2019,Akses internet,internet_access_pct,Akses internet penduduk usia 5 tahun ke atas,44.84,% penduduk dalam kelompok,area,rural,,,id_34_pre_split,bps_internet_access_history_province_2017_2024
ID-0001659,34,DI Yogyakarta,provinsi,2019,Akses internet,internet_access_pct,Akses internet penduduk usia 5 tahun ke atas,61.73,% penduduk dalam kelompok,area,total,,,id_34_pre_split,bps_internet_access_history_province_2017_2024
ID-0001660,34,DI Yogyakarta,provinsi,2019,Akses internet,internet_access_pct,Akses internet penduduk usia 5 tahun ke atas,68.04,% penduduk dalam kelompok,area,urban,,,id_34_pre_split,bps_internet_access_history_province_2017_2024
ID-0001661,34,DI Yogyakarta,provinsi,2019,Kesenjangan gender,internet_access_pct,Akses internet penduduk usia 5 tahun ke atas menurut gender,58.19,% penduduk dalam kelompok,sex,female,,,id_34_pre_split,bps_internet_gender_history_province_2018_2024
ID-0001662,34,DI Yogyakarta,provinsi,2019,Kesenjangan gender,internet_access_pct,Akses internet penduduk usia 5 tahun ke atas menurut gender,65.37,% penduduk dalam kelompok,sex,male,,,id_34_pre_split,bps_internet_gender_history_province_2018_2024
ID-0001663,34,DI Yogyakarta,provinsi,2020,Akses internet,internet_access_pct,Akses internet penduduk usia 5 tahun ke atas,53.61,% penduduk dalam kelompok,area,rural,,,id_34_pre_split,bps_internet_access_history_province_2017_2024
ID-0001664,34,DI Yogyakarta,provinsi,2020,Akses internet,internet_access_pct,Akses internet penduduk usia 5 tahun ke atas,68.68,% penduduk dalam kelompok,area,total,,,id_34_pre_split,bps_internet_access_history_province_2017_2024
ID-0001665,34,DI Yogyakarta,provinsi,2020,Akses internet,internet_access_pct,Akses internet penduduk usia 5 tahun ke atas,74.28,% penduduk dalam kelompok,area,urban,,,id_34_pre_split,bps_internet_access_history_province_2017_2024
ID-0001666,34,DI Yogyakarta,provinsi,2020,Kesenjangan gender,internet_access_pct,Akses internet penduduk usia 5 tahun ke atas menurut gender,65.82,% penduduk dalam kelompok,sex,female,,,id_34_pre_split,bps_internet_gender_history_province_2018_2024
ID-0001667,34,DI Yogyakarta,provinsi,2020,Kesenjangan gender,internet_access_pct,Akses internet penduduk usia 5 tahun ke atas menurut gender,71.6,% penduduk dalam kelompok,sex,male,,,id_34_pre_split,bps_internet_gender_history_province_2018_2024
ID-0001668,34,DI Yogyakarta,provinsi,2021,Akses internet,internet_access_pct,Akses internet penduduk usia 5 tahun ke atas,60.35,% penduduk dalam kelompok,area,rural,,,id_34_pre_split,bps_internet_access_history_province_2017_2024
ID-0001669,34,DI Yogyakarta,provinsi,2021,Akses internet,internet_access_pct,Akses internet penduduk usia 5 tahun ke atas,74,% penduduk dalam kelompok,area,total,,,id_34_pre_split,bps_internet_access_history_province_2017_2024
ID-0001670,34,DI Yogyakarta,provinsi,2021,Akses internet,internet_access_pct,Akses internet penduduk usia 5 tahun ke atas,78.78,% penduduk dalam kelompok,area,urban,,,id_34_pre_split,bps_internet_access_history_province_2017_2024
ID-0001671,34,DI Yogyakarta,provinsi,2021,Akses rumah tangga,household_internet_pct,Rumah tangga dengan akses internet,78.28,% rumah tangga dalam klasifikasi daerah,area,rural,,,id_34_pre_split,bps_household_internet
ID-0001672,34,DI Yogyakarta,provinsi,2021,Akses rumah tangga,household_internet_pct,Rumah tangga dengan akses internet,86.88,% rumah tangga dalam klasifikasi daerah,area,total,,,id_34_pre_split,bps_household_internet
ID-0001673,34,DI Yogyakarta,provinsi,2021,Akses rumah tangga,household_internet_pct,Rumah tangga dengan akses internet,89.61,% rumah tangga dalam klasifikasi daerah,area,urban,,,id_34_pre_split,bps_household_internet
ID-0001674,34,DI Yogyakarta,provinsi,2021,Kesenjangan gender,internet_access_pct,Akses internet penduduk usia 5 tahun ke atas menurut gender,71.23,% penduduk dalam kelompok,sex,female,,,id_34_pre_split,bps_internet_gender_history_province_2018_2024
ID-0001675,34,DI Yogyakarta,provinsi,2021,Kesenjangan gender,internet_access_pct,Akses internet penduduk usia 5 tahun ke atas menurut gender,76.82,% penduduk dalam kelompok,sex,male,,,id_34_pre_split,bps_internet_gender_history_province_2018_2024
ID-0001676,34,DI Yogyakarta,provinsi,2021,Literasi digital,digital_literacy_index,Indeks Literasi Digital Kominfo,3.71,poin 1–5,,,,,id_34_pre_split,kominfo_digital_literacy_province_2021
ID-0001677,34,DI Yogyakarta,provinsi,2022,Akses internet,internet_access_pct,Akses internet penduduk usia 5 tahun ke atas,63.71,% penduduk dalam kelompok,area,rural,,,id_34_pre_split,bps_internet_access_history_province_2017_2024
ID-0001678,34,DI Yogyakarta,provinsi,2022,Akses internet,internet_access_pct,Akses internet penduduk usia 5 tahun ke atas,75.38,% penduduk dalam kelompok,area,total,,,id_34_pre_split,bps_internet_access_history_province_2017_2024
ID-0001679,34,DI Yogyakarta,provinsi,2022,Akses internet,internet_access_pct,Akses internet penduduk usia 5 tahun ke atas,79.37,% penduduk dalam kelompok,area,urban,,,id_34_pre_split,bps_internet_access_history_province_2017_2024
ID-0001680,34,DI Yogyakarta,provinsi,2022,Akses rumah tangga,household_internet_pct,Rumah tangga dengan akses internet,84.09,% rumah tangga dalam klasifikasi daerah,area,rural,,,id_34_pre_split,bps_household_internet
ID-0001681,34,DI Yogyakarta,provinsi,2022,Akses rumah tangga,household_internet_pct,Rumah tangga dengan akses internet,89.03,% rumah tangga dalam klasifikasi daerah,area,total,,,id_34_pre_split,bps_household_internet
ID-0001682,34,DI Yogyakarta,provinsi,2022,Akses rumah tangga,household_internet_pct,Rumah tangga dengan akses internet,90.58,% rumah tangga dalam klasifikasi daerah,area,urban,,,id_34_pre_split,bps_household_internet
ID-0001683,34,DI Yogyakarta,provinsi,2022,Kesenjangan gender,internet_access_pct,Akses internet penduduk usia 5 tahun ke atas menurut gender,72.89,% penduduk dalam kelompok,sex,female,,,id_34_pre_split,bps_internet_gender_history_province_2018_2024
ID-0001684,34,DI Yogyakarta,provinsi,2022,Kesenjangan gender,internet_access_pct,Akses internet penduduk usia 5 tahun ke atas menurut gender,77.92,% penduduk dalam kelompok,sex,male,,,id_34_pre_split,bps_internet_gender_history_province_2018_2024
ID-0001685,34,DI Yogyakarta,provinsi,2023,Akses internet,internet_access_pct,Akses internet penduduk usia 5 tahun ke atas,68.03,% penduduk dalam kelompok,area,rural,,,id_34_pre_split,bps_internet_access_history_province_2017_2024
ID-0001686,34,DI Yogyakarta,provinsi,2023,Akses internet,internet_access_pct,Akses internet penduduk usia 5 tahun ke atas,78.61,% penduduk dalam kelompok,area,total,,,id_34_pre_split,bps_internet_access_history_province_2017_2024
ID-0001687,34,DI Yogyakarta,provinsi,2023,Akses internet,internet_access_pct,Akses internet penduduk usia 5 tahun ke atas,82.16,% penduduk dalam kelompok,area,urban,,,id_34_pre_split,bps_internet_access_history_province_2017_2024
ID-0001688,34,DI Yogyakarta,provinsi,2023,Akses rumah tangga,household_internet_pct,Rumah tangga dengan akses internet,83.93,% rumah tangga dalam klasifikasi daerah,area,rural,,,id_34_pre_split,bps_household_internet
ID-0001689,34,DI Yogyakarta,provinsi,2023,Akses rumah tangga,household_internet_pct,Rumah tangga dengan akses internet,90.18,% rumah tangga dalam klasifikasi daerah,area,total,,,id_34_pre_split,bps_household_internet
ID-0001690,34,DI Yogyakarta,provinsi,2023,Akses rumah tangga,household_internet_pct,Rumah tangga dengan akses internet,92.25,% rumah tangga dalam klasifikasi daerah,area,urban,,,id_34_pre_split,bps_household_internet
ID-0001691,34,DI Yogyakarta,provinsi,2023,Kesenjangan gender,internet_access_pct,Akses internet penduduk usia 5 tahun ke atas menurut gender,76.6,% penduduk dalam kelompok,sex,female,,,id_34_pre_split,bps_internet_gender_history_province_2018_2024
ID-0001692,34,DI Yogyakarta,provinsi,2023,Kesenjangan gender,internet_access_pct,Akses internet penduduk usia 5 tahun ke atas menurut gender,80.67,% penduduk dalam kelompok,sex,male,,,id_34_pre_split,bps_internet_gender_history_province_2018_2024
ID-0001693,34,DI Yogyakarta,provinsi,2023,Komponen pembangunan TIK,fixed_broadband_norm,"Broadband tetap per 100 penduduk, ternormalisasi",1.01,poin 0–10,,,,,id_34_papua_aggregated_2023_2024,bps_iptik_normalized_components_province_2023_2024
ID-0001694,34,DI Yogyakarta,provinsi,2023,Komponen pembangunan TIK,fixed_telephone_norm,"Telepon tetap per 100 penduduk, ternormalisasi",10,poin 0–10,,,,,id_34_papua_aggregated_2023_2024,bps_iptik_normalized_components_province_2023_2024
ID-0001695,34,DI Yogyakarta,provinsi,2023,Komponen pembangunan TIK,household_computer_norm,"Rumah tangga dengan komputer, ternormalisasi",3.06,poin 0–10,,,,,id_34_papua_aggregated_2023_2024,bps_iptik_normalized_components_province_2023_2024
ID-0001696,34,DI Yogyakarta,provinsi,2023,Komponen pembangunan TIK,household_internet_norm,"Rumah tangga dengan internet, ternormalisasi",9.02,poin 0–10,,,,,id_34_papua_aggregated_2023_2024,bps_iptik_normalized_components_province_2023_2024
ID-0001697,34,DI Yogyakarta,provinsi,2023,Komponen pembangunan TIK,individual_internet_norm,"Individu pengguna internet, ternormalisasi",7.86,poin 0–10,,,,,id_34_papua_aggregated_2023_2024,bps_iptik_normalized_components_province_2023_2024
ID-0001698,34,DI Yogyakarta,provinsi,2023,Komponen pembangunan TIK,international_bandwidth_norm,"Bandwidth internet internasional per pengguna, ternormalisasi",7.85,poin 0–10,,,,,id_34_papua_aggregated_2023_2024,bps_iptik_normalized_components_province_2023_2024
ID-0001699,34,DI Yogyakarta,provinsi,2023,Komponen pembangunan TIK,mean_years_school_norm,"Rata-rata lama sekolah, ternormalisasi",6.77,poin 0–10,,,,,id_34_papua_aggregated_2023_2024,bps_iptik_normalized_components_province_2023_2024
ID-0001700,34,DI Yogyakarta,provinsi,2023,Komponen pembangunan TIK,mobile_broadband_norm,"Broadband seluler per 100 penduduk, ternormalisasi",10,poin 0–10,,,,,id_34_papua_aggregated_2023_2024,bps_iptik_normalized_components_province_2023_2024
ID-0001701,34,DI Yogyakarta,provinsi,2023,Komponen pembangunan TIK,mobile_cellular_norm,"Telepon seluler per 100 penduduk, ternormalisasi",10,poin 0–10,,,,,id_34_papua_aggregated_2023_2024,bps_iptik_normalized_components_province_2023_2024
ID-0001702,34,DI Yogyakarta,provinsi,2023,Komponen pembangunan TIK,secondary_enrolment_norm,"Partisipasi pendidikan sekunder, ternormalisasi",9.26,poin 0–10,,,,,id_34_papua_aggregated_2023_2024,bps_iptik_normalized_components_province_2023_2024
ID-0001703,34,DI Yogyakarta,provinsi,2023,Komponen pembangunan TIK,tertiary_enrolment_norm,"Partisipasi pendidikan tinggi, ternormalisasi",7.15,poin 0–10,,,,,id_34_papua_aggregated_2023_2024,bps_iptik_normalized_components_province_2023_2024
ID-0001704,34,DI Yogyakarta,provinsi,2023,Pembangunan TIK,access_infrastructure_subindex,Subindeks akses dan infrastruktur TIK,7.99,poin 0–10,,,,,id_34_papua_aggregated_2023_2024,bps_iptik_province_2023_2024
ID-0001705,34,DI Yogyakarta,provinsi,2023,Pembangunan TIK,ict_development_index,Indeks Pembangunan TIK,7.26,poin 0–10,,,,,id_34_papua_aggregated_2023_2024,bps_iptik_province_2023_2024
ID-0001706,34,DI Yogyakarta,provinsi,2023,Pembangunan TIK,skills_proxy_subindex,Subindeks proksi keahlian TIK,7.73,poin 0–10,,,,,id_34_papua_aggregated_2023_2024,bps_iptik_province_2023_2024
ID-0001707,34,DI Yogyakarta,provinsi,2023,Pembangunan TIK,use_subindex,Subindeks penggunaan TIK,6.29,poin 0–10,,,,,id_34_papua_aggregated_2023_2024,bps_iptik_province_2023_2024
ID-0001708,34,DI Yogyakarta,provinsi,2024,Akses internet,internet_access_pct,Akses internet penduduk usia 5 tahun ke atas,68.24,% penduduk dalam kelompok,area,rural,,,id_38_2024,bps_internet_access_history_province_2017_2024
ID-0001709,34,DI Yogyakarta,provinsi,2024,Akses internet,internet_access_pct,Akses internet penduduk usia 5 tahun ke atas,80.1,% penduduk dalam kelompok,area,total,,,id_38_2024,bps_internet_access_history_province_2017_2024
ID-0001710,34,DI Yogyakarta,provinsi,2024,Akses internet,internet_access_pct,Akses internet penduduk usia 5 tahun ke atas,83.98,% penduduk dalam kelompok,area,urban,,,id_38_2024,bps_internet_access_history_province_2017_2024
ID-0001711,34,DI Yogyakarta,provinsi,2024,Akses rumah tangga,household_internet_pct,Rumah tangga dengan akses internet,82.34,% rumah tangga dalam klasifikasi daerah,area,rural,,,id_38_2024,bps_household_internet
ID-0001712,34,DI Yogyakarta,provinsi,2024,Akses rumah tangga,household_internet_pct,Rumah tangga dengan akses internet,89.5,% rumah tangga dalam klasifikasi daerah,area,total,,,id_38_2024,bps_household_internet
ID-0001713,34,DI Yogyakarta,provinsi,2024,Akses rumah tangga,household_internet_pct,Rumah tangga dengan akses internet,91.71,% rumah tangga dalam klasifikasi daerah,area,urban,,,id_38_2024,bps_household_internet
ID-0001714,34,DI Yogyakarta,provinsi,2024,Kesenjangan gender,internet_access_pct,Akses internet penduduk usia 5 tahun ke atas menurut gender,77.88,% penduduk dalam kelompok,sex,female,,,id_38_2024,bps_internet_gender_history_province_2018_2024
ID-0001715,34,DI Yogyakarta,provinsi,2024,Kesenjangan gender,internet_access_pct,Akses internet penduduk usia 5 tahun ke atas menurut gender,82.37,% penduduk dalam kelompok,sex,male,,,id_38_2024,bps_internet_gender_history_province_2018_2024
ID-0001716,34,DI Yogyakarta,provinsi,2024,Komponen pembangunan TIK,fixed_broadband_norm,"Broadband tetap per 100 penduduk, ternormalisasi",1.27,poin 0–10,,,,,id_34_papua_aggregated_2023_2024,bps_iptik_normalized_components_province_2023_2024
ID-0001717,34,DI Yogyakarta,provinsi,2024,Komponen pembangunan TIK,fixed_telephone_norm,"Telepon tetap per 100 penduduk, ternormalisasi",10,poin 0–10,,,,,id_34_papua_aggregated_2023_2024,bps_iptik_normalized_components_province_2023_2024
ID-0001718,34,DI Yogyakarta,provinsi,2024,Komponen pembangunan TIK,household_computer_norm,"Rumah tangga dengan komputer, ternormalisasi",3.16,poin 0–10,,,,,id_34_papua_aggregated_2023_2024,bps_iptik_normalized_components_province_2023_2024
ID-0001719,34,DI Yogyakarta,provinsi,2024,Komponen pembangunan TIK,household_internet_norm,"Rumah tangga dengan internet, ternormalisasi",8.95,poin 0–10,,,,,id_34_papua_aggregated_2023_2024,bps_iptik_normalized_components_province_2023_2024
ID-0001720,34,DI Yogyakarta,provinsi,2024,Komponen pembangunan TIK,individual_internet_norm,"Individu pengguna internet, ternormalisasi",8.01,poin 0–10,,,,,id_34_papua_aggregated_2023_2024,bps_iptik_normalized_components_province_2023_2024
ID-0001721,34,DI Yogyakarta,provinsi,2024,Komponen pembangunan TIK,international_bandwidth_norm,"Bandwidth internet internasional per pengguna, ternormalisasi",8.32,poin 0–10,,,,,id_34_papua_aggregated_2023_2024,bps_iptik_normalized_components_province_2023_2024
ID-0001722,34,DI Yogyakarta,provinsi,2024,Komponen pembangunan TIK,mean_years_school_norm,"Rata-rata lama sekolah, ternormalisasi",6.82,poin 0–10,,,,,id_34_papua_aggregated_2023_2024,bps_iptik_normalized_components_province_2023_2024
ID-0001723,34,DI Yogyakarta,provinsi,2024,Komponen pembangunan TIK,mobile_broadband_norm,"Broadband seluler per 100 penduduk, ternormalisasi",10,poin 0–10,,,,,id_34_papua_aggregated_2023_2024,bps_iptik_normalized_components_province_2023_2024
ID-0001724,34,DI Yogyakarta,provinsi,2024,Komponen pembangunan TIK,mobile_cellular_norm,"Telepon seluler per 100 penduduk, ternormalisasi",10,poin 0–10,,,,,id_34_papua_aggregated_2023_2024,bps_iptik_normalized_components_province_2023_2024
ID-0001725,34,DI Yogyakarta,provinsi,2024,Komponen pembangunan TIK,secondary_enrolment_norm,"Partisipasi pendidikan sekunder, ternormalisasi",9.53,poin 0–10,,,,,id_34_papua_aggregated_2023_2024,bps_iptik_normalized_components_province_2023_2024
ID-0001726,34,DI Yogyakarta,provinsi,2024,Komponen pembangunan TIK,tertiary_enrolment_norm,"Partisipasi pendidikan tinggi, ternormalisasi",7,poin 0–10,,,,,id_34_papua_aggregated_2023_2024,bps_iptik_normalized_components_province_2023_2024
ID-0001727,34,DI Yogyakarta,provinsi,2024,Pemanfaatan internet,percentage_users,Tujuan penggunaan internet,20.2,% pengguna internet,area,rural,category,buy_goods_services,id_38_2024,bps_internet_purpose
ID-0001728,34,DI Yogyakarta,provinsi,2024,Pemanfaatan internet,percentage_users,Tujuan penggunaan internet,15.09,% pengguna internet,area,rural,category,digital_content_creation,id_38_2024,bps_internet_purpose
ID-0001729,34,DI Yogyakarta,provinsi,2024,Pemanfaatan internet,percentage_users,Tujuan penggunaan internet,7.58,% pengguna internet,area,rural,category,email,id_38_2024,bps_internet_purpose
ID-0001730,34,DI Yogyakarta,provinsi,2024,Pemanfaatan internet,percentage_users,Tujuan penggunaan internet,78.01,% pengguna internet,area,rural,category,entertainment,id_38_2024,bps_internet_purpose
ID-0001731,34,DI Yogyakarta,provinsi,2024,Pemanfaatan internet,percentage_users,Tujuan penggunaan internet,6.53,% pengguna internet,area,rural,category,financial_services,id_38_2024,bps_internet_purpose
ID-0001732,34,DI Yogyakarta,provinsi,2024,Pemanfaatan internet,percentage_users,Tujuan penggunaan internet,25.12,% pengguna internet,area,rural,category,goods_services_information,id_38_2024,bps_internet_purpose
ID-0001733,34,DI Yogyakarta,provinsi,2024,Pemanfaatan internet,percentage_users,Tujuan penggunaan internet,76.75,% pengguna internet,area,rural,category,news_information,id_38_2024,bps_internet_purpose
ID-0001734,34,DI Yogyakarta,provinsi,2024,Pemanfaatan internet,percentage_users,Tujuan penggunaan internet,7.62,% pengguna internet,area,rural,category,online_learning,id_38_2024,bps_internet_purpose
ID-0001735,34,DI Yogyakarta,provinsi,2024,Pemanfaatan internet,percentage_users,Tujuan penggunaan internet,3.17,% pengguna internet,area,rural,category,other,id_38_2024,bps_internet_purpose
ID-0001736,34,DI Yogyakarta,provinsi,2024,Pemanfaatan internet,percentage_users,Tujuan penggunaan internet,7.24,% pengguna internet,area,rural,category,sell_goods_services,id_38_2024,bps_internet_purpose
ID-0001737,34,DI Yogyakarta,provinsi,2024,Pemanfaatan internet,percentage_users,Tujuan penggunaan internet,76.83,% pengguna internet,area,rural,category,social_media,id_38_2024,bps_internet_purpose
ID-0001738,34,DI Yogyakarta,provinsi,2024,Pemanfaatan internet,percentage_users,Tujuan penggunaan internet,0.72,% pengguna internet,area,rural,category,work_from_home,id_38_2024,bps_internet_purpose
ID-0001739,34,DI Yogyakarta,provinsi,2024,Pemanfaatan internet,percentage_users,Tujuan penggunaan internet,29.48,% pengguna internet,area,total,category,buy_goods_services,id_38_2024,bps_internet_purpose
ID-0001740,34,DI Yogyakarta,provinsi,2024,Pemanfaatan internet,percentage_users,Tujuan penggunaan internet,14.45,% pengguna internet,area,total,category,digital_content_creation,id_38_2024,bps_internet_purpose
ID-0001741,34,DI Yogyakarta,provinsi,2024,Pemanfaatan internet,percentage_users,Tujuan penggunaan internet,18.34,% pengguna internet,area,total,category,email,id_38_2024,bps_internet_purpose
ID-0001742,34,DI Yogyakarta,provinsi,2024,Pemanfaatan internet,percentage_users,Tujuan penggunaan internet,82.89,% pengguna internet,area,total,category,entertainment,id_38_2024,bps_internet_purpose
ID-0001743,34,DI Yogyakarta,provinsi,2024,Pemanfaatan internet,percentage_users,Tujuan penggunaan internet,17.26,% pengguna internet,area,total,category,financial_services,id_38_2024,bps_internet_purpose
ID-0001744,34,DI Yogyakarta,provinsi,2024,Pemanfaatan internet,percentage_users,Tujuan penggunaan internet,33.74,% pengguna internet,area,total,category,goods_services_information,id_38_2024,bps_internet_purpose
ID-0001745,34,DI Yogyakarta,provinsi,2024,Pemanfaatan internet,percentage_users,Tujuan penggunaan internet,77.67,% pengguna internet,area,total,category,news_information,id_38_2024,bps_internet_purpose
ID-0001746,34,DI Yogyakarta,provinsi,2024,Pemanfaatan internet,percentage_users,Tujuan penggunaan internet,10.52,% pengguna internet,area,total,category,online_learning,id_38_2024,bps_internet_purpose
ID-0001747,34,DI Yogyakarta,provinsi,2024,Pemanfaatan internet,percentage_users,Tujuan penggunaan internet,5.5,% pengguna internet,area,total,category,other,id_38_2024,bps_internet_purpose
ID-0001748,34,DI Yogyakarta,provinsi,2024,Pemanfaatan internet,percentage_users,Tujuan penggunaan internet,9.97,% pengguna internet,area,total,category,sell_goods_services,id_38_2024,bps_internet_purpose
ID-0001749,34,DI Yogyakarta,provinsi,2024,Pemanfaatan internet,percentage_users,Tujuan penggunaan internet,82.93,% pengguna internet,area,total,category,social_media,id_38_2024,bps_internet_purpose
ID-0001750,34,DI Yogyakarta,provinsi,2024,Pemanfaatan internet,percentage_users,Tujuan penggunaan internet,2.65,% pengguna internet,area,total,category,work_from_home,id_38_2024,bps_internet_purpose
ID-0001751,34,DI Yogyakarta,provinsi,2024,Pemanfaatan internet,percentage_users,Tujuan penggunaan internet,31.95,% pengguna internet,area,urban,category,buy_goods_services,id_38_2024,bps_internet_purpose
ID-0001752,34,DI Yogyakarta,provinsi,2024,Pemanfaatan internet,percentage_users,Tujuan penggunaan internet,14.27,% pengguna internet,area,urban,category,digital_content_creation,id_38_2024,bps_internet_purpose
ID-0001753,34,DI Yogyakarta,provinsi,2024,Pemanfaatan internet,percentage_users,Tujuan penggunaan internet,21.2,% pengguna internet,area,urban,category,email,id_38_2024,bps_internet_purpose
ID-0001754,34,DI Yogyakarta,provinsi,2024,Pemanfaatan internet,percentage_users,Tujuan penggunaan internet,84.19,% pengguna internet,area,urban,category,entertainment,id_38_2024,bps_internet_purpose
ID-0001755,34,DI Yogyakarta,provinsi,2024,Pemanfaatan internet,percentage_users,Tujuan penggunaan internet,20.11,% pengguna internet,area,urban,category,financial_services,id_38_2024,bps_internet_purpose
ID-0001756,34,DI Yogyakarta,provinsi,2024,Pemanfaatan internet,percentage_users,Tujuan penggunaan internet,36.04,% pengguna internet,area,urban,category,goods_services_information,id_38_2024,bps_internet_purpose
ID-0001757,34,DI Yogyakarta,provinsi,2024,Pemanfaatan internet,percentage_users,Tujuan penggunaan internet,77.92,% pengguna internet,area,urban,category,news_information,id_38_2024,bps_internet_purpose
ID-0001758,34,DI Yogyakarta,provinsi,2024,Pemanfaatan internet,percentage_users,Tujuan penggunaan internet,11.29,% pengguna internet,area,urban,category,online_learning,id_38_2024,bps_internet_purpose
ID-0001759,34,DI Yogyakarta,provinsi,2024,Pemanfaatan internet,percentage_users,Tujuan penggunaan internet,6.12,% pengguna internet,area,urban,category,other,id_38_2024,bps_internet_purpose
ID-0001760,34,DI Yogyakarta,provinsi,2024,Pemanfaatan internet,percentage_users,Tujuan penggunaan internet,10.7,% pengguna internet,area,urban,category,sell_goods_services,id_38_2024,bps_internet_purpose
ID-0001761,34,DI Yogyakarta,provinsi,2024,Pemanfaatan internet,percentage_users,Tujuan penggunaan internet,84.55,% pengguna internet,area,urban,category,social_media,id_38_2024,bps_internet_purpose
ID-0001762,34,DI Yogyakarta,provinsi,2024,Pemanfaatan internet,percentage_users,Tujuan penggunaan internet,3.16,% pengguna internet,area,urban,category,work_from_home,id_38_2024,bps_internet_purpose
ID-0001763,34,DI Yogyakarta,provinsi,2024,Pembangunan TIK,access_infrastructure_subindex,Subindeks akses dan infrastruktur TIK,8.08,poin 0–10,,,,,id_34_papua_aggregated_2023_2024,bps_iptik_province_2023_2024
ID-0001764,34,DI Yogyakarta,provinsi,2024,Pembangunan TIK,ict_development_index,Indeks Pembangunan TIK,7.36,poin 0–10,,,,,id_34_papua_aggregated_2023_2024,bps_iptik_province_2023_2024
ID-0001765,34,DI Yogyakarta,provinsi,2024,Pembangunan TIK,skills_proxy_subindex,Subindeks proksi keahlian TIK,7.78,poin 0–10,,,,,id_34_papua_aggregated_2023_2024,bps_iptik_province_2023_2024
ID-0001766,34,DI Yogyakarta,provinsi,2024,Pembangunan TIK,use_subindex,Subindeks penggunaan TIK,6.43,poin 0–10,,,,,id_34_papua_aggregated_2023_2024,bps_iptik_province_2023_2024
ID-0001767,34,DI Yogyakarta,provinsi,2024,Perangkat akses,percentage_users,Perangkat yang digunakan untuk mengakses internet,2.84,% pengguna internet,area,rural,category,desktop,id_38_2024,bps_access_device
ID-0001768,34,DI Yogyakarta,provinsi,2024,Perangkat akses,percentage_users,Perangkat yang digunakan untuk mengakses internet,6.93,% pengguna internet,area,rural,category,laptop_tablet,id_38_2024,bps_access_device
ID-0001769,34,DI Yogyakarta,provinsi,2024,Perangkat akses,percentage_users,Perangkat yang digunakan untuk mengakses internet,99.45,% pengguna internet,area,rural,category,mobile,id_38_2024,bps_access_device
ID-0001770,34,DI Yogyakarta,provinsi,2024,Perangkat akses,percentage_users,Perangkat yang digunakan untuk mengakses internet,0.17,% pengguna internet,area,rural,category,other,id_38_2024,bps_access_device
ID-0001771,34,DI Yogyakarta,provinsi,2024,Perangkat akses,percentage_users,Perangkat yang digunakan untuk mengakses internet,4.53,% pengguna internet,area,total,category,desktop,id_38_2024,bps_access_device
ID-0001772,34,DI Yogyakarta,provinsi,2024,Perangkat akses,percentage_users,Perangkat yang digunakan untuk mengakses internet,17.67,% pengguna internet,area,total,category,laptop_tablet,id_38_2024,bps_access_device
ID-0001773,34,DI Yogyakarta,provinsi,2024,Perangkat akses,percentage_users,Perangkat yang digunakan untuk mengakses internet,98.8,% pengguna internet,area,total,category,mobile,id_38_2024,bps_access_device
ID-0001774,34,DI Yogyakarta,provinsi,2024,Perangkat akses,percentage_users,Perangkat yang digunakan untuk mengakses internet,0.74,% pengguna internet,area,total,category,other,id_38_2024,bps_access_device
ID-0001775,34,DI Yogyakarta,provinsi,2024,Perangkat akses,percentage_users,Perangkat yang digunakan untuk mengakses internet,4.97,% pengguna internet,area,urban,category,desktop,id_38_2024,bps_access_device
ID-0001776,34,DI Yogyakarta,provinsi,2024,Perangkat akses,percentage_users,Perangkat yang digunakan untuk mengakses internet,20.52,% pengguna internet,area,urban,category,laptop_tablet,id_38_2024,bps_access_device
ID-0001777,34,DI Yogyakarta,provinsi,2024,Perangkat akses,percentage_users,Perangkat yang digunakan untuk mengakses internet,98.62,% pengguna internet,area,urban,category,mobile,id_38_2024,bps_access_device
ID-0001778,34,DI Yogyakarta,provinsi,2024,Perangkat akses,percentage_users,Perangkat yang digunakan untuk mengakses internet,0.89,% pengguna internet,area,urban,category,other,id_38_2024,bps_access_device
ID-0001779,35,Jawa Timur,provinsi,2017,Akses internet,internet_access_pct,Akses internet penduduk usia 5 tahun ke atas,21.79,% penduduk dalam kelompok,area,rural,,,id_34_pre_split,bps_internet_access_history_province_2017_2024
ID-0001780,35,Jawa Timur,provinsi,2017,Akses internet,internet_access_pct,Akses internet penduduk usia 5 tahun ke atas,31.17,% penduduk dalam kelompok,area,total,,,id_34_pre_split,bps_internet_access_history_province_2017_2024
ID-0001781,35,Jawa Timur,provinsi,2017,Akses internet,internet_access_pct,Akses internet penduduk usia 5 tahun ke atas,40.21,% penduduk dalam kelompok,area,urban,,,id_34_pre_split,bps_internet_access_history_province_2017_2024
ID-0001782,35,Jawa Timur,provinsi,2018,Akses internet,internet_access_pct,Akses internet penduduk usia 5 tahun ke atas,28.45,% penduduk dalam kelompok,area,rural,,,id_34_pre_split,bps_internet_access_history_province_2017_2024
ID-0001783,35,Jawa Timur,provinsi,2018,Akses internet,internet_access_pct,Akses internet penduduk usia 5 tahun ke atas,38.75,% penduduk dalam kelompok,area,total,,,id_34_pre_split,bps_internet_access_history_province_2017_2024
ID-0001784,35,Jawa Timur,provinsi,2018,Akses internet,internet_access_pct,Akses internet penduduk usia 5 tahun ke atas,48.15,% penduduk dalam kelompok,area,urban,,,id_34_pre_split,bps_internet_access_history_province_2017_2024
ID-0001785,35,Jawa Timur,provinsi,2018,Kesenjangan gender,internet_access_pct,Akses internet penduduk usia 5 tahun ke atas menurut gender,35.51,% penduduk dalam kelompok,sex,female,,,id_34_pre_split,bps_internet_gender_history_province_2018_2024
ID-0001786,35,Jawa Timur,provinsi,2018,Kesenjangan gender,internet_access_pct,Akses internet penduduk usia 5 tahun ke atas menurut gender,42.09,% penduduk dalam kelompok,sex,male,,,id_34_pre_split,bps_internet_gender_history_province_2018_2024
ID-0001787,35,Jawa Timur,provinsi,2019,Akses internet,internet_access_pct,Akses internet penduduk usia 5 tahun ke atas,36.86,% penduduk dalam kelompok,area,rural,,,id_34_pre_split,bps_internet_access_history_province_2017_2024
ID-0001788,35,Jawa Timur,provinsi,2019,Akses internet,internet_access_pct,Akses internet penduduk usia 5 tahun ke atas,47.1,% penduduk dalam kelompok,area,total,,,id_34_pre_split,bps_internet_access_history_province_2017_2024
ID-0001789,35,Jawa Timur,provinsi,2019,Akses internet,internet_access_pct,Akses internet penduduk usia 5 tahun ke atas,56.04,% penduduk dalam kelompok,area,urban,,,id_34_pre_split,bps_internet_access_history_province_2017_2024
ID-0001790,35,Jawa Timur,provinsi,2019,Kesenjangan gender,internet_access_pct,Akses internet penduduk usia 5 tahun ke atas menurut gender,43.44,% penduduk dalam kelompok,sex,female,,,id_34_pre_split,bps_internet_gender_history_province_2018_2024
ID-0001791,35,Jawa Timur,provinsi,2019,Kesenjangan gender,internet_access_pct,Akses internet penduduk usia 5 tahun ke atas menurut gender,50.88,% penduduk dalam kelompok,sex,male,,,id_34_pre_split,bps_internet_gender_history_province_2018_2024
ID-0001792,35,Jawa Timur,provinsi,2020,Akses internet,internet_access_pct,Akses internet penduduk usia 5 tahun ke atas,43.65,% penduduk dalam kelompok,area,rural,,,id_34_pre_split,bps_internet_access_history_province_2017_2024
ID-0001793,35,Jawa Timur,provinsi,2020,Akses internet,internet_access_pct,Akses internet penduduk usia 5 tahun ke atas,53.49,% penduduk dalam kelompok,area,total,,,id_34_pre_split,bps_internet_access_history_province_2017_2024
ID-0001794,35,Jawa Timur,provinsi,2020,Akses internet,internet_access_pct,Akses internet penduduk usia 5 tahun ke atas,62.07,% penduduk dalam kelompok,area,urban,,,id_34_pre_split,bps_internet_access_history_province_2017_2024
ID-0001795,35,Jawa Timur,provinsi,2020,Kesenjangan gender,internet_access_pct,Akses internet penduduk usia 5 tahun ke atas menurut gender,49.56,% penduduk dalam kelompok,sex,female,,,id_34_pre_split,bps_internet_gender_history_province_2018_2024
ID-0001796,35,Jawa Timur,provinsi,2020,Kesenjangan gender,internet_access_pct,Akses internet penduduk usia 5 tahun ke atas menurut gender,57.54,% penduduk dalam kelompok,sex,male,,,id_34_pre_split,bps_internet_gender_history_province_2018_2024
ID-0001797,35,Jawa Timur,provinsi,2021,Akses internet,internet_access_pct,Akses internet penduduk usia 5 tahun ke atas,49.93,% penduduk dalam kelompok,area,rural,,,id_34_pre_split,bps_internet_access_history_province_2017_2024
ID-0001798,35,Jawa Timur,provinsi,2021,Akses internet,internet_access_pct,Akses internet penduduk usia 5 tahun ke atas,59.34,% penduduk dalam kelompok,area,total,,,id_34_pre_split,bps_internet_access_history_province_2017_2024
ID-0001799,35,Jawa Timur,provinsi,2021,Akses internet,internet_access_pct,Akses internet penduduk usia 5 tahun ke atas,67.14,% penduduk dalam kelompok,area,urban,,,id_34_pre_split,bps_internet_access_history_province_2017_2024
ID-0001800,35,Jawa Timur,provinsi,2021,Akses rumah tangga,household_internet_pct,Rumah tangga dengan akses internet,73.58,% rumah tangga dalam klasifikasi daerah,area,rural,,,id_34_pre_split,bps_household_internet
ID-0001801,35,Jawa Timur,provinsi,2021,Akses rumah tangga,household_internet_pct,Rumah tangga dengan akses internet,79.66,% rumah tangga dalam klasifikasi daerah,area,total,,,id_34_pre_split,bps_household_internet
ID-0001802,35,Jawa Timur,provinsi,2021,Akses rumah tangga,household_internet_pct,Rumah tangga dengan akses internet,84.78,% rumah tangga dalam klasifikasi daerah,area,urban,,,id_34_pre_split,bps_household_internet
ID-0001803,35,Jawa Timur,provinsi,2021,Kesenjangan gender,internet_access_pct,Akses internet penduduk usia 5 tahun ke atas menurut gender,55.45,% penduduk dalam kelompok,sex,female,,,id_34_pre_split,bps_internet_gender_history_province_2018_2024
ID-0001804,35,Jawa Timur,provinsi,2021,Kesenjangan gender,internet_access_pct,Akses internet penduduk usia 5 tahun ke atas menurut gender,63.34,% penduduk dalam kelompok,sex,male,,,id_34_pre_split,bps_internet_gender_history_province_2018_2024
ID-0001805,35,Jawa Timur,provinsi,2021,Literasi digital,digital_literacy_index,Indeks Literasi Digital Kominfo,3.55,poin 1–5,,,,,id_34_pre_split,kominfo_digital_literacy_province_2021
ID-0001806,35,Jawa Timur,provinsi,2022,Akses internet,internet_access_pct,Akses internet penduduk usia 5 tahun ke atas,55.68,% penduduk dalam kelompok,area,rural,,,id_34_pre_split,bps_internet_access_history_province_2017_2024
ID-0001807,35,Jawa Timur,provinsi,2022,Akses internet,internet_access_pct,Akses internet penduduk usia 5 tahun ke atas,64.28,% penduduk dalam kelompok,area,total,,,id_34_pre_split,bps_internet_access_history_province_2017_2024
ID-0001808,35,Jawa Timur,provinsi,2022,Akses internet,internet_access_pct,Akses internet penduduk usia 5 tahun ke atas,70.78,% penduduk dalam kelompok,area,urban,,,id_34_pre_split,bps_internet_access_history_province_2017_2024
ID-0001809,35,Jawa Timur,provinsi,2022,Akses rumah tangga,household_internet_pct,Rumah tangga dengan akses internet,80.72,% rumah tangga dalam klasifikasi daerah,area,rural,,,id_34_pre_split,bps_household_internet
ID-0001810,35,Jawa Timur,provinsi,2022,Akses rumah tangga,household_internet_pct,Rumah tangga dengan akses internet,85.11,% rumah tangga dalam klasifikasi daerah,area,total,,,id_34_pre_split,bps_household_internet
ID-0001811,35,Jawa Timur,provinsi,2022,Akses rumah tangga,household_internet_pct,Rumah tangga dengan akses internet,88.65,% rumah tangga dalam klasifikasi daerah,area,urban,,,id_34_pre_split,bps_household_internet
ID-0001812,35,Jawa Timur,provinsi,2022,Kesenjangan gender,internet_access_pct,Akses internet penduduk usia 5 tahun ke atas menurut gender,60.34,% penduduk dalam kelompok,sex,female,,,id_34_pre_split,bps_internet_gender_history_province_2018_2024
ID-0001813,35,Jawa Timur,provinsi,2022,Kesenjangan gender,internet_access_pct,Akses internet penduduk usia 5 tahun ke atas menurut gender,68.25,% penduduk dalam kelompok,sex,male,,,id_34_pre_split,bps_internet_gender_history_province_2018_2024
ID-0001814,35,Jawa Timur,provinsi,2023,Akses internet,internet_access_pct,Akses internet penduduk usia 5 tahun ke atas,57.89,% penduduk dalam kelompok,area,rural,,,id_34_pre_split,bps_internet_access_history_province_2017_2024
ID-0001815,35,Jawa Timur,provinsi,2023,Akses internet,internet_access_pct,Akses internet penduduk usia 5 tahun ke atas,66.17,% penduduk dalam kelompok,area,total,,,id_34_pre_split,bps_internet_access_history_province_2017_2024
ID-0001816,35,Jawa Timur,provinsi,2023,Akses internet,internet_access_pct,Akses internet penduduk usia 5 tahun ke atas,72.67,% penduduk dalam kelompok,area,urban,,,id_34_pre_split,bps_internet_access_history_province_2017_2024
ID-0001817,35,Jawa Timur,provinsi,2023,Akses rumah tangga,household_internet_pct,Rumah tangga dengan akses internet,79.73,% rumah tangga dalam klasifikasi daerah,area,rural,,,id_34_pre_split,bps_household_internet
ID-0001818,35,Jawa Timur,provinsi,2023,Akses rumah tangga,household_internet_pct,Rumah tangga dengan akses internet,84.28,% rumah tangga dalam klasifikasi daerah,area,total,,,id_34_pre_split,bps_household_internet
ID-0001819,35,Jawa Timur,provinsi,2023,Akses rumah tangga,household_internet_pct,Rumah tangga dengan akses internet,87.87,% rumah tangga dalam klasifikasi daerah,area,urban,,,id_34_pre_split,bps_household_internet
ID-0001820,35,Jawa Timur,provinsi,2023,Kesenjangan gender,internet_access_pct,Akses internet penduduk usia 5 tahun ke atas menurut gender,62.19,% penduduk dalam kelompok,sex,female,,,id_34_pre_split,bps_internet_gender_history_province_2018_2024
ID-0001821,35,Jawa Timur,provinsi,2023,Kesenjangan gender,internet_access_pct,Akses internet penduduk usia 5 tahun ke atas menurut gender,70.27,% penduduk dalam kelompok,sex,male,,,id_34_pre_split,bps_internet_gender_history_province_2018_2024
ID-0001822,35,Jawa Timur,provinsi,2023,Komponen pembangunan TIK,fixed_broadband_norm,"Broadband tetap per 100 penduduk, ternormalisasi",0.75,poin 0–10,,,,,id_34_papua_aggregated_2023_2024,bps_iptik_normalized_components_province_2023_2024
ID-0001823,35,Jawa Timur,provinsi,2023,Komponen pembangunan TIK,fixed_telephone_norm,"Telepon tetap per 100 penduduk, ternormalisasi",2.5,poin 0–10,,,,,id_34_papua_aggregated_2023_2024,bps_iptik_normalized_components_province_2023_2024
ID-0001824,35,Jawa Timur,provinsi,2023,Komponen pembangunan TIK,household_computer_norm,"Rumah tangga dengan komputer, ternormalisasi",1.61,poin 0–10,,,,,id_34_papua_aggregated_2023_2024,bps_iptik_normalized_components_province_2023_2024
ID-0001825,35,Jawa Timur,provinsi,2023,Komponen pembangunan TIK,household_internet_norm,"Rumah tangga dengan internet, ternormalisasi",8.43,poin 0–10,,,,,id_34_papua_aggregated_2023_2024,bps_iptik_normalized_components_province_2023_2024
ID-0001826,35,Jawa Timur,provinsi,2023,Komponen pembangunan TIK,individual_internet_norm,"Individu pengguna internet, ternormalisasi",6.62,poin 0–10,,,,,id_34_papua_aggregated_2023_2024,bps_iptik_normalized_components_province_2023_2024
ID-0001827,35,Jawa Timur,provinsi,2023,Komponen pembangunan TIK,international_bandwidth_norm,"Bandwidth internet internasional per pengguna, ternormalisasi",8.04,poin 0–10,,,,,id_34_papua_aggregated_2023_2024,bps_iptik_normalized_components_province_2023_2024
ID-0001828,35,Jawa Timur,provinsi,2023,Komponen pembangunan TIK,mean_years_school_norm,"Rata-rata lama sekolah, ternormalisasi",5.69,poin 0–10,,,,,id_34_papua_aggregated_2023_2024,bps_iptik_normalized_components_province_2023_2024
ID-0001829,35,Jawa Timur,provinsi,2023,Komponen pembangunan TIK,mobile_broadband_norm,"Broadband seluler per 100 penduduk, ternormalisasi",10,poin 0–10,,,,,id_34_papua_aggregated_2023_2024,bps_iptik_normalized_components_province_2023_2024
ID-0001830,35,Jawa Timur,provinsi,2023,Komponen pembangunan TIK,mobile_cellular_norm,"Telepon seluler per 100 penduduk, ternormalisasi",10,poin 0–10,,,,,id_34_papua_aggregated_2023_2024,bps_iptik_normalized_components_province_2023_2024
ID-0001831,35,Jawa Timur,provinsi,2023,Komponen pembangunan TIK,secondary_enrolment_norm,"Partisipasi pendidikan sekunder, ternormalisasi",9.19,poin 0–10,,,,,id_34_papua_aggregated_2023_2024,bps_iptik_normalized_components_province_2023_2024
ID-0001832,35,Jawa Timur,provinsi,2023,Komponen pembangunan TIK,tertiary_enrolment_norm,"Partisipasi pendidikan tinggi, ternormalisasi",3.15,poin 0–10,,,,,id_34_papua_aggregated_2023_2024,bps_iptik_normalized_components_province_2023_2024
ID-0001833,35,Jawa Timur,provinsi,2023,Pembangunan TIK,access_infrastructure_subindex,Subindeks akses dan infrastruktur TIK,6.11,poin 0–10,,,,,id_34_papua_aggregated_2023_2024,bps_iptik_province_2023_2024
ID-0001834,35,Jawa Timur,provinsi,2023,Pembangunan TIK,ict_development_index,Indeks Pembangunan TIK,5.96,poin 0–10,,,,,id_34_papua_aggregated_2023_2024,bps_iptik_province_2023_2024
ID-0001835,35,Jawa Timur,provinsi,2023,Pembangunan TIK,skills_proxy_subindex,Subindeks proksi keahlian TIK,6.01,poin 0–10,,,,,id_34_papua_aggregated_2023_2024,bps_iptik_province_2023_2024
ID-0001836,35,Jawa Timur,provinsi,2023,Pembangunan TIK,use_subindex,Subindeks penggunaan TIK,5.79,poin 0–10,,,,,id_34_papua_aggregated_2023_2024,bps_iptik_province_2023_2024
ID-0001837,35,Jawa Timur,provinsi,2024,Akses internet,internet_access_pct,Akses internet penduduk usia 5 tahun ke atas,61.69,% penduduk dalam kelompok,area,rural,,,id_38_2024,bps_internet_access_history_province_2017_2024
ID-0001838,35,Jawa Timur,provinsi,2024,Akses internet,internet_access_pct,Akses internet penduduk usia 5 tahun ke atas,69.36,% penduduk dalam kelompok,area,total,,,id_38_2024,bps_internet_access_history_province_2017_2024
ID-0001839,35,Jawa Timur,provinsi,2024,Akses internet,internet_access_pct,Akses internet penduduk usia 5 tahun ke atas,75.22,% penduduk dalam kelompok,area,urban,,,id_38_2024,bps_internet_access_history_province_2017_2024
ID-0001840,35,Jawa Timur,provinsi,2024,Akses rumah tangga,household_internet_pct,Rumah tangga dengan akses internet,82.22,% rumah tangga dalam klasifikasi daerah,area,rural,,,id_38_2024,bps_household_internet
ID-0001841,35,Jawa Timur,provinsi,2024,Akses rumah tangga,household_internet_pct,Rumah tangga dengan akses internet,86.9,% rumah tangga dalam klasifikasi daerah,area,total,,,id_38_2024,bps_household_internet
ID-0001842,35,Jawa Timur,provinsi,2024,Akses rumah tangga,household_internet_pct,Rumah tangga dengan akses internet,90.64,% rumah tangga dalam klasifikasi daerah,area,urban,,,id_38_2024,bps_household_internet
ID-0001843,35,Jawa Timur,provinsi,2024,Kesenjangan gender,internet_access_pct,Akses internet penduduk usia 5 tahun ke atas menurut gender,65.46,% penduduk dalam kelompok,sex,female,,,id_38_2024,bps_internet_gender_history_province_2018_2024
ID-0001844,35,Jawa Timur,provinsi,2024,Kesenjangan gender,internet_access_pct,Akses internet penduduk usia 5 tahun ke atas menurut gender,73.37,% penduduk dalam kelompok,sex,male,,,id_38_2024,bps_internet_gender_history_province_2018_2024
ID-0001845,35,Jawa Timur,provinsi,2024,Komponen pembangunan TIK,fixed_broadband_norm,"Broadband tetap per 100 penduduk, ternormalisasi",0.96,poin 0–10,,,,,id_34_papua_aggregated_2023_2024,bps_iptik_normalized_components_province_2023_2024
ID-0001846,35,Jawa Timur,provinsi,2024,Komponen pembangunan TIK,fixed_telephone_norm,"Telepon tetap per 100 penduduk, ternormalisasi",2.47,poin 0–10,,,,,id_34_papua_aggregated_2023_2024,bps_iptik_normalized_components_province_2023_2024
ID-0001847,35,Jawa Timur,provinsi,2024,Komponen pembangunan TIK,household_computer_norm,"Rumah tangga dengan komputer, ternormalisasi",1.67,poin 0–10,,,,,id_34_papua_aggregated_2023_2024,bps_iptik_normalized_components_province_2023_2024
ID-0001848,35,Jawa Timur,provinsi,2024,Komponen pembangunan TIK,household_internet_norm,"Rumah tangga dengan internet, ternormalisasi",8.69,poin 0–10,,,,,id_34_papua_aggregated_2023_2024,bps_iptik_normalized_components_province_2023_2024
ID-0001849,35,Jawa Timur,provinsi,2024,Komponen pembangunan TIK,individual_internet_norm,"Individu pengguna internet, ternormalisasi",6.94,poin 0–10,,,,,id_34_papua_aggregated_2023_2024,bps_iptik_normalized_components_province_2023_2024
ID-0001850,35,Jawa Timur,provinsi,2024,Komponen pembangunan TIK,international_bandwidth_norm,"Bandwidth internet internasional per pengguna, ternormalisasi",8.49,poin 0–10,,,,,id_34_papua_aggregated_2023_2024,bps_iptik_normalized_components_province_2023_2024
ID-0001851,35,Jawa Timur,provinsi,2024,Komponen pembangunan TIK,mean_years_school_norm,"Rata-rata lama sekolah, ternormalisasi",5.79,poin 0–10,,,,,id_34_papua_aggregated_2023_2024,bps_iptik_normalized_components_province_2023_2024
ID-0001852,35,Jawa Timur,provinsi,2024,Komponen pembangunan TIK,mobile_broadband_norm,"Broadband seluler per 100 penduduk, ternormalisasi",10,poin 0–10,,,,,id_34_papua_aggregated_2023_2024,bps_iptik_normalized_components_province_2023_2024
ID-0001853,35,Jawa Timur,provinsi,2024,Komponen pembangunan TIK,mobile_cellular_norm,"Telepon seluler per 100 penduduk, ternormalisasi",9.71,poin 0–10,,,,,id_34_papua_aggregated_2023_2024,bps_iptik_normalized_components_province_2023_2024
ID-0001854,35,Jawa Timur,provinsi,2024,Komponen pembangunan TIK,secondary_enrolment_norm,"Partisipasi pendidikan sekunder, ternormalisasi",9.11,poin 0–10,,,,,id_34_papua_aggregated_2023_2024,bps_iptik_normalized_components_province_2023_2024
ID-0001855,35,Jawa Timur,provinsi,2024,Komponen pembangunan TIK,tertiary_enrolment_norm,"Partisipasi pendidikan tinggi, ternormalisasi",3.09,poin 0–10,,,,,id_34_papua_aggregated_2023_2024,bps_iptik_normalized_components_province_2023_2024
ID-0001856,35,Jawa Timur,provinsi,2024,Pemanfaatan internet,percentage_users,Tujuan penggunaan internet,21.38,% pengguna internet,area,rural,category,buy_goods_services,id_38_2024,bps_internet_purpose
ID-0001857,35,Jawa Timur,provinsi,2024,Pemanfaatan internet,percentage_users,Tujuan penggunaan internet,6.49,% pengguna internet,area,rural,category,digital_content_creation,id_38_2024,bps_internet_purpose
ID-0001858,35,Jawa Timur,provinsi,2024,Pemanfaatan internet,percentage_users,Tujuan penggunaan internet,8.67,% pengguna internet,area,rural,category,email,id_38_2024,bps_internet_purpose
ID-0001859,35,Jawa Timur,provinsi,2024,Pemanfaatan internet,percentage_users,Tujuan penggunaan internet,84.48,% pengguna internet,area,rural,category,entertainment,id_38_2024,bps_internet_purpose
ID-0001860,35,Jawa Timur,provinsi,2024,Pemanfaatan internet,percentage_users,Tujuan penggunaan internet,5.62,% pengguna internet,area,rural,category,financial_services,id_38_2024,bps_internet_purpose
ID-0001861,35,Jawa Timur,provinsi,2024,Pemanfaatan internet,percentage_users,Tujuan penggunaan internet,25.28,% pengguna internet,area,rural,category,goods_services_information,id_38_2024,bps_internet_purpose
ID-0001862,35,Jawa Timur,provinsi,2024,Pemanfaatan internet,percentage_users,Tujuan penggunaan internet,77.43,% pengguna internet,area,rural,category,news_information,id_38_2024,bps_internet_purpose
ID-0001863,35,Jawa Timur,provinsi,2024,Pemanfaatan internet,percentage_users,Tujuan penggunaan internet,9.31,% pengguna internet,area,rural,category,online_learning,id_38_2024,bps_internet_purpose
ID-0001864,35,Jawa Timur,provinsi,2024,Pemanfaatan internet,percentage_users,Tujuan penggunaan internet,5.67,% pengguna internet,area,rural,category,other,id_38_2024,bps_internet_purpose
ID-0001865,35,Jawa Timur,provinsi,2024,Pemanfaatan internet,percentage_users,Tujuan penggunaan internet,5.23,% pengguna internet,area,rural,category,sell_goods_services,id_38_2024,bps_internet_purpose
ID-0001866,35,Jawa Timur,provinsi,2024,Pemanfaatan internet,percentage_users,Tujuan penggunaan internet,73.76,% pengguna internet,area,rural,category,social_media,id_38_2024,bps_internet_purpose
ID-0001867,35,Jawa Timur,provinsi,2024,Pemanfaatan internet,percentage_users,Tujuan penggunaan internet,1.01,% pengguna internet,area,rural,category,work_from_home,id_38_2024,bps_internet_purpose
ID-0001868,35,Jawa Timur,provinsi,2024,Pemanfaatan internet,percentage_users,Tujuan penggunaan internet,23.95,% pengguna internet,area,total,category,buy_goods_services,id_38_2024,bps_internet_purpose
ID-0001869,35,Jawa Timur,provinsi,2024,Pemanfaatan internet,percentage_users,Tujuan penggunaan internet,7.24,% pengguna internet,area,total,category,digital_content_creation,id_38_2024,bps_internet_purpose
ID-0001870,35,Jawa Timur,provinsi,2024,Pemanfaatan internet,percentage_users,Tujuan penggunaan internet,12.72,% pengguna internet,area,total,category,email,id_38_2024,bps_internet_purpose
ID-0001871,35,Jawa Timur,provinsi,2024,Pemanfaatan internet,percentage_users,Tujuan penggunaan internet,84.2,% pengguna internet,area,total,category,entertainment,id_38_2024,bps_internet_purpose
ID-0001872,35,Jawa Timur,provinsi,2024,Pemanfaatan internet,percentage_users,Tujuan penggunaan internet,10.06,% pengguna internet,area,total,category,financial_services,id_38_2024,bps_internet_purpose
ID-0001873,35,Jawa Timur,provinsi,2024,Pemanfaatan internet,percentage_users,Tujuan penggunaan internet,27.01,% pengguna internet,area,total,category,goods_services_information,id_38_2024,bps_internet_purpose
ID-0001874,35,Jawa Timur,provinsi,2024,Pemanfaatan internet,percentage_users,Tujuan penggunaan internet,78.91,% pengguna internet,area,total,category,news_information,id_38_2024,bps_internet_purpose
ID-0001875,35,Jawa Timur,provinsi,2024,Pemanfaatan internet,percentage_users,Tujuan penggunaan internet,10.51,% pengguna internet,area,total,category,online_learning,id_38_2024,bps_internet_purpose
ID-0001876,35,Jawa Timur,provinsi,2024,Pemanfaatan internet,percentage_users,Tujuan penggunaan internet,4.79,% pengguna internet,area,total,category,other,id_38_2024,bps_internet_purpose
ID-0001877,35,Jawa Timur,provinsi,2024,Pemanfaatan internet,percentage_users,Tujuan penggunaan internet,5.88,% pengguna internet,area,total,category,sell_goods_services,id_38_2024,bps_internet_purpose
ID-0001878,35,Jawa Timur,provinsi,2024,Pemanfaatan internet,percentage_users,Tujuan penggunaan internet,76.03,% pengguna internet,area,total,category,social_media,id_38_2024,bps_internet_purpose
ID-0001879,35,Jawa Timur,provinsi,2024,Pemanfaatan internet,percentage_users,Tujuan penggunaan internet,1.6,% pengguna internet,area,total,category,work_from_home,id_38_2024,bps_internet_purpose
ID-0001880,35,Jawa Timur,provinsi,2024,Pemanfaatan internet,percentage_users,Tujuan penggunaan internet,25.56,% pengguna internet,area,urban,category,buy_goods_services,id_38_2024,bps_internet_purpose
ID-0001881,35,Jawa Timur,provinsi,2024,Pemanfaatan internet,percentage_users,Tujuan penggunaan internet,7.7,% pengguna internet,area,urban,category,digital_content_creation,id_38_2024,bps_internet_purpose
ID-0001882,35,Jawa Timur,provinsi,2024,Pemanfaatan internet,percentage_users,Tujuan penggunaan internet,15.25,% pengguna internet,area,urban,category,email,id_38_2024,bps_internet_purpose
ID-0001883,35,Jawa Timur,provinsi,2024,Pemanfaatan internet,percentage_users,Tujuan penggunaan internet,84.03,% pengguna internet,area,urban,category,entertainment,id_38_2024,bps_internet_purpose
ID-0001884,35,Jawa Timur,provinsi,2024,Pemanfaatan internet,percentage_users,Tujuan penggunaan internet,12.84,% pengguna internet,area,urban,category,financial_services,id_38_2024,bps_internet_purpose
ID-0001885,35,Jawa Timur,provinsi,2024,Pemanfaatan internet,percentage_users,Tujuan penggunaan internet,28.1,% pengguna internet,area,urban,category,goods_services_information,id_38_2024,bps_internet_purpose
ID-0001886,35,Jawa Timur,provinsi,2024,Pemanfaatan internet,percentage_users,Tujuan penggunaan internet,79.85,% pengguna internet,area,urban,category,news_information,id_38_2024,bps_internet_purpose
ID-0001887,35,Jawa Timur,provinsi,2024,Pemanfaatan internet,percentage_users,Tujuan penggunaan internet,11.26,% pengguna internet,area,urban,category,online_learning,id_38_2024,bps_internet_purpose
ID-0001888,35,Jawa Timur,provinsi,2024,Pemanfaatan internet,percentage_users,Tujuan penggunaan internet,4.24,% pengguna internet,area,urban,category,other,id_38_2024,bps_internet_purpose
ID-0001889,35,Jawa Timur,provinsi,2024,Pemanfaatan internet,percentage_users,Tujuan penggunaan internet,6.28,% pengguna internet,area,urban,category,sell_goods_services,id_38_2024,bps_internet_purpose
ID-0001890,35,Jawa Timur,provinsi,2024,Pemanfaatan internet,percentage_users,Tujuan penggunaan internet,77.44,% pengguna internet,area,urban,category,social_media,id_38_2024,bps_internet_purpose
ID-0001891,35,Jawa Timur,provinsi,2024,Pemanfaatan internet,percentage_users,Tujuan penggunaan internet,1.98,% pengguna internet,area,urban,category,work_from_home,id_38_2024,bps_internet_purpose
ID-0001892,35,Jawa Timur,provinsi,2024,Pembangunan TIK,access_infrastructure_subindex,Subindeks akses dan infrastruktur TIK,6.2,poin 0–10,,,,,id_34_papua_aggregated_2023_2024,bps_iptik_province_2023_2024
ID-0001893,35,Jawa Timur,provinsi,2024,Pembangunan TIK,ict_development_index,Indeks Pembangunan TIK,6.07,poin 0–10,,,,,id_34_papua_aggregated_2023_2024,bps_iptik_province_2023_2024
ID-0001894,35,Jawa Timur,provinsi,2024,Pembangunan TIK,skills_proxy_subindex,Subindeks proksi keahlian TIK,6,poin 0–10,,,,,id_34_papua_aggregated_2023_2024,bps_iptik_province_2023_2024
ID-0001895,35,Jawa Timur,provinsi,2024,Pembangunan TIK,use_subindex,Subindeks penggunaan TIK,5.97,poin 0–10,,,,,id_34_papua_aggregated_2023_2024,bps_iptik_province_2023_2024
ID-0001896,35,Jawa Timur,provinsi,2024,Perangkat akses,percentage_users,Perangkat yang digunakan untuk mengakses internet,1.83,% pengguna internet,area,rural,category,desktop,id_38_2024,bps_access_device
ID-0001897,35,Jawa Timur,provinsi,2024,Perangkat akses,percentage_users,Perangkat yang digunakan untuk mengakses internet,5.5,% pengguna internet,area,rural,category,laptop_tablet,id_38_2024,bps_access_device
ID-0001898,35,Jawa Timur,provinsi,2024,Perangkat akses,percentage_users,Perangkat yang digunakan untuk mengakses internet,99.23,% pengguna internet,area,rural,category,mobile,id_38_2024,bps_access_device
ID-0001899,35,Jawa Timur,provinsi,2024,Perangkat akses,percentage_users,Perangkat yang digunakan untuk mengakses internet,0.12,% pengguna internet,area,rural,category,other,id_38_2024,bps_access_device
ID-0001900,35,Jawa Timur,provinsi,2024,Perangkat akses,percentage_users,Perangkat yang digunakan untuk mengakses internet,2.86,% pengguna internet,area,total,category,desktop,id_38_2024,bps_access_device
ID-0001901,35,Jawa Timur,provinsi,2024,Perangkat akses,percentage_users,Perangkat yang digunakan untuk mengakses internet,10.1,% pengguna internet,area,total,category,laptop_tablet,id_38_2024,bps_access_device
ID-0001902,35,Jawa Timur,provinsi,2024,Perangkat akses,percentage_users,Perangkat yang digunakan untuk mengakses internet,99.02,% pengguna internet,area,total,category,mobile,id_38_2024,bps_access_device
ID-0001903,35,Jawa Timur,provinsi,2024,Perangkat akses,percentage_users,Perangkat yang digunakan untuk mengakses internet,0.22,% pengguna internet,area,total,category,other,id_38_2024,bps_access_device
ID-0001904,35,Jawa Timur,provinsi,2024,Perangkat akses,percentage_users,Perangkat yang digunakan untuk mengakses internet,3.51,% pengguna internet,area,urban,category,desktop,id_38_2024,bps_access_device
ID-0001905,35,Jawa Timur,provinsi,2024,Perangkat akses,percentage_users,Perangkat yang digunakan untuk mengakses internet,12.98,% pengguna internet,area,urban,category,laptop_tablet,id_38_2024,bps_access_device
ID-0001906,35,Jawa Timur,provinsi,2024,Perangkat akses,percentage_users,Perangkat yang digunakan untuk mengakses internet,98.88,% pengguna internet,area,urban,category,mobile,id_38_2024,bps_access_device
ID-0001907,35,Jawa Timur,provinsi,2024,Perangkat akses,percentage_users,Perangkat yang digunakan untuk mengakses internet,0.28,% pengguna internet,area,urban,category,other,id_38_2024,bps_access_device
ID-0001908,36,Banten,provinsi,2017,Akses internet,internet_access_pct,Akses internet penduduk usia 5 tahun ke atas,17.41,% penduduk dalam kelompok,area,rural,,,id_34_pre_split,bps_internet_access_history_province_2017_2024
ID-0001909,36,Banten,provinsi,2017,Akses internet,internet_access_pct,Akses internet penduduk usia 5 tahun ke atas,37.46,% penduduk dalam kelompok,area,total,,,id_34_pre_split,bps_internet_access_history_province_2017_2024
ID-0001910,36,Banten,provinsi,2017,Akses internet,internet_access_pct,Akses internet penduduk usia 5 tahun ke atas,46.07,% penduduk dalam kelompok,area,urban,,,id_34_pre_split,bps_internet_access_history_province_2017_2024
ID-0001911,36,Banten,provinsi,2018,Akses internet,internet_access_pct,Akses internet penduduk usia 5 tahun ke atas,27.09,% penduduk dalam kelompok,area,rural,,,id_34_pre_split,bps_internet_access_history_province_2017_2024
ID-0001912,36,Banten,provinsi,2018,Akses internet,internet_access_pct,Akses internet penduduk usia 5 tahun ke atas,47.9,% penduduk dalam kelompok,area,total,,,id_34_pre_split,bps_internet_access_history_province_2017_2024
ID-0001913,36,Banten,provinsi,2018,Akses internet,internet_access_pct,Akses internet penduduk usia 5 tahun ke atas,56.33,% penduduk dalam kelompok,area,urban,,,id_34_pre_split,bps_internet_access_history_province_2017_2024
ID-0001914,36,Banten,provinsi,2018,Kesenjangan gender,internet_access_pct,Akses internet penduduk usia 5 tahun ke atas menurut gender,44.85,% penduduk dalam kelompok,sex,female,,,id_34_pre_split,bps_internet_gender_history_province_2018_2024
ID-0001915,36,Banten,provinsi,2018,Kesenjangan gender,internet_access_pct,Akses internet penduduk usia 5 tahun ke atas menurut gender,50.84,% penduduk dalam kelompok,sex,male,,,id_34_pre_split,bps_internet_gender_history_province_2018_2024
ID-0001916,36,Banten,provinsi,2019,Akses internet,internet_access_pct,Akses internet penduduk usia 5 tahun ke atas,35.06,% penduduk dalam kelompok,area,rural,,,id_34_pre_split,bps_internet_access_history_province_2017_2024
ID-0001917,36,Banten,provinsi,2019,Akses internet,internet_access_pct,Akses internet penduduk usia 5 tahun ke atas,56.25,% penduduk dalam kelompok,area,total,,,id_34_pre_split,bps_internet_access_history_province_2017_2024
ID-0001918,36,Banten,provinsi,2019,Akses internet,internet_access_pct,Akses internet penduduk usia 5 tahun ke atas,64.71,% penduduk dalam kelompok,area,urban,,,id_34_pre_split,bps_internet_access_history_province_2017_2024
ID-0001919,36,Banten,provinsi,2019,Kesenjangan gender,internet_access_pct,Akses internet penduduk usia 5 tahun ke atas menurut gender,52.94,% penduduk dalam kelompok,sex,female,,,id_34_pre_split,bps_internet_gender_history_province_2018_2024
ID-0001920,36,Banten,provinsi,2019,Kesenjangan gender,internet_access_pct,Akses internet penduduk usia 5 tahun ke atas menurut gender,59.43,% penduduk dalam kelompok,sex,male,,,id_34_pre_split,bps_internet_gender_history_province_2018_2024
ID-0001921,36,Banten,provinsi,2020,Akses internet,internet_access_pct,Akses internet penduduk usia 5 tahun ke atas,37.48,% penduduk dalam kelompok,area,rural,,,id_34_pre_split,bps_internet_access_history_province_2017_2024
ID-0001922,36,Banten,provinsi,2020,Akses internet,internet_access_pct,Akses internet penduduk usia 5 tahun ke atas,58.63,% penduduk dalam kelompok,area,total,,,id_34_pre_split,bps_internet_access_history_province_2017_2024
ID-0001923,36,Banten,provinsi,2020,Akses internet,internet_access_pct,Akses internet penduduk usia 5 tahun ke atas,66.95,% penduduk dalam kelompok,area,urban,,,id_34_pre_split,bps_internet_access_history_province_2017_2024
ID-0001924,36,Banten,provinsi,2020,Kesenjangan gender,internet_access_pct,Akses internet penduduk usia 5 tahun ke atas menurut gender,54.96,% penduduk dalam kelompok,sex,female,,,id_34_pre_split,bps_internet_gender_history_province_2018_2024
ID-0001925,36,Banten,provinsi,2020,Kesenjangan gender,internet_access_pct,Akses internet penduduk usia 5 tahun ke atas menurut gender,62.17,% penduduk dalam kelompok,sex,male,,,id_34_pre_split,bps_internet_gender_history_province_2018_2024
ID-0001926,36,Banten,provinsi,2021,Akses internet,internet_access_pct,Akses internet penduduk usia 5 tahun ke atas,46.67,% penduduk dalam kelompok,area,rural,,,id_34_pre_split,bps_internet_access_history_province_2017_2024
ID-0001927,36,Banten,provinsi,2021,Akses internet,internet_access_pct,Akses internet penduduk usia 5 tahun ke atas,67.14,% penduduk dalam kelompok,area,total,,,id_34_pre_split,bps_internet_access_history_province_2017_2024
ID-0001928,36,Banten,provinsi,2021,Akses internet,internet_access_pct,Akses internet penduduk usia 5 tahun ke atas,75.25,% penduduk dalam kelompok,area,urban,,,id_34_pre_split,bps_internet_access_history_province_2017_2024
ID-0001929,36,Banten,provinsi,2021,Akses rumah tangga,household_internet_pct,Rumah tangga dengan akses internet,74.96,% rumah tangga dalam klasifikasi daerah,area,rural,,,id_34_pre_split,bps_household_internet
ID-0001930,36,Banten,provinsi,2021,Akses rumah tangga,household_internet_pct,Rumah tangga dengan akses internet,87.45,% rumah tangga dalam klasifikasi daerah,area,total,,,id_34_pre_split,bps_household_internet
ID-0001931,36,Banten,provinsi,2021,Akses rumah tangga,household_internet_pct,Rumah tangga dengan akses internet,92.35,% rumah tangga dalam klasifikasi daerah,area,urban,,,id_34_pre_split,bps_household_internet
ID-0001932,36,Banten,provinsi,2021,Kesenjangan gender,internet_access_pct,Akses internet penduduk usia 5 tahun ke atas menurut gender,63.04,% penduduk dalam kelompok,sex,female,,,id_34_pre_split,bps_internet_gender_history_province_2018_2024
ID-0001933,36,Banten,provinsi,2021,Kesenjangan gender,internet_access_pct,Akses internet penduduk usia 5 tahun ke atas menurut gender,71.1,% penduduk dalam kelompok,sex,male,,,id_34_pre_split,bps_internet_gender_history_province_2018_2024
ID-0001934,36,Banten,provinsi,2021,Literasi digital,digital_literacy_index,Indeks Literasi Digital Kominfo,3.37,poin 1–5,,,,,id_34_pre_split,kominfo_digital_literacy_province_2021
ID-0001935,36,Banten,provinsi,2022,Akses internet,internet_access_pct,Akses internet penduduk usia 5 tahun ke atas,48.01,% penduduk dalam kelompok,area,rural,,,id_34_pre_split,bps_internet_access_history_province_2017_2024
ID-0001936,36,Banten,provinsi,2022,Akses internet,internet_access_pct,Akses internet penduduk usia 5 tahun ke atas,70.73,% penduduk dalam kelompok,area,total,,,id_34_pre_split,bps_internet_access_history_province_2017_2024
ID-0001937,36,Banten,provinsi,2022,Akses internet,internet_access_pct,Akses internet penduduk usia 5 tahun ke atas,76.44,% penduduk dalam kelompok,area,urban,,,id_34_pre_split,bps_internet_access_history_province_2017_2024
ID-0001938,36,Banten,provinsi,2022,Akses rumah tangga,household_internet_pct,Rumah tangga dengan akses internet,82.77,% rumah tangga dalam klasifikasi daerah,area,rural,,,id_34_pre_split,bps_household_internet
ID-0001939,36,Banten,provinsi,2022,Akses rumah tangga,household_internet_pct,Rumah tangga dengan akses internet,91.11,% rumah tangga dalam klasifikasi daerah,area,total,,,id_34_pre_split,bps_household_internet
ID-0001940,36,Banten,provinsi,2022,Akses rumah tangga,household_internet_pct,Rumah tangga dengan akses internet,93.84,% rumah tangga dalam klasifikasi daerah,area,urban,,,id_34_pre_split,bps_household_internet
ID-0001941,36,Banten,provinsi,2022,Kesenjangan gender,internet_access_pct,Akses internet penduduk usia 5 tahun ke atas menurut gender,66.73,% penduduk dalam kelompok,sex,female,,,id_34_pre_split,bps_internet_gender_history_province_2018_2024
ID-0001942,36,Banten,provinsi,2022,Kesenjangan gender,internet_access_pct,Akses internet penduduk usia 5 tahun ke atas menurut gender,74.6,% penduduk dalam kelompok,sex,male,,,id_34_pre_split,bps_internet_gender_history_province_2018_2024
ID-0001943,36,Banten,provinsi,2023,Akses internet,internet_access_pct,Akses internet penduduk usia 5 tahun ke atas,54.93,% penduduk dalam kelompok,area,rural,,,id_34_pre_split,bps_internet_access_history_province_2017_2024
ID-0001944,36,Banten,provinsi,2023,Akses internet,internet_access_pct,Akses internet penduduk usia 5 tahun ke atas,71.73,% penduduk dalam kelompok,area,total,,,id_34_pre_split,bps_internet_access_history_province_2017_2024
ID-0001945,36,Banten,provinsi,2023,Akses internet,internet_access_pct,Akses internet penduduk usia 5 tahun ke atas,76.54,% penduduk dalam kelompok,area,urban,,,id_34_pre_split,bps_internet_access_history_province_2017_2024
ID-0001946,36,Banten,provinsi,2023,Akses rumah tangga,household_internet_pct,Rumah tangga dengan akses internet,81.48,% rumah tangga dalam klasifikasi daerah,area,rural,,,id_34_pre_split,bps_household_internet
ID-0001947,36,Banten,provinsi,2023,Akses rumah tangga,household_internet_pct,Rumah tangga dengan akses internet,91.18,% rumah tangga dalam klasifikasi daerah,area,total,,,id_34_pre_split,bps_household_internet
ID-0001948,36,Banten,provinsi,2023,Akses rumah tangga,household_internet_pct,Rumah tangga dengan akses internet,93.91,% rumah tangga dalam klasifikasi daerah,area,urban,,,id_34_pre_split,bps_household_internet
ID-0001949,36,Banten,provinsi,2023,Kesenjangan gender,internet_access_pct,Akses internet penduduk usia 5 tahun ke atas menurut gender,68.35,% penduduk dalam kelompok,sex,female,,,id_34_pre_split,bps_internet_gender_history_province_2018_2024
ID-0001950,36,Banten,provinsi,2023,Kesenjangan gender,internet_access_pct,Akses internet penduduk usia 5 tahun ke atas menurut gender,75.07,% penduduk dalam kelompok,sex,male,,,id_34_pre_split,bps_internet_gender_history_province_2018_2024
ID-0001951,36,Banten,provinsi,2023,Komponen pembangunan TIK,fixed_broadband_norm,"Broadband tetap per 100 penduduk, ternormalisasi",0.86,poin 0–10,,,,,id_34_papua_aggregated_2023_2024,bps_iptik_normalized_components_province_2023_2024
ID-0001952,36,Banten,provinsi,2023,Komponen pembangunan TIK,fixed_telephone_norm,"Telepon tetap per 100 penduduk, ternormalisasi",5.54,poin 0–10,,,,,id_34_papua_aggregated_2023_2024,bps_iptik_normalized_components_province_2023_2024
ID-0001953,36,Banten,provinsi,2023,Komponen pembangunan TIK,household_computer_norm,"Rumah tangga dengan komputer, ternormalisasi",2.07,poin 0–10,,,,,id_34_papua_aggregated_2023_2024,bps_iptik_normalized_components_province_2023_2024
ID-0001954,36,Banten,provinsi,2023,Komponen pembangunan TIK,household_internet_norm,"Rumah tangga dengan internet, ternormalisasi",9.12,poin 0–10,,,,,id_34_papua_aggregated_2023_2024,bps_iptik_normalized_components_province_2023_2024
ID-0001955,36,Banten,provinsi,2023,Komponen pembangunan TIK,individual_internet_norm,"Individu pengguna internet, ternormalisasi",7.17,poin 0–10,,,,,id_34_papua_aggregated_2023_2024,bps_iptik_normalized_components_province_2023_2024
ID-0001956,36,Banten,provinsi,2023,Komponen pembangunan TIK,international_bandwidth_norm,"Bandwidth internet internasional per pengguna, ternormalisasi",7.91,poin 0–10,,,,,id_34_papua_aggregated_2023_2024,bps_iptik_normalized_components_province_2023_2024
ID-0001957,36,Banten,provinsi,2023,Komponen pembangunan TIK,mean_years_school_norm,"Rata-rata lama sekolah, ternormalisasi",6.32,poin 0–10,,,,,id_34_papua_aggregated_2023_2024,bps_iptik_normalized_components_province_2023_2024
ID-0001958,36,Banten,provinsi,2023,Komponen pembangunan TIK,mobile_broadband_norm,"Broadband seluler per 100 penduduk, ternormalisasi",10,poin 0–10,,,,,id_34_papua_aggregated_2023_2024,bps_iptik_normalized_components_province_2023_2024
ID-0001959,36,Banten,provinsi,2023,Komponen pembangunan TIK,mobile_cellular_norm,"Telepon seluler per 100 penduduk, ternormalisasi",10,poin 0–10,,,,,id_34_papua_aggregated_2023_2024,bps_iptik_normalized_components_province_2023_2024
ID-0001960,36,Banten,provinsi,2023,Komponen pembangunan TIK,secondary_enrolment_norm,"Partisipasi pendidikan sekunder, ternormalisasi",8.52,poin 0–10,,,,,id_34_papua_aggregated_2023_2024,bps_iptik_normalized_components_province_2023_2024
ID-0001961,36,Banten,provinsi,2023,Komponen pembangunan TIK,tertiary_enrolment_norm,"Partisipasi pendidikan tinggi, ternormalisasi",3.19,poin 0–10,,,,,id_34_papua_aggregated_2023_2024,bps_iptik_normalized_components_province_2023_2024
ID-0001962,36,Banten,provinsi,2023,Pembangunan TIK,access_infrastructure_subindex,Subindeks akses dan infrastruktur TIK,6.93,poin 0–10,,,,,id_34_papua_aggregated_2023_2024,bps_iptik_province_2023_2024
ID-0001963,36,Banten,provinsi,2023,Pembangunan TIK,ict_development_index,Indeks Pembangunan TIK,6.38,poin 0–10,,,,,id_34_papua_aggregated_2023_2024,bps_iptik_province_2023_2024
ID-0001964,36,Banten,provinsi,2023,Pembangunan TIK,skills_proxy_subindex,Subindeks proksi keahlian TIK,6.01,poin 0–10,,,,,id_34_papua_aggregated_2023_2024,bps_iptik_province_2023_2024
ID-0001965,36,Banten,provinsi,2023,Pembangunan TIK,use_subindex,Subindeks penggunaan TIK,6.01,poin 0–10,,,,,id_34_papua_aggregated_2023_2024,bps_iptik_province_2023_2024
ID-0001966,36,Banten,provinsi,2024,Akses internet,internet_access_pct,Akses internet penduduk usia 5 tahun ke atas,56.77,% penduduk dalam kelompok,area,rural,,,id_38_2024,bps_internet_access_history_province_2017_2024
ID-0001967,36,Banten,provinsi,2024,Akses internet,internet_access_pct,Akses internet penduduk usia 5 tahun ke atas,75.17,% penduduk dalam kelompok,area,total,,,id_38_2024,bps_internet_access_history_province_2017_2024
ID-0001968,36,Banten,provinsi,2024,Akses internet,internet_access_pct,Akses internet penduduk usia 5 tahun ke atas,79.82,% penduduk dalam kelompok,area,urban,,,id_38_2024,bps_internet_access_history_province_2017_2024
ID-0001969,36,Banten,provinsi,2024,Akses rumah tangga,household_internet_pct,Rumah tangga dengan akses internet,84.91,% rumah tangga dalam klasifikasi daerah,area,rural,,,id_38_2024,bps_household_internet
ID-0001970,36,Banten,provinsi,2024,Akses rumah tangga,household_internet_pct,Rumah tangga dengan akses internet,93.02,% rumah tangga dalam klasifikasi daerah,area,total,,,id_38_2024,bps_household_internet
ID-0001971,36,Banten,provinsi,2024,Akses rumah tangga,household_internet_pct,Rumah tangga dengan akses internet,94.98,% rumah tangga dalam klasifikasi daerah,area,urban,,,id_38_2024,bps_household_internet
ID-0001972,36,Banten,provinsi,2024,Kesenjangan gender,internet_access_pct,Akses internet penduduk usia 5 tahun ke atas menurut gender,71.37,% penduduk dalam kelompok,sex,female,,,id_38_2024,bps_internet_gender_history_province_2018_2024
ID-0001973,36,Banten,provinsi,2024,Kesenjangan gender,internet_access_pct,Akses internet penduduk usia 5 tahun ke atas menurut gender,78.89,% penduduk dalam kelompok,sex,male,,,id_38_2024,bps_internet_gender_history_province_2018_2024
ID-0001974,36,Banten,provinsi,2024,Komponen pembangunan TIK,fixed_broadband_norm,"Broadband tetap per 100 penduduk, ternormalisasi",1.22,poin 0–10,,,,,id_34_papua_aggregated_2023_2024,bps_iptik_normalized_components_province_2023_2024
ID-0001975,36,Banten,provinsi,2024,Komponen pembangunan TIK,fixed_telephone_norm,"Telepon tetap per 100 penduduk, ternormalisasi",4.68,poin 0–10,,,,,id_34_papua_aggregated_2023_2024,bps_iptik_normalized_components_province_2023_2024
ID-0001976,36,Banten,provinsi,2024,Komponen pembangunan TIK,household_computer_norm,"Rumah tangga dengan komputer, ternormalisasi",2.09,poin 0–10,,,,,id_34_papua_aggregated_2023_2024,bps_iptik_normalized_components_province_2023_2024
ID-0001977,36,Banten,provinsi,2024,Komponen pembangunan TIK,household_internet_norm,"Rumah tangga dengan internet, ternormalisasi",9.3,poin 0–10,,,,,id_34_papua_aggregated_2023_2024,bps_iptik_normalized_components_province_2023_2024
ID-0001978,36,Banten,provinsi,2024,Komponen pembangunan TIK,individual_internet_norm,"Individu pengguna internet, ternormalisasi",7.52,poin 0–10,,,,,id_34_papua_aggregated_2023_2024,bps_iptik_normalized_components_province_2023_2024
ID-0001979,36,Banten,provinsi,2024,Komponen pembangunan TIK,international_bandwidth_norm,"Bandwidth internet internasional per pengguna, ternormalisasi",8.36,poin 0–10,,,,,id_34_papua_aggregated_2023_2024,bps_iptik_normalized_components_province_2023_2024
ID-0001980,36,Banten,provinsi,2024,Komponen pembangunan TIK,mean_years_school_norm,"Rata-rata lama sekolah, ternormalisasi",6.36,poin 0–10,,,,,id_34_papua_aggregated_2023_2024,bps_iptik_normalized_components_province_2023_2024
ID-0001981,36,Banten,provinsi,2024,Komponen pembangunan TIK,mobile_broadband_norm,"Broadband seluler per 100 penduduk, ternormalisasi",10,poin 0–10,,,,,id_34_papua_aggregated_2023_2024,bps_iptik_normalized_components_province_2023_2024
ID-0001982,36,Banten,provinsi,2024,Komponen pembangunan TIK,mobile_cellular_norm,"Telepon seluler per 100 penduduk, ternormalisasi",10,poin 0–10,,,,,id_34_papua_aggregated_2023_2024,bps_iptik_normalized_components_province_2023_2024
ID-0001983,36,Banten,provinsi,2024,Komponen pembangunan TIK,secondary_enrolment_norm,"Partisipasi pendidikan sekunder, ternormalisasi",8.64,poin 0–10,,,,,id_34_papua_aggregated_2023_2024,bps_iptik_normalized_components_province_2023_2024
ID-0001984,36,Banten,provinsi,2024,Komponen pembangunan TIK,tertiary_enrolment_norm,"Partisipasi pendidikan tinggi, ternormalisasi",3.17,poin 0–10,,,,,id_34_papua_aggregated_2023_2024,bps_iptik_normalized_components_province_2023_2024
ID-0001985,36,Banten,provinsi,2024,Pemanfaatan internet,percentage_users,Tujuan penggunaan internet,22.07,% pengguna internet,area,rural,category,buy_goods_services,id_38_2024,bps_internet_purpose
ID-0001986,36,Banten,provinsi,2024,Pemanfaatan internet,percentage_users,Tujuan penggunaan internet,5.72,% pengguna internet,area,rural,category,digital_content_creation,id_38_2024,bps_internet_purpose
ID-0001987,36,Banten,provinsi,2024,Pemanfaatan internet,percentage_users,Tujuan penggunaan internet,7.52,% pengguna internet,area,rural,category,email,id_38_2024,bps_internet_purpose
ID-0001988,36,Banten,provinsi,2024,Pemanfaatan internet,percentage_users,Tujuan penggunaan internet,83.41,% pengguna internet,area,rural,category,entertainment,id_38_2024,bps_internet_purpose
ID-0001989,36,Banten,provinsi,2024,Pemanfaatan internet,percentage_users,Tujuan penggunaan internet,4.3,% pengguna internet,area,rural,category,financial_services,id_38_2024,bps_internet_purpose
ID-0001990,36,Banten,provinsi,2024,Pemanfaatan internet,percentage_users,Tujuan penggunaan internet,17.75,% pengguna internet,area,rural,category,goods_services_information,id_38_2024,bps_internet_purpose
ID-0001991,36,Banten,provinsi,2024,Pemanfaatan internet,percentage_users,Tujuan penggunaan internet,71.66,% pengguna internet,area,rural,category,news_information,id_38_2024,bps_internet_purpose
ID-0001992,36,Banten,provinsi,2024,Pemanfaatan internet,percentage_users,Tujuan penggunaan internet,9.82,% pengguna internet,area,rural,category,online_learning,id_38_2024,bps_internet_purpose
ID-0001993,36,Banten,provinsi,2024,Pemanfaatan internet,percentage_users,Tujuan penggunaan internet,7.41,% pengguna internet,area,rural,category,other,id_38_2024,bps_internet_purpose
ID-0001994,36,Banten,provinsi,2024,Pemanfaatan internet,percentage_users,Tujuan penggunaan internet,2.87,% pengguna internet,area,rural,category,sell_goods_services,id_38_2024,bps_internet_purpose
ID-0001995,36,Banten,provinsi,2024,Pemanfaatan internet,percentage_users,Tujuan penggunaan internet,71.21,% pengguna internet,area,rural,category,social_media,id_38_2024,bps_internet_purpose
ID-0001996,36,Banten,provinsi,2024,Pemanfaatan internet,percentage_users,Tujuan penggunaan internet,0.66,% pengguna internet,area,rural,category,work_from_home,id_38_2024,bps_internet_purpose
ID-0001997,36,Banten,provinsi,2024,Pemanfaatan internet,percentage_users,Tujuan penggunaan internet,30.19,% pengguna internet,area,total,category,buy_goods_services,id_38_2024,bps_internet_purpose
ID-0001998,36,Banten,provinsi,2024,Pemanfaatan internet,percentage_users,Tujuan penggunaan internet,2.96,% pengguna internet,area,total,category,digital_content_creation,id_38_2024,bps_internet_purpose
ID-0001999,36,Banten,provinsi,2024,Pemanfaatan internet,percentage_users,Tujuan penggunaan internet,16.17,% pengguna internet,area,total,category,email,id_38_2024,bps_internet_purpose
ID-0002000,36,Banten,provinsi,2024,Pemanfaatan internet,percentage_users,Tujuan penggunaan internet,82.63,% pengguna internet,area,total,category,entertainment,id_38_2024,bps_internet_purpose
ID-0002001,36,Banten,provinsi,2024,Pemanfaatan internet,percentage_users,Tujuan penggunaan internet,16.28,% pengguna internet,area,total,category,financial_services,id_38_2024,bps_internet_purpose
ID-0002002,36,Banten,provinsi,2024,Pemanfaatan internet,percentage_users,Tujuan penggunaan internet,26.24,% pengguna internet,area,total,category,goods_services_information,id_38_2024,bps_internet_purpose
ID-0002003,36,Banten,provinsi,2024,Pemanfaatan internet,percentage_users,Tujuan penggunaan internet,80.46,% pengguna internet,area,total,category,news_information,id_38_2024,bps_internet_purpose
ID-0002004,36,Banten,provinsi,2024,Pemanfaatan internet,percentage_users,Tujuan penggunaan internet,10.99,% pengguna internet,area,total,category,online_learning,id_38_2024,bps_internet_purpose
ID-0002005,36,Banten,provinsi,2024,Pemanfaatan internet,percentage_users,Tujuan penggunaan internet,5.38,% pengguna internet,area,total,category,other,id_38_2024,bps_internet_purpose
ID-0002006,36,Banten,provinsi,2024,Pemanfaatan internet,percentage_users,Tujuan penggunaan internet,5.96,% pengguna internet,area,total,category,sell_goods_services,id_38_2024,bps_internet_purpose
ID-0002007,36,Banten,provinsi,2024,Pemanfaatan internet,percentage_users,Tujuan penggunaan internet,74.14,% pengguna internet,area,total,category,social_media,id_38_2024,bps_internet_purpose
ID-0002008,36,Banten,provinsi,2024,Pemanfaatan internet,percentage_users,Tujuan penggunaan internet,2.29,% pengguna internet,area,total,category,work_from_home,id_38_2024,bps_internet_purpose
ID-0002009,36,Banten,provinsi,2024,Pemanfaatan internet,percentage_users,Tujuan penggunaan internet,31.65,% pengguna internet,area,urban,category,buy_goods_services,id_38_2024,bps_internet_purpose
ID-0002010,36,Banten,provinsi,2024,Pemanfaatan internet,percentage_users,Tujuan penggunaan internet,2.46,% pengguna internet,area,urban,category,digital_content_creation,id_38_2024,bps_internet_purpose
ID-0002011,36,Banten,provinsi,2024,Pemanfaatan internet,percentage_users,Tujuan penggunaan internet,17.73,% pengguna internet,area,urban,category,email,id_38_2024,bps_internet_purpose
ID-0002012,36,Banten,provinsi,2024,Pemanfaatan internet,percentage_users,Tujuan penggunaan internet,82.49,% pengguna internet,area,urban,category,entertainment,id_38_2024,bps_internet_purpose
ID-0002013,36,Banten,provinsi,2024,Pemanfaatan internet,percentage_users,Tujuan penggunaan internet,18.44,% pengguna internet,area,urban,category,financial_services,id_38_2024,bps_internet_purpose
ID-0002014,36,Banten,provinsi,2024,Pemanfaatan internet,percentage_users,Tujuan penggunaan internet,27.77,% pengguna internet,area,urban,category,goods_services_information,id_38_2024,bps_internet_purpose
ID-0002015,36,Banten,provinsi,2024,Pemanfaatan internet,percentage_users,Tujuan penggunaan internet,82.05,% pengguna internet,area,urban,category,news_information,id_38_2024,bps_internet_purpose
ID-0002016,36,Banten,provinsi,2024,Pemanfaatan internet,percentage_users,Tujuan penggunaan internet,11.21,% pengguna internet,area,urban,category,online_learning,id_38_2024,bps_internet_purpose
ID-0002017,36,Banten,provinsi,2024,Pemanfaatan internet,percentage_users,Tujuan penggunaan internet,5.02,% pengguna internet,area,urban,category,other,id_38_2024,bps_internet_purpose
ID-0002018,36,Banten,provinsi,2024,Pemanfaatan internet,percentage_users,Tujuan penggunaan internet,6.52,% pengguna internet,area,urban,category,sell_goods_services,id_38_2024,bps_internet_purpose
ID-0002019,36,Banten,provinsi,2024,Pemanfaatan internet,percentage_users,Tujuan penggunaan internet,74.67,% pengguna internet,area,urban,category,social_media,id_38_2024,bps_internet_purpose
ID-0002020,36,Banten,provinsi,2024,Pemanfaatan internet,percentage_users,Tujuan penggunaan internet,2.58,% pengguna internet,area,urban,category,work_from_home,id_38_2024,bps_internet_purpose
ID-0002021,36,Banten,provinsi,2024,Pembangunan TIK,access_infrastructure_subindex,Subindeks akses dan infrastruktur TIK,6.88,poin 0–10,,,,,id_34_papua_aggregated_2023_2024,bps_iptik_province_2023_2024
ID-0002022,36,Banten,provinsi,2024,Pembangunan TIK,ict_development_index,Indeks Pembangunan TIK,6.46,poin 0–10,,,,,id_34_papua_aggregated_2023_2024,bps_iptik_province_2023_2024
ID-0002023,36,Banten,provinsi,2024,Pembangunan TIK,skills_proxy_subindex,Subindeks proksi keahlian TIK,6.06,poin 0–10,,,,,id_34_papua_aggregated_2023_2024,bps_iptik_province_2023_2024
ID-0002024,36,Banten,provinsi,2024,Pembangunan TIK,use_subindex,Subindeks penggunaan TIK,6.25,poin 0–10,,,,,id_34_papua_aggregated_2023_2024,bps_iptik_province_2023_2024
ID-0002025,36,Banten,provinsi,2024,Perangkat akses,percentage_users,Perangkat yang digunakan untuk mengakses internet,1.27,% pengguna internet,area,rural,category,desktop,id_38_2024,bps_access_device
ID-0002026,36,Banten,provinsi,2024,Perangkat akses,percentage_users,Perangkat yang digunakan untuk mengakses internet,3.3,% pengguna internet,area,rural,category,laptop_tablet,id_38_2024,bps_access_device
ID-0002027,36,Banten,provinsi,2024,Perangkat akses,percentage_users,Perangkat yang digunakan untuk mengakses internet,99.31,% pengguna internet,area,rural,category,mobile,id_38_2024,bps_access_device
ID-0002028,36,Banten,provinsi,2024,Perangkat akses,percentage_users,Perangkat yang digunakan untuk mengakses internet,0.61,% pengguna internet,area,rural,category,other,id_38_2024,bps_access_device
ID-0002029,36,Banten,provinsi,2024,Perangkat akses,percentage_users,Perangkat yang digunakan untuk mengakses internet,3.19,% pengguna internet,area,total,category,desktop,id_38_2024,bps_access_device
ID-0002030,36,Banten,provinsi,2024,Perangkat akses,percentage_users,Perangkat yang digunakan untuk mengakses internet,12.64,% pengguna internet,area,total,category,laptop_tablet,id_38_2024,bps_access_device
ID-0002031,36,Banten,provinsi,2024,Perangkat akses,percentage_users,Perangkat yang digunakan untuk mengakses internet,98.57,% pengguna internet,area,total,category,mobile,id_38_2024,bps_access_device
ID-0002032,36,Banten,provinsi,2024,Perangkat akses,percentage_users,Perangkat yang digunakan untuk mengakses internet,1.02,% pengguna internet,area,total,category,other,id_38_2024,bps_access_device
ID-0002033,36,Banten,provinsi,2024,Perangkat akses,percentage_users,Perangkat yang digunakan untuk mengakses internet,3.53,% pengguna internet,area,urban,category,desktop,id_38_2024,bps_access_device
ID-0002034,36,Banten,provinsi,2024,Perangkat akses,percentage_users,Perangkat yang digunakan untuk mengakses internet,14.33,% pengguna internet,area,urban,category,laptop_tablet,id_38_2024,bps_access_device
ID-0002035,36,Banten,provinsi,2024,Perangkat akses,percentage_users,Perangkat yang digunakan untuk mengakses internet,98.43,% pengguna internet,area,urban,category,mobile,id_38_2024,bps_access_device
ID-0002036,36,Banten,provinsi,2024,Perangkat akses,percentage_users,Perangkat yang digunakan untuk mengakses internet,1.09,% pengguna internet,area,urban,category,other,id_38_2024,bps_access_device
ID-0002037,51,Bali,provinsi,2017,Akses internet,internet_access_pct,Akses internet penduduk usia 5 tahun ke atas,24.89,% penduduk dalam kelompok,area,rural,,,id_34_pre_split,bps_internet_access_history_province_2017_2024
ID-0002038,51,Bali,provinsi,2017,Akses internet,internet_access_pct,Akses internet penduduk usia 5 tahun ke atas,39.49,% penduduk dalam kelompok,area,total,,,id_34_pre_split,bps_internet_access_history_province_2017_2024
ID-0002039,51,Bali,provinsi,2017,Akses internet,internet_access_pct,Akses internet penduduk usia 5 tahun ke atas,47.76,% penduduk dalam kelompok,area,urban,,,id_34_pre_split,bps_internet_access_history_province_2017_2024
ID-0002040,51,Bali,provinsi,2018,Akses internet,internet_access_pct,Akses internet penduduk usia 5 tahun ke atas,31.76,% penduduk dalam kelompok,area,rural,,,id_34_pre_split,bps_internet_access_history_province_2017_2024
ID-0002041,51,Bali,provinsi,2018,Akses internet,internet_access_pct,Akses internet penduduk usia 5 tahun ke atas,46.42,% penduduk dalam kelompok,area,total,,,id_34_pre_split,bps_internet_access_history_province_2017_2024
ID-0002042,51,Bali,provinsi,2018,Akses internet,internet_access_pct,Akses internet penduduk usia 5 tahun ke atas,53.93,% penduduk dalam kelompok,area,urban,,,id_34_pre_split,bps_internet_access_history_province_2017_2024
ID-0002043,51,Bali,provinsi,2018,Kesenjangan gender,internet_access_pct,Akses internet penduduk usia 5 tahun ke atas menurut gender,41.72,% penduduk dalam kelompok,sex,female,,,id_34_pre_split,bps_internet_gender_history_province_2018_2024
ID-0002044,51,Bali,provinsi,2018,Kesenjangan gender,internet_access_pct,Akses internet penduduk usia 5 tahun ke atas menurut gender,51.07,% penduduk dalam kelompok,sex,male,,,id_34_pre_split,bps_internet_gender_history_province_2018_2024
ID-0002045,51,Bali,provinsi,2019,Akses internet,internet_access_pct,Akses internet penduduk usia 5 tahun ke atas,38.29,% penduduk dalam kelompok,area,rural,,,id_34_pre_split,bps_internet_access_history_province_2017_2024
ID-0002046,51,Bali,provinsi,2019,Akses internet,internet_access_pct,Akses internet penduduk usia 5 tahun ke atas,54.08,% penduduk dalam kelompok,area,total,,,id_34_pre_split,bps_internet_access_history_province_2017_2024
ID-0002047,51,Bali,provinsi,2019,Akses internet,internet_access_pct,Akses internet penduduk usia 5 tahun ke atas,61.27,% penduduk dalam kelompok,area,urban,,,id_34_pre_split,bps_internet_access_history_province_2017_2024
ID-0002048,51,Bali,provinsi,2019,Kesenjangan gender,internet_access_pct,Akses internet penduduk usia 5 tahun ke atas menurut gender,49.27,% penduduk dalam kelompok,sex,female,,,id_34_pre_split,bps_internet_gender_history_province_2018_2024
ID-0002049,51,Bali,provinsi,2019,Kesenjangan gender,internet_access_pct,Akses internet penduduk usia 5 tahun ke atas menurut gender,58.8,% penduduk dalam kelompok,sex,male,,,id_34_pre_split,bps_internet_gender_history_province_2018_2024
ID-0002050,51,Bali,provinsi,2020,Akses internet,internet_access_pct,Akses internet penduduk usia 5 tahun ke atas,44.22,% penduduk dalam kelompok,area,rural,,,id_34_pre_split,bps_internet_access_history_province_2017_2024
ID-0002051,51,Bali,provinsi,2020,Akses internet,internet_access_pct,Akses internet penduduk usia 5 tahun ke atas,61.06,% penduduk dalam kelompok,area,total,,,id_34_pre_split,bps_internet_access_history_province_2017_2024
ID-0002052,51,Bali,provinsi,2020,Akses internet,internet_access_pct,Akses internet penduduk usia 5 tahun ke atas,68.69,% penduduk dalam kelompok,area,urban,,,id_34_pre_split,bps_internet_access_history_province_2017_2024
ID-0002053,51,Bali,provinsi,2020,Kesenjangan gender,internet_access_pct,Akses internet penduduk usia 5 tahun ke atas menurut gender,55.55,% penduduk dalam kelompok,sex,female,,,id_34_pre_split,bps_internet_gender_history_province_2018_2024
ID-0002054,51,Bali,provinsi,2020,Kesenjangan gender,internet_access_pct,Akses internet penduduk usia 5 tahun ke atas menurut gender,66.47,% penduduk dalam kelompok,sex,male,,,id_34_pre_split,bps_internet_gender_history_province_2018_2024
ID-0002055,51,Bali,provinsi,2021,Akses internet,internet_access_pct,Akses internet penduduk usia 5 tahun ke atas,53.79,% penduduk dalam kelompok,area,rural,,,id_34_pre_split,bps_internet_access_history_province_2017_2024
ID-0002056,51,Bali,provinsi,2021,Akses internet,internet_access_pct,Akses internet penduduk usia 5 tahun ke atas,67.75,% penduduk dalam kelompok,area,total,,,id_34_pre_split,bps_internet_access_history_province_2017_2024
ID-0002057,51,Bali,provinsi,2021,Akses internet,internet_access_pct,Akses internet penduduk usia 5 tahun ke atas,73.61,% penduduk dalam kelompok,area,urban,,,id_34_pre_split,bps_internet_access_history_province_2017_2024
ID-0002058,51,Bali,provinsi,2021,Akses rumah tangga,household_internet_pct,Rumah tangga dengan akses internet,77.83,% rumah tangga dalam klasifikasi daerah,area,rural,,,id_34_pre_split,bps_household_internet
ID-0002059,51,Bali,provinsi,2021,Akses rumah tangga,household_internet_pct,Rumah tangga dengan akses internet,87.8,% rumah tangga dalam klasifikasi daerah,area,total,,,id_34_pre_split,bps_household_internet
ID-0002060,51,Bali,provinsi,2021,Akses rumah tangga,household_internet_pct,Rumah tangga dengan akses internet,91.83,% rumah tangga dalam klasifikasi daerah,area,urban,,,id_34_pre_split,bps_household_internet
ID-0002061,51,Bali,provinsi,2021,Kesenjangan gender,internet_access_pct,Akses internet penduduk usia 5 tahun ke atas menurut gender,62.44,% penduduk dalam kelompok,sex,female,,,id_34_pre_split,bps_internet_gender_history_province_2018_2024
ID-0002062,51,Bali,provinsi,2021,Kesenjangan gender,internet_access_pct,Akses internet penduduk usia 5 tahun ke atas menurut gender,73.02,% penduduk dalam kelompok,sex,male,,,id_34_pre_split,bps_internet_gender_history_province_2018_2024
ID-0002063,51,Bali,provinsi,2021,Literasi digital,digital_literacy_index,Indeks Literasi Digital Kominfo,3.43,poin 1–5,,,,,id_34_pre_split,kominfo_digital_literacy_province_2021
ID-0002064,51,Bali,provinsi,2022,Akses internet,internet_access_pct,Akses internet penduduk usia 5 tahun ke atas,57.79,% penduduk dalam kelompok,area,rural,,,id_34_pre_split,bps_internet_access_history_province_2017_2024
ID-0002065,51,Bali,provinsi,2022,Akses internet,internet_access_pct,Akses internet penduduk usia 5 tahun ke atas,70.59,% penduduk dalam kelompok,area,total,,,id_34_pre_split,bps_internet_access_history_province_2017_2024
ID-0002066,51,Bali,provinsi,2022,Akses internet,internet_access_pct,Akses internet penduduk usia 5 tahun ke atas,75.38,% penduduk dalam kelompok,area,urban,,,id_34_pre_split,bps_internet_access_history_province_2017_2024
ID-0002067,51,Bali,provinsi,2022,Akses rumah tangga,household_internet_pct,Rumah tangga dengan akses internet,85.09,% rumah tangga dalam klasifikasi daerah,area,rural,,,id_34_pre_split,bps_household_internet
ID-0002068,51,Bali,provinsi,2022,Akses rumah tangga,household_internet_pct,Rumah tangga dengan akses internet,91.21,% rumah tangga dalam klasifikasi daerah,area,total,,,id_34_pre_split,bps_household_internet
ID-0002069,51,Bali,provinsi,2022,Akses rumah tangga,household_internet_pct,Rumah tangga dengan akses internet,93.78,% rumah tangga dalam klasifikasi daerah,area,urban,,,id_34_pre_split,bps_household_internet
ID-0002070,51,Bali,provinsi,2022,Kesenjangan gender,internet_access_pct,Akses internet penduduk usia 5 tahun ke atas menurut gender,65.3,% penduduk dalam kelompok,sex,female,,,id_34_pre_split,bps_internet_gender_history_province_2018_2024
ID-0002071,51,Bali,provinsi,2022,Kesenjangan gender,internet_access_pct,Akses internet penduduk usia 5 tahun ke atas menurut gender,75.82,% penduduk dalam kelompok,sex,male,,,id_34_pre_split,bps_internet_gender_history_province_2018_2024
ID-0002072,51,Bali,provinsi,2023,Akses internet,internet_access_pct,Akses internet penduduk usia 5 tahun ke atas,61.16,% penduduk dalam kelompok,area,rural,,,id_34_pre_split,bps_internet_access_history_province_2017_2024
ID-0002073,51,Bali,provinsi,2023,Akses internet,internet_access_pct,Akses internet penduduk usia 5 tahun ke atas,73.34,% penduduk dalam kelompok,area,total,,,id_34_pre_split,bps_internet_access_history_province_2017_2024
ID-0002074,51,Bali,provinsi,2023,Akses internet,internet_access_pct,Akses internet penduduk usia 5 tahun ke atas,78.06,% penduduk dalam kelompok,area,urban,,,id_34_pre_split,bps_internet_access_history_province_2017_2024
ID-0002075,51,Bali,provinsi,2023,Akses rumah tangga,household_internet_pct,Rumah tangga dengan akses internet,78.35,% rumah tangga dalam klasifikasi daerah,area,rural,,,id_34_pre_split,bps_household_internet
ID-0002076,51,Bali,provinsi,2023,Akses rumah tangga,household_internet_pct,Rumah tangga dengan akses internet,87.15,% rumah tangga dalam klasifikasi daerah,area,total,,,id_34_pre_split,bps_household_internet
ID-0002077,51,Bali,provinsi,2023,Akses rumah tangga,household_internet_pct,Rumah tangga dengan akses internet,91.06,% rumah tangga dalam klasifikasi daerah,area,urban,,,id_34_pre_split,bps_household_internet
ID-0002078,51,Bali,provinsi,2023,Kesenjangan gender,internet_access_pct,Akses internet penduduk usia 5 tahun ke atas menurut gender,68.32,% penduduk dalam kelompok,sex,female,,,id_34_pre_split,bps_internet_gender_history_province_2018_2024
ID-0002079,51,Bali,provinsi,2023,Kesenjangan gender,internet_access_pct,Akses internet penduduk usia 5 tahun ke atas menurut gender,78.32,% penduduk dalam kelompok,sex,male,,,id_34_pre_split,bps_internet_gender_history_province_2018_2024
ID-0002080,51,Bali,provinsi,2023,Komponen pembangunan TIK,fixed_broadband_norm,"Broadband tetap per 100 penduduk, ternormalisasi",1.49,poin 0–10,,,,,id_34_papua_aggregated_2023_2024,bps_iptik_normalized_components_province_2023_2024
ID-0002081,51,Bali,provinsi,2023,Komponen pembangunan TIK,fixed_telephone_norm,"Telepon tetap per 100 penduduk, ternormalisasi",5.66,poin 0–10,,,,,id_34_papua_aggregated_2023_2024,bps_iptik_normalized_components_province_2023_2024
ID-0002082,51,Bali,provinsi,2023,Komponen pembangunan TIK,household_computer_norm,"Rumah tangga dengan komputer, ternormalisasi",2.43,poin 0–10,,,,,id_34_papua_aggregated_2023_2024,bps_iptik_normalized_components_province_2023_2024
ID-0002083,51,Bali,provinsi,2023,Komponen pembangunan TIK,household_internet_norm,"Rumah tangga dengan internet, ternormalisasi",8.72,poin 0–10,,,,,id_34_papua_aggregated_2023_2024,bps_iptik_normalized_components_province_2023_2024
ID-0002084,51,Bali,provinsi,2023,Komponen pembangunan TIK,individual_internet_norm,"Individu pengguna internet, ternormalisasi",7.33,poin 0–10,,,,,id_34_papua_aggregated_2023_2024,bps_iptik_normalized_components_province_2023_2024
ID-0002085,51,Bali,provinsi,2023,Komponen pembangunan TIK,international_bandwidth_norm,"Bandwidth internet internasional per pengguna, ternormalisasi",7.93,poin 0–10,,,,,id_34_papua_aggregated_2023_2024,bps_iptik_normalized_components_province_2023_2024
ID-0002086,51,Bali,provinsi,2023,Komponen pembangunan TIK,mean_years_school_norm,"Rata-rata lama sekolah, ternormalisasi",6.5,poin 0–10,,,,,id_34_papua_aggregated_2023_2024,bps_iptik_normalized_components_province_2023_2024
ID-0002087,51,Bali,provinsi,2023,Komponen pembangunan TIK,mobile_broadband_norm,"Broadband seluler per 100 penduduk, ternormalisasi",10,poin 0–10,,,,,id_34_papua_aggregated_2023_2024,bps_iptik_normalized_components_province_2023_2024
ID-0002088,51,Bali,provinsi,2023,Komponen pembangunan TIK,mobile_cellular_norm,"Telepon seluler per 100 penduduk, ternormalisasi",10,poin 0–10,,,,,id_34_papua_aggregated_2023_2024,bps_iptik_normalized_components_province_2023_2024
ID-0002089,51,Bali,provinsi,2023,Komponen pembangunan TIK,secondary_enrolment_norm,"Partisipasi pendidikan sekunder, ternormalisasi",9.58,poin 0–10,,,,,id_34_papua_aggregated_2023_2024,bps_iptik_normalized_components_province_2023_2024
ID-0002090,51,Bali,provinsi,2023,Komponen pembangunan TIK,tertiary_enrolment_norm,"Partisipasi pendidikan tinggi, ternormalisasi",3.58,poin 0–10,,,,,id_34_papua_aggregated_2023_2024,bps_iptik_normalized_components_province_2023_2024
ID-0002091,51,Bali,provinsi,2023,Pembangunan TIK,access_infrastructure_subindex,Subindeks akses dan infrastruktur TIK,6.95,poin 0–10,,,,,id_34_papua_aggregated_2023_2024,bps_iptik_province_2023_2024
ID-0002092,51,Bali,provinsi,2023,Pembangunan TIK,ict_development_index,Indeks Pembangunan TIK,6.6,poin 0–10,,,,,id_34_papua_aggregated_2023_2024,bps_iptik_province_2023_2024
ID-0002093,51,Bali,provinsi,2023,Pembangunan TIK,skills_proxy_subindex,Subindeks proksi keahlian TIK,6.55,poin 0–10,,,,,id_34_papua_aggregated_2023_2024,bps_iptik_province_2023_2024
ID-0002094,51,Bali,provinsi,2023,Pembangunan TIK,use_subindex,Subindeks penggunaan TIK,6.28,poin 0–10,,,,,id_34_papua_aggregated_2023_2024,bps_iptik_province_2023_2024
ID-0002095,51,Bali,provinsi,2024,Akses internet,internet_access_pct,Akses internet penduduk usia 5 tahun ke atas,66.39,% penduduk dalam kelompok,area,rural,,,id_38_2024,bps_internet_access_history_province_2017_2024
ID-0002096,51,Bali,provinsi,2024,Akses internet,internet_access_pct,Akses internet penduduk usia 5 tahun ke atas,77.56,% penduduk dalam kelompok,area,total,,,id_38_2024,bps_internet_access_history_province_2017_2024
ID-0002097,51,Bali,provinsi,2024,Akses internet,internet_access_pct,Akses internet penduduk usia 5 tahun ke atas,81.73,% penduduk dalam kelompok,area,urban,,,id_38_2024,bps_internet_access_history_province_2017_2024
ID-0002098,51,Bali,provinsi,2024,Akses rumah tangga,household_internet_pct,Rumah tangga dengan akses internet,85.25,% rumah tangga dalam klasifikasi daerah,area,rural,,,id_38_2024,bps_household_internet
ID-0002099,51,Bali,provinsi,2024,Akses rumah tangga,household_internet_pct,Rumah tangga dengan akses internet,92.16,% rumah tangga dalam klasifikasi daerah,area,total,,,id_38_2024,bps_household_internet
ID-0002100,51,Bali,provinsi,2024,Akses rumah tangga,household_internet_pct,Rumah tangga dengan akses internet,94.74,% rumah tangga dalam klasifikasi daerah,area,urban,,,id_38_2024,bps_household_internet
ID-0002101,51,Bali,provinsi,2024,Kesenjangan gender,internet_access_pct,Akses internet penduduk usia 5 tahun ke atas menurut gender,72.15,% penduduk dalam kelompok,sex,female,,,id_38_2024,bps_internet_gender_history_province_2018_2024
ID-0002102,51,Bali,provinsi,2024,Kesenjangan gender,internet_access_pct,Akses internet penduduk usia 5 tahun ke atas menurut gender,82.92,% penduduk dalam kelompok,sex,male,,,id_38_2024,bps_internet_gender_history_province_2018_2024
ID-0002103,51,Bali,provinsi,2024,Komponen pembangunan TIK,fixed_broadband_norm,"Broadband tetap per 100 penduduk, ternormalisasi",1.95,poin 0–10,,,,,id_34_papua_aggregated_2023_2024,bps_iptik_normalized_components_province_2023_2024
ID-0002104,51,Bali,provinsi,2024,Komponen pembangunan TIK,fixed_telephone_norm,"Telepon tetap per 100 penduduk, ternormalisasi",5.74,poin 0–10,,,,,id_34_papua_aggregated_2023_2024,bps_iptik_normalized_components_province_2023_2024
ID-0002105,51,Bali,provinsi,2024,Komponen pembangunan TIK,household_computer_norm,"Rumah tangga dengan komputer, ternormalisasi",2.66,poin 0–10,,,,,id_34_papua_aggregated_2023_2024,bps_iptik_normalized_components_province_2023_2024
ID-0002106,51,Bali,provinsi,2024,Komponen pembangunan TIK,household_internet_norm,"Rumah tangga dengan internet, ternormalisasi",9.22,poin 0–10,,,,,id_34_papua_aggregated_2023_2024,bps_iptik_normalized_components_province_2023_2024
ID-0002107,51,Bali,provinsi,2024,Komponen pembangunan TIK,individual_internet_norm,"Individu pengguna internet, ternormalisasi",7.76,poin 0–10,,,,,id_34_papua_aggregated_2023_2024,bps_iptik_normalized_components_province_2023_2024
ID-0002108,51,Bali,provinsi,2024,Komponen pembangunan TIK,international_bandwidth_norm,"Bandwidth internet internasional per pengguna, ternormalisasi",8.37,poin 0–10,,,,,id_34_papua_aggregated_2023_2024,bps_iptik_normalized_components_province_2023_2024
ID-0002109,51,Bali,provinsi,2024,Komponen pembangunan TIK,mean_years_school_norm,"Rata-rata lama sekolah, ternormalisasi",6.58,poin 0–10,,,,,id_34_papua_aggregated_2023_2024,bps_iptik_normalized_components_province_2023_2024
ID-0002110,51,Bali,provinsi,2024,Komponen pembangunan TIK,mobile_broadband_norm,"Broadband seluler per 100 penduduk, ternormalisasi",10,poin 0–10,,,,,id_34_papua_aggregated_2023_2024,bps_iptik_normalized_components_province_2023_2024
ID-0002111,51,Bali,provinsi,2024,Komponen pembangunan TIK,mobile_cellular_norm,"Telepon seluler per 100 penduduk, ternormalisasi",10,poin 0–10,,,,,id_34_papua_aggregated_2023_2024,bps_iptik_normalized_components_province_2023_2024
ID-0002112,51,Bali,provinsi,2024,Komponen pembangunan TIK,secondary_enrolment_norm,"Partisipasi pendidikan sekunder, ternormalisasi",9.47,poin 0–10,,,,,id_34_papua_aggregated_2023_2024,bps_iptik_normalized_components_province_2023_2024
ID-0002113,51,Bali,provinsi,2024,Komponen pembangunan TIK,tertiary_enrolment_norm,"Partisipasi pendidikan tinggi, ternormalisasi",3.67,poin 0–10,,,,,id_34_papua_aggregated_2023_2024,bps_iptik_normalized_components_province_2023_2024
ID-0002114,51,Bali,provinsi,2024,Pemanfaatan internet,percentage_users,Tujuan penggunaan internet,16.93,% pengguna internet,area,rural,category,buy_goods_services,id_38_2024,bps_internet_purpose
ID-0002115,51,Bali,provinsi,2024,Pemanfaatan internet,percentage_users,Tujuan penggunaan internet,10.42,% pengguna internet,area,rural,category,digital_content_creation,id_38_2024,bps_internet_purpose
ID-0002116,51,Bali,provinsi,2024,Pemanfaatan internet,percentage_users,Tujuan penggunaan internet,11.97,% pengguna internet,area,rural,category,email,id_38_2024,bps_internet_purpose
ID-0002117,51,Bali,provinsi,2024,Pemanfaatan internet,percentage_users,Tujuan penggunaan internet,92.46,% pengguna internet,area,rural,category,entertainment,id_38_2024,bps_internet_purpose
ID-0002118,51,Bali,provinsi,2024,Pemanfaatan internet,percentage_users,Tujuan penggunaan internet,6.26,% pengguna internet,area,rural,category,financial_services,id_38_2024,bps_internet_purpose
ID-0002119,51,Bali,provinsi,2024,Pemanfaatan internet,percentage_users,Tujuan penggunaan internet,27.57,% pengguna internet,area,rural,category,goods_services_information,id_38_2024,bps_internet_purpose
ID-0002120,51,Bali,provinsi,2024,Pemanfaatan internet,percentage_users,Tujuan penggunaan internet,83.63,% pengguna internet,area,rural,category,news_information,id_38_2024,bps_internet_purpose
ID-0002121,51,Bali,provinsi,2024,Pemanfaatan internet,percentage_users,Tujuan penggunaan internet,11.95,% pengguna internet,area,rural,category,online_learning,id_38_2024,bps_internet_purpose
ID-0002122,51,Bali,provinsi,2024,Pemanfaatan internet,percentage_users,Tujuan penggunaan internet,0.06,% pengguna internet,area,rural,category,other,id_38_2024,bps_internet_purpose
ID-0002123,51,Bali,provinsi,2024,Pemanfaatan internet,percentage_users,Tujuan penggunaan internet,4.93,% pengguna internet,area,rural,category,sell_goods_services,id_38_2024,bps_internet_purpose
ID-0002124,51,Bali,provinsi,2024,Pemanfaatan internet,percentage_users,Tujuan penggunaan internet,81.7,% pengguna internet,area,rural,category,social_media,id_38_2024,bps_internet_purpose
ID-0002125,51,Bali,provinsi,2024,Pemanfaatan internet,percentage_users,Tujuan penggunaan internet,0.73,% pengguna internet,area,rural,category,work_from_home,id_38_2024,bps_internet_purpose
ID-0002126,51,Bali,provinsi,2024,Pemanfaatan internet,percentage_users,Tujuan penggunaan internet,23.81,% pengguna internet,area,total,category,buy_goods_services,id_38_2024,bps_internet_purpose
ID-0002127,51,Bali,provinsi,2024,Pemanfaatan internet,percentage_users,Tujuan penggunaan internet,11.86,% pengguna internet,area,total,category,digital_content_creation,id_38_2024,bps_internet_purpose
ID-0002128,51,Bali,provinsi,2024,Pemanfaatan internet,percentage_users,Tujuan penggunaan internet,15.56,% pengguna internet,area,total,category,email,id_38_2024,bps_internet_purpose
ID-0002129,51,Bali,provinsi,2024,Pemanfaatan internet,percentage_users,Tujuan penggunaan internet,90.22,% pengguna internet,area,total,category,entertainment,id_38_2024,bps_internet_purpose
ID-0002130,51,Bali,provinsi,2024,Pemanfaatan internet,percentage_users,Tujuan penggunaan internet,16.88,% pengguna internet,area,total,category,financial_services,id_38_2024,bps_internet_purpose
ID-0002131,51,Bali,provinsi,2024,Pemanfaatan internet,percentage_users,Tujuan penggunaan internet,34.12,% pengguna internet,area,total,category,goods_services_information,id_38_2024,bps_internet_purpose
ID-0002132,51,Bali,provinsi,2024,Pemanfaatan internet,percentage_users,Tujuan penggunaan internet,85.78,% pengguna internet,area,total,category,news_information,id_38_2024,bps_internet_purpose
ID-0002133,51,Bali,provinsi,2024,Pemanfaatan internet,percentage_users,Tujuan penggunaan internet,10.61,% pengguna internet,area,total,category,online_learning,id_38_2024,bps_internet_purpose
ID-0002134,51,Bali,provinsi,2024,Pemanfaatan internet,percentage_users,Tujuan penggunaan internet,0.11,% pengguna internet,area,total,category,other,id_38_2024,bps_internet_purpose
ID-0002135,51,Bali,provinsi,2024,Pemanfaatan internet,percentage_users,Tujuan penggunaan internet,6.87,% pengguna internet,area,total,category,sell_goods_services,id_38_2024,bps_internet_purpose
ID-0002136,51,Bali,provinsi,2024,Pemanfaatan internet,percentage_users,Tujuan penggunaan internet,84.87,% pengguna internet,area,total,category,social_media,id_38_2024,bps_internet_purpose
ID-0002137,51,Bali,provinsi,2024,Pemanfaatan internet,percentage_users,Tujuan penggunaan internet,1.51,% pengguna internet,area,total,category,work_from_home,id_38_2024,bps_internet_purpose
ID-0002138,51,Bali,provinsi,2024,Pemanfaatan internet,percentage_users,Tujuan penggunaan internet,25.9,% pengguna internet,area,urban,category,buy_goods_services,id_38_2024,bps_internet_purpose
ID-0002139,51,Bali,provinsi,2024,Pemanfaatan internet,percentage_users,Tujuan penggunaan internet,12.3,% pengguna internet,area,urban,category,digital_content_creation,id_38_2024,bps_internet_purpose
ID-0002140,51,Bali,provinsi,2024,Pemanfaatan internet,percentage_users,Tujuan penggunaan internet,16.65,% pengguna internet,area,urban,category,email,id_38_2024,bps_internet_purpose
ID-0002141,51,Bali,provinsi,2024,Pemanfaatan internet,percentage_users,Tujuan penggunaan internet,89.54,% pengguna internet,area,urban,category,entertainment,id_38_2024,bps_internet_purpose
ID-0002142,51,Bali,provinsi,2024,Pemanfaatan internet,percentage_users,Tujuan penggunaan internet,20.1,% pengguna internet,area,urban,category,financial_services,id_38_2024,bps_internet_purpose
ID-0002143,51,Bali,provinsi,2024,Pemanfaatan internet,percentage_users,Tujuan penggunaan internet,36.11,% pengguna internet,area,urban,category,goods_services_information,id_38_2024,bps_internet_purpose
ID-0002144,51,Bali,provinsi,2024,Pemanfaatan internet,percentage_users,Tujuan penggunaan internet,86.43,% pengguna internet,area,urban,category,news_information,id_38_2024,bps_internet_purpose
ID-0002145,51,Bali,provinsi,2024,Pemanfaatan internet,percentage_users,Tujuan penggunaan internet,10.21,% pengguna internet,area,urban,category,online_learning,id_38_2024,bps_internet_purpose
ID-0002146,51,Bali,provinsi,2024,Pemanfaatan internet,percentage_users,Tujuan penggunaan internet,0.13,% pengguna internet,area,urban,category,other,id_38_2024,bps_internet_purpose
ID-0002147,51,Bali,provinsi,2024,Pemanfaatan internet,percentage_users,Tujuan penggunaan internet,7.45,% pengguna internet,area,urban,category,sell_goods_services,id_38_2024,bps_internet_purpose
ID-0002148,51,Bali,provinsi,2024,Pemanfaatan internet,percentage_users,Tujuan penggunaan internet,85.83,% pengguna internet,area,urban,category,social_media,id_38_2024,bps_internet_purpose
ID-0002149,51,Bali,provinsi,2024,Pemanfaatan internet,percentage_users,Tujuan penggunaan internet,1.74,% pengguna internet,area,urban,category,work_from_home,id_38_2024,bps_internet_purpose
ID-0002150,51,Bali,provinsi,2024,Pembangunan TIK,access_infrastructure_subindex,Subindeks akses dan infrastruktur TIK,7.2,poin 0–10,,,,,id_34_papua_aggregated_2023_2024,bps_iptik_province_2023_2024
ID-0002151,51,Bali,provinsi,2024,Pembangunan TIK,ict_development_index,Indeks Pembangunan TIK,6.82,poin 0–10,,,,,id_34_papua_aggregated_2023_2024,bps_iptik_province_2023_2024
ID-0002152,51,Bali,provinsi,2024,Pembangunan TIK,skills_proxy_subindex,Subindeks proksi keahlian TIK,6.57,poin 0–10,,,,,id_34_papua_aggregated_2023_2024,bps_iptik_province_2023_2024
ID-0002153,51,Bali,provinsi,2024,Pembangunan TIK,use_subindex,Subindeks penggunaan TIK,6.57,poin 0–10,,,,,id_34_papua_aggregated_2023_2024,bps_iptik_province_2023_2024
ID-0002154,51,Bali,provinsi,2024,Perangkat akses,percentage_users,Perangkat yang digunakan untuk mengakses internet,2.22,% pengguna internet,area,rural,category,desktop,id_38_2024,bps_access_device
ID-0002155,51,Bali,provinsi,2024,Perangkat akses,percentage_users,Perangkat yang digunakan untuk mengakses internet,6.14,% pengguna internet,area,rural,category,laptop_tablet,id_38_2024,bps_access_device
ID-0002156,51,Bali,provinsi,2024,Perangkat akses,percentage_users,Perangkat yang digunakan untuk mengakses internet,99.62,% pengguna internet,area,rural,category,mobile,id_38_2024,bps_access_device
ID-0002157,51,Bali,provinsi,2024,Perangkat akses,percentage_users,Perangkat yang digunakan untuk mengakses internet,3.91,% pengguna internet,area,total,category,desktop,id_38_2024,bps_access_device
ID-0002158,51,Bali,provinsi,2024,Perangkat akses,percentage_users,Perangkat yang digunakan untuk mengakses internet,15.18,% pengguna internet,area,total,category,laptop_tablet,id_38_2024,bps_access_device
ID-0002159,51,Bali,provinsi,2024,Perangkat akses,percentage_users,Perangkat yang digunakan untuk mengakses internet,99.24,% pengguna internet,area,total,category,mobile,id_38_2024,bps_access_device
ID-0002160,51,Bali,provinsi,2024,Perangkat akses,percentage_users,Perangkat yang digunakan untuk mengakses internet,4.42,% pengguna internet,area,urban,category,desktop,id_38_2024,bps_access_device
ID-0002161,51,Bali,provinsi,2024,Perangkat akses,percentage_users,Perangkat yang digunakan untuk mengakses internet,17.92,% pengguna internet,area,urban,category,laptop_tablet,id_38_2024,bps_access_device
ID-0002162,51,Bali,provinsi,2024,Perangkat akses,percentage_users,Perangkat yang digunakan untuk mengakses internet,99.12,% pengguna internet,area,urban,category,mobile,id_38_2024,bps_access_device
ID-0002163,52,Nusa Tenggara Barat,provinsi,2017,Akses internet,internet_access_pct,Akses internet penduduk usia 5 tahun ke atas,17.08,% penduduk dalam kelompok,area,rural,,,id_34_pre_split,bps_internet_access_history_province_2017_2024
ID-0002164,52,Nusa Tenggara Barat,provinsi,2017,Akses internet,internet_access_pct,Akses internet penduduk usia 5 tahun ke atas,22.64,% penduduk dalam kelompok,area,total,,,id_34_pre_split,bps_internet_access_history_province_2017_2024
ID-0002165,52,Nusa Tenggara Barat,provinsi,2017,Akses internet,internet_access_pct,Akses internet penduduk usia 5 tahun ke atas,29.49,% penduduk dalam kelompok,area,urban,,,id_34_pre_split,bps_internet_access_history_province_2017_2024
ID-0002166,52,Nusa Tenggara Barat,provinsi,2018,Akses internet,internet_access_pct,Akses internet penduduk usia 5 tahun ke atas,21.71,% penduduk dalam kelompok,area,rural,,,id_34_pre_split,bps_internet_access_history_province_2017_2024
ID-0002167,52,Nusa Tenggara Barat,provinsi,2018,Akses internet,internet_access_pct,Akses internet penduduk usia 5 tahun ke atas,28.31,% penduduk dalam kelompok,area,total,,,id_34_pre_split,bps_internet_access_history_province_2017_2024
ID-0002168,52,Nusa Tenggara Barat,provinsi,2018,Akses internet,internet_access_pct,Akses internet penduduk usia 5 tahun ke atas,35.87,% penduduk dalam kelompok,area,urban,,,id_34_pre_split,bps_internet_access_history_province_2017_2024
ID-0002169,52,Nusa Tenggara Barat,provinsi,2018,Kesenjangan gender,internet_access_pct,Akses internet penduduk usia 5 tahun ke atas menurut gender,25.26,% penduduk dalam kelompok,sex,female,,,id_34_pre_split,bps_internet_gender_history_province_2018_2024
ID-0002170,52,Nusa Tenggara Barat,provinsi,2018,Kesenjangan gender,internet_access_pct,Akses internet penduduk usia 5 tahun ke atas menurut gender,31.57,% penduduk dalam kelompok,sex,male,,,id_34_pre_split,bps_internet_gender_history_province_2018_2024
ID-0002171,52,Nusa Tenggara Barat,provinsi,2019,Akses internet,internet_access_pct,Akses internet penduduk usia 5 tahun ke atas,30.55,% penduduk dalam kelompok,area,rural,,,id_34_pre_split,bps_internet_access_history_province_2017_2024
ID-0002172,52,Nusa Tenggara Barat,provinsi,2019,Akses internet,internet_access_pct,Akses internet penduduk usia 5 tahun ke atas,39.16,% penduduk dalam kelompok,area,total,,,id_34_pre_split,bps_internet_access_history_province_2017_2024
ID-0002173,52,Nusa Tenggara Barat,provinsi,2019,Akses internet,internet_access_pct,Akses internet penduduk usia 5 tahun ke atas,48.32,% penduduk dalam kelompok,area,urban,,,id_34_pre_split,bps_internet_access_history_province_2017_2024
ID-0002174,52,Nusa Tenggara Barat,provinsi,2019,Kesenjangan gender,internet_access_pct,Akses internet penduduk usia 5 tahun ke atas menurut gender,35.4,% penduduk dalam kelompok,sex,female,,,id_34_pre_split,bps_internet_gender_history_province_2018_2024
ID-0002175,52,Nusa Tenggara Barat,provinsi,2019,Kesenjangan gender,internet_access_pct,Akses internet penduduk usia 5 tahun ke atas menurut gender,43.17,% penduduk dalam kelompok,sex,male,,,id_34_pre_split,bps_internet_gender_history_province_2018_2024
ID-0002176,52,Nusa Tenggara Barat,provinsi,2020,Akses internet,internet_access_pct,Akses internet penduduk usia 5 tahun ke atas,36.57,% penduduk dalam kelompok,area,rural,,,id_34_pre_split,bps_internet_access_history_province_2017_2024
ID-0002177,52,Nusa Tenggara Barat,provinsi,2020,Akses internet,internet_access_pct,Akses internet penduduk usia 5 tahun ke atas,44.28,% penduduk dalam kelompok,area,total,,,id_34_pre_split,bps_internet_access_history_province_2017_2024
ID-0002178,52,Nusa Tenggara Barat,provinsi,2020,Akses internet,internet_access_pct,Akses internet penduduk usia 5 tahun ke atas,52.46,% penduduk dalam kelompok,area,urban,,,id_34_pre_split,bps_internet_access_history_province_2017_2024
ID-0002179,52,Nusa Tenggara Barat,provinsi,2020,Kesenjangan gender,internet_access_pct,Akses internet penduduk usia 5 tahun ke atas menurut gender,40.56,% penduduk dalam kelompok,sex,female,,,id_34_pre_split,bps_internet_gender_history_province_2018_2024
ID-0002180,52,Nusa Tenggara Barat,provinsi,2020,Kesenjangan gender,internet_access_pct,Akses internet penduduk usia 5 tahun ke atas menurut gender,48.26,% penduduk dalam kelompok,sex,male,,,id_34_pre_split,bps_internet_gender_history_province_2018_2024
ID-0002181,52,Nusa Tenggara Barat,provinsi,2021,Akses internet,internet_access_pct,Akses internet penduduk usia 5 tahun ke atas,44.68,% penduduk dalam kelompok,area,rural,,,id_34_pre_split,bps_internet_access_history_province_2017_2024
ID-0002182,52,Nusa Tenggara Barat,provinsi,2021,Akses internet,internet_access_pct,Akses internet penduduk usia 5 tahun ke atas,52.96,% penduduk dalam kelompok,area,total,,,id_34_pre_split,bps_internet_access_history_province_2017_2024
ID-0002183,52,Nusa Tenggara Barat,provinsi,2021,Akses internet,internet_access_pct,Akses internet penduduk usia 5 tahun ke atas,61.28,% penduduk dalam kelompok,area,urban,,,id_34_pre_split,bps_internet_access_history_province_2017_2024
ID-0002184,52,Nusa Tenggara Barat,provinsi,2021,Akses rumah tangga,household_internet_pct,Rumah tangga dengan akses internet,67.93,% rumah tangga dalam klasifikasi daerah,area,rural,,,id_34_pre_split,bps_household_internet
ID-0002185,52,Nusa Tenggara Barat,provinsi,2021,Akses rumah tangga,household_internet_pct,Rumah tangga dengan akses internet,73.61,% rumah tangga dalam klasifikasi daerah,area,total,,,id_34_pre_split,bps_household_internet
ID-0002186,52,Nusa Tenggara Barat,provinsi,2021,Akses rumah tangga,household_internet_pct,Rumah tangga dengan akses internet,79.53,% rumah tangga dalam klasifikasi daerah,area,urban,,,id_34_pre_split,bps_household_internet
ID-0002187,52,Nusa Tenggara Barat,provinsi,2021,Kesenjangan gender,internet_access_pct,Akses internet penduduk usia 5 tahun ke atas menurut gender,49.24,% penduduk dalam kelompok,sex,female,,,id_34_pre_split,bps_internet_gender_history_province_2018_2024
ID-0002188,52,Nusa Tenggara Barat,provinsi,2021,Kesenjangan gender,internet_access_pct,Akses internet penduduk usia 5 tahun ke atas menurut gender,56.83,% penduduk dalam kelompok,sex,male,,,id_34_pre_split,bps_internet_gender_history_province_2018_2024
ID-0002189,52,Nusa Tenggara Barat,provinsi,2021,Literasi digital,digital_literacy_index,Indeks Literasi Digital Kominfo,3.45,poin 1–5,,,,,id_34_pre_split,kominfo_digital_literacy_province_2021
ID-0002190,52,Nusa Tenggara Barat,provinsi,2022,Akses internet,internet_access_pct,Akses internet penduduk usia 5 tahun ke atas,53.84,% penduduk dalam kelompok,area,rural,,,id_34_pre_split,bps_internet_access_history_province_2017_2024
ID-0002191,52,Nusa Tenggara Barat,provinsi,2022,Akses internet,internet_access_pct,Akses internet penduduk usia 5 tahun ke atas,59.39,% penduduk dalam kelompok,area,total,,,id_34_pre_split,bps_internet_access_history_province_2017_2024
ID-0002192,52,Nusa Tenggara Barat,provinsi,2022,Akses internet,internet_access_pct,Akses internet penduduk usia 5 tahun ke atas,65.01,% penduduk dalam kelompok,area,urban,,,id_34_pre_split,bps_internet_access_history_province_2017_2024
ID-0002193,52,Nusa Tenggara Barat,provinsi,2022,Akses rumah tangga,household_internet_pct,Rumah tangga dengan akses internet,75.04,% rumah tangga dalam klasifikasi daerah,area,rural,,,id_34_pre_split,bps_household_internet
ID-0002194,52,Nusa Tenggara Barat,provinsi,2022,Akses rumah tangga,household_internet_pct,Rumah tangga dengan akses internet,79.77,% rumah tangga dalam klasifikasi daerah,area,total,,,id_34_pre_split,bps_household_internet
ID-0002195,52,Nusa Tenggara Barat,provinsi,2022,Akses rumah tangga,household_internet_pct,Rumah tangga dengan akses internet,84.56,% rumah tangga dalam klasifikasi daerah,area,urban,,,id_34_pre_split,bps_household_internet
ID-0002196,52,Nusa Tenggara Barat,provinsi,2022,Kesenjangan gender,internet_access_pct,Akses internet penduduk usia 5 tahun ke atas menurut gender,56.33,% penduduk dalam kelompok,sex,female,,,id_34_pre_split,bps_internet_gender_history_province_2018_2024
ID-0002197,52,Nusa Tenggara Barat,provinsi,2022,Kesenjangan gender,internet_access_pct,Akses internet penduduk usia 5 tahun ke atas menurut gender,62.44,% penduduk dalam kelompok,sex,male,,,id_34_pre_split,bps_internet_gender_history_province_2018_2024
ID-0002198,52,Nusa Tenggara Barat,provinsi,2023,Akses internet,internet_access_pct,Akses internet penduduk usia 5 tahun ke atas,57.03,% penduduk dalam kelompok,area,rural,,,id_34_pre_split,bps_internet_access_history_province_2017_2024
ID-0002199,52,Nusa Tenggara Barat,provinsi,2023,Akses internet,internet_access_pct,Akses internet penduduk usia 5 tahun ke atas,63.2,% penduduk dalam kelompok,area,total,,,id_34_pre_split,bps_internet_access_history_province_2017_2024
ID-0002200,52,Nusa Tenggara Barat,provinsi,2023,Akses internet,internet_access_pct,Akses internet penduduk usia 5 tahun ke atas,69.01,% penduduk dalam kelompok,area,urban,,,id_34_pre_split,bps_internet_access_history_province_2017_2024
ID-0002201,52,Nusa Tenggara Barat,provinsi,2023,Akses rumah tangga,household_internet_pct,Rumah tangga dengan akses internet,79.31,% rumah tangga dalam klasifikasi daerah,area,rural,,,id_34_pre_split,bps_household_internet
ID-0002202,52,Nusa Tenggara Barat,provinsi,2023,Akses rumah tangga,household_internet_pct,Rumah tangga dengan akses internet,81.79,% rumah tangga dalam klasifikasi daerah,area,total,,,id_34_pre_split,bps_household_internet
ID-0002203,52,Nusa Tenggara Barat,provinsi,2023,Akses rumah tangga,household_internet_pct,Rumah tangga dengan akses internet,84.08,% rumah tangga dalam klasifikasi daerah,area,urban,,,id_34_pre_split,bps_household_internet
ID-0002204,52,Nusa Tenggara Barat,provinsi,2023,Kesenjangan gender,internet_access_pct,Akses internet penduduk usia 5 tahun ke atas menurut gender,59.71,% penduduk dalam kelompok,sex,female,,,id_34_pre_split,bps_internet_gender_history_province_2018_2024
ID-0002205,52,Nusa Tenggara Barat,provinsi,2023,Kesenjangan gender,internet_access_pct,Akses internet penduduk usia 5 tahun ke atas menurut gender,66.81,% penduduk dalam kelompok,sex,male,,,id_34_pre_split,bps_internet_gender_history_province_2018_2024
ID-0002206,52,Nusa Tenggara Barat,provinsi,2023,Komponen pembangunan TIK,fixed_broadband_norm,"Broadband tetap per 100 penduduk, ternormalisasi",0.3,poin 0–10,,,,,id_34_papua_aggregated_2023_2024,bps_iptik_normalized_components_province_2023_2024
ID-0002207,52,Nusa Tenggara Barat,provinsi,2023,Komponen pembangunan TIK,fixed_telephone_norm,"Telepon tetap per 100 penduduk, ternormalisasi",1.52,poin 0–10,,,,,id_34_papua_aggregated_2023_2024,bps_iptik_normalized_components_province_2023_2024
ID-0002208,52,Nusa Tenggara Barat,provinsi,2023,Komponen pembangunan TIK,household_computer_norm,"Rumah tangga dengan komputer, ternormalisasi",1.11,poin 0–10,,,,,id_34_papua_aggregated_2023_2024,bps_iptik_normalized_components_province_2023_2024
ID-0002209,52,Nusa Tenggara Barat,provinsi,2023,Komponen pembangunan TIK,household_internet_norm,"Rumah tangga dengan internet, ternormalisasi",8.18,poin 0–10,,,,,id_34_papua_aggregated_2023_2024,bps_iptik_normalized_components_province_2023_2024
ID-0002210,52,Nusa Tenggara Barat,provinsi,2023,Komponen pembangunan TIK,individual_internet_norm,"Individu pengguna internet, ternormalisasi",6.32,poin 0–10,,,,,id_34_papua_aggregated_2023_2024,bps_iptik_normalized_components_province_2023_2024
ID-0002211,52,Nusa Tenggara Barat,provinsi,2023,Komponen pembangunan TIK,international_bandwidth_norm,"Bandwidth internet internasional per pengguna, ternormalisasi",8.07,poin 0–10,,,,,id_34_papua_aggregated_2023_2024,bps_iptik_normalized_components_province_2023_2024
ID-0002212,52,Nusa Tenggara Barat,provinsi,2023,Komponen pembangunan TIK,mean_years_school_norm,"Rata-rata lama sekolah, ternormalisasi",5.59,poin 0–10,,,,,id_34_papua_aggregated_2023_2024,bps_iptik_normalized_components_province_2023_2024
ID-0002213,52,Nusa Tenggara Barat,provinsi,2023,Komponen pembangunan TIK,mobile_broadband_norm,"Broadband seluler per 100 penduduk, ternormalisasi",10,poin 0–10,,,,,id_34_papua_aggregated_2023_2024,bps_iptik_normalized_components_province_2023_2024
ID-0002214,52,Nusa Tenggara Barat,provinsi,2023,Komponen pembangunan TIK,mobile_cellular_norm,"Telepon seluler per 100 penduduk, ternormalisasi",10,poin 0–10,,,,,id_34_papua_aggregated_2023_2024,bps_iptik_normalized_components_province_2023_2024
ID-0002215,52,Nusa Tenggara Barat,provinsi,2023,Komponen pembangunan TIK,secondary_enrolment_norm,"Partisipasi pendidikan sekunder, ternormalisasi",9.33,poin 0–10,,,,,id_34_papua_aggregated_2023_2024,bps_iptik_normalized_components_province_2023_2024
ID-0002216,52,Nusa Tenggara Barat,provinsi,2023,Komponen pembangunan TIK,tertiary_enrolment_norm,"Partisipasi pendidikan tinggi, ternormalisasi",3.28,poin 0–10,,,,,id_34_papua_aggregated_2023_2024,bps_iptik_normalized_components_province_2023_2024
ID-0002217,52,Nusa Tenggara Barat,provinsi,2023,Pembangunan TIK,access_infrastructure_subindex,Subindeks akses dan infrastruktur TIK,5.78,poin 0–10,,,,,id_34_papua_aggregated_2023_2024,bps_iptik_province_2023_2024
ID-0002218,52,Nusa Tenggara Barat,provinsi,2023,Pembangunan TIK,ict_development_index,Indeks Pembangunan TIK,5.74,poin 0–10,,,,,id_34_papua_aggregated_2023_2024,bps_iptik_province_2023_2024
ID-0002219,52,Nusa Tenggara Barat,provinsi,2023,Pembangunan TIK,skills_proxy_subindex,Subindeks proksi keahlian TIK,6.07,poin 0–10,,,,,id_34_papua_aggregated_2023_2024,bps_iptik_province_2023_2024
ID-0002220,52,Nusa Tenggara Barat,provinsi,2023,Pembangunan TIK,use_subindex,Subindeks penggunaan TIK,5.54,poin 0–10,,,,,id_34_papua_aggregated_2023_2024,bps_iptik_province_2023_2024
ID-0002221,52,Nusa Tenggara Barat,provinsi,2024,Akses internet,internet_access_pct,Akses internet penduduk usia 5 tahun ke atas,63.76,% penduduk dalam kelompok,area,rural,,,id_38_2024,bps_internet_access_history_province_2017_2024
ID-0002222,52,Nusa Tenggara Barat,provinsi,2024,Akses internet,internet_access_pct,Akses internet penduduk usia 5 tahun ke atas,68.52,% penduduk dalam kelompok,area,total,,,id_38_2024,bps_internet_access_history_province_2017_2024
ID-0002223,52,Nusa Tenggara Barat,provinsi,2024,Akses internet,internet_access_pct,Akses internet penduduk usia 5 tahun ke atas,72.88,% penduduk dalam kelompok,area,urban,,,id_38_2024,bps_internet_access_history_province_2017_2024
ID-0002224,52,Nusa Tenggara Barat,provinsi,2024,Akses rumah tangga,household_internet_pct,Rumah tangga dengan akses internet,83.74,% rumah tangga dalam klasifikasi daerah,area,rural,,,id_38_2024,bps_household_internet
ID-0002225,52,Nusa Tenggara Barat,provinsi,2024,Akses rumah tangga,household_internet_pct,Rumah tangga dengan akses internet,86.54,% rumah tangga dalam klasifikasi daerah,area,total,,,id_38_2024,bps_household_internet
ID-0002226,52,Nusa Tenggara Barat,provinsi,2024,Akses rumah tangga,household_internet_pct,Rumah tangga dengan akses internet,89.12,% rumah tangga dalam klasifikasi daerah,area,urban,,,id_38_2024,bps_household_internet
ID-0002227,52,Nusa Tenggara Barat,provinsi,2024,Kesenjangan gender,internet_access_pct,Akses internet penduduk usia 5 tahun ke atas menurut gender,64.38,% penduduk dalam kelompok,sex,female,,,id_38_2024,bps_internet_gender_history_province_2018_2024
ID-0002228,52,Nusa Tenggara Barat,provinsi,2024,Kesenjangan gender,internet_access_pct,Akses internet penduduk usia 5 tahun ke atas menurut gender,72.77,% penduduk dalam kelompok,sex,male,,,id_38_2024,bps_internet_gender_history_province_2018_2024
ID-0002229,52,Nusa Tenggara Barat,provinsi,2024,Komponen pembangunan TIK,fixed_broadband_norm,"Broadband tetap per 100 penduduk, ternormalisasi",0.36,poin 0–10,,,,,id_34_papua_aggregated_2023_2024,bps_iptik_normalized_components_province_2023_2024
ID-0002230,52,Nusa Tenggara Barat,provinsi,2024,Komponen pembangunan TIK,fixed_telephone_norm,"Telepon tetap per 100 penduduk, ternormalisasi",1.01,poin 0–10,,,,,id_34_papua_aggregated_2023_2024,bps_iptik_normalized_components_province_2023_2024
ID-0002231,52,Nusa Tenggara Barat,provinsi,2024,Komponen pembangunan TIK,household_computer_norm,"Rumah tangga dengan komputer, ternormalisasi",1.17,poin 0–10,,,,,id_34_papua_aggregated_2023_2024,bps_iptik_normalized_components_province_2023_2024
ID-0002232,52,Nusa Tenggara Barat,provinsi,2024,Komponen pembangunan TIK,household_internet_norm,"Rumah tangga dengan internet, ternormalisasi",8.65,poin 0–10,,,,,id_34_papua_aggregated_2023_2024,bps_iptik_normalized_components_province_2023_2024
ID-0002233,52,Nusa Tenggara Barat,provinsi,2024,Komponen pembangunan TIK,individual_internet_norm,"Individu pengguna internet, ternormalisasi",6.85,poin 0–10,,,,,id_34_papua_aggregated_2023_2024,bps_iptik_normalized_components_province_2023_2024
ID-0002234,52,Nusa Tenggara Barat,provinsi,2024,Komponen pembangunan TIK,international_bandwidth_norm,"Bandwidth internet internasional per pengguna, ternormalisasi",8.49,poin 0–10,,,,,id_34_papua_aggregated_2023_2024,bps_iptik_normalized_components_province_2023_2024
ID-0002235,52,Nusa Tenggara Barat,provinsi,2024,Komponen pembangunan TIK,mean_years_school_norm,"Rata-rata lama sekolah, ternormalisasi",5.67,poin 0–10,,,,,id_34_papua_aggregated_2023_2024,bps_iptik_normalized_components_province_2023_2024
ID-0002236,52,Nusa Tenggara Barat,provinsi,2024,Komponen pembangunan TIK,mobile_broadband_norm,"Broadband seluler per 100 penduduk, ternormalisasi",10,poin 0–10,,,,,id_34_papua_aggregated_2023_2024,bps_iptik_normalized_components_province_2023_2024
ID-0002237,52,Nusa Tenggara Barat,provinsi,2024,Komponen pembangunan TIK,mobile_cellular_norm,"Telepon seluler per 100 penduduk, ternormalisasi",10,poin 0–10,,,,,id_34_papua_aggregated_2023_2024,bps_iptik_normalized_components_province_2023_2024
ID-0002238,52,Nusa Tenggara Barat,provinsi,2024,Komponen pembangunan TIK,secondary_enrolment_norm,"Partisipasi pendidikan sekunder, ternormalisasi",9.41,poin 0–10,,,,,id_34_papua_aggregated_2023_2024,bps_iptik_normalized_components_province_2023_2024
ID-0002239,52,Nusa Tenggara Barat,provinsi,2024,Komponen pembangunan TIK,tertiary_enrolment_norm,"Partisipasi pendidikan tinggi, ternormalisasi",3.45,poin 0–10,,,,,id_34_papua_aggregated_2023_2024,bps_iptik_normalized_components_province_2023_2024
ID-0002240,52,Nusa Tenggara Barat,provinsi,2024,Pemanfaatan internet,percentage_users,Tujuan penggunaan internet,13.47,% pengguna internet,area,rural,category,buy_goods_services,id_38_2024,bps_internet_purpose
ID-0002241,52,Nusa Tenggara Barat,provinsi,2024,Pemanfaatan internet,percentage_users,Tujuan penggunaan internet,12.07,% pengguna internet,area,rural,category,digital_content_creation,id_38_2024,bps_internet_purpose
ID-0002242,52,Nusa Tenggara Barat,provinsi,2024,Pemanfaatan internet,percentage_users,Tujuan penggunaan internet,7.46,% pengguna internet,area,rural,category,email,id_38_2024,bps_internet_purpose
ID-0002243,52,Nusa Tenggara Barat,provinsi,2024,Pemanfaatan internet,percentage_users,Tujuan penggunaan internet,89.57,% pengguna internet,area,rural,category,entertainment,id_38_2024,bps_internet_purpose
ID-0002244,52,Nusa Tenggara Barat,provinsi,2024,Pemanfaatan internet,percentage_users,Tujuan penggunaan internet,3.82,% pengguna internet,area,rural,category,financial_services,id_38_2024,bps_internet_purpose
ID-0002245,52,Nusa Tenggara Barat,provinsi,2024,Pemanfaatan internet,percentage_users,Tujuan penggunaan internet,19.72,% pengguna internet,area,rural,category,goods_services_information,id_38_2024,bps_internet_purpose
ID-0002246,52,Nusa Tenggara Barat,provinsi,2024,Pemanfaatan internet,percentage_users,Tujuan penggunaan internet,66.23,% pengguna internet,area,rural,category,news_information,id_38_2024,bps_internet_purpose
ID-0002247,52,Nusa Tenggara Barat,provinsi,2024,Pemanfaatan internet,percentage_users,Tujuan penggunaan internet,8.33,% pengguna internet,area,rural,category,online_learning,id_38_2024,bps_internet_purpose
ID-0002248,52,Nusa Tenggara Barat,provinsi,2024,Pemanfaatan internet,percentage_users,Tujuan penggunaan internet,6.04,% pengguna internet,area,rural,category,other,id_38_2024,bps_internet_purpose
ID-0002249,52,Nusa Tenggara Barat,provinsi,2024,Pemanfaatan internet,percentage_users,Tujuan penggunaan internet,3.55,% pengguna internet,area,rural,category,sell_goods_services,id_38_2024,bps_internet_purpose
ID-0002250,52,Nusa Tenggara Barat,provinsi,2024,Pemanfaatan internet,percentage_users,Tujuan penggunaan internet,67.5,% pengguna internet,area,rural,category,social_media,id_38_2024,bps_internet_purpose
ID-0002251,52,Nusa Tenggara Barat,provinsi,2024,Pemanfaatan internet,percentage_users,Tujuan penggunaan internet,0.99,% pengguna internet,area,rural,category,work_from_home,id_38_2024,bps_internet_purpose
ID-0002252,52,Nusa Tenggara Barat,provinsi,2024,Pemanfaatan internet,percentage_users,Tujuan penggunaan internet,18.09,% pengguna internet,area,total,category,buy_goods_services,id_38_2024,bps_internet_purpose
ID-0002253,52,Nusa Tenggara Barat,provinsi,2024,Pemanfaatan internet,percentage_users,Tujuan penggunaan internet,10.5,% pengguna internet,area,total,category,digital_content_creation,id_38_2024,bps_internet_purpose
ID-0002254,52,Nusa Tenggara Barat,provinsi,2024,Pemanfaatan internet,percentage_users,Tujuan penggunaan internet,9.44,% pengguna internet,area,total,category,email,id_38_2024,bps_internet_purpose
ID-0002255,52,Nusa Tenggara Barat,provinsi,2024,Pemanfaatan internet,percentage_users,Tujuan penggunaan internet,91.87,% pengguna internet,area,total,category,entertainment,id_38_2024,bps_internet_purpose
ID-0002256,52,Nusa Tenggara Barat,provinsi,2024,Pemanfaatan internet,percentage_users,Tujuan penggunaan internet,6.43,% pengguna internet,area,total,category,financial_services,id_38_2024,bps_internet_purpose
ID-0002257,52,Nusa Tenggara Barat,provinsi,2024,Pemanfaatan internet,percentage_users,Tujuan penggunaan internet,22.61,% pengguna internet,area,total,category,goods_services_information,id_38_2024,bps_internet_purpose
ID-0002258,52,Nusa Tenggara Barat,provinsi,2024,Pemanfaatan internet,percentage_users,Tujuan penggunaan internet,68.41,% pengguna internet,area,total,category,news_information,id_38_2024,bps_internet_purpose
ID-0002259,52,Nusa Tenggara Barat,provinsi,2024,Pemanfaatan internet,percentage_users,Tujuan penggunaan internet,9.54,% pengguna internet,area,total,category,online_learning,id_38_2024,bps_internet_purpose
ID-0002260,52,Nusa Tenggara Barat,provinsi,2024,Pemanfaatan internet,percentage_users,Tujuan penggunaan internet,5.44,% pengguna internet,area,total,category,other,id_38_2024,bps_internet_purpose
ID-0002261,52,Nusa Tenggara Barat,provinsi,2024,Pemanfaatan internet,percentage_users,Tujuan penggunaan internet,4.37,% pengguna internet,area,total,category,sell_goods_services,id_38_2024,bps_internet_purpose
ID-0002262,52,Nusa Tenggara Barat,provinsi,2024,Pemanfaatan internet,percentage_users,Tujuan penggunaan internet,70.12,% pengguna internet,area,total,category,social_media,id_38_2024,bps_internet_purpose
ID-0002263,52,Nusa Tenggara Barat,provinsi,2024,Pemanfaatan internet,percentage_users,Tujuan penggunaan internet,1.52,% pengguna internet,area,total,category,work_from_home,id_38_2024,bps_internet_purpose
ID-0002264,52,Nusa Tenggara Barat,provinsi,2024,Pemanfaatan internet,percentage_users,Tujuan penggunaan internet,21.78,% pengguna internet,area,urban,category,buy_goods_services,id_38_2024,bps_internet_purpose
ID-0002265,52,Nusa Tenggara Barat,provinsi,2024,Pemanfaatan internet,percentage_users,Tujuan penggunaan internet,9.24,% pengguna internet,area,urban,category,digital_content_creation,id_38_2024,bps_internet_purpose
ID-0002266,52,Nusa Tenggara Barat,provinsi,2024,Pemanfaatan internet,percentage_users,Tujuan penggunaan internet,11.01,% pengguna internet,area,urban,category,email,id_38_2024,bps_internet_purpose
ID-0002267,52,Nusa Tenggara Barat,provinsi,2024,Pemanfaatan internet,percentage_users,Tujuan penggunaan internet,93.7,% pengguna internet,area,urban,category,entertainment,id_38_2024,bps_internet_purpose
ID-0002268,52,Nusa Tenggara Barat,provinsi,2024,Pemanfaatan internet,percentage_users,Tujuan penggunaan internet,8.51,% pengguna internet,area,urban,category,financial_services,id_38_2024,bps_internet_purpose
ID-0002269,52,Nusa Tenggara Barat,provinsi,2024,Pemanfaatan internet,percentage_users,Tujuan penggunaan internet,24.93,% pengguna internet,area,urban,category,goods_services_information,id_38_2024,bps_internet_purpose
ID-0002270,52,Nusa Tenggara Barat,provinsi,2024,Pemanfaatan internet,percentage_users,Tujuan penggunaan internet,70.14,% pengguna internet,area,urban,category,news_information,id_38_2024,bps_internet_purpose
ID-0002271,52,Nusa Tenggara Barat,provinsi,2024,Pemanfaatan internet,percentage_users,Tujuan penggunaan internet,10.51,% pengguna internet,area,urban,category,online_learning,id_38_2024,bps_internet_purpose
ID-0002272,52,Nusa Tenggara Barat,provinsi,2024,Pemanfaatan internet,percentage_users,Tujuan penggunaan internet,4.97,% pengguna internet,area,urban,category,other,id_38_2024,bps_internet_purpose
ID-0002273,52,Nusa Tenggara Barat,provinsi,2024,Pemanfaatan internet,percentage_users,Tujuan penggunaan internet,5.02,% pengguna internet,area,urban,category,sell_goods_services,id_38_2024,bps_internet_purpose
ID-0002274,52,Nusa Tenggara Barat,provinsi,2024,Pemanfaatan internet,percentage_users,Tujuan penggunaan internet,72.22,% pengguna internet,area,urban,category,social_media,id_38_2024,bps_internet_purpose
ID-0002275,52,Nusa Tenggara Barat,provinsi,2024,Pemanfaatan internet,percentage_users,Tujuan penggunaan internet,1.95,% pengguna internet,area,urban,category,work_from_home,id_38_2024,bps_internet_purpose
ID-0002276,52,Nusa Tenggara Barat,provinsi,2024,Pembangunan TIK,access_infrastructure_subindex,Subindeks akses dan infrastruktur TIK,5.87,poin 0–10,,,,,id_34_papua_aggregated_2023_2024,bps_iptik_province_2023_2024
ID-0002277,52,Nusa Tenggara Barat,provinsi,2024,Pembangunan TIK,ict_development_index,Indeks Pembangunan TIK,5.88,poin 0–10,,,,,id_34_papua_aggregated_2023_2024,bps_iptik_province_2023_2024
ID-0002278,52,Nusa Tenggara Barat,provinsi,2024,Pembangunan TIK,skills_proxy_subindex,Subindeks proksi keahlian TIK,6.17,poin 0–10,,,,,id_34_papua_aggregated_2023_2024,bps_iptik_province_2023_2024
ID-0002279,52,Nusa Tenggara Barat,provinsi,2024,Pembangunan TIK,use_subindex,Subindeks penggunaan TIK,5.74,poin 0–10,,,,,id_34_papua_aggregated_2023_2024,bps_iptik_province_2023_2024
ID-0002280,52,Nusa Tenggara Barat,provinsi,2024,Perangkat akses,percentage_users,Perangkat yang digunakan untuk mengakses internet,0.93,% pengguna internet,area,rural,category,desktop,id_38_2024,bps_access_device
ID-0002281,52,Nusa Tenggara Barat,provinsi,2024,Perangkat akses,percentage_users,Perangkat yang digunakan untuk mengakses internet,5.51,% pengguna internet,area,rural,category,laptop_tablet,id_38_2024,bps_access_device
ID-0002282,52,Nusa Tenggara Barat,provinsi,2024,Perangkat akses,percentage_users,Perangkat yang digunakan untuk mengakses internet,99.66,% pengguna internet,area,rural,category,mobile,id_38_2024,bps_access_device
ID-0002283,52,Nusa Tenggara Barat,provinsi,2024,Perangkat akses,percentage_users,Perangkat yang digunakan untuk mengakses internet,0.02,% pengguna internet,area,rural,category,other,id_38_2024,bps_access_device
ID-0002284,52,Nusa Tenggara Barat,provinsi,2024,Perangkat akses,percentage_users,Perangkat yang digunakan untuk mengakses internet,1.63,% pengguna internet,area,total,category,desktop,id_38_2024,bps_access_device
ID-0002285,52,Nusa Tenggara Barat,provinsi,2024,Perangkat akses,percentage_users,Perangkat yang digunakan untuk mengakses internet,7.9,% pengguna internet,area,total,category,laptop_tablet,id_38_2024,bps_access_device
ID-0002286,52,Nusa Tenggara Barat,provinsi,2024,Perangkat akses,percentage_users,Perangkat yang digunakan untuk mengakses internet,99.45,% pengguna internet,area,total,category,mobile,id_38_2024,bps_access_device
ID-0002287,52,Nusa Tenggara Barat,provinsi,2024,Perangkat akses,percentage_users,Perangkat yang digunakan untuk mengakses internet,0.03,% pengguna internet,area,total,category,other,id_38_2024,bps_access_device
ID-0002288,52,Nusa Tenggara Barat,provinsi,2024,Perangkat akses,percentage_users,Perangkat yang digunakan untuk mengakses internet,2.19,% pengguna internet,area,urban,category,desktop,id_38_2024,bps_access_device
ID-0002289,52,Nusa Tenggara Barat,provinsi,2024,Perangkat akses,percentage_users,Perangkat yang digunakan untuk mengakses internet,9.81,% pengguna internet,area,urban,category,laptop_tablet,id_38_2024,bps_access_device
ID-0002290,52,Nusa Tenggara Barat,provinsi,2024,Perangkat akses,percentage_users,Perangkat yang digunakan untuk mengakses internet,99.27,% pengguna internet,area,urban,category,mobile,id_38_2024,bps_access_device
ID-0002291,52,Nusa Tenggara Barat,provinsi,2024,Perangkat akses,percentage_users,Perangkat yang digunakan untuk mengakses internet,0.04,% pengguna internet,area,urban,category,other,id_38_2024,bps_access_device
ID-0002292,53,Nusa Tenggara Timur,provinsi,2017,Akses internet,internet_access_pct,Akses internet penduduk usia 5 tahun ke atas,10.89,% penduduk dalam kelompok,area,rural,,,id_34_pre_split,bps_internet_access_history_province_2017_2024
ID-0002293,53,Nusa Tenggara Timur,provinsi,2017,Akses internet,internet_access_pct,Akses internet penduduk usia 5 tahun ke atas,17.88,% penduduk dalam kelompok,area,total,,,id_34_pre_split,bps_internet_access_history_province_2017_2024
ID-0002294,53,Nusa Tenggara Timur,provinsi,2017,Akses internet,internet_access_pct,Akses internet penduduk usia 5 tahun ke atas,42.81,% penduduk dalam kelompok,area,urban,,,id_34_pre_split,bps_internet_access_history_province_2017_2024
ID-0002295,53,Nusa Tenggara Timur,provinsi,2018,Akses internet,internet_access_pct,Akses internet penduduk usia 5 tahun ke atas,13.1,% penduduk dalam kelompok,area,rural,,,id_34_pre_split,bps_internet_access_history_province_2017_2024
ID-0002296,53,Nusa Tenggara Timur,provinsi,2018,Akses internet,internet_access_pct,Akses internet penduduk usia 5 tahun ke atas,21.1,% penduduk dalam kelompok,area,total,,,id_34_pre_split,bps_internet_access_history_province_2017_2024
ID-0002297,53,Nusa Tenggara Timur,provinsi,2018,Akses internet,internet_access_pct,Akses internet penduduk usia 5 tahun ke atas,47.69,% penduduk dalam kelompok,area,urban,,,id_34_pre_split,bps_internet_access_history_province_2017_2024
ID-0002298,53,Nusa Tenggara Timur,provinsi,2018,Kesenjangan gender,internet_access_pct,Akses internet penduduk usia 5 tahun ke atas menurut gender,19.46,% penduduk dalam kelompok,sex,female,,,id_34_pre_split,bps_internet_gender_history_province_2018_2024
ID-0002299,53,Nusa Tenggara Timur,provinsi,2018,Kesenjangan gender,internet_access_pct,Akses internet penduduk usia 5 tahun ke atas menurut gender,22.77,% penduduk dalam kelompok,sex,male,,,id_34_pre_split,bps_internet_gender_history_province_2018_2024
ID-0002300,53,Nusa Tenggara Timur,provinsi,2019,Akses internet,internet_access_pct,Akses internet penduduk usia 5 tahun ke atas,18.2,% penduduk dalam kelompok,area,rural,,,id_34_pre_split,bps_internet_access_history_province_2017_2024
ID-0002301,53,Nusa Tenggara Timur,provinsi,2019,Akses internet,internet_access_pct,Akses internet penduduk usia 5 tahun ke atas,26.29,% penduduk dalam kelompok,area,total,,,id_34_pre_split,bps_internet_access_history_province_2017_2024
ID-0002302,53,Nusa Tenggara Timur,provinsi,2019,Akses internet,internet_access_pct,Akses internet penduduk usia 5 tahun ke atas,51.84,% penduduk dalam kelompok,area,urban,,,id_34_pre_split,bps_internet_access_history_province_2017_2024
ID-0002303,53,Nusa Tenggara Timur,provinsi,2019,Kesenjangan gender,internet_access_pct,Akses internet penduduk usia 5 tahun ke atas menurut gender,24.33,% penduduk dalam kelompok,sex,female,,,id_34_pre_split,bps_internet_gender_history_province_2018_2024
ID-0002304,53,Nusa Tenggara Timur,provinsi,2019,Kesenjangan gender,internet_access_pct,Akses internet penduduk usia 5 tahun ke atas menurut gender,28.31,% penduduk dalam kelompok,sex,male,,,id_34_pre_split,bps_internet_gender_history_province_2018_2024
ID-0002305,53,Nusa Tenggara Timur,provinsi,2020,Akses internet,internet_access_pct,Akses internet penduduk usia 5 tahun ke atas,23.17,% penduduk dalam kelompok,area,rural,,,id_34_pre_split,bps_internet_access_history_province_2017_2024
ID-0002306,53,Nusa Tenggara Timur,provinsi,2020,Akses internet,internet_access_pct,Akses internet penduduk usia 5 tahun ke atas,32.04,% penduduk dalam kelompok,area,total,,,id_34_pre_split,bps_internet_access_history_province_2017_2024
ID-0002307,53,Nusa Tenggara Timur,provinsi,2020,Akses internet,internet_access_pct,Akses internet penduduk usia 5 tahun ke atas,59.88,% penduduk dalam kelompok,area,urban,,,id_34_pre_split,bps_internet_access_history_province_2017_2024
ID-0002308,53,Nusa Tenggara Timur,provinsi,2020,Kesenjangan gender,internet_access_pct,Akses internet penduduk usia 5 tahun ke atas menurut gender,30.1,% penduduk dalam kelompok,sex,female,,,id_34_pre_split,bps_internet_gender_history_province_2018_2024
ID-0002309,53,Nusa Tenggara Timur,provinsi,2020,Kesenjangan gender,internet_access_pct,Akses internet penduduk usia 5 tahun ke atas menurut gender,34.03,% penduduk dalam kelompok,sex,male,,,id_34_pre_split,bps_internet_gender_history_province_2018_2024
ID-0002310,53,Nusa Tenggara Timur,provinsi,2021,Akses internet,internet_access_pct,Akses internet penduduk usia 5 tahun ke atas,34.36,% penduduk dalam kelompok,area,rural,,,id_34_pre_split,bps_internet_access_history_province_2017_2024
ID-0002311,53,Nusa Tenggara Timur,provinsi,2021,Akses internet,internet_access_pct,Akses internet penduduk usia 5 tahun ke atas,43.14,% penduduk dalam kelompok,area,total,,,id_34_pre_split,bps_internet_access_history_province_2017_2024
ID-0002312,53,Nusa Tenggara Timur,provinsi,2021,Akses internet,internet_access_pct,Akses internet penduduk usia 5 tahun ke atas,69.49,% penduduk dalam kelompok,area,urban,,,id_34_pre_split,bps_internet_access_history_province_2017_2024
ID-0002313,53,Nusa Tenggara Timur,provinsi,2021,Akses rumah tangga,household_internet_pct,Rumah tangga dengan akses internet,60.65,% rumah tangga dalam klasifikasi daerah,area,rural,,,id_34_pre_split,bps_household_internet
ID-0002314,53,Nusa Tenggara Timur,provinsi,2021,Akses rumah tangga,household_internet_pct,Rumah tangga dengan akses internet,68.45,% rumah tangga dalam klasifikasi daerah,area,total,,,id_34_pre_split,bps_household_internet
ID-0002315,53,Nusa Tenggara Timur,provinsi,2021,Akses rumah tangga,household_internet_pct,Rumah tangga dengan akses internet,90.65,% rumah tangga dalam klasifikasi daerah,area,urban,,,id_34_pre_split,bps_household_internet
ID-0002316,53,Nusa Tenggara Timur,provinsi,2021,Kesenjangan gender,internet_access_pct,Akses internet penduduk usia 5 tahun ke atas menurut gender,40.75,% penduduk dalam kelompok,sex,female,,,id_34_pre_split,bps_internet_gender_history_province_2018_2024
ID-0002317,53,Nusa Tenggara Timur,provinsi,2021,Kesenjangan gender,internet_access_pct,Akses internet penduduk usia 5 tahun ke atas menurut gender,45.59,% penduduk dalam kelompok,sex,male,,,id_34_pre_split,bps_internet_gender_history_province_2018_2024
ID-0002318,53,Nusa Tenggara Timur,provinsi,2021,Literasi digital,digital_literacy_index,Indeks Literasi Digital Kominfo,3.6,poin 1–5,,,,,id_34_pre_split,kominfo_digital_literacy_province_2021
ID-0002319,53,Nusa Tenggara Timur,provinsi,2022,Akses internet,internet_access_pct,Akses internet penduduk usia 5 tahun ke atas,38.49,% penduduk dalam kelompok,area,rural,,,id_34_pre_split,bps_internet_access_history_province_2017_2024
ID-0002320,53,Nusa Tenggara Timur,provinsi,2022,Akses internet,internet_access_pct,Akses internet penduduk usia 5 tahun ke atas,47.39,% penduduk dalam kelompok,area,total,,,id_34_pre_split,bps_internet_access_history_province_2017_2024
ID-0002321,53,Nusa Tenggara Timur,provinsi,2022,Akses internet,internet_access_pct,Akses internet penduduk usia 5 tahun ke atas,73.58,% penduduk dalam kelompok,area,urban,,,id_34_pre_split,bps_internet_access_history_province_2017_2024
ID-0002322,53,Nusa Tenggara Timur,provinsi,2022,Akses rumah tangga,household_internet_pct,Rumah tangga dengan akses internet,67.96,% rumah tangga dalam klasifikasi daerah,area,rural,,,id_34_pre_split,bps_household_internet
ID-0002323,53,Nusa Tenggara Timur,provinsi,2022,Akses rumah tangga,household_internet_pct,Rumah tangga dengan akses internet,74.23,% rumah tangga dalam klasifikasi daerah,area,total,,,id_34_pre_split,bps_household_internet
ID-0002324,53,Nusa Tenggara Timur,provinsi,2022,Akses rumah tangga,household_internet_pct,Rumah tangga dengan akses internet,91.52,% rumah tangga dalam klasifikasi daerah,area,urban,,,id_34_pre_split,bps_household_internet
ID-0002325,53,Nusa Tenggara Timur,provinsi,2022,Kesenjangan gender,internet_access_pct,Akses internet penduduk usia 5 tahun ke atas menurut gender,45.05,% penduduk dalam kelompok,sex,female,,,id_34_pre_split,bps_internet_gender_history_province_2018_2024
ID-0002326,53,Nusa Tenggara Timur,provinsi,2022,Kesenjangan gender,internet_access_pct,Akses internet penduduk usia 5 tahun ke atas menurut gender,49.74,% penduduk dalam kelompok,sex,male,,,id_34_pre_split,bps_internet_gender_history_province_2018_2024
ID-0002327,53,Nusa Tenggara Timur,provinsi,2023,Akses internet,internet_access_pct,Akses internet penduduk usia 5 tahun ke atas,42.71,% penduduk dalam kelompok,area,rural,,,id_34_pre_split,bps_internet_access_history_province_2017_2024
ID-0002328,53,Nusa Tenggara Timur,provinsi,2023,Akses internet,internet_access_pct,Akses internet penduduk usia 5 tahun ke atas,51.06,% penduduk dalam kelompok,area,total,,,id_34_pre_split,bps_internet_access_history_province_2017_2024
ID-0002329,53,Nusa Tenggara Timur,provinsi,2023,Akses internet,internet_access_pct,Akses internet penduduk usia 5 tahun ke atas,74.42,% penduduk dalam kelompok,area,urban,,,id_34_pre_split,bps_internet_access_history_province_2017_2024
ID-0002330,53,Nusa Tenggara Timur,provinsi,2023,Akses rumah tangga,household_internet_pct,Rumah tangga dengan akses internet,73.18,% rumah tangga dalam klasifikasi daerah,area,rural,,,id_34_pre_split,bps_household_internet
ID-0002331,53,Nusa Tenggara Timur,provinsi,2023,Akses rumah tangga,household_internet_pct,Rumah tangga dengan akses internet,78.88,% rumah tangga dalam klasifikasi daerah,area,total,,,id_34_pre_split,bps_household_internet
ID-0002332,53,Nusa Tenggara Timur,provinsi,2023,Akses rumah tangga,household_internet_pct,Rumah tangga dengan akses internet,93.53,% rumah tangga dalam klasifikasi daerah,area,urban,,,id_34_pre_split,bps_household_internet
ID-0002333,53,Nusa Tenggara Timur,provinsi,2023,Kesenjangan gender,internet_access_pct,Akses internet penduduk usia 5 tahun ke atas menurut gender,48.29,% penduduk dalam kelompok,sex,female,,,id_34_pre_split,bps_internet_gender_history_province_2018_2024
ID-0002334,53,Nusa Tenggara Timur,provinsi,2023,Kesenjangan gender,internet_access_pct,Akses internet penduduk usia 5 tahun ke atas menurut gender,53.92,% penduduk dalam kelompok,sex,male,,,id_34_pre_split,bps_internet_gender_history_province_2018_2024
ID-0002335,53,Nusa Tenggara Timur,provinsi,2023,Komponen pembangunan TIK,fixed_broadband_norm,"Broadband tetap per 100 penduduk, ternormalisasi",0.22,poin 0–10,,,,,id_34_papua_aggregated_2023_2024,bps_iptik_normalized_components_province_2023_2024
ID-0002336,53,Nusa Tenggara Timur,provinsi,2023,Komponen pembangunan TIK,fixed_telephone_norm,"Telepon tetap per 100 penduduk, ternormalisasi",0.6,poin 0–10,,,,,id_34_papua_aggregated_2023_2024,bps_iptik_normalized_components_province_2023_2024
ID-0002337,53,Nusa Tenggara Timur,provinsi,2023,Komponen pembangunan TIK,household_computer_norm,"Rumah tangga dengan komputer, ternormalisasi",1.37,poin 0–10,,,,,id_34_papua_aggregated_2023_2024,bps_iptik_normalized_components_province_2023_2024
ID-0002338,53,Nusa Tenggara Timur,provinsi,2023,Komponen pembangunan TIK,household_internet_norm,"Rumah tangga dengan internet, ternormalisasi",7.89,poin 0–10,,,,,id_34_papua_aggregated_2023_2024,bps_iptik_normalized_components_province_2023_2024
ID-0002339,53,Nusa Tenggara Timur,provinsi,2023,Komponen pembangunan TIK,individual_internet_norm,"Individu pengguna internet, ternormalisasi",5.11,poin 0–10,,,,,id_34_papua_aggregated_2023_2024,bps_iptik_normalized_components_province_2023_2024
ID-0002340,53,Nusa Tenggara Timur,provinsi,2023,Komponen pembangunan TIK,international_bandwidth_norm,"Bandwidth internet internasional per pengguna, ternormalisasi",8.18,poin 0–10,,,,,id_34_papua_aggregated_2023_2024,bps_iptik_normalized_components_province_2023_2024
ID-0002341,53,Nusa Tenggara Timur,provinsi,2023,Komponen pembangunan TIK,mean_years_school_norm,"Rata-rata lama sekolah, ternormalisasi",5.54,poin 0–10,,,,,id_34_papua_aggregated_2023_2024,bps_iptik_normalized_components_province_2023_2024
ID-0002342,53,Nusa Tenggara Timur,provinsi,2023,Komponen pembangunan TIK,mobile_broadband_norm,"Broadband seluler per 100 penduduk, ternormalisasi",8.93,poin 0–10,,,,,id_34_papua_aggregated_2023_2024,bps_iptik_normalized_components_province_2023_2024
ID-0002343,53,Nusa Tenggara Timur,provinsi,2023,Komponen pembangunan TIK,mobile_cellular_norm,"Telepon seluler per 100 penduduk, ternormalisasi",10,poin 0–10,,,,,id_34_papua_aggregated_2023_2024,bps_iptik_normalized_components_province_2023_2024
ID-0002344,53,Nusa Tenggara Timur,provinsi,2023,Komponen pembangunan TIK,secondary_enrolment_norm,"Partisipasi pendidikan sekunder, ternormalisasi",8.96,poin 0–10,,,,,id_34_papua_aggregated_2023_2024,bps_iptik_normalized_components_province_2023_2024
ID-0002345,53,Nusa Tenggara Timur,provinsi,2023,Komponen pembangunan TIK,tertiary_enrolment_norm,"Partisipasi pendidikan tinggi, ternormalisasi",3.25,poin 0–10,,,,,id_34_papua_aggregated_2023_2024,bps_iptik_normalized_components_province_2023_2024
ID-0002346,53,Nusa Tenggara Timur,provinsi,2023,Pembangunan TIK,access_infrastructure_subindex,Subindeks akses dan infrastruktur TIK,5.61,poin 0–10,,,,,id_34_papua_aggregated_2023_2024,bps_iptik_province_2023_2024
ID-0002347,53,Nusa Tenggara Timur,provinsi,2023,Pembangunan TIK,ict_development_index,Indeks Pembangunan TIK,5.33,poin 0–10,,,,,id_34_papua_aggregated_2023_2024,bps_iptik_province_2023_2024
ID-0002348,53,Nusa Tenggara Timur,provinsi,2023,Pembangunan TIK,skills_proxy_subindex,Subindeks proksi keahlian TIK,5.92,poin 0–10,,,,,id_34_papua_aggregated_2023_2024,bps_iptik_province_2023_2024
ID-0002349,53,Nusa Tenggara Timur,provinsi,2023,Pembangunan TIK,use_subindex,Subindeks penggunaan TIK,4.75,poin 0–10,,,,,id_34_papua_aggregated_2023_2024,bps_iptik_province_2023_2024
ID-0002350,53,Nusa Tenggara Timur,provinsi,2024,Akses internet,internet_access_pct,Akses internet penduduk usia 5 tahun ke atas,46.73,% penduduk dalam kelompok,area,rural,,,id_38_2024,bps_internet_access_history_province_2017_2024
ID-0002351,53,Nusa Tenggara Timur,provinsi,2024,Akses internet,internet_access_pct,Akses internet penduduk usia 5 tahun ke atas,54.84,% penduduk dalam kelompok,area,total,,,id_38_2024,bps_internet_access_history_province_2017_2024
ID-0002352,53,Nusa Tenggara Timur,provinsi,2024,Akses internet,internet_access_pct,Akses internet penduduk usia 5 tahun ke atas,76.88,% penduduk dalam kelompok,area,urban,,,id_38_2024,bps_internet_access_history_province_2017_2024
ID-0002353,53,Nusa Tenggara Timur,provinsi,2024,Akses rumah tangga,household_internet_pct,Rumah tangga dengan akses internet,77.81,% rumah tangga dalam klasifikasi daerah,area,rural,,,id_38_2024,bps_household_internet
ID-0002354,53,Nusa Tenggara Timur,provinsi,2024,Akses rumah tangga,household_internet_pct,Rumah tangga dengan akses internet,82.45,% rumah tangga dalam klasifikasi daerah,area,total,,,id_38_2024,bps_household_internet
ID-0002355,53,Nusa Tenggara Timur,provinsi,2024,Akses rumah tangga,household_internet_pct,Rumah tangga dengan akses internet,94.88,% rumah tangga dalam klasifikasi daerah,area,urban,,,id_38_2024,bps_household_internet
ID-0002356,53,Nusa Tenggara Timur,provinsi,2024,Kesenjangan gender,internet_access_pct,Akses internet penduduk usia 5 tahun ke atas menurut gender,51.64,% penduduk dalam kelompok,sex,female,,,id_38_2024,bps_internet_gender_history_province_2018_2024
ID-0002357,53,Nusa Tenggara Timur,provinsi,2024,Kesenjangan gender,internet_access_pct,Akses internet penduduk usia 5 tahun ke atas menurut gender,58.13,% penduduk dalam kelompok,sex,male,,,id_38_2024,bps_internet_gender_history_province_2018_2024
ID-0002358,53,Nusa Tenggara Timur,provinsi,2024,Komponen pembangunan TIK,fixed_broadband_norm,"Broadband tetap per 100 penduduk, ternormalisasi",0.28,poin 0–10,,,,,id_34_papua_aggregated_2023_2024,bps_iptik_normalized_components_province_2023_2024
ID-0002359,53,Nusa Tenggara Timur,provinsi,2024,Komponen pembangunan TIK,fixed_telephone_norm,"Telepon tetap per 100 penduduk, ternormalisasi",0.45,poin 0–10,,,,,id_34_papua_aggregated_2023_2024,bps_iptik_normalized_components_province_2023_2024
ID-0002360,53,Nusa Tenggara Timur,provinsi,2024,Komponen pembangunan TIK,household_computer_norm,"Rumah tangga dengan komputer, ternormalisasi",1.37,poin 0–10,,,,,id_34_papua_aggregated_2023_2024,bps_iptik_normalized_components_province_2023_2024
ID-0002361,53,Nusa Tenggara Timur,provinsi,2024,Komponen pembangunan TIK,household_internet_norm,"Rumah tangga dengan internet, ternormalisasi",8.25,poin 0–10,,,,,id_34_papua_aggregated_2023_2024,bps_iptik_normalized_components_province_2023_2024
ID-0002362,53,Nusa Tenggara Timur,provinsi,2024,Komponen pembangunan TIK,individual_internet_norm,"Individu pengguna internet, ternormalisasi",5.48,poin 0–10,,,,,id_34_papua_aggregated_2023_2024,bps_iptik_normalized_components_province_2023_2024
ID-0002363,53,Nusa Tenggara Timur,provinsi,2024,Komponen pembangunan TIK,international_bandwidth_norm,"Bandwidth internet internasional per pengguna, ternormalisasi",8.61,poin 0–10,,,,,id_34_papua_aggregated_2023_2024,bps_iptik_normalized_components_province_2023_2024
ID-0002364,53,Nusa Tenggara Timur,provinsi,2024,Komponen pembangunan TIK,mean_years_school_norm,"Rata-rata lama sekolah, ternormalisasi",5.65,poin 0–10,,,,,id_34_papua_aggregated_2023_2024,bps_iptik_normalized_components_province_2023_2024
ID-0002365,53,Nusa Tenggara Timur,provinsi,2024,Komponen pembangunan TIK,mobile_broadband_norm,"Broadband seluler per 100 penduduk, ternormalisasi",8.34,poin 0–10,,,,,id_34_papua_aggregated_2023_2024,bps_iptik_normalized_components_province_2023_2024
ID-0002366,53,Nusa Tenggara Timur,provinsi,2024,Komponen pembangunan TIK,mobile_cellular_norm,"Telepon seluler per 100 penduduk, ternormalisasi",10,poin 0–10,,,,,id_34_papua_aggregated_2023_2024,bps_iptik_normalized_components_province_2023_2024
ID-0002367,53,Nusa Tenggara Timur,provinsi,2024,Komponen pembangunan TIK,secondary_enrolment_norm,"Partisipasi pendidikan sekunder, ternormalisasi",9.05,poin 0–10,,,,,id_34_papua_aggregated_2023_2024,bps_iptik_normalized_components_province_2023_2024
ID-0002368,53,Nusa Tenggara Timur,provinsi,2024,Komponen pembangunan TIK,tertiary_enrolment_norm,"Partisipasi pendidikan tinggi, ternormalisasi",3.12,poin 0–10,,,,,id_34_papua_aggregated_2023_2024,bps_iptik_normalized_components_province_2023_2024
ID-0002369,53,Nusa Tenggara Timur,provinsi,2024,Pemanfaatan internet,percentage_users,Tujuan penggunaan internet,5.17,% pengguna internet,area,rural,category,buy_goods_services,id_38_2024,bps_internet_purpose
ID-0002370,53,Nusa Tenggara Timur,provinsi,2024,Pemanfaatan internet,percentage_users,Tujuan penggunaan internet,8.27,% pengguna internet,area,rural,category,digital_content_creation,id_38_2024,bps_internet_purpose
ID-0002371,53,Nusa Tenggara Timur,provinsi,2024,Pemanfaatan internet,percentage_users,Tujuan penggunaan internet,8.1,% pengguna internet,area,rural,category,email,id_38_2024,bps_internet_purpose
ID-0002372,53,Nusa Tenggara Timur,provinsi,2024,Pemanfaatan internet,percentage_users,Tujuan penggunaan internet,85.04,% pengguna internet,area,rural,category,entertainment,id_38_2024,bps_internet_purpose
ID-0002373,53,Nusa Tenggara Timur,provinsi,2024,Pemanfaatan internet,percentage_users,Tujuan penggunaan internet,2.47,% pengguna internet,area,rural,category,financial_services,id_38_2024,bps_internet_purpose
ID-0002374,53,Nusa Tenggara Timur,provinsi,2024,Pemanfaatan internet,percentage_users,Tujuan penggunaan internet,11.78,% pengguna internet,area,rural,category,goods_services_information,id_38_2024,bps_internet_purpose
ID-0002375,53,Nusa Tenggara Timur,provinsi,2024,Pemanfaatan internet,percentage_users,Tujuan penggunaan internet,74.84,% pengguna internet,area,rural,category,news_information,id_38_2024,bps_internet_purpose
ID-0002376,53,Nusa Tenggara Timur,provinsi,2024,Pemanfaatan internet,percentage_users,Tujuan penggunaan internet,8.04,% pengguna internet,area,rural,category,online_learning,id_38_2024,bps_internet_purpose
ID-0002377,53,Nusa Tenggara Timur,provinsi,2024,Pemanfaatan internet,percentage_users,Tujuan penggunaan internet,5.6,% pengguna internet,area,rural,category,other,id_38_2024,bps_internet_purpose
ID-0002378,53,Nusa Tenggara Timur,provinsi,2024,Pemanfaatan internet,percentage_users,Tujuan penggunaan internet,1.54,% pengguna internet,area,rural,category,sell_goods_services,id_38_2024,bps_internet_purpose
ID-0002379,53,Nusa Tenggara Timur,provinsi,2024,Pemanfaatan internet,percentage_users,Tujuan penggunaan internet,72.64,% pengguna internet,area,rural,category,social_media,id_38_2024,bps_internet_purpose
ID-0002380,53,Nusa Tenggara Timur,provinsi,2024,Pemanfaatan internet,percentage_users,Tujuan penggunaan internet,1,% pengguna internet,area,rural,category,work_from_home,id_38_2024,bps_internet_purpose
ID-0002381,53,Nusa Tenggara Timur,provinsi,2024,Pemanfaatan internet,percentage_users,Tujuan penggunaan internet,8.01,% pengguna internet,area,total,category,buy_goods_services,id_38_2024,bps_internet_purpose
ID-0002382,53,Nusa Tenggara Timur,provinsi,2024,Pemanfaatan internet,percentage_users,Tujuan penggunaan internet,8.28,% pengguna internet,area,total,category,digital_content_creation,id_38_2024,bps_internet_purpose
ID-0002383,53,Nusa Tenggara Timur,provinsi,2024,Pemanfaatan internet,percentage_users,Tujuan penggunaan internet,9.96,% pengguna internet,area,total,category,email,id_38_2024,bps_internet_purpose
ID-0002384,53,Nusa Tenggara Timur,provinsi,2024,Pemanfaatan internet,percentage_users,Tujuan penggunaan internet,86.59,% pengguna internet,area,total,category,entertainment,id_38_2024,bps_internet_purpose
ID-0002385,53,Nusa Tenggara Timur,provinsi,2024,Pemanfaatan internet,percentage_users,Tujuan penggunaan internet,4.58,% pengguna internet,area,total,category,financial_services,id_38_2024,bps_internet_purpose
ID-0002386,53,Nusa Tenggara Timur,provinsi,2024,Pemanfaatan internet,percentage_users,Tujuan penggunaan internet,13.8,% pengguna internet,area,total,category,goods_services_information,id_38_2024,bps_internet_purpose
ID-0002387,53,Nusa Tenggara Timur,provinsi,2024,Pemanfaatan internet,percentage_users,Tujuan penggunaan internet,76.54,% pengguna internet,area,total,category,news_information,id_38_2024,bps_internet_purpose
ID-0002388,53,Nusa Tenggara Timur,provinsi,2024,Pemanfaatan internet,percentage_users,Tujuan penggunaan internet,8.79,% pengguna internet,area,total,category,online_learning,id_38_2024,bps_internet_purpose
ID-0002389,53,Nusa Tenggara Timur,provinsi,2024,Pemanfaatan internet,percentage_users,Tujuan penggunaan internet,4.67,% pengguna internet,area,total,category,other,id_38_2024,bps_internet_purpose
ID-0002390,53,Nusa Tenggara Timur,provinsi,2024,Pemanfaatan internet,percentage_users,Tujuan penggunaan internet,2.42,% pengguna internet,area,total,category,sell_goods_services,id_38_2024,bps_internet_purpose
ID-0002391,53,Nusa Tenggara Timur,provinsi,2024,Pemanfaatan internet,percentage_users,Tujuan penggunaan internet,75.39,% pengguna internet,area,total,category,social_media,id_38_2024,bps_internet_purpose
ID-0002392,53,Nusa Tenggara Timur,provinsi,2024,Pemanfaatan internet,percentage_users,Tujuan penggunaan internet,1.1,% pengguna internet,area,total,category,work_from_home,id_38_2024,bps_internet_purpose
ID-0002393,53,Nusa Tenggara Timur,provinsi,2024,Pemanfaatan internet,percentage_users,Tujuan penggunaan internet,12.7,% pengguna internet,area,urban,category,buy_goods_services,id_38_2024,bps_internet_purpose
ID-0002394,53,Nusa Tenggara Timur,provinsi,2024,Pemanfaatan internet,percentage_users,Tujuan penggunaan internet,8.3,% pengguna internet,area,urban,category,digital_content_creation,id_38_2024,bps_internet_purpose
ID-0002395,53,Nusa Tenggara Timur,provinsi,2024,Pemanfaatan internet,percentage_users,Tujuan penggunaan internet,13.03,% pengguna internet,area,urban,category,email,id_38_2024,bps_internet_purpose
ID-0002396,53,Nusa Tenggara Timur,provinsi,2024,Pemanfaatan internet,percentage_users,Tujuan penggunaan internet,89.16,% pengguna internet,area,urban,category,entertainment,id_38_2024,bps_internet_purpose
ID-0002397,53,Nusa Tenggara Timur,provinsi,2024,Pemanfaatan internet,percentage_users,Tujuan penggunaan internet,8.06,% pengguna internet,area,urban,category,financial_services,id_38_2024,bps_internet_purpose
ID-0002398,53,Nusa Tenggara Timur,provinsi,2024,Pemanfaatan internet,percentage_users,Tujuan penggunaan internet,17.12,% pengguna internet,area,urban,category,goods_services_information,id_38_2024,bps_internet_purpose
ID-0002399,53,Nusa Tenggara Timur,provinsi,2024,Pemanfaatan internet,percentage_users,Tujuan penggunaan internet,79.35,% pengguna internet,area,urban,category,news_information,id_38_2024,bps_internet_purpose
ID-0002400,53,Nusa Tenggara Timur,provinsi,2024,Pemanfaatan internet,percentage_users,Tujuan penggunaan internet,10.03,% pengguna internet,area,urban,category,online_learning,id_38_2024,bps_internet_purpose
ID-0002401,53,Nusa Tenggara Timur,provinsi,2024,Pemanfaatan internet,percentage_users,Tujuan penggunaan internet,3.13,% pengguna internet,area,urban,category,other,id_38_2024,bps_internet_purpose
ID-0002402,53,Nusa Tenggara Timur,provinsi,2024,Pemanfaatan internet,percentage_users,Tujuan penggunaan internet,3.86,% pengguna internet,area,urban,category,sell_goods_services,id_38_2024,bps_internet_purpose
ID-0002403,53,Nusa Tenggara Timur,provinsi,2024,Pemanfaatan internet,percentage_users,Tujuan penggunaan internet,79.93,% pengguna internet,area,urban,category,social_media,id_38_2024,bps_internet_purpose
ID-0002404,53,Nusa Tenggara Timur,provinsi,2024,Pemanfaatan internet,percentage_users,Tujuan penggunaan internet,1.26,% pengguna internet,area,urban,category,work_from_home,id_38_2024,bps_internet_purpose
ID-0002405,53,Nusa Tenggara Timur,provinsi,2024,Pembangunan TIK,access_infrastructure_subindex,Subindeks akses dan infrastruktur TIK,5.74,poin 0–10,,,,,id_34_papua_aggregated_2023_2024,bps_iptik_province_2023_2024
ID-0002406,53,Nusa Tenggara Timur,provinsi,2024,Pembangunan TIK,ict_development_index,Indeks Pembangunan TIK,5.36,poin 0–10,,,,,id_34_papua_aggregated_2023_2024,bps_iptik_province_2023_2024
ID-0002407,53,Nusa Tenggara Timur,provinsi,2024,Pembangunan TIK,skills_proxy_subindex,Subindeks proksi keahlian TIK,5.94,poin 0–10,,,,,id_34_papua_aggregated_2023_2024,bps_iptik_province_2023_2024
ID-0002408,53,Nusa Tenggara Timur,provinsi,2024,Pembangunan TIK,use_subindex,Subindeks penggunaan TIK,4.7,poin 0–10,,,,,id_34_papua_aggregated_2023_2024,bps_iptik_province_2023_2024
ID-0002409,53,Nusa Tenggara Timur,provinsi,2024,Perangkat akses,percentage_users,Perangkat yang digunakan untuk mengakses internet,1.31,% pengguna internet,area,rural,category,desktop,id_38_2024,bps_access_device
ID-0002410,53,Nusa Tenggara Timur,provinsi,2024,Perangkat akses,percentage_users,Perangkat yang digunakan untuk mengakses internet,5.84,% pengguna internet,area,rural,category,laptop_tablet,id_38_2024,bps_access_device
ID-0002411,53,Nusa Tenggara Timur,provinsi,2024,Perangkat akses,percentage_users,Perangkat yang digunakan untuk mengakses internet,99.25,% pengguna internet,area,rural,category,mobile,id_38_2024,bps_access_device
ID-0002412,53,Nusa Tenggara Timur,provinsi,2024,Perangkat akses,percentage_users,Perangkat yang digunakan untuk mengakses internet,0.24,% pengguna internet,area,rural,category,other,id_38_2024,bps_access_device
ID-0002413,53,Nusa Tenggara Timur,provinsi,2024,Perangkat akses,percentage_users,Perangkat yang digunakan untuk mengakses internet,2.35,% pengguna internet,area,total,category,desktop,id_38_2024,bps_access_device
ID-0002414,53,Nusa Tenggara Timur,provinsi,2024,Perangkat akses,percentage_users,Perangkat yang digunakan untuk mengakses internet,8.97,% pengguna internet,area,total,category,laptop_tablet,id_38_2024,bps_access_device
ID-0002415,53,Nusa Tenggara Timur,provinsi,2024,Perangkat akses,percentage_users,Perangkat yang digunakan untuk mengakses internet,99.04,% pengguna internet,area,total,category,mobile,id_38_2024,bps_access_device
ID-0002416,53,Nusa Tenggara Timur,provinsi,2024,Perangkat akses,percentage_users,Perangkat yang digunakan untuk mengakses internet,0.19,% pengguna internet,area,total,category,other,id_38_2024,bps_access_device
ID-0002417,53,Nusa Tenggara Timur,provinsi,2024,Perangkat akses,percentage_users,Perangkat yang digunakan untuk mengakses internet,4.06,% pengguna internet,area,urban,category,desktop,id_38_2024,bps_access_device
ID-0002418,53,Nusa Tenggara Timur,provinsi,2024,Perangkat akses,percentage_users,Perangkat yang digunakan untuk mengakses internet,14.14,% pengguna internet,area,urban,category,laptop_tablet,id_38_2024,bps_access_device
ID-0002419,53,Nusa Tenggara Timur,provinsi,2024,Perangkat akses,percentage_users,Perangkat yang digunakan untuk mengakses internet,98.69,% pengguna internet,area,urban,category,mobile,id_38_2024,bps_access_device
ID-0002420,53,Nusa Tenggara Timur,provinsi,2024,Perangkat akses,percentage_users,Perangkat yang digunakan untuk mengakses internet,0.12,% pengguna internet,area,urban,category,other,id_38_2024,bps_access_device
ID-0002421,61,Kalimantan Barat,provinsi,2017,Akses internet,internet_access_pct,Akses internet penduduk usia 5 tahun ke atas,14.38,% penduduk dalam kelompok,area,rural,,,id_34_pre_split,bps_internet_access_history_province_2017_2024
ID-0002422,61,Kalimantan Barat,provinsi,2017,Akses internet,internet_access_pct,Akses internet penduduk usia 5 tahun ke atas,24.17,% penduduk dalam kelompok,area,total,,,id_34_pre_split,bps_internet_access_history_province_2017_2024
ID-0002423,61,Kalimantan Barat,provinsi,2017,Akses internet,internet_access_pct,Akses internet penduduk usia 5 tahun ke atas,45.21,% penduduk dalam kelompok,area,urban,,,id_34_pre_split,bps_internet_access_history_province_2017_2024
ID-0002424,61,Kalimantan Barat,provinsi,2018,Akses internet,internet_access_pct,Akses internet penduduk usia 5 tahun ke atas,20.74,% penduduk dalam kelompok,area,rural,,,id_34_pre_split,bps_internet_access_history_province_2017_2024
ID-0002425,61,Kalimantan Barat,provinsi,2018,Akses internet,internet_access_pct,Akses internet penduduk usia 5 tahun ke atas,30.99,% penduduk dalam kelompok,area,total,,,id_34_pre_split,bps_internet_access_history_province_2017_2024
ID-0002426,61,Kalimantan Barat,provinsi,2018,Akses internet,internet_access_pct,Akses internet penduduk usia 5 tahun ke atas,51,% penduduk dalam kelompok,area,urban,,,id_34_pre_split,bps_internet_access_history_province_2017_2024
ID-0002427,61,Kalimantan Barat,provinsi,2018,Kesenjangan gender,internet_access_pct,Akses internet penduduk usia 5 tahun ke atas menurut gender,29.13,% penduduk dalam kelompok,sex,female,,,id_34_pre_split,bps_internet_gender_history_province_2018_2024
ID-0002428,61,Kalimantan Barat,provinsi,2018,Kesenjangan gender,internet_access_pct,Akses internet penduduk usia 5 tahun ke atas menurut gender,32.78,% penduduk dalam kelompok,sex,male,,,id_34_pre_split,bps_internet_gender_history_province_2018_2024
ID-0002429,61,Kalimantan Barat,provinsi,2019,Akses internet,internet_access_pct,Akses internet penduduk usia 5 tahun ke atas,27.2,% penduduk dalam kelompok,area,rural,,,id_34_pre_split,bps_internet_access_history_province_2017_2024
ID-0002430,61,Kalimantan Barat,provinsi,2019,Akses internet,internet_access_pct,Akses internet penduduk usia 5 tahun ke atas,38.38,% penduduk dalam kelompok,area,total,,,id_34_pre_split,bps_internet_access_history_province_2017_2024
ID-0002431,61,Kalimantan Barat,provinsi,2019,Akses internet,internet_access_pct,Akses internet penduduk usia 5 tahun ke atas,59.02,% penduduk dalam kelompok,area,urban,,,id_34_pre_split,bps_internet_access_history_province_2017_2024
ID-0002432,61,Kalimantan Barat,provinsi,2019,Kesenjangan gender,internet_access_pct,Akses internet penduduk usia 5 tahun ke atas menurut gender,36.4,% penduduk dalam kelompok,sex,female,,,id_34_pre_split,bps_internet_gender_history_province_2018_2024
ID-0002433,61,Kalimantan Barat,provinsi,2019,Kesenjangan gender,internet_access_pct,Akses internet penduduk usia 5 tahun ke atas menurut gender,40.29,% penduduk dalam kelompok,sex,male,,,id_34_pre_split,bps_internet_gender_history_province_2018_2024
ID-0002434,61,Kalimantan Barat,provinsi,2020,Akses internet,internet_access_pct,Akses internet penduduk usia 5 tahun ke atas,34.14,% penduduk dalam kelompok,area,rural,,,id_34_pre_split,bps_internet_access_history_province_2017_2024
ID-0002435,61,Kalimantan Barat,provinsi,2020,Akses internet,internet_access_pct,Akses internet penduduk usia 5 tahun ke atas,45.16,% penduduk dalam kelompok,area,total,,,id_34_pre_split,bps_internet_access_history_province_2017_2024
ID-0002436,61,Kalimantan Barat,provinsi,2020,Akses internet,internet_access_pct,Akses internet penduduk usia 5 tahun ke atas,65.5,% penduduk dalam kelompok,area,urban,,,id_34_pre_split,bps_internet_access_history_province_2017_2024
ID-0002437,61,Kalimantan Barat,provinsi,2020,Kesenjangan gender,internet_access_pct,Akses internet penduduk usia 5 tahun ke atas menurut gender,42.45,% penduduk dalam kelompok,sex,female,,,id_34_pre_split,bps_internet_gender_history_province_2018_2024
ID-0002438,61,Kalimantan Barat,provinsi,2020,Kesenjangan gender,internet_access_pct,Akses internet penduduk usia 5 tahun ke atas menurut gender,47.79,% penduduk dalam kelompok,sex,male,,,id_34_pre_split,bps_internet_gender_history_province_2018_2024
ID-0002439,61,Kalimantan Barat,provinsi,2021,Akses internet,internet_access_pct,Akses internet penduduk usia 5 tahun ke atas,45.28,% penduduk dalam kelompok,area,rural,,,id_34_pre_split,bps_internet_access_history_province_2017_2024
ID-0002440,61,Kalimantan Barat,provinsi,2021,Akses internet,internet_access_pct,Akses internet penduduk usia 5 tahun ke atas,54.8,% penduduk dalam kelompok,area,total,,,id_34_pre_split,bps_internet_access_history_province_2017_2024
ID-0002441,61,Kalimantan Barat,provinsi,2021,Akses internet,internet_access_pct,Akses internet penduduk usia 5 tahun ke atas,71.65,% penduduk dalam kelompok,area,urban,,,id_34_pre_split,bps_internet_access_history_province_2017_2024
ID-0002442,61,Kalimantan Barat,provinsi,2021,Akses rumah tangga,household_internet_pct,Rumah tangga dengan akses internet,73.12,% rumah tangga dalam klasifikasi daerah,area,rural,,,id_34_pre_split,bps_household_internet
ID-0002443,61,Kalimantan Barat,provinsi,2021,Akses rumah tangga,household_internet_pct,Rumah tangga dengan akses internet,79.23,% rumah tangga dalam klasifikasi daerah,area,total,,,id_34_pre_split,bps_household_internet
ID-0002444,61,Kalimantan Barat,provinsi,2021,Akses rumah tangga,household_internet_pct,Rumah tangga dengan akses internet,90.41,% rumah tangga dalam klasifikasi daerah,area,urban,,,id_34_pre_split,bps_household_internet
ID-0002445,61,Kalimantan Barat,provinsi,2021,Kesenjangan gender,internet_access_pct,Akses internet penduduk usia 5 tahun ke atas menurut gender,51.32,% penduduk dalam kelompok,sex,female,,,id_34_pre_split,bps_internet_gender_history_province_2018_2024
ID-0002446,61,Kalimantan Barat,provinsi,2021,Kesenjangan gender,internet_access_pct,Akses internet penduduk usia 5 tahun ke atas menurut gender,58.16,% penduduk dalam kelompok,sex,male,,,id_34_pre_split,bps_internet_gender_history_province_2018_2024
ID-0002447,61,Kalimantan Barat,provinsi,2021,Literasi digital,digital_literacy_index,Indeks Literasi Digital Kominfo,3.58,poin 1–5,,,,,id_34_pre_split,kominfo_digital_literacy_province_2021
ID-0002448,61,Kalimantan Barat,provinsi,2022,Akses internet,internet_access_pct,Akses internet penduduk usia 5 tahun ke atas,53.14,% penduduk dalam kelompok,area,rural,,,id_34_pre_split,bps_internet_access_history_province_2017_2024
ID-0002449,61,Kalimantan Barat,provinsi,2022,Akses internet,internet_access_pct,Akses internet penduduk usia 5 tahun ke atas,62.08,% penduduk dalam kelompok,area,total,,,id_34_pre_split,bps_internet_access_history_province_2017_2024
ID-0002450,61,Kalimantan Barat,provinsi,2022,Akses internet,internet_access_pct,Akses internet penduduk usia 5 tahun ke atas,77.72,% penduduk dalam kelompok,area,urban,,,id_34_pre_split,bps_internet_access_history_province_2017_2024
ID-0002451,61,Kalimantan Barat,provinsi,2022,Akses rumah tangga,household_internet_pct,Rumah tangga dengan akses internet,80.56,% rumah tangga dalam klasifikasi daerah,area,rural,,,id_34_pre_split,bps_household_internet
ID-0002452,61,Kalimantan Barat,provinsi,2022,Akses rumah tangga,household_internet_pct,Rumah tangga dengan akses internet,84.74,% rumah tangga dalam klasifikasi daerah,area,total,,,id_34_pre_split,bps_household_internet
ID-0002453,61,Kalimantan Barat,provinsi,2022,Akses rumah tangga,household_internet_pct,Rumah tangga dengan akses internet,92.12,% rumah tangga dalam klasifikasi daerah,area,urban,,,id_34_pre_split,bps_household_internet
ID-0002454,61,Kalimantan Barat,provinsi,2022,Kesenjangan gender,internet_access_pct,Akses internet penduduk usia 5 tahun ke atas menurut gender,58.94,% penduduk dalam kelompok,sex,female,,,id_34_pre_split,bps_internet_gender_history_province_2018_2024
ID-0002455,61,Kalimantan Barat,provinsi,2022,Kesenjangan gender,internet_access_pct,Akses internet penduduk usia 5 tahun ke atas menurut gender,65.05,% penduduk dalam kelompok,sex,male,,,id_34_pre_split,bps_internet_gender_history_province_2018_2024
ID-0002456,61,Kalimantan Barat,provinsi,2023,Akses internet,internet_access_pct,Akses internet penduduk usia 5 tahun ke atas,58.87,% penduduk dalam kelompok,area,rural,,,id_34_pre_split,bps_internet_access_history_province_2017_2024
ID-0002457,61,Kalimantan Barat,provinsi,2023,Akses internet,internet_access_pct,Akses internet penduduk usia 5 tahun ke atas,66.39,% penduduk dalam kelompok,area,total,,,id_34_pre_split,bps_internet_access_history_province_2017_2024
ID-0002458,61,Kalimantan Barat,provinsi,2023,Akses internet,internet_access_pct,Akses internet penduduk usia 5 tahun ke atas,78.94,% penduduk dalam kelompok,area,urban,,,id_34_pre_split,bps_internet_access_history_province_2017_2024
ID-0002459,61,Kalimantan Barat,provinsi,2023,Akses rumah tangga,household_internet_pct,Rumah tangga dengan akses internet,85.71,% rumah tangga dalam klasifikasi daerah,area,rural,,,id_34_pre_split,bps_household_internet
ID-0002460,61,Kalimantan Barat,provinsi,2023,Akses rumah tangga,household_internet_pct,Rumah tangga dengan akses internet,88.45,% rumah tangga dalam klasifikasi daerah,area,total,,,id_34_pre_split,bps_household_internet
ID-0002461,61,Kalimantan Barat,provinsi,2023,Akses rumah tangga,household_internet_pct,Rumah tangga dengan akses internet,92.99,% rumah tangga dalam klasifikasi daerah,area,urban,,,id_34_pre_split,bps_household_internet
ID-0002462,61,Kalimantan Barat,provinsi,2023,Kesenjangan gender,internet_access_pct,Akses internet penduduk usia 5 tahun ke atas menurut gender,63.09,% penduduk dalam kelompok,sex,female,,,id_34_pre_split,bps_internet_gender_history_province_2018_2024
ID-0002463,61,Kalimantan Barat,provinsi,2023,Kesenjangan gender,internet_access_pct,Akses internet penduduk usia 5 tahun ke atas menurut gender,69.6,% penduduk dalam kelompok,sex,male,,,id_34_pre_split,bps_internet_gender_history_province_2018_2024
ID-0002464,61,Kalimantan Barat,provinsi,2023,Komponen pembangunan TIK,fixed_broadband_norm,"Broadband tetap per 100 penduduk, ternormalisasi",0.61,poin 0–10,,,,,id_34_papua_aggregated_2023_2024,bps_iptik_normalized_components_province_2023_2024
ID-0002465,61,Kalimantan Barat,provinsi,2023,Komponen pembangunan TIK,fixed_telephone_norm,"Telepon tetap per 100 penduduk, ternormalisasi",0.72,poin 0–10,,,,,id_34_papua_aggregated_2023_2024,bps_iptik_normalized_components_province_2023_2024
ID-0002466,61,Kalimantan Barat,provinsi,2023,Komponen pembangunan TIK,household_computer_norm,"Rumah tangga dengan komputer, ternormalisasi",1.51,poin 0–10,,,,,id_34_papua_aggregated_2023_2024,bps_iptik_normalized_components_province_2023_2024
ID-0002467,61,Kalimantan Barat,provinsi,2023,Komponen pembangunan TIK,household_internet_norm,"Rumah tangga dengan internet, ternormalisasi",8.84,poin 0–10,,,,,id_34_papua_aggregated_2023_2024,bps_iptik_normalized_components_province_2023_2024
ID-0002468,61,Kalimantan Barat,provinsi,2023,Komponen pembangunan TIK,individual_internet_norm,"Individu pengguna internet, ternormalisasi",6.64,poin 0–10,,,,,id_34_papua_aggregated_2023_2024,bps_iptik_normalized_components_province_2023_2024
ID-0002469,61,Kalimantan Barat,provinsi,2023,Komponen pembangunan TIK,international_bandwidth_norm,"Bandwidth internet internasional per pengguna, ternormalisasi",8.05,poin 0–10,,,,,id_34_papua_aggregated_2023_2024,bps_iptik_normalized_components_province_2023_2024
ID-0002470,61,Kalimantan Barat,provinsi,2023,Komponen pembangunan TIK,mean_years_school_norm,"Rata-rata lama sekolah, ternormalisasi",5.44,poin 0–10,,,,,id_34_papua_aggregated_2023_2024,bps_iptik_normalized_components_province_2023_2024
ID-0002471,61,Kalimantan Barat,provinsi,2023,Komponen pembangunan TIK,mobile_broadband_norm,"Broadband seluler per 100 penduduk, ternormalisasi",10,poin 0–10,,,,,id_34_papua_aggregated_2023_2024,bps_iptik_normalized_components_province_2023_2024
ID-0002472,61,Kalimantan Barat,provinsi,2023,Komponen pembangunan TIK,mobile_cellular_norm,"Telepon seluler per 100 penduduk, ternormalisasi",9.49,poin 0–10,,,,,id_34_papua_aggregated_2023_2024,bps_iptik_normalized_components_province_2023_2024
ID-0002473,61,Kalimantan Barat,provinsi,2023,Komponen pembangunan TIK,secondary_enrolment_norm,"Partisipasi pendidikan sekunder, ternormalisasi",8.66,poin 0–10,,,,,id_34_papua_aggregated_2023_2024,bps_iptik_normalized_components_province_2023_2024
ID-0002474,61,Kalimantan Barat,provinsi,2023,Komponen pembangunan TIK,tertiary_enrolment_norm,"Partisipasi pendidikan tinggi, ternormalisasi",2.53,poin 0–10,,,,,id_34_papua_aggregated_2023_2024,bps_iptik_normalized_components_province_2023_2024
ID-0002475,61,Kalimantan Barat,provinsi,2023,Pembangunan TIK,access_infrastructure_subindex,Subindeks akses dan infrastruktur TIK,5.72,poin 0–10,,,,,id_34_papua_aggregated_2023_2024,bps_iptik_province_2023_2024
ID-0002476,61,Kalimantan Barat,provinsi,2023,Pembangunan TIK,ict_development_index,Indeks Pembangunan TIK,5.7,poin 0–10,,,,,id_34_papua_aggregated_2023_2024,bps_iptik_province_2023_2024
ID-0002477,61,Kalimantan Barat,provinsi,2023,Pembangunan TIK,skills_proxy_subindex,Subindeks proksi keahlian TIK,5.54,poin 0–10,,,,,id_34_papua_aggregated_2023_2024,bps_iptik_province_2023_2024
ID-0002478,61,Kalimantan Barat,provinsi,2023,Pembangunan TIK,use_subindex,Subindeks penggunaan TIK,5.75,poin 0–10,,,,,id_34_papua_aggregated_2023_2024,bps_iptik_province_2023_2024
ID-0002479,61,Kalimantan Barat,provinsi,2024,Akses internet,internet_access_pct,Akses internet penduduk usia 5 tahun ke atas,64.02,% penduduk dalam kelompok,area,rural,,,id_38_2024,bps_internet_access_history_province_2017_2024
ID-0002480,61,Kalimantan Barat,provinsi,2024,Akses internet,internet_access_pct,Akses internet penduduk usia 5 tahun ke atas,71.57,% penduduk dalam kelompok,area,total,,,id_38_2024,bps_internet_access_history_province_2017_2024
ID-0002481,61,Kalimantan Barat,provinsi,2024,Akses internet,internet_access_pct,Akses internet penduduk usia 5 tahun ke atas,83.78,% penduduk dalam kelompok,area,urban,,,id_38_2024,bps_internet_access_history_province_2017_2024
ID-0002482,61,Kalimantan Barat,provinsi,2024,Akses rumah tangga,household_internet_pct,Rumah tangga dengan akses internet,90.31,% rumah tangga dalam klasifikasi daerah,area,rural,,,id_38_2024,bps_household_internet
ID-0002483,61,Kalimantan Barat,provinsi,2024,Akses rumah tangga,household_internet_pct,Rumah tangga dengan akses internet,92.65,% rumah tangga dalam klasifikasi daerah,area,total,,,id_38_2024,bps_household_internet
ID-0002484,61,Kalimantan Barat,provinsi,2024,Akses rumah tangga,household_internet_pct,Rumah tangga dengan akses internet,96.47,% rumah tangga dalam klasifikasi daerah,area,urban,,,id_38_2024,bps_household_internet
ID-0002485,61,Kalimantan Barat,provinsi,2024,Kesenjangan gender,internet_access_pct,Akses internet penduduk usia 5 tahun ke atas menurut gender,68.42,% penduduk dalam kelompok,sex,female,,,id_38_2024,bps_internet_gender_history_province_2018_2024
ID-0002486,61,Kalimantan Barat,provinsi,2024,Kesenjangan gender,internet_access_pct,Akses internet penduduk usia 5 tahun ke atas menurut gender,74.65,% penduduk dalam kelompok,sex,male,,,id_38_2024,bps_internet_gender_history_province_2018_2024
ID-0002487,61,Kalimantan Barat,provinsi,2024,Komponen pembangunan TIK,fixed_broadband_norm,"Broadband tetap per 100 penduduk, ternormalisasi",0.8,poin 0–10,,,,,id_34_papua_aggregated_2023_2024,bps_iptik_normalized_components_province_2023_2024
ID-0002488,61,Kalimantan Barat,provinsi,2024,Komponen pembangunan TIK,fixed_telephone_norm,"Telepon tetap per 100 penduduk, ternormalisasi",1.26,poin 0–10,,,,,id_34_papua_aggregated_2023_2024,bps_iptik_normalized_components_province_2023_2024
ID-0002489,61,Kalimantan Barat,provinsi,2024,Komponen pembangunan TIK,household_computer_norm,"Rumah tangga dengan komputer, ternormalisasi",1.65,poin 0–10,,,,,id_34_papua_aggregated_2023_2024,bps_iptik_normalized_components_province_2023_2024
ID-0002490,61,Kalimantan Barat,provinsi,2024,Komponen pembangunan TIK,household_internet_norm,"Rumah tangga dengan internet, ternormalisasi",9.27,poin 0–10,,,,,id_34_papua_aggregated_2023_2024,bps_iptik_normalized_components_province_2023_2024
ID-0002491,61,Kalimantan Barat,provinsi,2024,Komponen pembangunan TIK,individual_internet_norm,"Individu pengguna internet, ternormalisasi",7.16,poin 0–10,,,,,id_34_papua_aggregated_2023_2024,bps_iptik_normalized_components_province_2023_2024
ID-0002492,61,Kalimantan Barat,provinsi,2024,Komponen pembangunan TIK,international_bandwidth_norm,"Bandwidth internet internasional per pengguna, ternormalisasi",8.47,poin 0–10,,,,,id_34_papua_aggregated_2023_2024,bps_iptik_normalized_components_province_2023_2024
ID-0002493,61,Kalimantan Barat,provinsi,2024,Komponen pembangunan TIK,mean_years_school_norm,"Rata-rata lama sekolah, ternormalisasi",5.52,poin 0–10,,,,,id_34_papua_aggregated_2023_2024,bps_iptik_normalized_components_province_2023_2024
ID-0002494,61,Kalimantan Barat,provinsi,2024,Komponen pembangunan TIK,mobile_broadband_norm,"Broadband seluler per 100 penduduk, ternormalisasi",10,poin 0–10,,,,,id_34_papua_aggregated_2023_2024,bps_iptik_normalized_components_province_2023_2024
ID-0002495,61,Kalimantan Barat,provinsi,2024,Komponen pembangunan TIK,mobile_cellular_norm,"Telepon seluler per 100 penduduk, ternormalisasi",9.35,poin 0–10,,,,,id_34_papua_aggregated_2023_2024,bps_iptik_normalized_components_province_2023_2024
ID-0002496,61,Kalimantan Barat,provinsi,2024,Komponen pembangunan TIK,secondary_enrolment_norm,"Partisipasi pendidikan sekunder, ternormalisasi",8.52,poin 0–10,,,,,id_34_papua_aggregated_2023_2024,bps_iptik_normalized_components_province_2023_2024
ID-0002497,61,Kalimantan Barat,provinsi,2024,Komponen pembangunan TIK,tertiary_enrolment_norm,"Partisipasi pendidikan tinggi, ternormalisasi",2.48,poin 0–10,,,,,id_34_papua_aggregated_2023_2024,bps_iptik_normalized_components_province_2023_2024
ID-0002498,61,Kalimantan Barat,provinsi,2024,Pemanfaatan internet,percentage_users,Tujuan penggunaan internet,10.92,% pengguna internet,area,rural,category,buy_goods_services,id_38_2024,bps_internet_purpose
ID-0002499,61,Kalimantan Barat,provinsi,2024,Pemanfaatan internet,percentage_users,Tujuan penggunaan internet,2.4,% pengguna internet,area,rural,category,digital_content_creation,id_38_2024,bps_internet_purpose
ID-0002500,61,Kalimantan Barat,provinsi,2024,Pemanfaatan internet,percentage_users,Tujuan penggunaan internet,4.83,% pengguna internet,area,rural,category,email,id_38_2024,bps_internet_purpose
ID-0002501,61,Kalimantan Barat,provinsi,2024,Pemanfaatan internet,percentage_users,Tujuan penggunaan internet,84.1,% pengguna internet,area,rural,category,entertainment,id_38_2024,bps_internet_purpose
ID-0002502,61,Kalimantan Barat,provinsi,2024,Pemanfaatan internet,percentage_users,Tujuan penggunaan internet,2.49,% pengguna internet,area,rural,category,financial_services,id_38_2024,bps_internet_purpose
ID-0002503,61,Kalimantan Barat,provinsi,2024,Pemanfaatan internet,percentage_users,Tujuan penggunaan internet,17.63,% pengguna internet,area,rural,category,goods_services_information,id_38_2024,bps_internet_purpose
ID-0002504,61,Kalimantan Barat,provinsi,2024,Pemanfaatan internet,percentage_users,Tujuan penggunaan internet,74.93,% pengguna internet,area,rural,category,news_information,id_38_2024,bps_internet_purpose
ID-0002505,61,Kalimantan Barat,provinsi,2024,Pemanfaatan internet,percentage_users,Tujuan penggunaan internet,5.99,% pengguna internet,area,rural,category,online_learning,id_38_2024,bps_internet_purpose
ID-0002506,61,Kalimantan Barat,provinsi,2024,Pemanfaatan internet,percentage_users,Tujuan penggunaan internet,3.97,% pengguna internet,area,rural,category,other,id_38_2024,bps_internet_purpose
ID-0002507,61,Kalimantan Barat,provinsi,2024,Pemanfaatan internet,percentage_users,Tujuan penggunaan internet,1.96,% pengguna internet,area,rural,category,sell_goods_services,id_38_2024,bps_internet_purpose
ID-0002508,61,Kalimantan Barat,provinsi,2024,Pemanfaatan internet,percentage_users,Tujuan penggunaan internet,74.65,% pengguna internet,area,rural,category,social_media,id_38_2024,bps_internet_purpose
ID-0002509,61,Kalimantan Barat,provinsi,2024,Pemanfaatan internet,percentage_users,Tujuan penggunaan internet,0.53,% pengguna internet,area,rural,category,work_from_home,id_38_2024,bps_internet_purpose
ID-0002510,61,Kalimantan Barat,provinsi,2024,Pemanfaatan internet,percentage_users,Tujuan penggunaan internet,16.85,% pengguna internet,area,total,category,buy_goods_services,id_38_2024,bps_internet_purpose
ID-0002511,61,Kalimantan Barat,provinsi,2024,Pemanfaatan internet,percentage_users,Tujuan penggunaan internet,2.74,% pengguna internet,area,total,category,digital_content_creation,id_38_2024,bps_internet_purpose
ID-0002512,61,Kalimantan Barat,provinsi,2024,Pemanfaatan internet,percentage_users,Tujuan penggunaan internet,7.76,% pengguna internet,area,total,category,email,id_38_2024,bps_internet_purpose
ID-0002513,61,Kalimantan Barat,provinsi,2024,Pemanfaatan internet,percentage_users,Tujuan penggunaan internet,86.24,% pengguna internet,area,total,category,entertainment,id_38_2024,bps_internet_purpose
ID-0002514,61,Kalimantan Barat,provinsi,2024,Pemanfaatan internet,percentage_users,Tujuan penggunaan internet,6.89,% pengguna internet,area,total,category,financial_services,id_38_2024,bps_internet_purpose
ID-0002515,61,Kalimantan Barat,provinsi,2024,Pemanfaatan internet,percentage_users,Tujuan penggunaan internet,23.45,% pengguna internet,area,total,category,goods_services_information,id_38_2024,bps_internet_purpose
ID-0002516,61,Kalimantan Barat,provinsi,2024,Pemanfaatan internet,percentage_users,Tujuan penggunaan internet,76.53,% pengguna internet,area,total,category,news_information,id_38_2024,bps_internet_purpose
ID-0002517,61,Kalimantan Barat,provinsi,2024,Pemanfaatan internet,percentage_users,Tujuan penggunaan internet,7.48,% pengguna internet,area,total,category,online_learning,id_38_2024,bps_internet_purpose
ID-0002518,61,Kalimantan Barat,provinsi,2024,Pemanfaatan internet,percentage_users,Tujuan penggunaan internet,4.55,% pengguna internet,area,total,category,other,id_38_2024,bps_internet_purpose
ID-0002519,61,Kalimantan Barat,provinsi,2024,Pemanfaatan internet,percentage_users,Tujuan penggunaan internet,3.06,% pengguna internet,area,total,category,sell_goods_services,id_38_2024,bps_internet_purpose
ID-0002520,61,Kalimantan Barat,provinsi,2024,Pemanfaatan internet,percentage_users,Tujuan penggunaan internet,77.92,% pengguna internet,area,total,category,social_media,id_38_2024,bps_internet_purpose
ID-0002521,61,Kalimantan Barat,provinsi,2024,Pemanfaatan internet,percentage_users,Tujuan penggunaan internet,1.06,% pengguna internet,area,total,category,work_from_home,id_38_2024,bps_internet_purpose
ID-0002522,61,Kalimantan Barat,provinsi,2024,Pemanfaatan internet,percentage_users,Tujuan penggunaan internet,24.19,% pengguna internet,area,urban,category,buy_goods_services,id_38_2024,bps_internet_purpose
ID-0002523,61,Kalimantan Barat,provinsi,2024,Pemanfaatan internet,percentage_users,Tujuan penggunaan internet,3.17,% pengguna internet,area,urban,category,digital_content_creation,id_38_2024,bps_internet_purpose
ID-0002524,61,Kalimantan Barat,provinsi,2024,Pemanfaatan internet,percentage_users,Tujuan penggunaan internet,11.38,% pengguna internet,area,urban,category,email,id_38_2024,bps_internet_purpose
ID-0002525,61,Kalimantan Barat,provinsi,2024,Pemanfaatan internet,percentage_users,Tujuan penggunaan internet,88.88,% pengguna internet,area,urban,category,entertainment,id_38_2024,bps_internet_purpose
ID-0002526,61,Kalimantan Barat,provinsi,2024,Pemanfaatan internet,percentage_users,Tujuan penggunaan internet,12.32,% pengguna internet,area,urban,category,financial_services,id_38_2024,bps_internet_purpose
ID-0002527,61,Kalimantan Barat,provinsi,2024,Pemanfaatan internet,percentage_users,Tujuan penggunaan internet,30.63,% pengguna internet,area,urban,category,goods_services_information,id_38_2024,bps_internet_purpose
ID-0002528,61,Kalimantan Barat,provinsi,2024,Pemanfaatan internet,percentage_users,Tujuan penggunaan internet,78.51,% pengguna internet,area,urban,category,news_information,id_38_2024,bps_internet_purpose
ID-0002529,61,Kalimantan Barat,provinsi,2024,Pemanfaatan internet,percentage_users,Tujuan penggunaan internet,9.32,% pengguna internet,area,urban,category,online_learning,id_38_2024,bps_internet_purpose
ID-0002530,61,Kalimantan Barat,provinsi,2024,Pemanfaatan internet,percentage_users,Tujuan penggunaan internet,5.27,% pengguna internet,area,urban,category,other,id_38_2024,bps_internet_purpose
ID-0002531,61,Kalimantan Barat,provinsi,2024,Pemanfaatan internet,percentage_users,Tujuan penggunaan internet,4.42,% pengguna internet,area,urban,category,sell_goods_services,id_38_2024,bps_internet_purpose
ID-0002532,61,Kalimantan Barat,provinsi,2024,Pemanfaatan internet,percentage_users,Tujuan penggunaan internet,81.97,% pengguna internet,area,urban,category,social_media,id_38_2024,bps_internet_purpose
ID-0002533,61,Kalimantan Barat,provinsi,2024,Pemanfaatan internet,percentage_users,Tujuan penggunaan internet,1.7,% pengguna internet,area,urban,category,work_from_home,id_38_2024,bps_internet_purpose
ID-0002534,61,Kalimantan Barat,provinsi,2024,Pembangunan TIK,access_infrastructure_subindex,Subindeks akses dan infrastruktur TIK,6,poin 0–10,,,,,id_34_papua_aggregated_2023_2024,bps_iptik_province_2023_2024
ID-0002535,61,Kalimantan Barat,provinsi,2024,Pembangunan TIK,ict_development_index,Indeks Pembangunan TIK,5.9,poin 0–10,,,,,id_34_papua_aggregated_2023_2024,bps_iptik_province_2023_2024
ID-0002536,61,Kalimantan Barat,provinsi,2024,Pembangunan TIK,skills_proxy_subindex,Subindeks proksi keahlian TIK,5.51,poin 0–10,,,,,id_34_papua_aggregated_2023_2024,bps_iptik_province_2023_2024
ID-0002537,61,Kalimantan Barat,provinsi,2024,Pembangunan TIK,use_subindex,Subindeks penggunaan TIK,5.99,poin 0–10,,,,,id_34_papua_aggregated_2023_2024,bps_iptik_province_2023_2024
ID-0002538,61,Kalimantan Barat,provinsi,2024,Perangkat akses,percentage_users,Perangkat yang digunakan untuk mengakses internet,0.7,% pengguna internet,area,rural,category,desktop,id_38_2024,bps_access_device
ID-0002539,61,Kalimantan Barat,provinsi,2024,Perangkat akses,percentage_users,Perangkat yang digunakan untuk mengakses internet,3.72,% pengguna internet,area,rural,category,laptop_tablet,id_38_2024,bps_access_device
ID-0002540,61,Kalimantan Barat,provinsi,2024,Perangkat akses,percentage_users,Perangkat yang digunakan untuk mengakses internet,99.49,% pengguna internet,area,rural,category,mobile,id_38_2024,bps_access_device
ID-0002541,61,Kalimantan Barat,provinsi,2024,Perangkat akses,percentage_users,Perangkat yang digunakan untuk mengakses internet,0.09,% pengguna internet,area,rural,category,other,id_38_2024,bps_access_device
ID-0002542,61,Kalimantan Barat,provinsi,2024,Perangkat akses,percentage_users,Perangkat yang digunakan untuk mengakses internet,1.84,% pengguna internet,area,total,category,desktop,id_38_2024,bps_access_device
ID-0002543,61,Kalimantan Barat,provinsi,2024,Perangkat akses,percentage_users,Perangkat yang digunakan untuk mengakses internet,7.64,% pengguna internet,area,total,category,laptop_tablet,id_38_2024,bps_access_device
ID-0002544,61,Kalimantan Barat,provinsi,2024,Perangkat akses,percentage_users,Perangkat yang digunakan untuk mengakses internet,99.38,% pengguna internet,area,total,category,mobile,id_38_2024,bps_access_device
ID-0002545,61,Kalimantan Barat,provinsi,2024,Perangkat akses,percentage_users,Perangkat yang digunakan untuk mengakses internet,0.08,% pengguna internet,area,total,category,other,id_38_2024,bps_access_device
ID-0002546,61,Kalimantan Barat,provinsi,2024,Perangkat akses,percentage_users,Perangkat yang digunakan untuk mengakses internet,3.25,% pengguna internet,area,urban,category,desktop,id_38_2024,bps_access_device
ID-0002547,61,Kalimantan Barat,provinsi,2024,Perangkat akses,percentage_users,Perangkat yang digunakan untuk mengakses internet,12.49,% pengguna internet,area,urban,category,laptop_tablet,id_38_2024,bps_access_device
ID-0002548,61,Kalimantan Barat,provinsi,2024,Perangkat akses,percentage_users,Perangkat yang digunakan untuk mengakses internet,99.24,% pengguna internet,area,urban,category,mobile,id_38_2024,bps_access_device
ID-0002549,61,Kalimantan Barat,provinsi,2024,Perangkat akses,percentage_users,Perangkat yang digunakan untuk mengakses internet,0.06,% pengguna internet,area,urban,category,other,id_38_2024,bps_access_device
ID-0002550,62,Kalimantan Tengah,provinsi,2017,Akses internet,internet_access_pct,Akses internet penduduk usia 5 tahun ke atas,19.95,% penduduk dalam kelompok,area,rural,,,id_34_pre_split,bps_internet_access_history_province_2017_2024
ID-0002551,62,Kalimantan Tengah,provinsi,2017,Akses internet,internet_access_pct,Akses internet penduduk usia 5 tahun ke atas,29.35,% penduduk dalam kelompok,area,total,,,id_34_pre_split,bps_internet_access_history_province_2017_2024
ID-0002552,62,Kalimantan Tengah,provinsi,2017,Akses internet,internet_access_pct,Akses internet penduduk usia 5 tahun ke atas,46.07,% penduduk dalam kelompok,area,urban,,,id_34_pre_split,bps_internet_access_history_province_2017_2024
ID-0002553,62,Kalimantan Tengah,provinsi,2018,Akses internet,internet_access_pct,Akses internet penduduk usia 5 tahun ke atas,27.67,% penduduk dalam kelompok,area,rural,,,id_34_pre_split,bps_internet_access_history_province_2017_2024
ID-0002554,62,Kalimantan Tengah,provinsi,2018,Akses internet,internet_access_pct,Akses internet penduduk usia 5 tahun ke atas,36.17,% penduduk dalam kelompok,area,total,,,id_34_pre_split,bps_internet_access_history_province_2017_2024
ID-0002555,62,Kalimantan Tengah,provinsi,2018,Akses internet,internet_access_pct,Akses internet penduduk usia 5 tahun ke atas,49.67,% penduduk dalam kelompok,area,urban,,,id_34_pre_split,bps_internet_access_history_province_2017_2024
ID-0002556,62,Kalimantan Tengah,provinsi,2018,Kesenjangan gender,internet_access_pct,Akses internet penduduk usia 5 tahun ke atas menurut gender,34.15,% penduduk dalam kelompok,sex,female,,,id_34_pre_split,bps_internet_gender_history_province_2018_2024
ID-0002557,62,Kalimantan Tengah,provinsi,2018,Kesenjangan gender,internet_access_pct,Akses internet penduduk usia 5 tahun ke atas menurut gender,38.01,% penduduk dalam kelompok,sex,male,,,id_34_pre_split,bps_internet_gender_history_province_2018_2024
ID-0002558,62,Kalimantan Tengah,provinsi,2019,Akses internet,internet_access_pct,Akses internet penduduk usia 5 tahun ke atas,36.95,% penduduk dalam kelompok,area,rural,,,id_34_pre_split,bps_internet_access_history_province_2017_2024
ID-0002559,62,Kalimantan Tengah,provinsi,2019,Akses internet,internet_access_pct,Akses internet penduduk usia 5 tahun ke atas,46.73,% penduduk dalam kelompok,area,total,,,id_34_pre_split,bps_internet_access_history_province_2017_2024
ID-0002560,62,Kalimantan Tengah,provinsi,2019,Akses internet,internet_access_pct,Akses internet penduduk usia 5 tahun ke atas,61.21,% penduduk dalam kelompok,area,urban,,,id_34_pre_split,bps_internet_access_history_province_2017_2024
ID-0002561,62,Kalimantan Tengah,provinsi,2019,Kesenjangan gender,internet_access_pct,Akses internet penduduk usia 5 tahun ke atas menurut gender,43.42,% penduduk dalam kelompok,sex,female,,,id_34_pre_split,bps_internet_gender_history_province_2018_2024
ID-0002562,62,Kalimantan Tengah,provinsi,2019,Kesenjangan gender,internet_access_pct,Akses internet penduduk usia 5 tahun ke atas menurut gender,49.72,% penduduk dalam kelompok,sex,male,,,id_34_pre_split,bps_internet_gender_history_province_2018_2024
ID-0002563,62,Kalimantan Tengah,provinsi,2020,Akses internet,internet_access_pct,Akses internet penduduk usia 5 tahun ke atas,41.04,% penduduk dalam kelompok,area,rural,,,id_34_pre_split,bps_internet_access_history_province_2017_2024
ID-0002564,62,Kalimantan Tengah,provinsi,2020,Akses internet,internet_access_pct,Akses internet penduduk usia 5 tahun ke atas,51.18,% penduduk dalam kelompok,area,total,,,id_34_pre_split,bps_internet_access_history_province_2017_2024
ID-0002565,62,Kalimantan Tengah,provinsi,2020,Akses internet,internet_access_pct,Akses internet penduduk usia 5 tahun ke atas,66.22,% penduduk dalam kelompok,area,urban,,,id_34_pre_split,bps_internet_access_history_province_2017_2024
ID-0002566,62,Kalimantan Tengah,provinsi,2020,Kesenjangan gender,internet_access_pct,Akses internet penduduk usia 5 tahun ke atas menurut gender,48.21,% penduduk dalam kelompok,sex,female,,,id_34_pre_split,bps_internet_gender_history_province_2018_2024
ID-0002567,62,Kalimantan Tengah,provinsi,2020,Kesenjangan gender,internet_access_pct,Akses internet penduduk usia 5 tahun ke atas menurut gender,53.88,% penduduk dalam kelompok,sex,male,,,id_34_pre_split,bps_internet_gender_history_province_2018_2024
ID-0002568,62,Kalimantan Tengah,provinsi,2021,Akses internet,internet_access_pct,Akses internet penduduk usia 5 tahun ke atas,51.06,% penduduk dalam kelompok,area,rural,,,id_34_pre_split,bps_internet_access_history_province_2017_2024
ID-0002569,62,Kalimantan Tengah,provinsi,2021,Akses internet,internet_access_pct,Akses internet penduduk usia 5 tahun ke atas,59.97,% penduduk dalam kelompok,area,total,,,id_34_pre_split,bps_internet_access_history_province_2017_2024
ID-0002570,62,Kalimantan Tengah,provinsi,2021,Akses internet,internet_access_pct,Akses internet penduduk usia 5 tahun ke atas,72.55,% penduduk dalam kelompok,area,urban,,,id_34_pre_split,bps_internet_access_history_province_2017_2024
ID-0002571,62,Kalimantan Tengah,provinsi,2021,Akses rumah tangga,household_internet_pct,Rumah tangga dengan akses internet,73.57,% rumah tangga dalam klasifikasi daerah,area,rural,,,id_34_pre_split,bps_household_internet
ID-0002572,62,Kalimantan Tengah,provinsi,2021,Akses rumah tangga,household_internet_pct,Rumah tangga dengan akses internet,80.27,% rumah tangga dalam klasifikasi daerah,area,total,,,id_34_pre_split,bps_household_internet
ID-0002573,62,Kalimantan Tengah,provinsi,2021,Akses rumah tangga,household_internet_pct,Rumah tangga dengan akses internet,89.94,% rumah tangga dalam klasifikasi daerah,area,urban,,,id_34_pre_split,bps_household_internet
ID-0002574,62,Kalimantan Tengah,provinsi,2021,Kesenjangan gender,internet_access_pct,Akses internet penduduk usia 5 tahun ke atas menurut gender,56.72,% penduduk dalam kelompok,sex,female,,,id_34_pre_split,bps_internet_gender_history_province_2018_2024
ID-0002575,62,Kalimantan Tengah,provinsi,2021,Kesenjangan gender,internet_access_pct,Akses internet penduduk usia 5 tahun ke atas menurut gender,62.98,% penduduk dalam kelompok,sex,male,,,id_34_pre_split,bps_internet_gender_history_province_2018_2024
ID-0002576,62,Kalimantan Tengah,provinsi,2021,Literasi digital,digital_literacy_index,Indeks Literasi Digital Kominfo,3.52,poin 1–5,,,,,id_34_pre_split,kominfo_digital_literacy_province_2021
ID-0002577,62,Kalimantan Tengah,provinsi,2022,Akses internet,internet_access_pct,Akses internet penduduk usia 5 tahun ke atas,57.58,% penduduk dalam kelompok,area,rural,,,id_34_pre_split,bps_internet_access_history_province_2017_2024
ID-0002578,62,Kalimantan Tengah,provinsi,2022,Akses internet,internet_access_pct,Akses internet penduduk usia 5 tahun ke atas,65.79,% penduduk dalam kelompok,area,total,,,id_34_pre_split,bps_internet_access_history_province_2017_2024
ID-0002579,62,Kalimantan Tengah,provinsi,2022,Akses internet,internet_access_pct,Akses internet penduduk usia 5 tahun ke atas,77.3,% penduduk dalam kelompok,area,urban,,,id_34_pre_split,bps_internet_access_history_province_2017_2024
ID-0002580,62,Kalimantan Tengah,provinsi,2022,Akses rumah tangga,household_internet_pct,Rumah tangga dengan akses internet,79.05,% rumah tangga dalam klasifikasi daerah,area,rural,,,id_34_pre_split,bps_household_internet
ID-0002581,62,Kalimantan Tengah,provinsi,2022,Akses rumah tangga,household_internet_pct,Rumah tangga dengan akses internet,84.76,% rumah tangga dalam klasifikasi daerah,area,total,,,id_34_pre_split,bps_household_internet
ID-0002582,62,Kalimantan Tengah,provinsi,2022,Akses rumah tangga,household_internet_pct,Rumah tangga dengan akses internet,92.91,% rumah tangga dalam klasifikasi daerah,area,urban,,,id_34_pre_split,bps_household_internet
ID-0002583,62,Kalimantan Tengah,provinsi,2022,Kesenjangan gender,internet_access_pct,Akses internet penduduk usia 5 tahun ke atas menurut gender,63.12,% penduduk dalam kelompok,sex,female,,,id_34_pre_split,bps_internet_gender_history_province_2018_2024
ID-0002584,62,Kalimantan Tengah,provinsi,2022,Kesenjangan gender,internet_access_pct,Akses internet penduduk usia 5 tahun ke atas menurut gender,68.26,% penduduk dalam kelompok,sex,male,,,id_34_pre_split,bps_internet_gender_history_province_2018_2024
ID-0002585,62,Kalimantan Tengah,provinsi,2023,Akses internet,internet_access_pct,Akses internet penduduk usia 5 tahun ke atas,64,% penduduk dalam kelompok,area,rural,,,id_34_pre_split,bps_internet_access_history_province_2017_2024
ID-0002586,62,Kalimantan Tengah,provinsi,2023,Akses internet,internet_access_pct,Akses internet penduduk usia 5 tahun ke atas,71.34,% penduduk dalam kelompok,area,total,,,id_34_pre_split,bps_internet_access_history_province_2017_2024
ID-0002587,62,Kalimantan Tengah,provinsi,2023,Akses internet,internet_access_pct,Akses internet penduduk usia 5 tahun ke atas,81.08,% penduduk dalam kelompok,area,urban,,,id_34_pre_split,bps_internet_access_history_province_2017_2024
ID-0002588,62,Kalimantan Tengah,provinsi,2023,Akses rumah tangga,household_internet_pct,Rumah tangga dengan akses internet,84.5,% rumah tangga dalam klasifikasi daerah,area,rural,,,id_34_pre_split,bps_household_internet
ID-0002589,62,Kalimantan Tengah,provinsi,2023,Akses rumah tangga,household_internet_pct,Rumah tangga dengan akses internet,88.27,% rumah tangga dalam klasifikasi daerah,area,total,,,id_34_pre_split,bps_household_internet
ID-0002590,62,Kalimantan Tengah,provinsi,2023,Akses rumah tangga,household_internet_pct,Rumah tangga dengan akses internet,93.14,% rumah tangga dalam klasifikasi daerah,area,urban,,,id_34_pre_split,bps_household_internet
ID-0002591,62,Kalimantan Tengah,provinsi,2023,Kesenjangan gender,internet_access_pct,Akses internet penduduk usia 5 tahun ke atas menurut gender,68.75,% penduduk dalam kelompok,sex,female,,,id_34_pre_split,bps_internet_gender_history_province_2018_2024
ID-0002592,62,Kalimantan Tengah,provinsi,2023,Kesenjangan gender,internet_access_pct,Akses internet penduduk usia 5 tahun ke atas menurut gender,73.77,% penduduk dalam kelompok,sex,male,,,id_34_pre_split,bps_internet_gender_history_province_2018_2024
ID-0002593,62,Kalimantan Tengah,provinsi,2023,Komponen pembangunan TIK,fixed_broadband_norm,"Broadband tetap per 100 penduduk, ternormalisasi",0.84,poin 0–10,,,,,id_34_papua_aggregated_2023_2024,bps_iptik_normalized_components_province_2023_2024
ID-0002594,62,Kalimantan Tengah,provinsi,2023,Komponen pembangunan TIK,fixed_telephone_norm,"Telepon tetap per 100 penduduk, ternormalisasi",0.84,poin 0–10,,,,,id_34_papua_aggregated_2023_2024,bps_iptik_normalized_components_province_2023_2024
ID-0002595,62,Kalimantan Tengah,provinsi,2023,Komponen pembangunan TIK,household_computer_norm,"Rumah tangga dengan komputer, ternormalisasi",1.91,poin 0–10,,,,,id_34_papua_aggregated_2023_2024,bps_iptik_normalized_components_province_2023_2024
ID-0002596,62,Kalimantan Tengah,provinsi,2023,Komponen pembangunan TIK,household_internet_norm,"Rumah tangga dengan internet, ternormalisasi",8.83,poin 0–10,,,,,id_34_papua_aggregated_2023_2024,bps_iptik_normalized_components_province_2023_2024
ID-0002597,62,Kalimantan Tengah,provinsi,2023,Komponen pembangunan TIK,individual_internet_norm,"Individu pengguna internet, ternormalisasi",7.13,poin 0–10,,,,,id_34_papua_aggregated_2023_2024,bps_iptik_normalized_components_province_2023_2024
ID-0002598,62,Kalimantan Tengah,provinsi,2023,Komponen pembangunan TIK,international_bandwidth_norm,"Bandwidth internet internasional per pengguna, ternormalisasi",7.95,poin 0–10,,,,,id_34_papua_aggregated_2023_2024,bps_iptik_normalized_components_province_2023_2024
ID-0002599,62,Kalimantan Tengah,provinsi,2023,Komponen pembangunan TIK,mean_years_school_norm,"Rata-rata lama sekolah, ternormalisasi",6.05,poin 0–10,,,,,id_34_papua_aggregated_2023_2024,bps_iptik_normalized_components_province_2023_2024
ID-0002600,62,Kalimantan Tengah,provinsi,2023,Komponen pembangunan TIK,mobile_broadband_norm,"Broadband seluler per 100 penduduk, ternormalisasi",10,poin 0–10,,,,,id_34_papua_aggregated_2023_2024,bps_iptik_normalized_components_province_2023_2024
ID-0002601,62,Kalimantan Tengah,provinsi,2023,Komponen pembangunan TIK,mobile_cellular_norm,"Telepon seluler per 100 penduduk, ternormalisasi",10,poin 0–10,,,,,id_34_papua_aggregated_2023_2024,bps_iptik_normalized_components_province_2023_2024
ID-0002602,62,Kalimantan Tengah,provinsi,2023,Komponen pembangunan TIK,secondary_enrolment_norm,"Partisipasi pendidikan sekunder, ternormalisasi",8.69,poin 0–10,,,,,id_34_papua_aggregated_2023_2024,bps_iptik_normalized_components_province_2023_2024
ID-0002603,62,Kalimantan Tengah,provinsi,2023,Komponen pembangunan TIK,tertiary_enrolment_norm,"Partisipasi pendidikan tinggi, ternormalisasi",2.66,poin 0–10,,,,,id_34_papua_aggregated_2023_2024,bps_iptik_normalized_components_province_2023_2024
ID-0002604,62,Kalimantan Tengah,provinsi,2023,Pembangunan TIK,access_infrastructure_subindex,Subindeks akses dan infrastruktur TIK,5.91,poin 0–10,,,,,id_34_papua_aggregated_2023_2024,bps_iptik_province_2023_2024
ID-0002605,62,Kalimantan Tengah,provinsi,2023,Pembangunan TIK,ict_development_index,Indeks Pembangunan TIK,5.92,poin 0–10,,,,,id_34_papua_aggregated_2023_2024,bps_iptik_province_2023_2024
ID-0002606,62,Kalimantan Tengah,provinsi,2023,Pembangunan TIK,skills_proxy_subindex,Subindeks proksi keahlian TIK,5.8,poin 0–10,,,,,id_34_papua_aggregated_2023_2024,bps_iptik_province_2023_2024
ID-0002607,62,Kalimantan Tengah,provinsi,2023,Pembangunan TIK,use_subindex,Subindeks penggunaan TIK,5.99,poin 0–10,,,,,id_34_papua_aggregated_2023_2024,bps_iptik_province_2023_2024
ID-0002608,62,Kalimantan Tengah,provinsi,2024,Akses internet,internet_access_pct,Akses internet penduduk usia 5 tahun ke atas,68.19,% penduduk dalam kelompok,area,rural,,,id_38_2024,bps_internet_access_history_province_2017_2024
ID-0002609,62,Kalimantan Tengah,provinsi,2024,Akses internet,internet_access_pct,Akses internet penduduk usia 5 tahun ke atas,75.23,% penduduk dalam kelompok,area,total,,,id_38_2024,bps_internet_access_history_province_2017_2024
ID-0002610,62,Kalimantan Tengah,provinsi,2024,Akses internet,internet_access_pct,Akses internet penduduk usia 5 tahun ke atas,84.29,% penduduk dalam kelompok,area,urban,,,id_38_2024,bps_internet_access_history_province_2017_2024
ID-0002611,62,Kalimantan Tengah,provinsi,2024,Akses rumah tangga,household_internet_pct,Rumah tangga dengan akses internet,88.79,% rumah tangga dalam klasifikasi daerah,area,rural,,,id_38_2024,bps_household_internet
ID-0002612,62,Kalimantan Tengah,provinsi,2024,Akses rumah tangga,household_internet_pct,Rumah tangga dengan akses internet,92.13,% rumah tangga dalam klasifikasi daerah,area,total,,,id_38_2024,bps_household_internet
ID-0002613,62,Kalimantan Tengah,provinsi,2024,Akses rumah tangga,household_internet_pct,Rumah tangga dengan akses internet,96.46,% rumah tangga dalam klasifikasi daerah,area,urban,,,id_38_2024,bps_household_internet
ID-0002614,62,Kalimantan Tengah,provinsi,2024,Kesenjangan gender,internet_access_pct,Akses internet penduduk usia 5 tahun ke atas menurut gender,72.16,% penduduk dalam kelompok,sex,female,,,id_38_2024,bps_internet_gender_history_province_2018_2024
ID-0002615,62,Kalimantan Tengah,provinsi,2024,Kesenjangan gender,internet_access_pct,Akses internet penduduk usia 5 tahun ke atas menurut gender,78.12,% penduduk dalam kelompok,sex,male,,,id_38_2024,bps_internet_gender_history_province_2018_2024
ID-0002616,62,Kalimantan Tengah,provinsi,2024,Komponen pembangunan TIK,fixed_broadband_norm,"Broadband tetap per 100 penduduk, ternormalisasi",1.04,poin 0–10,,,,,id_34_papua_aggregated_2023_2024,bps_iptik_normalized_components_province_2023_2024
ID-0002617,62,Kalimantan Tengah,provinsi,2024,Komponen pembangunan TIK,fixed_telephone_norm,"Telepon tetap per 100 penduduk, ternormalisasi",0.1,poin 0–10,,,,,id_34_papua_aggregated_2023_2024,bps_iptik_normalized_components_province_2023_2024
ID-0002618,62,Kalimantan Tengah,provinsi,2024,Komponen pembangunan TIK,household_computer_norm,"Rumah tangga dengan komputer, ternormalisasi",1.94,poin 0–10,,,,,id_34_papua_aggregated_2023_2024,bps_iptik_normalized_components_province_2023_2024
ID-0002619,62,Kalimantan Tengah,provinsi,2024,Komponen pembangunan TIK,household_internet_norm,"Rumah tangga dengan internet, ternormalisasi",9.21,poin 0–10,,,,,id_34_papua_aggregated_2023_2024,bps_iptik_normalized_components_province_2023_2024
ID-0002620,62,Kalimantan Tengah,provinsi,2024,Komponen pembangunan TIK,individual_internet_norm,"Individu pengguna internet, ternormalisasi",7.52,poin 0–10,,,,,id_34_papua_aggregated_2023_2024,bps_iptik_normalized_components_province_2023_2024
ID-0002621,62,Kalimantan Tengah,provinsi,2024,Komponen pembangunan TIK,international_bandwidth_norm,"Bandwidth internet internasional per pengguna, ternormalisasi",8.39,poin 0–10,,,,,id_34_papua_aggregated_2023_2024,bps_iptik_normalized_components_province_2023_2024
ID-0002622,62,Kalimantan Tengah,provinsi,2024,Komponen pembangunan TIK,mean_years_school_norm,"Rata-rata lama sekolah, ternormalisasi",6.12,poin 0–10,,,,,id_34_papua_aggregated_2023_2024,bps_iptik_normalized_components_province_2023_2024
ID-0002623,62,Kalimantan Tengah,provinsi,2024,Komponen pembangunan TIK,mobile_broadband_norm,"Broadband seluler per 100 penduduk, ternormalisasi",10,poin 0–10,,,,,id_34_papua_aggregated_2023_2024,bps_iptik_normalized_components_province_2023_2024
ID-0002624,62,Kalimantan Tengah,provinsi,2024,Komponen pembangunan TIK,mobile_cellular_norm,"Telepon seluler per 100 penduduk, ternormalisasi",10,poin 0–10,,,,,id_34_papua_aggregated_2023_2024,bps_iptik_normalized_components_province_2023_2024
ID-0002625,62,Kalimantan Tengah,provinsi,2024,Komponen pembangunan TIK,secondary_enrolment_norm,"Partisipasi pendidikan sekunder, ternormalisasi",8.72,poin 0–10,,,,,id_34_papua_aggregated_2023_2024,bps_iptik_normalized_components_province_2023_2024
ID-0002626,62,Kalimantan Tengah,provinsi,2024,Komponen pembangunan TIK,tertiary_enrolment_norm,"Partisipasi pendidikan tinggi, ternormalisasi",2.73,poin 0–10,,,,,id_34_papua_aggregated_2023_2024,bps_iptik_normalized_components_province_2023_2024
ID-0002627,62,Kalimantan Tengah,provinsi,2024,Pemanfaatan internet,percentage_users,Tujuan penggunaan internet,12.39,% pengguna internet,area,rural,category,buy_goods_services,id_38_2024,bps_internet_purpose
ID-0002628,62,Kalimantan Tengah,provinsi,2024,Pemanfaatan internet,percentage_users,Tujuan penggunaan internet,3.95,% pengguna internet,area,rural,category,digital_content_creation,id_38_2024,bps_internet_purpose
ID-0002629,62,Kalimantan Tengah,provinsi,2024,Pemanfaatan internet,percentage_users,Tujuan penggunaan internet,5.45,% pengguna internet,area,rural,category,email,id_38_2024,bps_internet_purpose
ID-0002630,62,Kalimantan Tengah,provinsi,2024,Pemanfaatan internet,percentage_users,Tujuan penggunaan internet,85.95,% pengguna internet,area,rural,category,entertainment,id_38_2024,bps_internet_purpose
ID-0002631,62,Kalimantan Tengah,provinsi,2024,Pemanfaatan internet,percentage_users,Tujuan penggunaan internet,5.65,% pengguna internet,area,rural,category,financial_services,id_38_2024,bps_internet_purpose
ID-0002632,62,Kalimantan Tengah,provinsi,2024,Pemanfaatan internet,percentage_users,Tujuan penggunaan internet,15.82,% pengguna internet,area,rural,category,goods_services_information,id_38_2024,bps_internet_purpose
ID-0002633,62,Kalimantan Tengah,provinsi,2024,Pemanfaatan internet,percentage_users,Tujuan penggunaan internet,75.41,% pengguna internet,area,rural,category,news_information,id_38_2024,bps_internet_purpose
ID-0002634,62,Kalimantan Tengah,provinsi,2024,Pemanfaatan internet,percentage_users,Tujuan penggunaan internet,7.06,% pengguna internet,area,rural,category,online_learning,id_38_2024,bps_internet_purpose
ID-0002635,62,Kalimantan Tengah,provinsi,2024,Pemanfaatan internet,percentage_users,Tujuan penggunaan internet,7.06,% pengguna internet,area,rural,category,other,id_38_2024,bps_internet_purpose
ID-0002636,62,Kalimantan Tengah,provinsi,2024,Pemanfaatan internet,percentage_users,Tujuan penggunaan internet,3.27,% pengguna internet,area,rural,category,sell_goods_services,id_38_2024,bps_internet_purpose
ID-0002637,62,Kalimantan Tengah,provinsi,2024,Pemanfaatan internet,percentage_users,Tujuan penggunaan internet,72.65,% pengguna internet,area,rural,category,social_media,id_38_2024,bps_internet_purpose
ID-0002638,62,Kalimantan Tengah,provinsi,2024,Pemanfaatan internet,percentage_users,Tujuan penggunaan internet,0.61,% pengguna internet,area,rural,category,work_from_home,id_38_2024,bps_internet_purpose
ID-0002639,62,Kalimantan Tengah,provinsi,2024,Pemanfaatan internet,percentage_users,Tujuan penggunaan internet,17.57,% pengguna internet,area,total,category,buy_goods_services,id_38_2024,bps_internet_purpose
ID-0002640,62,Kalimantan Tengah,provinsi,2024,Pemanfaatan internet,percentage_users,Tujuan penggunaan internet,4.49,% pengguna internet,area,total,category,digital_content_creation,id_38_2024,bps_internet_purpose
ID-0002641,62,Kalimantan Tengah,provinsi,2024,Pemanfaatan internet,percentage_users,Tujuan penggunaan internet,10.47,% pengguna internet,area,total,category,email,id_38_2024,bps_internet_purpose
ID-0002642,62,Kalimantan Tengah,provinsi,2024,Pemanfaatan internet,percentage_users,Tujuan penggunaan internet,87.56,% pengguna internet,area,total,category,entertainment,id_38_2024,bps_internet_purpose
ID-0002643,62,Kalimantan Tengah,provinsi,2024,Pemanfaatan internet,percentage_users,Tujuan penggunaan internet,10.23,% pengguna internet,area,total,category,financial_services,id_38_2024,bps_internet_purpose
ID-0002644,62,Kalimantan Tengah,provinsi,2024,Pemanfaatan internet,percentage_users,Tujuan penggunaan internet,23.05,% pengguna internet,area,total,category,goods_services_information,id_38_2024,bps_internet_purpose
ID-0002645,62,Kalimantan Tengah,provinsi,2024,Pemanfaatan internet,percentage_users,Tujuan penggunaan internet,78.36,% pengguna internet,area,total,category,news_information,id_38_2024,bps_internet_purpose
ID-0002646,62,Kalimantan Tengah,provinsi,2024,Pemanfaatan internet,percentage_users,Tujuan penggunaan internet,7.88,% pengguna internet,area,total,category,online_learning,id_38_2024,bps_internet_purpose
ID-0002647,62,Kalimantan Tengah,provinsi,2024,Pemanfaatan internet,percentage_users,Tujuan penggunaan internet,6.39,% pengguna internet,area,total,category,other,id_38_2024,bps_internet_purpose
ID-0002648,62,Kalimantan Tengah,provinsi,2024,Pemanfaatan internet,percentage_users,Tujuan penggunaan internet,4.65,% pengguna internet,area,total,category,sell_goods_services,id_38_2024,bps_internet_purpose
ID-0002649,62,Kalimantan Tengah,provinsi,2024,Pemanfaatan internet,percentage_users,Tujuan penggunaan internet,76.06,% pengguna internet,area,total,category,social_media,id_38_2024,bps_internet_purpose
ID-0002650,62,Kalimantan Tengah,provinsi,2024,Pemanfaatan internet,percentage_users,Tujuan penggunaan internet,1.33,% pengguna internet,area,total,category,work_from_home,id_38_2024,bps_internet_purpose
ID-0002651,62,Kalimantan Tengah,provinsi,2024,Pemanfaatan internet,percentage_users,Tujuan penggunaan internet,22.96,% pengguna internet,area,urban,category,buy_goods_services,id_38_2024,bps_internet_purpose
ID-0002652,62,Kalimantan Tengah,provinsi,2024,Pemanfaatan internet,percentage_users,Tujuan penggunaan internet,5.04,% pengguna internet,area,urban,category,digital_content_creation,id_38_2024,bps_internet_purpose
ID-0002653,62,Kalimantan Tengah,provinsi,2024,Pemanfaatan internet,percentage_users,Tujuan penggunaan internet,15.71,% pengguna internet,area,urban,category,email,id_38_2024,bps_internet_purpose
ID-0002654,62,Kalimantan Tengah,provinsi,2024,Pemanfaatan internet,percentage_users,Tujuan penggunaan internet,89.24,% pengguna internet,area,urban,category,entertainment,id_38_2024,bps_internet_purpose
ID-0002655,62,Kalimantan Tengah,provinsi,2024,Pemanfaatan internet,percentage_users,Tujuan penggunaan internet,15,% pengguna internet,area,urban,category,financial_services,id_38_2024,bps_internet_purpose
ID-0002656,62,Kalimantan Tengah,provinsi,2024,Pemanfaatan internet,percentage_users,Tujuan penggunaan internet,30.59,% pengguna internet,area,urban,category,goods_services_information,id_38_2024,bps_internet_purpose
ID-0002657,62,Kalimantan Tengah,provinsi,2024,Pemanfaatan internet,percentage_users,Tujuan penggunaan internet,81.43,% pengguna internet,area,urban,category,news_information,id_38_2024,bps_internet_purpose
ID-0002658,62,Kalimantan Tengah,provinsi,2024,Pemanfaatan internet,percentage_users,Tujuan penggunaan internet,8.74,% pengguna internet,area,urban,category,online_learning,id_38_2024,bps_internet_purpose
ID-0002659,62,Kalimantan Tengah,provinsi,2024,Pemanfaatan internet,percentage_users,Tujuan penggunaan internet,5.7,% pengguna internet,area,urban,category,other,id_38_2024,bps_internet_purpose
ID-0002660,62,Kalimantan Tengah,provinsi,2024,Pemanfaatan internet,percentage_users,Tujuan penggunaan internet,6.08,% pengguna internet,area,urban,category,sell_goods_services,id_38_2024,bps_internet_purpose
ID-0002661,62,Kalimantan Tengah,provinsi,2024,Pemanfaatan internet,percentage_users,Tujuan penggunaan internet,79.6,% pengguna internet,area,urban,category,social_media,id_38_2024,bps_internet_purpose
ID-0002662,62,Kalimantan Tengah,provinsi,2024,Pemanfaatan internet,percentage_users,Tujuan penggunaan internet,2.09,% pengguna internet,area,urban,category,work_from_home,id_38_2024,bps_internet_purpose
ID-0002663,62,Kalimantan Tengah,provinsi,2024,Pembangunan TIK,access_infrastructure_subindex,Subindeks akses dan infrastruktur TIK,5.93,poin 0–10,,,,,id_34_papua_aggregated_2023_2024,bps_iptik_province_2023_2024
ID-0002664,62,Kalimantan Tengah,provinsi,2024,Pembangunan TIK,ict_development_index,Indeks Pembangunan TIK,6.02,poin 0–10,,,,,id_34_papua_aggregated_2023_2024,bps_iptik_province_2023_2024
ID-0002665,62,Kalimantan Tengah,provinsi,2024,Pembangunan TIK,skills_proxy_subindex,Subindeks proksi keahlian TIK,5.86,poin 0–10,,,,,id_34_papua_aggregated_2023_2024,bps_iptik_province_2023_2024
ID-0002666,62,Kalimantan Tengah,provinsi,2024,Pembangunan TIK,use_subindex,Subindeks penggunaan TIK,6.19,poin 0–10,,,,,id_34_papua_aggregated_2023_2024,bps_iptik_province_2023_2024
ID-0002667,62,Kalimantan Tengah,provinsi,2024,Perangkat akses,percentage_users,Perangkat yang digunakan untuk mengakses internet,0.59,% pengguna internet,area,rural,category,desktop,id_38_2024,bps_access_device
ID-0002668,62,Kalimantan Tengah,provinsi,2024,Perangkat akses,percentage_users,Perangkat yang digunakan untuk mengakses internet,4.45,% pengguna internet,area,rural,category,laptop_tablet,id_38_2024,bps_access_device
ID-0002669,62,Kalimantan Tengah,provinsi,2024,Perangkat akses,percentage_users,Perangkat yang digunakan untuk mengakses internet,99.45,% pengguna internet,area,rural,category,mobile,id_38_2024,bps_access_device
ID-0002670,62,Kalimantan Tengah,provinsi,2024,Perangkat akses,percentage_users,Perangkat yang digunakan untuk mengakses internet,0.2,% pengguna internet,area,rural,category,other,id_38_2024,bps_access_device
ID-0002671,62,Kalimantan Tengah,provinsi,2024,Perangkat akses,percentage_users,Perangkat yang digunakan untuk mengakses internet,1.78,% pengguna internet,area,total,category,desktop,id_38_2024,bps_access_device
ID-0002672,62,Kalimantan Tengah,provinsi,2024,Perangkat akses,percentage_users,Perangkat yang digunakan untuk mengakses internet,8.82,% pengguna internet,area,total,category,laptop_tablet,id_38_2024,bps_access_device
ID-0002673,62,Kalimantan Tengah,provinsi,2024,Perangkat akses,percentage_users,Perangkat yang digunakan untuk mengakses internet,99.4,% pengguna internet,area,total,category,mobile,id_38_2024,bps_access_device
ID-0002674,62,Kalimantan Tengah,provinsi,2024,Perangkat akses,percentage_users,Perangkat yang digunakan untuk mengakses internet,0.17,% pengguna internet,area,total,category,other,id_38_2024,bps_access_device
ID-0002675,62,Kalimantan Tengah,provinsi,2024,Perangkat akses,percentage_users,Perangkat yang digunakan untuk mengakses internet,3.02,% pengguna internet,area,urban,category,desktop,id_38_2024,bps_access_device
ID-0002676,62,Kalimantan Tengah,provinsi,2024,Perangkat akses,percentage_users,Perangkat yang digunakan untuk mengakses internet,13.38,% pengguna internet,area,urban,category,laptop_tablet,id_38_2024,bps_access_device
ID-0002677,62,Kalimantan Tengah,provinsi,2024,Perangkat akses,percentage_users,Perangkat yang digunakan untuk mengakses internet,99.35,% pengguna internet,area,urban,category,mobile,id_38_2024,bps_access_device
ID-0002678,62,Kalimantan Tengah,provinsi,2024,Perangkat akses,percentage_users,Perangkat yang digunakan untuk mengakses internet,0.13,% pengguna internet,area,urban,category,other,id_38_2024,bps_access_device
ID-0002679,63,Kalimantan Selatan,provinsi,2017,Akses internet,internet_access_pct,Akses internet penduduk usia 5 tahun ke atas,21.02,% penduduk dalam kelompok,area,rural,,,id_34_pre_split,bps_internet_access_history_province_2017_2024
ID-0002680,63,Kalimantan Selatan,provinsi,2017,Akses internet,internet_access_pct,Akses internet penduduk usia 5 tahun ke atas,31.37,% penduduk dalam kelompok,area,total,,,id_34_pre_split,bps_internet_access_history_province_2017_2024
ID-0002681,63,Kalimantan Selatan,provinsi,2017,Akses internet,internet_access_pct,Akses internet penduduk usia 5 tahun ke atas,44.42,% penduduk dalam kelompok,area,urban,,,id_34_pre_split,bps_internet_access_history_province_2017_2024
ID-0002682,63,Kalimantan Selatan,provinsi,2018,Akses internet,internet_access_pct,Akses internet penduduk usia 5 tahun ke atas,29.92,% penduduk dalam kelompok,area,rural,,,id_34_pre_split,bps_internet_access_history_province_2017_2024
ID-0002683,63,Kalimantan Selatan,provinsi,2018,Akses internet,internet_access_pct,Akses internet penduduk usia 5 tahun ke atas,40.89,% penduduk dalam kelompok,area,total,,,id_34_pre_split,bps_internet_access_history_province_2017_2024
ID-0002684,63,Kalimantan Selatan,provinsi,2018,Akses internet,internet_access_pct,Akses internet penduduk usia 5 tahun ke atas,53.46,% penduduk dalam kelompok,area,urban,,,id_34_pre_split,bps_internet_access_history_province_2017_2024
ID-0002685,63,Kalimantan Selatan,provinsi,2018,Kesenjangan gender,internet_access_pct,Akses internet penduduk usia 5 tahun ke atas menurut gender,37.69,% penduduk dalam kelompok,sex,female,,,id_34_pre_split,bps_internet_gender_history_province_2018_2024
ID-0002686,63,Kalimantan Selatan,provinsi,2018,Kesenjangan gender,internet_access_pct,Akses internet penduduk usia 5 tahun ke atas menurut gender,43.99,% penduduk dalam kelompok,sex,male,,,id_34_pre_split,bps_internet_gender_history_province_2018_2024
ID-0002687,63,Kalimantan Selatan,provinsi,2019,Akses internet,internet_access_pct,Akses internet penduduk usia 5 tahun ke atas,39.04,% penduduk dalam kelompok,area,rural,,,id_34_pre_split,bps_internet_access_history_province_2017_2024
ID-0002688,63,Kalimantan Selatan,provinsi,2019,Akses internet,internet_access_pct,Akses internet penduduk usia 5 tahun ke atas,50.37,% penduduk dalam kelompok,area,total,,,id_34_pre_split,bps_internet_access_history_province_2017_2024
ID-0002689,63,Kalimantan Selatan,provinsi,2019,Akses internet,internet_access_pct,Akses internet penduduk usia 5 tahun ke atas,63.01,% penduduk dalam kelompok,area,urban,,,id_34_pre_split,bps_internet_access_history_province_2017_2024
ID-0002690,63,Kalimantan Selatan,provinsi,2019,Kesenjangan gender,internet_access_pct,Akses internet penduduk usia 5 tahun ke atas menurut gender,47.11,% penduduk dalam kelompok,sex,female,,,id_34_pre_split,bps_internet_gender_history_province_2018_2024
ID-0002691,63,Kalimantan Selatan,provinsi,2019,Kesenjangan gender,internet_access_pct,Akses internet penduduk usia 5 tahun ke atas menurut gender,53.55,% penduduk dalam kelompok,sex,male,,,id_34_pre_split,bps_internet_gender_history_province_2018_2024
ID-0002692,63,Kalimantan Selatan,provinsi,2020,Akses internet,internet_access_pct,Akses internet penduduk usia 5 tahun ke atas,44.41,% penduduk dalam kelompok,area,rural,,,id_34_pre_split,bps_internet_access_history_province_2017_2024
ID-0002693,63,Kalimantan Selatan,provinsi,2020,Akses internet,internet_access_pct,Akses internet penduduk usia 5 tahun ke atas,55.2,% penduduk dalam kelompok,area,total,,,id_34_pre_split,bps_internet_access_history_province_2017_2024
ID-0002694,63,Kalimantan Selatan,provinsi,2020,Akses internet,internet_access_pct,Akses internet penduduk usia 5 tahun ke atas,67.19,% penduduk dalam kelompok,area,urban,,,id_34_pre_split,bps_internet_access_history_province_2017_2024
ID-0002695,63,Kalimantan Selatan,provinsi,2020,Kesenjangan gender,internet_access_pct,Akses internet penduduk usia 5 tahun ke atas menurut gender,51.63,% penduduk dalam kelompok,sex,female,,,id_34_pre_split,bps_internet_gender_history_province_2018_2024
ID-0002696,63,Kalimantan Selatan,provinsi,2020,Kesenjangan gender,internet_access_pct,Akses internet penduduk usia 5 tahun ke atas menurut gender,58.68,% penduduk dalam kelompok,sex,male,,,id_34_pre_split,bps_internet_gender_history_province_2018_2024
ID-0002697,63,Kalimantan Selatan,provinsi,2021,Akses internet,internet_access_pct,Akses internet penduduk usia 5 tahun ke atas,56.47,% penduduk dalam kelompok,area,rural,,,id_34_pre_split,bps_internet_access_history_province_2017_2024
ID-0002698,63,Kalimantan Selatan,provinsi,2021,Akses internet,internet_access_pct,Akses internet penduduk usia 5 tahun ke atas,66.01,% penduduk dalam kelompok,area,total,,,id_34_pre_split,bps_internet_access_history_province_2017_2024
ID-0002699,63,Kalimantan Selatan,provinsi,2021,Akses internet,internet_access_pct,Akses internet penduduk usia 5 tahun ke atas,76.2,% penduduk dalam kelompok,area,urban,,,id_34_pre_split,bps_internet_access_history_province_2017_2024
ID-0002700,63,Kalimantan Selatan,provinsi,2021,Akses rumah tangga,household_internet_pct,Rumah tangga dengan akses internet,77.53,% rumah tangga dalam klasifikasi daerah,area,rural,,,id_34_pre_split,bps_household_internet
ID-0002701,63,Kalimantan Selatan,provinsi,2021,Akses rumah tangga,household_internet_pct,Rumah tangga dengan akses internet,83.11,% rumah tangga dalam klasifikasi daerah,area,total,,,id_34_pre_split,bps_household_internet
ID-0002702,63,Kalimantan Selatan,provinsi,2021,Akses rumah tangga,household_internet_pct,Rumah tangga dengan akses internet,89.21,% rumah tangga dalam klasifikasi daerah,area,urban,,,id_34_pre_split,bps_household_internet
ID-0002703,63,Kalimantan Selatan,provinsi,2021,Kesenjangan gender,internet_access_pct,Akses internet penduduk usia 5 tahun ke atas menurut gender,62.45,% penduduk dalam kelompok,sex,female,,,id_34_pre_split,bps_internet_gender_history_province_2018_2024
ID-0002704,63,Kalimantan Selatan,provinsi,2021,Kesenjangan gender,internet_access_pct,Akses internet penduduk usia 5 tahun ke atas menurut gender,69.51,% penduduk dalam kelompok,sex,male,,,id_34_pre_split,bps_internet_gender_history_province_2018_2024
ID-0002705,63,Kalimantan Selatan,provinsi,2021,Literasi digital,digital_literacy_index,Indeks Literasi Digital Kominfo,3.49,poin 1–5,,,,,id_34_pre_split,kominfo_digital_literacy_province_2021
ID-0002706,63,Kalimantan Selatan,provinsi,2022,Akses internet,internet_access_pct,Akses internet penduduk usia 5 tahun ke atas,63.32,% penduduk dalam kelompok,area,rural,,,id_34_pre_split,bps_internet_access_history_province_2017_2024
ID-0002707,63,Kalimantan Selatan,provinsi,2022,Akses internet,internet_access_pct,Akses internet penduduk usia 5 tahun ke atas,70.26,% penduduk dalam kelompok,area,total,,,id_34_pre_split,bps_internet_access_history_province_2017_2024
ID-0002708,63,Kalimantan Selatan,provinsi,2022,Akses internet,internet_access_pct,Akses internet penduduk usia 5 tahun ke atas,77.36,% penduduk dalam kelompok,area,urban,,,id_34_pre_split,bps_internet_access_history_province_2017_2024
ID-0002709,63,Kalimantan Selatan,provinsi,2022,Akses rumah tangga,household_internet_pct,Rumah tangga dengan akses internet,84.17,% rumah tangga dalam klasifikasi daerah,area,rural,,,id_34_pre_split,bps_household_internet
ID-0002710,63,Kalimantan Selatan,provinsi,2022,Akses rumah tangga,household_internet_pct,Rumah tangga dengan akses internet,87.21,% rumah tangga dalam klasifikasi daerah,area,total,,,id_34_pre_split,bps_household_internet
ID-0002711,63,Kalimantan Selatan,provinsi,2022,Akses rumah tangga,household_internet_pct,Rumah tangga dengan akses internet,90.35,% rumah tangga dalam klasifikasi daerah,area,urban,,,id_34_pre_split,bps_household_internet
ID-0002712,63,Kalimantan Selatan,provinsi,2022,Kesenjangan gender,internet_access_pct,Akses internet penduduk usia 5 tahun ke atas menurut gender,66.69,% penduduk dalam kelompok,sex,female,,,id_34_pre_split,bps_internet_gender_history_province_2018_2024
ID-0002713,63,Kalimantan Selatan,provinsi,2022,Kesenjangan gender,internet_access_pct,Akses internet penduduk usia 5 tahun ke atas menurut gender,73.77,% penduduk dalam kelompok,sex,male,,,id_34_pre_split,bps_internet_gender_history_province_2018_2024
ID-0002714,63,Kalimantan Selatan,provinsi,2023,Akses internet,internet_access_pct,Akses internet penduduk usia 5 tahun ke atas,65.56,% penduduk dalam kelompok,area,rural,,,id_34_pre_split,bps_internet_access_history_province_2017_2024
ID-0002715,63,Kalimantan Selatan,provinsi,2023,Akses internet,internet_access_pct,Akses internet penduduk usia 5 tahun ke atas,72.13,% penduduk dalam kelompok,area,total,,,id_34_pre_split,bps_internet_access_history_province_2017_2024
ID-0002716,63,Kalimantan Selatan,provinsi,2023,Akses internet,internet_access_pct,Akses internet penduduk usia 5 tahun ke atas,78.81,% penduduk dalam kelompok,area,urban,,,id_34_pre_split,bps_internet_access_history_province_2017_2024
ID-0002717,63,Kalimantan Selatan,provinsi,2023,Akses rumah tangga,household_internet_pct,Rumah tangga dengan akses internet,85.15,% rumah tangga dalam klasifikasi daerah,area,rural,,,id_34_pre_split,bps_household_internet
ID-0002718,63,Kalimantan Selatan,provinsi,2023,Akses rumah tangga,household_internet_pct,Rumah tangga dengan akses internet,88.45,% rumah tangga dalam klasifikasi daerah,area,total,,,id_34_pre_split,bps_household_internet
ID-0002719,63,Kalimantan Selatan,provinsi,2023,Akses rumah tangga,household_internet_pct,Rumah tangga dengan akses internet,91.78,% rumah tangga dalam klasifikasi daerah,area,urban,,,id_34_pre_split,bps_household_internet
ID-0002720,63,Kalimantan Selatan,provinsi,2023,Kesenjangan gender,internet_access_pct,Akses internet penduduk usia 5 tahun ke atas menurut gender,69.21,% penduduk dalam kelompok,sex,female,,,id_34_pre_split,bps_internet_gender_history_province_2018_2024
ID-0002721,63,Kalimantan Selatan,provinsi,2023,Kesenjangan gender,internet_access_pct,Akses internet penduduk usia 5 tahun ke atas menurut gender,75.03,% penduduk dalam kelompok,sex,male,,,id_34_pre_split,bps_internet_gender_history_province_2018_2024
ID-0002722,63,Kalimantan Selatan,provinsi,2023,Komponen pembangunan TIK,fixed_broadband_norm,"Broadband tetap per 100 penduduk, ternormalisasi",0.92,poin 0–10,,,,,id_34_papua_aggregated_2023_2024,bps_iptik_normalized_components_province_2023_2024
ID-0002723,63,Kalimantan Selatan,provinsi,2023,Komponen pembangunan TIK,fixed_telephone_norm,"Telepon tetap per 100 penduduk, ternormalisasi",1.13,poin 0–10,,,,,id_34_papua_aggregated_2023_2024,bps_iptik_normalized_components_province_2023_2024
ID-0002724,63,Kalimantan Selatan,provinsi,2023,Komponen pembangunan TIK,household_computer_norm,"Rumah tangga dengan komputer, ternormalisasi",1.91,poin 0–10,,,,,id_34_papua_aggregated_2023_2024,bps_iptik_normalized_components_province_2023_2024
ID-0002725,63,Kalimantan Selatan,provinsi,2023,Komponen pembangunan TIK,household_internet_norm,"Rumah tangga dengan internet, ternormalisasi",8.85,poin 0–10,,,,,id_34_papua_aggregated_2023_2024,bps_iptik_normalized_components_province_2023_2024
ID-0002726,63,Kalimantan Selatan,provinsi,2023,Komponen pembangunan TIK,individual_internet_norm,"Individu pengguna internet, ternormalisasi",7.21,poin 0–10,,,,,id_34_papua_aggregated_2023_2024,bps_iptik_normalized_components_province_2023_2024
ID-0002727,63,Kalimantan Selatan,provinsi,2023,Komponen pembangunan TIK,international_bandwidth_norm,"Bandwidth internet internasional per pengguna, ternormalisasi",7.93,poin 0–10,,,,,id_34_papua_aggregated_2023_2024,bps_iptik_normalized_components_province_2023_2024
ID-0002728,63,Kalimantan Selatan,provinsi,2023,Komponen pembangunan TIK,mean_years_school_norm,"Rata-rata lama sekolah, ternormalisasi",5.97,poin 0–10,,,,,id_34_papua_aggregated_2023_2024,bps_iptik_normalized_components_province_2023_2024
ID-0002729,63,Kalimantan Selatan,provinsi,2023,Komponen pembangunan TIK,mobile_broadband_norm,"Broadband seluler per 100 penduduk, ternormalisasi",10,poin 0–10,,,,,id_34_papua_aggregated_2023_2024,bps_iptik_normalized_components_province_2023_2024
ID-0002730,63,Kalimantan Selatan,provinsi,2023,Komponen pembangunan TIK,mobile_cellular_norm,"Telepon seluler per 100 penduduk, ternormalisasi",10,poin 0–10,,,,,id_34_papua_aggregated_2023_2024,bps_iptik_normalized_components_province_2023_2024
ID-0002731,63,Kalimantan Selatan,provinsi,2023,Komponen pembangunan TIK,secondary_enrolment_norm,"Partisipasi pendidikan sekunder, ternormalisasi",8.43,poin 0–10,,,,,id_34_papua_aggregated_2023_2024,bps_iptik_normalized_components_province_2023_2024
ID-0002732,63,Kalimantan Selatan,provinsi,2023,Komponen pembangunan TIK,tertiary_enrolment_norm,"Partisipasi pendidikan tinggi, ternormalisasi",2.77,poin 0–10,,,,,id_34_papua_aggregated_2023_2024,bps_iptik_normalized_components_province_2023_2024
ID-0002733,63,Kalimantan Selatan,provinsi,2023,Pembangunan TIK,access_infrastructure_subindex,Subindeks akses dan infrastruktur TIK,5.96,poin 0–10,,,,,id_34_papua_aggregated_2023_2024,bps_iptik_province_2023_2024
ID-0002734,63,Kalimantan Selatan,provinsi,2023,Pembangunan TIK,ict_development_index,Indeks Pembangunan TIK,5.95,poin 0–10,,,,,id_34_papua_aggregated_2023_2024,bps_iptik_province_2023_2024
ID-0002735,63,Kalimantan Selatan,provinsi,2023,Pembangunan TIK,skills_proxy_subindex,Subindeks proksi keahlian TIK,5.72,poin 0–10,,,,,id_34_papua_aggregated_2023_2024,bps_iptik_province_2023_2024
ID-0002736,63,Kalimantan Selatan,provinsi,2023,Pembangunan TIK,use_subindex,Subindeks penggunaan TIK,6.04,poin 0–10,,,,,id_34_papua_aggregated_2023_2024,bps_iptik_province_2023_2024
ID-0002737,63,Kalimantan Selatan,provinsi,2024,Akses internet,internet_access_pct,Akses internet penduduk usia 5 tahun ke atas,68.96,% penduduk dalam kelompok,area,rural,,,id_38_2024,bps_internet_access_history_province_2017_2024
ID-0002738,63,Kalimantan Selatan,provinsi,2024,Akses internet,internet_access_pct,Akses internet penduduk usia 5 tahun ke atas,74.82,% penduduk dalam kelompok,area,total,,,id_38_2024,bps_internet_access_history_province_2017_2024
ID-0002739,63,Kalimantan Selatan,provinsi,2024,Akses internet,internet_access_pct,Akses internet penduduk usia 5 tahun ke atas,80.63,% penduduk dalam kelompok,area,urban,,,id_38_2024,bps_internet_access_history_province_2017_2024
ID-0002740,63,Kalimantan Selatan,provinsi,2024,Akses rumah tangga,household_internet_pct,Rumah tangga dengan akses internet,86.44,% rumah tangga dalam klasifikasi daerah,area,rural,,,id_38_2024,bps_household_internet
ID-0002741,63,Kalimantan Selatan,provinsi,2024,Akses rumah tangga,household_internet_pct,Rumah tangga dengan akses internet,89.22,% rumah tangga dalam klasifikasi daerah,area,total,,,id_38_2024,bps_household_internet
ID-0002742,63,Kalimantan Selatan,provinsi,2024,Akses rumah tangga,household_internet_pct,Rumah tangga dengan akses internet,92.04,% rumah tangga dalam klasifikasi daerah,area,urban,,,id_38_2024,bps_household_internet
ID-0002743,63,Kalimantan Selatan,provinsi,2024,Kesenjangan gender,internet_access_pct,Akses internet penduduk usia 5 tahun ke atas menurut gender,71.68,% penduduk dalam kelompok,sex,female,,,id_38_2024,bps_internet_gender_history_province_2018_2024
ID-0002744,63,Kalimantan Selatan,provinsi,2024,Kesenjangan gender,internet_access_pct,Akses internet penduduk usia 5 tahun ke atas menurut gender,77.92,% penduduk dalam kelompok,sex,male,,,id_38_2024,bps_internet_gender_history_province_2018_2024
ID-0002745,63,Kalimantan Selatan,provinsi,2024,Komponen pembangunan TIK,fixed_broadband_norm,"Broadband tetap per 100 penduduk, ternormalisasi",1.06,poin 0–10,,,,,id_34_papua_aggregated_2023_2024,bps_iptik_normalized_components_province_2023_2024
ID-0002746,63,Kalimantan Selatan,provinsi,2024,Komponen pembangunan TIK,fixed_telephone_norm,"Telepon tetap per 100 penduduk, ternormalisasi",2.12,poin 0–10,,,,,id_34_papua_aggregated_2023_2024,bps_iptik_normalized_components_province_2023_2024
ID-0002747,63,Kalimantan Selatan,provinsi,2024,Komponen pembangunan TIK,household_computer_norm,"Rumah tangga dengan komputer, ternormalisasi",1.85,poin 0–10,,,,,id_34_papua_aggregated_2023_2024,bps_iptik_normalized_components_province_2023_2024
ID-0002748,63,Kalimantan Selatan,provinsi,2024,Komponen pembangunan TIK,household_internet_norm,"Rumah tangga dengan internet, ternormalisasi",8.92,poin 0–10,,,,,id_34_papua_aggregated_2023_2024,bps_iptik_normalized_components_province_2023_2024
ID-0002749,63,Kalimantan Selatan,provinsi,2024,Komponen pembangunan TIK,individual_internet_norm,"Individu pengguna internet, ternormalisasi",7.48,poin 0–10,,,,,id_34_papua_aggregated_2023_2024,bps_iptik_normalized_components_province_2023_2024
ID-0002750,63,Kalimantan Selatan,provinsi,2024,Komponen pembangunan TIK,international_bandwidth_norm,"Bandwidth internet internasional per pengguna, ternormalisasi",8.38,poin 0–10,,,,,id_34_papua_aggregated_2023_2024,bps_iptik_normalized_components_province_2023_2024
ID-0002751,63,Kalimantan Selatan,provinsi,2024,Komponen pembangunan TIK,mean_years_school_norm,"Rata-rata lama sekolah, ternormalisasi",6.01,poin 0–10,,,,,id_34_papua_aggregated_2023_2024,bps_iptik_normalized_components_province_2023_2024
ID-0002752,63,Kalimantan Selatan,provinsi,2024,Komponen pembangunan TIK,mobile_broadband_norm,"Broadband seluler per 100 penduduk, ternormalisasi",10,poin 0–10,,,,,id_34_papua_aggregated_2023_2024,bps_iptik_normalized_components_province_2023_2024
ID-0002753,63,Kalimantan Selatan,provinsi,2024,Komponen pembangunan TIK,mobile_cellular_norm,"Telepon seluler per 100 penduduk, ternormalisasi",10,poin 0–10,,,,,id_34_papua_aggregated_2023_2024,bps_iptik_normalized_components_province_2023_2024
ID-0002754,63,Kalimantan Selatan,provinsi,2024,Komponen pembangunan TIK,secondary_enrolment_norm,"Partisipasi pendidikan sekunder, ternormalisasi",8.61,poin 0–10,,,,,id_34_papua_aggregated_2023_2024,bps_iptik_normalized_components_province_2023_2024
ID-0002755,63,Kalimantan Selatan,provinsi,2024,Komponen pembangunan TIK,tertiary_enrolment_norm,"Partisipasi pendidikan tinggi, ternormalisasi",2.76,poin 0–10,,,,,id_34_papua_aggregated_2023_2024,bps_iptik_normalized_components_province_2023_2024
ID-0002756,63,Kalimantan Selatan,provinsi,2024,Pemanfaatan internet,percentage_users,Tujuan penggunaan internet,18.56,% pengguna internet,area,rural,category,buy_goods_services,id_38_2024,bps_internet_purpose
ID-0002757,63,Kalimantan Selatan,provinsi,2024,Pemanfaatan internet,percentage_users,Tujuan penggunaan internet,13.19,% pengguna internet,area,rural,category,digital_content_creation,id_38_2024,bps_internet_purpose
ID-0002758,63,Kalimantan Selatan,provinsi,2024,Pemanfaatan internet,percentage_users,Tujuan penggunaan internet,7.19,% pengguna internet,area,rural,category,email,id_38_2024,bps_internet_purpose
ID-0002759,63,Kalimantan Selatan,provinsi,2024,Pemanfaatan internet,percentage_users,Tujuan penggunaan internet,88.51,% pengguna internet,area,rural,category,entertainment,id_38_2024,bps_internet_purpose
ID-0002760,63,Kalimantan Selatan,provinsi,2024,Pemanfaatan internet,percentage_users,Tujuan penggunaan internet,6.79,% pengguna internet,area,rural,category,financial_services,id_38_2024,bps_internet_purpose
ID-0002761,63,Kalimantan Selatan,provinsi,2024,Pemanfaatan internet,percentage_users,Tujuan penggunaan internet,23.1,% pengguna internet,area,rural,category,goods_services_information,id_38_2024,bps_internet_purpose
ID-0002762,63,Kalimantan Selatan,provinsi,2024,Pemanfaatan internet,percentage_users,Tujuan penggunaan internet,74.09,% pengguna internet,area,rural,category,news_information,id_38_2024,bps_internet_purpose
ID-0002763,63,Kalimantan Selatan,provinsi,2024,Pemanfaatan internet,percentage_users,Tujuan penggunaan internet,7.06,% pengguna internet,area,rural,category,online_learning,id_38_2024,bps_internet_purpose
ID-0002764,63,Kalimantan Selatan,provinsi,2024,Pemanfaatan internet,percentage_users,Tujuan penggunaan internet,6.74,% pengguna internet,area,rural,category,other,id_38_2024,bps_internet_purpose
ID-0002765,63,Kalimantan Selatan,provinsi,2024,Pemanfaatan internet,percentage_users,Tujuan penggunaan internet,3.54,% pengguna internet,area,rural,category,sell_goods_services,id_38_2024,bps_internet_purpose
ID-0002766,63,Kalimantan Selatan,provinsi,2024,Pemanfaatan internet,percentage_users,Tujuan penggunaan internet,78.08,% pengguna internet,area,rural,category,social_media,id_38_2024,bps_internet_purpose
ID-0002767,63,Kalimantan Selatan,provinsi,2024,Pemanfaatan internet,percentage_users,Tujuan penggunaan internet,1.04,% pengguna internet,area,rural,category,work_from_home,id_38_2024,bps_internet_purpose
ID-0002768,63,Kalimantan Selatan,provinsi,2024,Pemanfaatan internet,percentage_users,Tujuan penggunaan internet,22.46,% pengguna internet,area,total,category,buy_goods_services,id_38_2024,bps_internet_purpose
ID-0002769,63,Kalimantan Selatan,provinsi,2024,Pemanfaatan internet,percentage_users,Tujuan penggunaan internet,11.89,% pengguna internet,area,total,category,digital_content_creation,id_38_2024,bps_internet_purpose
ID-0002770,63,Kalimantan Selatan,provinsi,2024,Pemanfaatan internet,percentage_users,Tujuan penggunaan internet,11.75,% pengguna internet,area,total,category,email,id_38_2024,bps_internet_purpose
ID-0002771,63,Kalimantan Selatan,provinsi,2024,Pemanfaatan internet,percentage_users,Tujuan penggunaan internet,88.93,% pengguna internet,area,total,category,entertainment,id_38_2024,bps_internet_purpose
ID-0002772,63,Kalimantan Selatan,provinsi,2024,Pemanfaatan internet,percentage_users,Tujuan penggunaan internet,12.2,% pengguna internet,area,total,category,financial_services,id_38_2024,bps_internet_purpose
ID-0002773,63,Kalimantan Selatan,provinsi,2024,Pemanfaatan internet,percentage_users,Tujuan penggunaan internet,26.82,% pengguna internet,area,total,category,goods_services_information,id_38_2024,bps_internet_purpose
ID-0002774,63,Kalimantan Selatan,provinsi,2024,Pemanfaatan internet,percentage_users,Tujuan penggunaan internet,75.25,% pengguna internet,area,total,category,news_information,id_38_2024,bps_internet_purpose
ID-0002775,63,Kalimantan Selatan,provinsi,2024,Pemanfaatan internet,percentage_users,Tujuan penggunaan internet,9.13,% pengguna internet,area,total,category,online_learning,id_38_2024,bps_internet_purpose
ID-0002776,63,Kalimantan Selatan,provinsi,2024,Pemanfaatan internet,percentage_users,Tujuan penggunaan internet,6.72,% pengguna internet,area,total,category,other,id_38_2024,bps_internet_purpose
ID-0002777,63,Kalimantan Selatan,provinsi,2024,Pemanfaatan internet,percentage_users,Tujuan penggunaan internet,4.87,% pengguna internet,area,total,category,sell_goods_services,id_38_2024,bps_internet_purpose
ID-0002778,63,Kalimantan Selatan,provinsi,2024,Pemanfaatan internet,percentage_users,Tujuan penggunaan internet,78.99,% pengguna internet,area,total,category,social_media,id_38_2024,bps_internet_purpose
ID-0002779,63,Kalimantan Selatan,provinsi,2024,Pemanfaatan internet,percentage_users,Tujuan penggunaan internet,1.37,% pengguna internet,area,total,category,work_from_home,id_38_2024,bps_internet_purpose
ID-0002780,63,Kalimantan Selatan,provinsi,2024,Pemanfaatan internet,percentage_users,Tujuan penggunaan internet,25.77,% pengguna internet,area,urban,category,buy_goods_services,id_38_2024,bps_internet_purpose
ID-0002781,63,Kalimantan Selatan,provinsi,2024,Pemanfaatan internet,percentage_users,Tujuan penggunaan internet,10.77,% pengguna internet,area,urban,category,digital_content_creation,id_38_2024,bps_internet_purpose
ID-0002782,63,Kalimantan Selatan,provinsi,2024,Pemanfaatan internet,percentage_users,Tujuan penggunaan internet,15.61,% pengguna internet,area,urban,category,email,id_38_2024,bps_internet_purpose
ID-0002783,63,Kalimantan Selatan,provinsi,2024,Pemanfaatan internet,percentage_users,Tujuan penggunaan internet,89.28,% pengguna internet,area,urban,category,entertainment,id_38_2024,bps_internet_purpose
ID-0002784,63,Kalimantan Selatan,provinsi,2024,Pemanfaatan internet,percentage_users,Tujuan penggunaan internet,16.79,% pengguna internet,area,urban,category,financial_services,id_38_2024,bps_internet_purpose
ID-0002785,63,Kalimantan Selatan,provinsi,2024,Pemanfaatan internet,percentage_users,Tujuan penggunaan internet,29.98,% pengguna internet,area,urban,category,goods_services_information,id_38_2024,bps_internet_purpose
ID-0002786,63,Kalimantan Selatan,provinsi,2024,Pemanfaatan internet,percentage_users,Tujuan penggunaan internet,76.24,% pengguna internet,area,urban,category,news_information,id_38_2024,bps_internet_purpose
ID-0002787,63,Kalimantan Selatan,provinsi,2024,Pemanfaatan internet,percentage_users,Tujuan penggunaan internet,10.89,% pengguna internet,area,urban,category,online_learning,id_38_2024,bps_internet_purpose
ID-0002788,63,Kalimantan Selatan,provinsi,2024,Pemanfaatan internet,percentage_users,Tujuan penggunaan internet,6.71,% pengguna internet,area,urban,category,other,id_38_2024,bps_internet_purpose
ID-0002789,63,Kalimantan Selatan,provinsi,2024,Pemanfaatan internet,percentage_users,Tujuan penggunaan internet,5.99,% pengguna internet,area,urban,category,sell_goods_services,id_38_2024,bps_internet_purpose
ID-0002790,63,Kalimantan Selatan,provinsi,2024,Pemanfaatan internet,percentage_users,Tujuan penggunaan internet,79.77,% pengguna internet,area,urban,category,social_media,id_38_2024,bps_internet_purpose
ID-0002791,63,Kalimantan Selatan,provinsi,2024,Pemanfaatan internet,percentage_users,Tujuan penggunaan internet,1.65,% pengguna internet,area,urban,category,work_from_home,id_38_2024,bps_internet_purpose
ID-0002792,63,Kalimantan Selatan,provinsi,2024,Pembangunan TIK,access_infrastructure_subindex,Subindeks akses dan infrastruktur TIK,6.26,poin 0–10,,,,,id_34_papua_aggregated_2023_2024,bps_iptik_province_2023_2024
ID-0002793,63,Kalimantan Selatan,provinsi,2024,Pembangunan TIK,ict_development_index,Indeks Pembangunan TIK,6.13,poin 0–10,,,,,id_34_papua_aggregated_2023_2024,bps_iptik_province_2023_2024
ID-0002794,63,Kalimantan Selatan,provinsi,2024,Pembangunan TIK,skills_proxy_subindex,Subindeks proksi keahlian TIK,5.79,poin 0–10,,,,,id_34_papua_aggregated_2023_2024,bps_iptik_province_2023_2024
ID-0002795,63,Kalimantan Selatan,provinsi,2024,Pembangunan TIK,use_subindex,Subindeks penggunaan TIK,6.18,poin 0–10,,,,,id_34_papua_aggregated_2023_2024,bps_iptik_province_2023_2024
ID-0002796,63,Kalimantan Selatan,provinsi,2024,Perangkat akses,percentage_users,Perangkat yang digunakan untuk mengakses internet,1.73,% pengguna internet,area,rural,category,desktop,id_38_2024,bps_access_device
ID-0002797,63,Kalimantan Selatan,provinsi,2024,Perangkat akses,percentage_users,Perangkat yang digunakan untuk mengakses internet,5.43,% pengguna internet,area,rural,category,laptop_tablet,id_38_2024,bps_access_device
ID-0002798,63,Kalimantan Selatan,provinsi,2024,Perangkat akses,percentage_users,Perangkat yang digunakan untuk mengakses internet,99.39,% pengguna internet,area,rural,category,mobile,id_38_2024,bps_access_device
ID-0002799,63,Kalimantan Selatan,provinsi,2024,Perangkat akses,percentage_users,Perangkat yang digunakan untuk mengakses internet,0.12,% pengguna internet,area,rural,category,other,id_38_2024,bps_access_device
ID-0002800,63,Kalimantan Selatan,provinsi,2024,Perangkat akses,percentage_users,Perangkat yang digunakan untuk mengakses internet,2.18,% pengguna internet,area,total,category,desktop,id_38_2024,bps_access_device
ID-0002801,63,Kalimantan Selatan,provinsi,2024,Perangkat akses,percentage_users,Perangkat yang digunakan untuk mengakses internet,9.46,% pengguna internet,area,total,category,laptop_tablet,id_38_2024,bps_access_device
ID-0002802,63,Kalimantan Selatan,provinsi,2024,Perangkat akses,percentage_users,Perangkat yang digunakan untuk mengakses internet,99.3,% pengguna internet,area,total,category,mobile,id_38_2024,bps_access_device
ID-0002803,63,Kalimantan Selatan,provinsi,2024,Perangkat akses,percentage_users,Perangkat yang digunakan untuk mengakses internet,0.13,% pengguna internet,area,total,category,other,id_38_2024,bps_access_device
ID-0002804,63,Kalimantan Selatan,provinsi,2024,Perangkat akses,percentage_users,Perangkat yang digunakan untuk mengakses internet,2.56,% pengguna internet,area,urban,category,desktop,id_38_2024,bps_access_device
ID-0002805,63,Kalimantan Selatan,provinsi,2024,Perangkat akses,percentage_users,Perangkat yang digunakan untuk mengakses internet,12.88,% pengguna internet,area,urban,category,laptop_tablet,id_38_2024,bps_access_device
ID-0002806,63,Kalimantan Selatan,provinsi,2024,Perangkat akses,percentage_users,Perangkat yang digunakan untuk mengakses internet,99.23,% pengguna internet,area,urban,category,mobile,id_38_2024,bps_access_device
ID-0002807,63,Kalimantan Selatan,provinsi,2024,Perangkat akses,percentage_users,Perangkat yang digunakan untuk mengakses internet,0.13,% pengguna internet,area,urban,category,other,id_38_2024,bps_access_device
ID-0002808,64,Kalimantan Timur,provinsi,2017,Akses internet,internet_access_pct,Akses internet penduduk usia 5 tahun ke atas,28.73,% penduduk dalam kelompok,area,rural,,,id_34_pre_split,bps_internet_access_history_province_2017_2024
ID-0002809,64,Kalimantan Timur,provinsi,2017,Akses internet,internet_access_pct,Akses internet penduduk usia 5 tahun ke atas,42.14,% penduduk dalam kelompok,area,total,,,id_34_pre_split,bps_internet_access_history_province_2017_2024
ID-0002810,64,Kalimantan Timur,provinsi,2017,Akses internet,internet_access_pct,Akses internet penduduk usia 5 tahun ke atas,48.97,% penduduk dalam kelompok,area,urban,,,id_34_pre_split,bps_internet_access_history_province_2017_2024
ID-0002811,64,Kalimantan Timur,provinsi,2018,Akses internet,internet_access_pct,Akses internet penduduk usia 5 tahun ke atas,35.82,% penduduk dalam kelompok,area,rural,,,id_34_pre_split,bps_internet_access_history_province_2017_2024
ID-0002812,64,Kalimantan Timur,provinsi,2018,Akses internet,internet_access_pct,Akses internet penduduk usia 5 tahun ke atas,50.25,% penduduk dalam kelompok,area,total,,,id_34_pre_split,bps_internet_access_history_province_2017_2024
ID-0002813,64,Kalimantan Timur,provinsi,2018,Akses internet,internet_access_pct,Akses internet penduduk usia 5 tahun ke atas,57.39,% penduduk dalam kelompok,area,urban,,,id_34_pre_split,bps_internet_access_history_province_2017_2024
ID-0002814,64,Kalimantan Timur,provinsi,2018,Kesenjangan gender,internet_access_pct,Akses internet penduduk usia 5 tahun ke atas menurut gender,48.3,% penduduk dalam kelompok,sex,female,,,id_34_pre_split,bps_internet_gender_history_province_2018_2024
ID-0002815,64,Kalimantan Timur,provinsi,2018,Kesenjangan gender,internet_access_pct,Akses internet penduduk usia 5 tahun ke atas menurut gender,52.01,% penduduk dalam kelompok,sex,male,,,id_34_pre_split,bps_internet_gender_history_province_2018_2024
ID-0002816,64,Kalimantan Timur,provinsi,2019,Akses internet,internet_access_pct,Akses internet penduduk usia 5 tahun ke atas,47.81,% penduduk dalam kelompok,area,rural,,,id_34_pre_split,bps_internet_access_history_province_2017_2024
ID-0002817,64,Kalimantan Timur,provinsi,2019,Akses internet,internet_access_pct,Akses internet penduduk usia 5 tahun ke atas,59.12,% penduduk dalam kelompok,area,total,,,id_34_pre_split,bps_internet_access_history_province_2017_2024
ID-0002818,64,Kalimantan Timur,provinsi,2019,Akses internet,internet_access_pct,Akses internet penduduk usia 5 tahun ke atas,64.54,% penduduk dalam kelompok,area,urban,,,id_34_pre_split,bps_internet_access_history_province_2017_2024
ID-0002819,64,Kalimantan Timur,provinsi,2019,Kesenjangan gender,internet_access_pct,Akses internet penduduk usia 5 tahun ke atas menurut gender,56.71,% penduduk dalam kelompok,sex,female,,,id_34_pre_split,bps_internet_gender_history_province_2018_2024
ID-0002820,64,Kalimantan Timur,provinsi,2019,Kesenjangan gender,internet_access_pct,Akses internet penduduk usia 5 tahun ke atas menurut gender,61.29,% penduduk dalam kelompok,sex,male,,,id_34_pre_split,bps_internet_gender_history_province_2018_2024
ID-0002821,64,Kalimantan Timur,provinsi,2020,Akses internet,internet_access_pct,Akses internet penduduk usia 5 tahun ke atas,53.24,% penduduk dalam kelompok,area,rural,,,id_34_pre_split,bps_internet_access_history_province_2017_2024
ID-0002822,64,Kalimantan Timur,provinsi,2020,Akses internet,internet_access_pct,Akses internet penduduk usia 5 tahun ke atas,66.24,% penduduk dalam kelompok,area,total,,,id_34_pre_split,bps_internet_access_history_province_2017_2024
ID-0002823,64,Kalimantan Timur,provinsi,2020,Akses internet,internet_access_pct,Akses internet penduduk usia 5 tahun ke atas,72.52,% penduduk dalam kelompok,area,urban,,,id_34_pre_split,bps_internet_access_history_province_2017_2024
ID-0002824,64,Kalimantan Timur,provinsi,2020,Kesenjangan gender,internet_access_pct,Akses internet penduduk usia 5 tahun ke atas menurut gender,63.69,% penduduk dalam kelompok,sex,female,,,id_34_pre_split,bps_internet_gender_history_province_2018_2024
ID-0002825,64,Kalimantan Timur,provinsi,2020,Kesenjangan gender,internet_access_pct,Akses internet penduduk usia 5 tahun ke atas menurut gender,68.54,% penduduk dalam kelompok,sex,male,,,id_34_pre_split,bps_internet_gender_history_province_2018_2024
ID-0002826,64,Kalimantan Timur,provinsi,2021,Akses internet,internet_access_pct,Akses internet penduduk usia 5 tahun ke atas,63.51,% penduduk dalam kelompok,area,rural,,,id_34_pre_split,bps_internet_access_history_province_2017_2024
ID-0002827,64,Kalimantan Timur,provinsi,2021,Akses internet,internet_access_pct,Akses internet penduduk usia 5 tahun ke atas,74.47,% penduduk dalam kelompok,area,total,,,id_34_pre_split,bps_internet_access_history_province_2017_2024
ID-0002828,64,Kalimantan Timur,provinsi,2021,Akses internet,internet_access_pct,Akses internet penduduk usia 5 tahun ke atas,79.44,% penduduk dalam kelompok,area,urban,,,id_34_pre_split,bps_internet_access_history_province_2017_2024
ID-0002829,64,Kalimantan Timur,provinsi,2021,Akses rumah tangga,household_internet_pct,Rumah tangga dengan akses internet,83.4,% rumah tangga dalam klasifikasi daerah,area,rural,,,id_34_pre_split,bps_household_internet
ID-0002830,64,Kalimantan Timur,provinsi,2021,Akses rumah tangga,household_internet_pct,Rumah tangga dengan akses internet,89.67,% rumah tangga dalam klasifikasi daerah,area,total,,,id_34_pre_split,bps_household_internet
ID-0002831,64,Kalimantan Timur,provinsi,2021,Akses rumah tangga,household_internet_pct,Rumah tangga dengan akses internet,92.53,% rumah tangga dalam klasifikasi daerah,area,urban,,,id_34_pre_split,bps_household_internet
ID-0002832,64,Kalimantan Timur,provinsi,2021,Kesenjangan gender,internet_access_pct,Akses internet penduduk usia 5 tahun ke atas menurut gender,72.8,% penduduk dalam kelompok,sex,female,,,id_34_pre_split,bps_internet_gender_history_province_2018_2024
ID-0002833,64,Kalimantan Timur,provinsi,2021,Kesenjangan gender,internet_access_pct,Akses internet penduduk usia 5 tahun ke atas menurut gender,76.02,% penduduk dalam kelompok,sex,male,,,id_34_pre_split,bps_internet_gender_history_province_2018_2024
ID-0002834,64,Kalimantan Timur,provinsi,2021,Literasi digital,digital_literacy_index,Indeks Literasi Digital Kominfo,3.62,poin 1–5,,,,,id_34_pre_split,kominfo_digital_literacy_province_2021
ID-0002835,64,Kalimantan Timur,provinsi,2022,Akses internet,internet_access_pct,Akses internet penduduk usia 5 tahun ke atas,72.37,% penduduk dalam kelompok,area,rural,,,id_34_pre_split,bps_internet_access_history_province_2017_2024
ID-0002836,64,Kalimantan Timur,provinsi,2022,Akses internet,internet_access_pct,Akses internet penduduk usia 5 tahun ke atas,80.56,% penduduk dalam kelompok,area,total,,,id_34_pre_split,bps_internet_access_history_province_2017_2024
ID-0002837,64,Kalimantan Timur,provinsi,2022,Akses internet,internet_access_pct,Akses internet penduduk usia 5 tahun ke atas,84.57,% penduduk dalam kelompok,area,urban,,,id_34_pre_split,bps_internet_access_history_province_2017_2024
ID-0002838,64,Kalimantan Timur,provinsi,2022,Akses rumah tangga,household_internet_pct,Rumah tangga dengan akses internet,89.99,% rumah tangga dalam klasifikasi daerah,area,rural,,,id_34_pre_split,bps_household_internet
ID-0002839,64,Kalimantan Timur,provinsi,2022,Akses rumah tangga,household_internet_pct,Rumah tangga dengan akses internet,93.06,% rumah tangga dalam klasifikasi daerah,area,total,,,id_34_pre_split,bps_household_internet
ID-0002840,64,Kalimantan Timur,provinsi,2022,Akses rumah tangga,household_internet_pct,Rumah tangga dengan akses internet,94.41,% rumah tangga dalam klasifikasi daerah,area,urban,,,id_34_pre_split,bps_household_internet
ID-0002841,64,Kalimantan Timur,provinsi,2022,Kesenjangan gender,internet_access_pct,Akses internet penduduk usia 5 tahun ke atas menurut gender,79,% penduduk dalam kelompok,sex,female,,,id_34_pre_split,bps_internet_gender_history_province_2018_2024
ID-0002842,64,Kalimantan Timur,provinsi,2022,Kesenjangan gender,internet_access_pct,Akses internet penduduk usia 5 tahun ke atas menurut gender,82.01,% penduduk dalam kelompok,sex,male,,,id_34_pre_split,bps_internet_gender_history_province_2018_2024
ID-0002843,64,Kalimantan Timur,provinsi,2023,Akses internet,internet_access_pct,Akses internet penduduk usia 5 tahun ke atas,71.55,% penduduk dalam kelompok,area,rural,,,id_34_pre_split,bps_internet_access_history_province_2017_2024
ID-0002844,64,Kalimantan Timur,provinsi,2023,Akses internet,internet_access_pct,Akses internet penduduk usia 5 tahun ke atas,80.46,% penduduk dalam kelompok,area,total,,,id_34_pre_split,bps_internet_access_history_province_2017_2024
ID-0002845,64,Kalimantan Timur,provinsi,2023,Akses internet,internet_access_pct,Akses internet penduduk usia 5 tahun ke atas,84.44,% penduduk dalam kelompok,area,urban,,,id_34_pre_split,bps_internet_access_history_province_2017_2024
ID-0002846,64,Kalimantan Timur,provinsi,2023,Akses rumah tangga,household_internet_pct,Rumah tangga dengan akses internet,88.75,% rumah tangga dalam klasifikasi daerah,area,rural,,,id_34_pre_split,bps_household_internet
ID-0002847,64,Kalimantan Timur,provinsi,2023,Akses rumah tangga,household_internet_pct,Rumah tangga dengan akses internet,92.98,% rumah tangga dalam klasifikasi daerah,area,total,,,id_34_pre_split,bps_household_internet
ID-0002848,64,Kalimantan Timur,provinsi,2023,Akses rumah tangga,household_internet_pct,Rumah tangga dengan akses internet,94.87,% rumah tangga dalam klasifikasi daerah,area,urban,,,id_34_pre_split,bps_household_internet
ID-0002849,64,Kalimantan Timur,provinsi,2023,Kesenjangan gender,internet_access_pct,Akses internet penduduk usia 5 tahun ke atas menurut gender,78.75,% penduduk dalam kelompok,sex,female,,,id_34_pre_split,bps_internet_gender_history_province_2018_2024
ID-0002850,64,Kalimantan Timur,provinsi,2023,Kesenjangan gender,internet_access_pct,Akses internet penduduk usia 5 tahun ke atas menurut gender,82.07,% penduduk dalam kelompok,sex,male,,,id_34_pre_split,bps_internet_gender_history_province_2018_2024
ID-0002851,64,Kalimantan Timur,provinsi,2023,Komponen pembangunan TIK,fixed_broadband_norm,"Broadband tetap per 100 penduduk, ternormalisasi",1.94,poin 0–10,,,,,id_34_papua_aggregated_2023_2024,bps_iptik_normalized_components_province_2023_2024
ID-0002852,64,Kalimantan Timur,provinsi,2023,Komponen pembangunan TIK,fixed_telephone_norm,"Telepon tetap per 100 penduduk, ternormalisasi",2.96,poin 0–10,,,,,id_34_papua_aggregated_2023_2024,bps_iptik_normalized_components_province_2023_2024
ID-0002853,64,Kalimantan Timur,provinsi,2023,Komponen pembangunan TIK,household_computer_norm,"Rumah tangga dengan komputer, ternormalisasi",2.96,poin 0–10,,,,,id_34_papua_aggregated_2023_2024,bps_iptik_normalized_components_province_2023_2024
ID-0002854,64,Kalimantan Timur,provinsi,2023,Komponen pembangunan TIK,household_internet_norm,"Rumah tangga dengan internet, ternormalisasi",9.3,poin 0–10,,,,,id_34_papua_aggregated_2023_2024,bps_iptik_normalized_components_province_2023_2024
ID-0002855,64,Kalimantan Timur,provinsi,2023,Komponen pembangunan TIK,individual_internet_norm,"Individu pengguna internet, ternormalisasi",8.05,poin 0–10,,,,,id_34_papua_aggregated_2023_2024,bps_iptik_normalized_components_province_2023_2024
ID-0002856,64,Kalimantan Timur,provinsi,2023,Komponen pembangunan TIK,international_bandwidth_norm,"Bandwidth internet internasional per pengguna, ternormalisasi",7.9,poin 0–10,,,,,id_34_papua_aggregated_2023_2024,bps_iptik_normalized_components_province_2023_2024
ID-0002857,64,Kalimantan Timur,provinsi,2023,Komponen pembangunan TIK,mean_years_school_norm,"Rata-rata lama sekolah, ternormalisasi",6.78,poin 0–10,,,,,id_34_papua_aggregated_2023_2024,bps_iptik_normalized_components_province_2023_2024
ID-0002858,64,Kalimantan Timur,provinsi,2023,Komponen pembangunan TIK,mobile_broadband_norm,"Broadband seluler per 100 penduduk, ternormalisasi",10,poin 0–10,,,,,id_34_papua_aggregated_2023_2024,bps_iptik_normalized_components_province_2023_2024
ID-0002859,64,Kalimantan Timur,provinsi,2023,Komponen pembangunan TIK,mobile_cellular_norm,"Telepon seluler per 100 penduduk, ternormalisasi",10,poin 0–10,,,,,id_34_papua_aggregated_2023_2024,bps_iptik_normalized_components_province_2023_2024
ID-0002860,64,Kalimantan Timur,provinsi,2023,Komponen pembangunan TIK,secondary_enrolment_norm,"Partisipasi pendidikan sekunder, ternormalisasi",9.37,poin 0–10,,,,,id_34_papua_aggregated_2023_2024,bps_iptik_normalized_components_province_2023_2024
ID-0002861,64,Kalimantan Timur,provinsi,2023,Komponen pembangunan TIK,tertiary_enrolment_norm,"Partisipasi pendidikan tinggi, ternormalisasi",4.06,poin 0–10,,,,,id_34_papua_aggregated_2023_2024,bps_iptik_normalized_components_province_2023_2024
ID-0002862,64,Kalimantan Timur,provinsi,2023,Pembangunan TIK,access_infrastructure_subindex,Subindeks akses dan infrastruktur TIK,6.62,poin 0–10,,,,,id_34_papua_aggregated_2023_2024,bps_iptik_province_2023_2024
ID-0002863,64,Kalimantan Timur,provinsi,2023,Pembangunan TIK,ict_development_index,Indeks Pembangunan TIK,6.66,poin 0–10,,,,,id_34_papua_aggregated_2023_2024,bps_iptik_province_2023_2024
ID-0002864,64,Kalimantan Timur,provinsi,2023,Pembangunan TIK,skills_proxy_subindex,Subindeks proksi keahlian TIK,6.74,poin 0–10,,,,,id_34_papua_aggregated_2023_2024,bps_iptik_province_2023_2024
ID-0002865,64,Kalimantan Timur,provinsi,2023,Pembangunan TIK,use_subindex,Subindeks penggunaan TIK,6.66,poin 0–10,,,,,id_34_papua_aggregated_2023_2024,bps_iptik_province_2023_2024
ID-0002866,64,Kalimantan Timur,provinsi,2024,Akses internet,internet_access_pct,Akses internet penduduk usia 5 tahun ke atas,77.91,% penduduk dalam kelompok,area,rural,,,id_38_2024,bps_internet_access_history_province_2017_2024
ID-0002867,64,Kalimantan Timur,provinsi,2024,Akses internet,internet_access_pct,Akses internet penduduk usia 5 tahun ke atas,84.44,% penduduk dalam kelompok,area,total,,,id_38_2024,bps_internet_access_history_province_2017_2024
ID-0002868,64,Kalimantan Timur,provinsi,2024,Akses internet,internet_access_pct,Akses internet penduduk usia 5 tahun ke atas,87.33,% penduduk dalam kelompok,area,urban,,,id_38_2024,bps_internet_access_history_province_2017_2024
ID-0002869,64,Kalimantan Timur,provinsi,2024,Akses rumah tangga,household_internet_pct,Rumah tangga dengan akses internet,92.74,% rumah tangga dalam klasifikasi daerah,area,rural,,,id_38_2024,bps_household_internet
ID-0002870,64,Kalimantan Timur,provinsi,2024,Akses rumah tangga,household_internet_pct,Rumah tangga dengan akses internet,95.45,% rumah tangga dalam klasifikasi daerah,area,total,,,id_38_2024,bps_household_internet
ID-0002871,64,Kalimantan Timur,provinsi,2024,Akses rumah tangga,household_internet_pct,Rumah tangga dengan akses internet,96.69,% rumah tangga dalam klasifikasi daerah,area,urban,,,id_38_2024,bps_household_internet
ID-0002872,64,Kalimantan Timur,provinsi,2024,Kesenjangan gender,internet_access_pct,Akses internet penduduk usia 5 tahun ke atas menurut gender,83.35,% penduduk dalam kelompok,sex,female,,,id_38_2024,bps_internet_gender_history_province_2018_2024
ID-0002873,64,Kalimantan Timur,provinsi,2024,Kesenjangan gender,internet_access_pct,Akses internet penduduk usia 5 tahun ke atas menurut gender,85.46,% penduduk dalam kelompok,sex,male,,,id_38_2024,bps_internet_gender_history_province_2018_2024
ID-0002874,64,Kalimantan Timur,provinsi,2024,Komponen pembangunan TIK,fixed_broadband_norm,"Broadband tetap per 100 penduduk, ternormalisasi",2.09,poin 0–10,,,,,id_34_papua_aggregated_2023_2024,bps_iptik_normalized_components_province_2023_2024
ID-0002875,64,Kalimantan Timur,provinsi,2024,Komponen pembangunan TIK,fixed_telephone_norm,"Telepon tetap per 100 penduduk, ternormalisasi",2.06,poin 0–10,,,,,id_34_papua_aggregated_2023_2024,bps_iptik_normalized_components_province_2023_2024
ID-0002876,64,Kalimantan Timur,provinsi,2024,Komponen pembangunan TIK,household_computer_norm,"Rumah tangga dengan komputer, ternormalisasi",3.05,poin 0–10,,,,,id_34_papua_aggregated_2023_2024,bps_iptik_normalized_components_province_2023_2024
ID-0002877,64,Kalimantan Timur,provinsi,2024,Komponen pembangunan TIK,household_internet_norm,"Rumah tangga dengan internet, ternormalisasi",9.55,poin 0–10,,,,,id_34_papua_aggregated_2023_2024,bps_iptik_normalized_components_province_2023_2024
ID-0002878,64,Kalimantan Timur,provinsi,2024,Komponen pembangunan TIK,individual_internet_norm,"Individu pengguna internet, ternormalisasi",8.44,poin 0–10,,,,,id_34_papua_aggregated_2023_2024,bps_iptik_normalized_components_province_2023_2024
ID-0002879,64,Kalimantan Timur,provinsi,2024,Komponen pembangunan TIK,international_bandwidth_norm,"Bandwidth internet internasional per pengguna, ternormalisasi",8.34,poin 0–10,,,,,id_34_papua_aggregated_2023_2024,bps_iptik_normalized_components_province_2023_2024
ID-0002880,64,Kalimantan Timur,provinsi,2024,Komponen pembangunan TIK,mean_years_school_norm,"Rata-rata lama sekolah, ternormalisasi",6.81,poin 0–10,,,,,id_34_papua_aggregated_2023_2024,bps_iptik_normalized_components_province_2023_2024
ID-0002881,64,Kalimantan Timur,provinsi,2024,Komponen pembangunan TIK,mobile_broadband_norm,"Broadband seluler per 100 penduduk, ternormalisasi",10,poin 0–10,,,,,id_34_papua_aggregated_2023_2024,bps_iptik_normalized_components_province_2023_2024
ID-0002882,64,Kalimantan Timur,provinsi,2024,Komponen pembangunan TIK,mobile_cellular_norm,"Telepon seluler per 100 penduduk, ternormalisasi",10,poin 0–10,,,,,id_34_papua_aggregated_2023_2024,bps_iptik_normalized_components_province_2023_2024
ID-0002883,64,Kalimantan Timur,provinsi,2024,Komponen pembangunan TIK,secondary_enrolment_norm,"Partisipasi pendidikan sekunder, ternormalisasi",9.54,poin 0–10,,,,,id_34_papua_aggregated_2023_2024,bps_iptik_normalized_components_province_2023_2024
ID-0002884,64,Kalimantan Timur,provinsi,2024,Komponen pembangunan TIK,tertiary_enrolment_norm,"Partisipasi pendidikan tinggi, ternormalisasi",3.94,poin 0–10,,,,,id_34_papua_aggregated_2023_2024,bps_iptik_normalized_components_province_2023_2024
ID-0002885,64,Kalimantan Timur,provinsi,2024,Pemanfaatan internet,percentage_users,Tujuan penggunaan internet,12.81,% pengguna internet,area,rural,category,buy_goods_services,id_38_2024,bps_internet_purpose
ID-0002886,64,Kalimantan Timur,provinsi,2024,Pemanfaatan internet,percentage_users,Tujuan penggunaan internet,3.92,% pengguna internet,area,rural,category,digital_content_creation,id_38_2024,bps_internet_purpose
ID-0002887,64,Kalimantan Timur,provinsi,2024,Pemanfaatan internet,percentage_users,Tujuan penggunaan internet,8.03,% pengguna internet,area,rural,category,email,id_38_2024,bps_internet_purpose
ID-0002888,64,Kalimantan Timur,provinsi,2024,Pemanfaatan internet,percentage_users,Tujuan penggunaan internet,83.39,% pengguna internet,area,rural,category,entertainment,id_38_2024,bps_internet_purpose
ID-0002889,64,Kalimantan Timur,provinsi,2024,Pemanfaatan internet,percentage_users,Tujuan penggunaan internet,6.69,% pengguna internet,area,rural,category,financial_services,id_38_2024,bps_internet_purpose
ID-0002890,64,Kalimantan Timur,provinsi,2024,Pemanfaatan internet,percentage_users,Tujuan penggunaan internet,15.07,% pengguna internet,area,rural,category,goods_services_information,id_38_2024,bps_internet_purpose
ID-0002891,64,Kalimantan Timur,provinsi,2024,Pemanfaatan internet,percentage_users,Tujuan penggunaan internet,78.08,% pengguna internet,area,rural,category,news_information,id_38_2024,bps_internet_purpose
ID-0002892,64,Kalimantan Timur,provinsi,2024,Pemanfaatan internet,percentage_users,Tujuan penggunaan internet,7.1,% pengguna internet,area,rural,category,online_learning,id_38_2024,bps_internet_purpose
ID-0002893,64,Kalimantan Timur,provinsi,2024,Pemanfaatan internet,percentage_users,Tujuan penggunaan internet,5.41,% pengguna internet,area,rural,category,other,id_38_2024,bps_internet_purpose
ID-0002894,64,Kalimantan Timur,provinsi,2024,Pemanfaatan internet,percentage_users,Tujuan penggunaan internet,2.48,% pengguna internet,area,rural,category,sell_goods_services,id_38_2024,bps_internet_purpose
ID-0002895,64,Kalimantan Timur,provinsi,2024,Pemanfaatan internet,percentage_users,Tujuan penggunaan internet,76.66,% pengguna internet,area,rural,category,social_media,id_38_2024,bps_internet_purpose
ID-0002896,64,Kalimantan Timur,provinsi,2024,Pemanfaatan internet,percentage_users,Tujuan penggunaan internet,0.84,% pengguna internet,area,rural,category,work_from_home,id_38_2024,bps_internet_purpose
ID-0002897,64,Kalimantan Timur,provinsi,2024,Pemanfaatan internet,percentage_users,Tujuan penggunaan internet,19.68,% pengguna internet,area,total,category,buy_goods_services,id_38_2024,bps_internet_purpose
ID-0002898,64,Kalimantan Timur,provinsi,2024,Pemanfaatan internet,percentage_users,Tujuan penggunaan internet,3.95,% pengguna internet,area,total,category,digital_content_creation,id_38_2024,bps_internet_purpose
ID-0002899,64,Kalimantan Timur,provinsi,2024,Pemanfaatan internet,percentage_users,Tujuan penggunaan internet,13.69,% pengguna internet,area,total,category,email,id_38_2024,bps_internet_purpose
ID-0002900,64,Kalimantan Timur,provinsi,2024,Pemanfaatan internet,percentage_users,Tujuan penggunaan internet,86.32,% pengguna internet,area,total,category,entertainment,id_38_2024,bps_internet_purpose
ID-0002901,64,Kalimantan Timur,provinsi,2024,Pemanfaatan internet,percentage_users,Tujuan penggunaan internet,19.29,% pengguna internet,area,total,category,financial_services,id_38_2024,bps_internet_purpose
ID-0002902,64,Kalimantan Timur,provinsi,2024,Pemanfaatan internet,percentage_users,Tujuan penggunaan internet,23.18,% pengguna internet,area,total,category,goods_services_information,id_38_2024,bps_internet_purpose
ID-0002903,64,Kalimantan Timur,provinsi,2024,Pemanfaatan internet,percentage_users,Tujuan penggunaan internet,78.15,% pengguna internet,area,total,category,news_information,id_38_2024,bps_internet_purpose
ID-0002904,64,Kalimantan Timur,provinsi,2024,Pemanfaatan internet,percentage_users,Tujuan penggunaan internet,8.55,% pengguna internet,area,total,category,online_learning,id_38_2024,bps_internet_purpose
ID-0002905,64,Kalimantan Timur,provinsi,2024,Pemanfaatan internet,percentage_users,Tujuan penggunaan internet,4.31,% pengguna internet,area,total,category,other,id_38_2024,bps_internet_purpose
ID-0002906,64,Kalimantan Timur,provinsi,2024,Pemanfaatan internet,percentage_users,Tujuan penggunaan internet,5.02,% pengguna internet,area,total,category,sell_goods_services,id_38_2024,bps_internet_purpose
ID-0002907,64,Kalimantan Timur,provinsi,2024,Pemanfaatan internet,percentage_users,Tujuan penggunaan internet,79.43,% pengguna internet,area,total,category,social_media,id_38_2024,bps_internet_purpose
ID-0002908,64,Kalimantan Timur,provinsi,2024,Pemanfaatan internet,percentage_users,Tujuan penggunaan internet,1.31,% pengguna internet,area,total,category,work_from_home,id_38_2024,bps_internet_purpose
ID-0002909,64,Kalimantan Timur,provinsi,2024,Pemanfaatan internet,percentage_users,Tujuan penggunaan internet,22.4,% pengguna internet,area,urban,category,buy_goods_services,id_38_2024,bps_internet_purpose
ID-0002910,64,Kalimantan Timur,provinsi,2024,Pemanfaatan internet,percentage_users,Tujuan penggunaan internet,3.96,% pengguna internet,area,urban,category,digital_content_creation,id_38_2024,bps_internet_purpose
ID-0002911,64,Kalimantan Timur,provinsi,2024,Pemanfaatan internet,percentage_users,Tujuan penggunaan internet,15.92,% pengguna internet,area,urban,category,email,id_38_2024,bps_internet_purpose
ID-0002912,64,Kalimantan Timur,provinsi,2024,Pemanfaatan internet,percentage_users,Tujuan penggunaan internet,87.48,% pengguna internet,area,urban,category,entertainment,id_38_2024,bps_internet_purpose
ID-0002913,64,Kalimantan Timur,provinsi,2024,Pemanfaatan internet,percentage_users,Tujuan penggunaan internet,24.26,% pengguna internet,area,urban,category,financial_services,id_38_2024,bps_internet_purpose
ID-0002914,64,Kalimantan Timur,provinsi,2024,Pemanfaatan internet,percentage_users,Tujuan penggunaan internet,26.38,% pengguna internet,area,urban,category,goods_services_information,id_38_2024,bps_internet_purpose
ID-0002915,64,Kalimantan Timur,provinsi,2024,Pemanfaatan internet,percentage_users,Tujuan penggunaan internet,78.17,% pengguna internet,area,urban,category,news_information,id_38_2024,bps_internet_purpose
ID-0002916,64,Kalimantan Timur,provinsi,2024,Pemanfaatan internet,percentage_users,Tujuan penggunaan internet,9.12,% pengguna internet,area,urban,category,online_learning,id_38_2024,bps_internet_purpose
ID-0002917,64,Kalimantan Timur,provinsi,2024,Pemanfaatan internet,percentage_users,Tujuan penggunaan internet,3.87,% pengguna internet,area,urban,category,other,id_38_2024,bps_internet_purpose
ID-0002918,64,Kalimantan Timur,provinsi,2024,Pemanfaatan internet,percentage_users,Tujuan penggunaan internet,6.02,% pengguna internet,area,urban,category,sell_goods_services,id_38_2024,bps_internet_purpose
ID-0002919,64,Kalimantan Timur,provinsi,2024,Pemanfaatan internet,percentage_users,Tujuan penggunaan internet,80.53,% pengguna internet,area,urban,category,social_media,id_38_2024,bps_internet_purpose
ID-0002920,64,Kalimantan Timur,provinsi,2024,Pemanfaatan internet,percentage_users,Tujuan penggunaan internet,1.49,% pengguna internet,area,urban,category,work_from_home,id_38_2024,bps_internet_purpose
ID-0002921,64,Kalimantan Timur,provinsi,2024,Pembangunan TIK,access_infrastructure_subindex,Subindeks akses dan infrastruktur TIK,6.6,poin 0–10,,,,,id_34_papua_aggregated_2023_2024,bps_iptik_province_2023_2024
ID-0002922,64,Kalimantan Timur,provinsi,2024,Pembangunan TIK,ict_development_index,Indeks Pembangunan TIK,6.73,poin 0–10,,,,,id_34_papua_aggregated_2023_2024,bps_iptik_province_2023_2024
ID-0002923,64,Kalimantan Timur,provinsi,2024,Pembangunan TIK,skills_proxy_subindex,Subindeks proksi keahlian TIK,6.76,poin 0–10,,,,,id_34_papua_aggregated_2023_2024,bps_iptik_province_2023_2024
ID-0002924,64,Kalimantan Timur,provinsi,2024,Pembangunan TIK,use_subindex,Subindeks penggunaan TIK,6.84,poin 0–10,,,,,id_34_papua_aggregated_2023_2024,bps_iptik_province_2023_2024
ID-0002925,64,Kalimantan Timur,provinsi,2024,Perangkat akses,percentage_users,Perangkat yang digunakan untuk mengakses internet,1.9,% pengguna internet,area,rural,category,desktop,id_38_2024,bps_access_device
ID-0002926,64,Kalimantan Timur,provinsi,2024,Perangkat akses,percentage_users,Perangkat yang digunakan untuk mengakses internet,5.83,% pengguna internet,area,rural,category,laptop_tablet,id_38_2024,bps_access_device
ID-0002927,64,Kalimantan Timur,provinsi,2024,Perangkat akses,percentage_users,Perangkat yang digunakan untuk mengakses internet,99.39,% pengguna internet,area,rural,category,mobile,id_38_2024,bps_access_device
ID-0002928,64,Kalimantan Timur,provinsi,2024,Perangkat akses,percentage_users,Perangkat yang digunakan untuk mengakses internet,0.2,% pengguna internet,area,rural,category,other,id_38_2024,bps_access_device
ID-0002929,64,Kalimantan Timur,provinsi,2024,Perangkat akses,percentage_users,Perangkat yang digunakan untuk mengakses internet,2.79,% pengguna internet,area,total,category,desktop,id_38_2024,bps_access_device
ID-0002930,64,Kalimantan Timur,provinsi,2024,Perangkat akses,percentage_users,Perangkat yang digunakan untuk mengakses internet,12.65,% pengguna internet,area,total,category,laptop_tablet,id_38_2024,bps_access_device
ID-0002931,64,Kalimantan Timur,provinsi,2024,Perangkat akses,percentage_users,Perangkat yang digunakan untuk mengakses internet,99.03,% pengguna internet,area,total,category,mobile,id_38_2024,bps_access_device
ID-0002932,64,Kalimantan Timur,provinsi,2024,Perangkat akses,percentage_users,Perangkat yang digunakan untuk mengakses internet,0.31,% pengguna internet,area,total,category,other,id_38_2024,bps_access_device
ID-0002933,64,Kalimantan Timur,provinsi,2024,Perangkat akses,percentage_users,Perangkat yang digunakan untuk mengakses internet,3.14,% pengguna internet,area,urban,category,desktop,id_38_2024,bps_access_device
ID-0002934,64,Kalimantan Timur,provinsi,2024,Perangkat akses,percentage_users,Perangkat yang digunakan untuk mengakses internet,15.35,% pengguna internet,area,urban,category,laptop_tablet,id_38_2024,bps_access_device
ID-0002935,64,Kalimantan Timur,provinsi,2024,Perangkat akses,percentage_users,Perangkat yang digunakan untuk mengakses internet,98.89,% pengguna internet,area,urban,category,mobile,id_38_2024,bps_access_device
ID-0002936,64,Kalimantan Timur,provinsi,2024,Perangkat akses,percentage_users,Perangkat yang digunakan untuk mengakses internet,0.35,% pengguna internet,area,urban,category,other,id_38_2024,bps_access_device
ID-0002937,65,Kalimantan Utara,provinsi,2017,Akses internet,internet_access_pct,Akses internet penduduk usia 5 tahun ke atas,26.55,% penduduk dalam kelompok,area,rural,,,id_34_pre_split,bps_internet_access_history_province_2017_2024
ID-0002938,65,Kalimantan Utara,provinsi,2017,Akses internet,internet_access_pct,Akses internet penduduk usia 5 tahun ke atas,36.4,% penduduk dalam kelompok,area,total,,,id_34_pre_split,bps_internet_access_history_province_2017_2024
ID-0002939,65,Kalimantan Utara,provinsi,2017,Akses internet,internet_access_pct,Akses internet penduduk usia 5 tahun ke atas,43.72,% penduduk dalam kelompok,area,urban,,,id_34_pre_split,bps_internet_access_history_province_2017_2024
ID-0002940,65,Kalimantan Utara,provinsi,2018,Akses internet,internet_access_pct,Akses internet penduduk usia 5 tahun ke atas,37.15,% penduduk dalam kelompok,area,rural,,,id_34_pre_split,bps_internet_access_history_province_2017_2024
ID-0002941,65,Kalimantan Utara,provinsi,2018,Akses internet,internet_access_pct,Akses internet penduduk usia 5 tahun ke atas,46.87,% penduduk dalam kelompok,area,total,,,id_34_pre_split,bps_internet_access_history_province_2017_2024
ID-0002942,65,Kalimantan Utara,provinsi,2018,Akses internet,internet_access_pct,Akses internet penduduk usia 5 tahun ke atas,53.93,% penduduk dalam kelompok,area,urban,,,id_34_pre_split,bps_internet_access_history_province_2017_2024
ID-0002943,65,Kalimantan Utara,provinsi,2018,Kesenjangan gender,internet_access_pct,Akses internet penduduk usia 5 tahun ke atas menurut gender,44.64,% penduduk dalam kelompok,sex,female,,,id_34_pre_split,bps_internet_gender_history_province_2018_2024
ID-0002944,65,Kalimantan Utara,provinsi,2018,Kesenjangan gender,internet_access_pct,Akses internet penduduk usia 5 tahun ke atas menurut gender,48.84,% penduduk dalam kelompok,sex,male,,,id_34_pre_split,bps_internet_gender_history_province_2018_2024
ID-0002945,65,Kalimantan Utara,provinsi,2019,Akses internet,internet_access_pct,Akses internet penduduk usia 5 tahun ke atas,39.69,% penduduk dalam kelompok,area,rural,,,id_34_pre_split,bps_internet_access_history_province_2017_2024
ID-0002946,65,Kalimantan Utara,provinsi,2019,Akses internet,internet_access_pct,Akses internet penduduk usia 5 tahun ke atas,54.3,% penduduk dalam kelompok,area,total,,,id_34_pre_split,bps_internet_access_history_province_2017_2024
ID-0002947,65,Kalimantan Utara,provinsi,2019,Akses internet,internet_access_pct,Akses internet penduduk usia 5 tahun ke atas,63.65,% penduduk dalam kelompok,area,urban,,,id_34_pre_split,bps_internet_access_history_province_2017_2024
ID-0002948,65,Kalimantan Utara,provinsi,2019,Kesenjangan gender,internet_access_pct,Akses internet penduduk usia 5 tahun ke atas menurut gender,52.95,% penduduk dalam kelompok,sex,female,,,id_34_pre_split,bps_internet_gender_history_province_2018_2024
ID-0002949,65,Kalimantan Utara,provinsi,2019,Kesenjangan gender,internet_access_pct,Akses internet penduduk usia 5 tahun ke atas menurut gender,55.49,% penduduk dalam kelompok,sex,male,,,id_34_pre_split,bps_internet_gender_history_province_2018_2024
ID-0002950,65,Kalimantan Utara,provinsi,2020,Akses internet,internet_access_pct,Akses internet penduduk usia 5 tahun ke atas,48.89,% penduduk dalam kelompok,area,rural,,,id_34_pre_split,bps_internet_access_history_province_2017_2024
ID-0002951,65,Kalimantan Utara,provinsi,2020,Akses internet,internet_access_pct,Akses internet penduduk usia 5 tahun ke atas,60.52,% penduduk dalam kelompok,area,total,,,id_34_pre_split,bps_internet_access_history_province_2017_2024
ID-0002952,65,Kalimantan Utara,provinsi,2020,Akses internet,internet_access_pct,Akses internet penduduk usia 5 tahun ke atas,68.06,% penduduk dalam kelompok,area,urban,,,id_34_pre_split,bps_internet_access_history_province_2017_2024
ID-0002953,65,Kalimantan Utara,provinsi,2020,Kesenjangan gender,internet_access_pct,Akses internet penduduk usia 5 tahun ke atas menurut gender,59.3,% penduduk dalam kelompok,sex,female,,,id_34_pre_split,bps_internet_gender_history_province_2018_2024
ID-0002954,65,Kalimantan Utara,provinsi,2020,Kesenjangan gender,internet_access_pct,Akses internet penduduk usia 5 tahun ke atas menurut gender,61.6,% penduduk dalam kelompok,sex,male,,,id_34_pre_split,bps_internet_gender_history_province_2018_2024
ID-0002955,65,Kalimantan Utara,provinsi,2021,Akses internet,internet_access_pct,Akses internet penduduk usia 5 tahun ke atas,53.94,% penduduk dalam kelompok,area,rural,,,id_34_pre_split,bps_internet_access_history_province_2017_2024
ID-0002956,65,Kalimantan Utara,provinsi,2021,Akses internet,internet_access_pct,Akses internet penduduk usia 5 tahun ke atas,69.26,% penduduk dalam kelompok,area,total,,,id_34_pre_split,bps_internet_access_history_province_2017_2024
ID-0002957,65,Kalimantan Utara,provinsi,2021,Akses internet,internet_access_pct,Akses internet penduduk usia 5 tahun ke atas,78.68,% penduduk dalam kelompok,area,urban,,,id_34_pre_split,bps_internet_access_history_province_2017_2024
ID-0002958,65,Kalimantan Utara,provinsi,2021,Akses rumah tangga,household_internet_pct,Rumah tangga dengan akses internet,78.4,% rumah tangga dalam klasifikasi daerah,area,rural,,,id_34_pre_split,bps_household_internet
ID-0002959,65,Kalimantan Utara,provinsi,2021,Akses rumah tangga,household_internet_pct,Rumah tangga dengan akses internet,88.02,% rumah tangga dalam klasifikasi daerah,area,total,,,id_34_pre_split,bps_household_internet
ID-0002960,65,Kalimantan Utara,provinsi,2021,Akses rumah tangga,household_internet_pct,Rumah tangga dengan akses internet,93.94,% rumah tangga dalam klasifikasi daerah,area,urban,,,id_34_pre_split,bps_household_internet
ID-0002961,65,Kalimantan Utara,provinsi,2021,Kesenjangan gender,internet_access_pct,Akses internet penduduk usia 5 tahun ke atas menurut gender,67.99,% penduduk dalam kelompok,sex,female,,,id_34_pre_split,bps_internet_gender_history_province_2018_2024
ID-0002962,65,Kalimantan Utara,provinsi,2021,Kesenjangan gender,internet_access_pct,Akses internet penduduk usia 5 tahun ke atas menurut gender,70.39,% penduduk dalam kelompok,sex,male,,,id_34_pre_split,bps_internet_gender_history_province_2018_2024
ID-0002963,65,Kalimantan Utara,provinsi,2021,Literasi digital,digital_literacy_index,Indeks Literasi Digital Kominfo,3.57,poin 1–5,,,,,id_34_pre_split,kominfo_digital_literacy_province_2021
ID-0002964,65,Kalimantan Utara,provinsi,2022,Akses internet,internet_access_pct,Akses internet penduduk usia 5 tahun ke atas,64.15,% penduduk dalam kelompok,area,rural,,,id_34_pre_split,bps_internet_access_history_province_2017_2024
ID-0002965,65,Kalimantan Utara,provinsi,2022,Akses internet,internet_access_pct,Akses internet penduduk usia 5 tahun ke atas,77.43,% penduduk dalam kelompok,area,total,,,id_34_pre_split,bps_internet_access_history_province_2017_2024
ID-0002966,65,Kalimantan Utara,provinsi,2022,Akses internet,internet_access_pct,Akses internet penduduk usia 5 tahun ke atas,83.64,% penduduk dalam kelompok,area,urban,,,id_34_pre_split,bps_internet_access_history_province_2017_2024
ID-0002967,65,Kalimantan Utara,provinsi,2022,Akses rumah tangga,household_internet_pct,Rumah tangga dengan akses internet,89.62,% rumah tangga dalam klasifikasi daerah,area,rural,,,id_34_pre_split,bps_household_internet
ID-0002968,65,Kalimantan Utara,provinsi,2022,Akses rumah tangga,household_internet_pct,Rumah tangga dengan akses internet,94.27,% rumah tangga dalam klasifikasi daerah,area,total,,,id_34_pre_split,bps_household_internet
ID-0002969,65,Kalimantan Utara,provinsi,2022,Akses rumah tangga,household_internet_pct,Rumah tangga dengan akses internet,96.95,% rumah tangga dalam klasifikasi daerah,area,urban,,,id_34_pre_split,bps_household_internet
ID-0002970,65,Kalimantan Utara,provinsi,2022,Kesenjangan gender,internet_access_pct,Akses internet penduduk usia 5 tahun ke atas menurut gender,76.33,% penduduk dalam kelompok,sex,female,,,id_34_pre_split,bps_internet_gender_history_province_2018_2024
ID-0002971,65,Kalimantan Utara,provinsi,2022,Kesenjangan gender,internet_access_pct,Akses internet penduduk usia 5 tahun ke atas menurut gender,78.43,% penduduk dalam kelompok,sex,male,,,id_34_pre_split,bps_internet_gender_history_province_2018_2024
ID-0002972,65,Kalimantan Utara,provinsi,2023,Akses internet,internet_access_pct,Akses internet penduduk usia 5 tahun ke atas,68.02,% penduduk dalam kelompok,area,rural,,,id_34_pre_split,bps_internet_access_history_province_2017_2024
ID-0002973,65,Kalimantan Utara,provinsi,2023,Akses internet,internet_access_pct,Akses internet penduduk usia 5 tahun ke atas,77.03,% penduduk dalam kelompok,area,total,,,id_34_pre_split,bps_internet_access_history_province_2017_2024
ID-0002974,65,Kalimantan Utara,provinsi,2023,Akses internet,internet_access_pct,Akses internet penduduk usia 5 tahun ke atas,82.05,% penduduk dalam kelompok,area,urban,,,id_34_pre_split,bps_internet_access_history_province_2017_2024
ID-0002975,65,Kalimantan Utara,provinsi,2023,Akses rumah tangga,household_internet_pct,Rumah tangga dengan akses internet,89.09,% rumah tangga dalam klasifikasi daerah,area,rural,,,id_34_pre_split,bps_household_internet
ID-0002976,65,Kalimantan Utara,provinsi,2023,Akses rumah tangga,household_internet_pct,Rumah tangga dengan akses internet,93.76,% rumah tangga dalam klasifikasi daerah,area,total,,,id_34_pre_split,bps_household_internet
ID-0002977,65,Kalimantan Utara,provinsi,2023,Akses rumah tangga,household_internet_pct,Rumah tangga dengan akses internet,96.35,% rumah tangga dalam klasifikasi daerah,area,urban,,,id_34_pre_split,bps_household_internet
ID-0002978,65,Kalimantan Utara,provinsi,2023,Kesenjangan gender,internet_access_pct,Akses internet penduduk usia 5 tahun ke atas menurut gender,76.09,% penduduk dalam kelompok,sex,female,,,id_34_pre_split,bps_internet_gender_history_province_2018_2024
ID-0002979,65,Kalimantan Utara,provinsi,2023,Kesenjangan gender,internet_access_pct,Akses internet penduduk usia 5 tahun ke atas menurut gender,77.89,% penduduk dalam kelompok,sex,male,,,id_34_pre_split,bps_internet_gender_history_province_2018_2024
ID-0002980,65,Kalimantan Utara,provinsi,2023,Komponen pembangunan TIK,fixed_broadband_norm,"Broadband tetap per 100 penduduk, ternormalisasi",1.29,poin 0–10,,,,,id_34_papua_aggregated_2023_2024,bps_iptik_normalized_components_province_2023_2024
ID-0002981,65,Kalimantan Utara,provinsi,2023,Komponen pembangunan TIK,fixed_telephone_norm,"Telepon tetap per 100 penduduk, ternormalisasi",1.51,poin 0–10,,,,,id_34_papua_aggregated_2023_2024,bps_iptik_normalized_components_province_2023_2024
ID-0002982,65,Kalimantan Utara,provinsi,2023,Komponen pembangunan TIK,household_computer_norm,"Rumah tangga dengan komputer, ternormalisasi",2.72,poin 0–10,,,,,id_34_papua_aggregated_2023_2024,bps_iptik_normalized_components_province_2023_2024
ID-0002983,65,Kalimantan Utara,provinsi,2023,Komponen pembangunan TIK,household_internet_norm,"Rumah tangga dengan internet, ternormalisasi",9.38,poin 0–10,,,,,id_34_papua_aggregated_2023_2024,bps_iptik_normalized_components_province_2023_2024
ID-0002984,65,Kalimantan Utara,provinsi,2023,Komponen pembangunan TIK,individual_internet_norm,"Individu pengguna internet, ternormalisasi",7.7,poin 0–10,,,,,id_34_papua_aggregated_2023_2024,bps_iptik_normalized_components_province_2023_2024
ID-0002985,65,Kalimantan Utara,provinsi,2023,Komponen pembangunan TIK,international_bandwidth_norm,"Bandwidth internet internasional per pengguna, ternormalisasi",7.87,poin 0–10,,,,,id_34_papua_aggregated_2023_2024,bps_iptik_normalized_components_province_2023_2024
ID-0002986,65,Kalimantan Utara,provinsi,2023,Komponen pembangunan TIK,mean_years_school_norm,"Rata-rata lama sekolah, ternormalisasi",6.35,poin 0–10,,,,,id_34_papua_aggregated_2023_2024,bps_iptik_normalized_components_province_2023_2024
ID-0002987,65,Kalimantan Utara,provinsi,2023,Komponen pembangunan TIK,mobile_broadband_norm,"Broadband seluler per 100 penduduk, ternormalisasi",10,poin 0–10,,,,,id_34_papua_aggregated_2023_2024,bps_iptik_normalized_components_province_2023_2024
ID-0002988,65,Kalimantan Utara,provinsi,2023,Komponen pembangunan TIK,mobile_cellular_norm,"Telepon seluler per 100 penduduk, ternormalisasi",10,poin 0–10,,,,,id_34_papua_aggregated_2023_2024,bps_iptik_normalized_components_province_2023_2024
ID-0002989,65,Kalimantan Utara,provinsi,2023,Komponen pembangunan TIK,secondary_enrolment_norm,"Partisipasi pendidikan sekunder, ternormalisasi",9.77,poin 0–10,,,,,id_34_papua_aggregated_2023_2024,bps_iptik_normalized_components_province_2023_2024
ID-0002990,65,Kalimantan Utara,provinsi,2023,Komponen pembangunan TIK,tertiary_enrolment_norm,"Partisipasi pendidikan tinggi, ternormalisasi",2.64,poin 0–10,,,,,id_34_papua_aggregated_2023_2024,bps_iptik_normalized_components_province_2023_2024
ID-0002991,65,Kalimantan Utara,provinsi,2023,Pembangunan TIK,access_infrastructure_subindex,Subindeks akses dan infrastruktur TIK,6.3,poin 0–10,,,,,id_34_papua_aggregated_2023_2024,bps_iptik_province_2023_2024
ID-0002992,65,Kalimantan Utara,provinsi,2023,Pembangunan TIK,ict_development_index,Indeks Pembangunan TIK,6.3,poin 0–10,,,,,id_34_papua_aggregated_2023_2024,bps_iptik_province_2023_2024
ID-0002993,65,Kalimantan Utara,provinsi,2023,Pembangunan TIK,skills_proxy_subindex,Subindeks proksi keahlian TIK,6.25,poin 0–10,,,,,id_34_papua_aggregated_2023_2024,bps_iptik_province_2023_2024
ID-0002994,65,Kalimantan Utara,provinsi,2023,Pembangunan TIK,use_subindex,Subindeks penggunaan TIK,6.33,poin 0–10,,,,,id_34_papua_aggregated_2023_2024,bps_iptik_province_2023_2024
ID-0002995,65,Kalimantan Utara,provinsi,2024,Akses internet,internet_access_pct,Akses internet penduduk usia 5 tahun ke atas,69.24,% penduduk dalam kelompok,area,rural,,,id_38_2024,bps_internet_access_history_province_2017_2024
ID-0002996,65,Kalimantan Utara,provinsi,2024,Akses internet,internet_access_pct,Akses internet penduduk usia 5 tahun ke atas,77.44,% penduduk dalam kelompok,area,total,,,id_38_2024,bps_internet_access_history_province_2017_2024
ID-0002997,65,Kalimantan Utara,provinsi,2024,Akses internet,internet_access_pct,Akses internet penduduk usia 5 tahun ke atas,81.92,% penduduk dalam kelompok,area,urban,,,id_38_2024,bps_internet_access_history_province_2017_2024
ID-0002998,65,Kalimantan Utara,provinsi,2024,Akses rumah tangga,household_internet_pct,Rumah tangga dengan akses internet,89.44,% rumah tangga dalam klasifikasi daerah,area,rural,,,id_38_2024,bps_household_internet
ID-0002999,65,Kalimantan Utara,provinsi,2024,Akses rumah tangga,household_internet_pct,Rumah tangga dengan akses internet,94.58,% rumah tangga dalam klasifikasi daerah,area,total,,,id_38_2024,bps_household_internet
ID-0003000,65,Kalimantan Utara,provinsi,2024,Akses rumah tangga,household_internet_pct,Rumah tangga dengan akses internet,97.38,% rumah tangga dalam klasifikasi daerah,area,urban,,,id_38_2024,bps_household_internet
ID-0003001,65,Kalimantan Utara,provinsi,2024,Kesenjangan gender,internet_access_pct,Akses internet penduduk usia 5 tahun ke atas menurut gender,76.78,% penduduk dalam kelompok,sex,female,,,id_38_2024,bps_internet_gender_history_province_2018_2024
ID-0003002,65,Kalimantan Utara,provinsi,2024,Kesenjangan gender,internet_access_pct,Akses internet penduduk usia 5 tahun ke atas menurut gender,78.05,% penduduk dalam kelompok,sex,male,,,id_38_2024,bps_internet_gender_history_province_2018_2024
ID-0003003,65,Kalimantan Utara,provinsi,2024,Komponen pembangunan TIK,fixed_broadband_norm,"Broadband tetap per 100 penduduk, ternormalisasi",1.39,poin 0–10,,,,,id_34_papua_aggregated_2023_2024,bps_iptik_normalized_components_province_2023_2024
ID-0003004,65,Kalimantan Utara,provinsi,2024,Komponen pembangunan TIK,fixed_telephone_norm,"Telepon tetap per 100 penduduk, ternormalisasi",2.24,poin 0–10,,,,,id_34_papua_aggregated_2023_2024,bps_iptik_normalized_components_province_2023_2024
ID-0003005,65,Kalimantan Utara,provinsi,2024,Komponen pembangunan TIK,household_computer_norm,"Rumah tangga dengan komputer, ternormalisasi",2.51,poin 0–10,,,,,id_34_papua_aggregated_2023_2024,bps_iptik_normalized_components_province_2023_2024
ID-0003006,65,Kalimantan Utara,provinsi,2024,Komponen pembangunan TIK,household_internet_norm,"Rumah tangga dengan internet, ternormalisasi",9.46,poin 0–10,,,,,id_34_papua_aggregated_2023_2024,bps_iptik_normalized_components_province_2023_2024
ID-0003007,65,Kalimantan Utara,provinsi,2024,Komponen pembangunan TIK,individual_internet_norm,"Individu pengguna internet, ternormalisasi",7.74,poin 0–10,,,,,id_34_papua_aggregated_2023_2024,bps_iptik_normalized_components_province_2023_2024
ID-0003008,65,Kalimantan Utara,provinsi,2024,Komponen pembangunan TIK,international_bandwidth_norm,"Bandwidth internet internasional per pengguna, ternormalisasi",8.35,poin 0–10,,,,,id_34_papua_aggregated_2023_2024,bps_iptik_normalized_components_province_2023_2024
ID-0003009,65,Kalimantan Utara,provinsi,2024,Komponen pembangunan TIK,mean_years_school_norm,"Rata-rata lama sekolah, ternormalisasi",6.39,poin 0–10,,,,,id_34_papua_aggregated_2023_2024,bps_iptik_normalized_components_province_2023_2024
ID-0003010,65,Kalimantan Utara,provinsi,2024,Komponen pembangunan TIK,mobile_broadband_norm,"Broadband seluler per 100 penduduk, ternormalisasi",10,poin 0–10,,,,,id_34_papua_aggregated_2023_2024,bps_iptik_normalized_components_province_2023_2024
ID-0003011,65,Kalimantan Utara,provinsi,2024,Komponen pembangunan TIK,mobile_cellular_norm,"Telepon seluler per 100 penduduk, ternormalisasi",10,poin 0–10,,,,,id_34_papua_aggregated_2023_2024,bps_iptik_normalized_components_province_2023_2024
ID-0003012,65,Kalimantan Utara,provinsi,2024,Komponen pembangunan TIK,secondary_enrolment_norm,"Partisipasi pendidikan sekunder, ternormalisasi",9.59,poin 0–10,,,,,id_34_papua_aggregated_2023_2024,bps_iptik_normalized_components_province_2023_2024
ID-0003013,65,Kalimantan Utara,provinsi,2024,Komponen pembangunan TIK,tertiary_enrolment_norm,"Partisipasi pendidikan tinggi, ternormalisasi",2.74,poin 0–10,,,,,id_34_papua_aggregated_2023_2024,bps_iptik_normalized_components_province_2023_2024
ID-0003014,65,Kalimantan Utara,provinsi,2024,Pemanfaatan internet,percentage_users,Tujuan penggunaan internet,10.33,% pengguna internet,area,rural,category,buy_goods_services,id_38_2024,bps_internet_purpose
ID-0003015,65,Kalimantan Utara,provinsi,2024,Pemanfaatan internet,percentage_users,Tujuan penggunaan internet,0.35,% pengguna internet,area,rural,category,digital_content_creation,id_38_2024,bps_internet_purpose
ID-0003016,65,Kalimantan Utara,provinsi,2024,Pemanfaatan internet,percentage_users,Tujuan penggunaan internet,4.41,% pengguna internet,area,rural,category,email,id_38_2024,bps_internet_purpose
ID-0003017,65,Kalimantan Utara,provinsi,2024,Pemanfaatan internet,percentage_users,Tujuan penggunaan internet,76.73,% pengguna internet,area,rural,category,entertainment,id_38_2024,bps_internet_purpose
ID-0003018,65,Kalimantan Utara,provinsi,2024,Pemanfaatan internet,percentage_users,Tujuan penggunaan internet,2.72,% pengguna internet,area,rural,category,financial_services,id_38_2024,bps_internet_purpose
ID-0003019,65,Kalimantan Utara,provinsi,2024,Pemanfaatan internet,percentage_users,Tujuan penggunaan internet,14.98,% pengguna internet,area,rural,category,goods_services_information,id_38_2024,bps_internet_purpose
ID-0003020,65,Kalimantan Utara,provinsi,2024,Pemanfaatan internet,percentage_users,Tujuan penggunaan internet,73.16,% pengguna internet,area,rural,category,news_information,id_38_2024,bps_internet_purpose
ID-0003021,65,Kalimantan Utara,provinsi,2024,Pemanfaatan internet,percentage_users,Tujuan penggunaan internet,7.86,% pengguna internet,area,rural,category,online_learning,id_38_2024,bps_internet_purpose
ID-0003022,65,Kalimantan Utara,provinsi,2024,Pemanfaatan internet,percentage_users,Tujuan penggunaan internet,3.25,% pengguna internet,area,rural,category,other,id_38_2024,bps_internet_purpose
ID-0003023,65,Kalimantan Utara,provinsi,2024,Pemanfaatan internet,percentage_users,Tujuan penggunaan internet,2.07,% pengguna internet,area,rural,category,sell_goods_services,id_38_2024,bps_internet_purpose
ID-0003024,65,Kalimantan Utara,provinsi,2024,Pemanfaatan internet,percentage_users,Tujuan penggunaan internet,75.76,% pengguna internet,area,rural,category,social_media,id_38_2024,bps_internet_purpose
ID-0003025,65,Kalimantan Utara,provinsi,2024,Pemanfaatan internet,percentage_users,Tujuan penggunaan internet,0.86,% pengguna internet,area,rural,category,work_from_home,id_38_2024,bps_internet_purpose
ID-0003026,65,Kalimantan Utara,provinsi,2024,Pemanfaatan internet,percentage_users,Tujuan penggunaan internet,17.12,% pengguna internet,area,total,category,buy_goods_services,id_38_2024,bps_internet_purpose
ID-0003027,65,Kalimantan Utara,provinsi,2024,Pemanfaatan internet,percentage_users,Tujuan penggunaan internet,2.84,% pengguna internet,area,total,category,digital_content_creation,id_38_2024,bps_internet_purpose
ID-0003028,65,Kalimantan Utara,provinsi,2024,Pemanfaatan internet,percentage_users,Tujuan penggunaan internet,10.22,% pengguna internet,area,total,category,email,id_38_2024,bps_internet_purpose
ID-0003029,65,Kalimantan Utara,provinsi,2024,Pemanfaatan internet,percentage_users,Tujuan penggunaan internet,83.26,% pengguna internet,area,total,category,entertainment,id_38_2024,bps_internet_purpose
ID-0003030,65,Kalimantan Utara,provinsi,2024,Pemanfaatan internet,percentage_users,Tujuan penggunaan internet,7.52,% pengguna internet,area,total,category,financial_services,id_38_2024,bps_internet_purpose
ID-0003031,65,Kalimantan Utara,provinsi,2024,Pemanfaatan internet,percentage_users,Tujuan penggunaan internet,19.83,% pengguna internet,area,total,category,goods_services_information,id_38_2024,bps_internet_purpose
ID-0003032,65,Kalimantan Utara,provinsi,2024,Pemanfaatan internet,percentage_users,Tujuan penggunaan internet,72.04,% pengguna internet,area,total,category,news_information,id_38_2024,bps_internet_purpose
ID-0003033,65,Kalimantan Utara,provinsi,2024,Pemanfaatan internet,percentage_users,Tujuan penggunaan internet,9.07,% pengguna internet,area,total,category,online_learning,id_38_2024,bps_internet_purpose
ID-0003034,65,Kalimantan Utara,provinsi,2024,Pemanfaatan internet,percentage_users,Tujuan penggunaan internet,2.8,% pengguna internet,area,total,category,other,id_38_2024,bps_internet_purpose
ID-0003035,65,Kalimantan Utara,provinsi,2024,Pemanfaatan internet,percentage_users,Tujuan penggunaan internet,4.13,% pengguna internet,area,total,category,sell_goods_services,id_38_2024,bps_internet_purpose
ID-0003036,65,Kalimantan Utara,provinsi,2024,Pemanfaatan internet,percentage_users,Tujuan penggunaan internet,78.46,% pengguna internet,area,total,category,social_media,id_38_2024,bps_internet_purpose
ID-0003037,65,Kalimantan Utara,provinsi,2024,Pemanfaatan internet,percentage_users,Tujuan penggunaan internet,1.02,% pengguna internet,area,total,category,work_from_home,id_38_2024,bps_internet_purpose
ID-0003038,65,Kalimantan Utara,provinsi,2024,Pemanfaatan internet,percentage_users,Tujuan penggunaan internet,20.25,% pengguna internet,area,urban,category,buy_goods_services,id_38_2024,bps_internet_purpose
ID-0003039,65,Kalimantan Utara,provinsi,2024,Pemanfaatan internet,percentage_users,Tujuan penggunaan internet,3.98,% pengguna internet,area,urban,category,digital_content_creation,id_38_2024,bps_internet_purpose
ID-0003040,65,Kalimantan Utara,provinsi,2024,Pemanfaatan internet,percentage_users,Tujuan penggunaan internet,12.9,% pengguna internet,area,urban,category,email,id_38_2024,bps_internet_purpose
ID-0003041,65,Kalimantan Utara,provinsi,2024,Pemanfaatan internet,percentage_users,Tujuan penggunaan internet,86.27,% pengguna internet,area,urban,category,entertainment,id_38_2024,bps_internet_purpose
ID-0003042,65,Kalimantan Utara,provinsi,2024,Pemanfaatan internet,percentage_users,Tujuan penggunaan internet,9.73,% pengguna internet,area,urban,category,financial_services,id_38_2024,bps_internet_purpose
ID-0003043,65,Kalimantan Utara,provinsi,2024,Pemanfaatan internet,percentage_users,Tujuan penggunaan internet,22.07,% pengguna internet,area,urban,category,goods_services_information,id_38_2024,bps_internet_purpose
ID-0003044,65,Kalimantan Utara,provinsi,2024,Pemanfaatan internet,percentage_users,Tujuan penggunaan internet,71.52,% pengguna internet,area,urban,category,news_information,id_38_2024,bps_internet_purpose
ID-0003045,65,Kalimantan Utara,provinsi,2024,Pemanfaatan internet,percentage_users,Tujuan penggunaan internet,9.62,% pengguna internet,area,urban,category,online_learning,id_38_2024,bps_internet_purpose
ID-0003046,65,Kalimantan Utara,provinsi,2024,Pemanfaatan internet,percentage_users,Tujuan penggunaan internet,2.59,% pengguna internet,area,urban,category,other,id_38_2024,bps_internet_purpose
ID-0003047,65,Kalimantan Utara,provinsi,2024,Pemanfaatan internet,percentage_users,Tujuan penggunaan internet,5.08,% pengguna internet,area,urban,category,sell_goods_services,id_38_2024,bps_internet_purpose
ID-0003048,65,Kalimantan Utara,provinsi,2024,Pemanfaatan internet,percentage_users,Tujuan penggunaan internet,79.7,% pengguna internet,area,urban,category,social_media,id_38_2024,bps_internet_purpose
ID-0003049,65,Kalimantan Utara,provinsi,2024,Pemanfaatan internet,percentage_users,Tujuan penggunaan internet,1.09,% pengguna internet,area,urban,category,work_from_home,id_38_2024,bps_internet_purpose
ID-0003050,65,Kalimantan Utara,provinsi,2024,Pembangunan TIK,access_infrastructure_subindex,Subindeks akses dan infrastruktur TIK,6.51,poin 0–10,,,,,id_34_papua_aggregated_2023_2024,bps_iptik_province_2023_2024
ID-0003051,65,Kalimantan Utara,provinsi,2024,Pembangunan TIK,ict_development_index,Indeks Pembangunan TIK,6.4,poin 0–10,,,,,id_34_papua_aggregated_2023_2024,bps_iptik_province_2023_2024
ID-0003052,65,Kalimantan Utara,provinsi,2024,Pembangunan TIK,skills_proxy_subindex,Subindeks proksi keahlian TIK,6.24,poin 0–10,,,,,id_34_papua_aggregated_2023_2024,bps_iptik_province_2023_2024
ID-0003053,65,Kalimantan Utara,provinsi,2024,Pembangunan TIK,use_subindex,Subindeks penggunaan TIK,6.38,poin 0–10,,,,,id_34_papua_aggregated_2023_2024,bps_iptik_province_2023_2024
ID-0003054,65,Kalimantan Utara,provinsi,2024,Perangkat akses,percentage_users,Perangkat yang digunakan untuk mengakses internet,1.08,% pengguna internet,area,rural,category,desktop,id_38_2024,bps_access_device
ID-0003055,65,Kalimantan Utara,provinsi,2024,Perangkat akses,percentage_users,Perangkat yang digunakan untuk mengakses internet,4.96,% pengguna internet,area,rural,category,laptop_tablet,id_38_2024,bps_access_device
ID-0003056,65,Kalimantan Utara,provinsi,2024,Perangkat akses,percentage_users,Perangkat yang digunakan untuk mengakses internet,99.28,% pengguna internet,area,rural,category,mobile,id_38_2024,bps_access_device
ID-0003057,65,Kalimantan Utara,provinsi,2024,Perangkat akses,percentage_users,Perangkat yang digunakan untuk mengakses internet,0.33,% pengguna internet,area,rural,category,other,id_38_2024,bps_access_device
ID-0003058,65,Kalimantan Utara,provinsi,2024,Perangkat akses,percentage_users,Perangkat yang digunakan untuk mengakses internet,1.94,% pengguna internet,area,total,category,desktop,id_38_2024,bps_access_device
ID-0003059,65,Kalimantan Utara,provinsi,2024,Perangkat akses,percentage_users,Perangkat yang digunakan untuk mengakses internet,8.78,% pengguna internet,area,total,category,laptop_tablet,id_38_2024,bps_access_device
ID-0003060,65,Kalimantan Utara,provinsi,2024,Perangkat akses,percentage_users,Perangkat yang digunakan untuk mengakses internet,99.12,% pengguna internet,area,total,category,mobile,id_38_2024,bps_access_device
ID-0003061,65,Kalimantan Utara,provinsi,2024,Perangkat akses,percentage_users,Perangkat yang digunakan untuk mengakses internet,0.97,% pengguna internet,area,total,category,other,id_38_2024,bps_access_device
ID-0003062,65,Kalimantan Utara,provinsi,2024,Perangkat akses,percentage_users,Perangkat yang digunakan untuk mengakses internet,2.34,% pengguna internet,area,urban,category,desktop,id_38_2024,bps_access_device
ID-0003063,65,Kalimantan Utara,provinsi,2024,Perangkat akses,percentage_users,Perangkat yang digunakan untuk mengakses internet,10.53,% pengguna internet,area,urban,category,laptop_tablet,id_38_2024,bps_access_device
ID-0003064,65,Kalimantan Utara,provinsi,2024,Perangkat akses,percentage_users,Perangkat yang digunakan untuk mengakses internet,99.04,% pengguna internet,area,urban,category,mobile,id_38_2024,bps_access_device
ID-0003065,65,Kalimantan Utara,provinsi,2024,Perangkat akses,percentage_users,Perangkat yang digunakan untuk mengakses internet,1.27,% pengguna internet,area,urban,category,other,id_38_2024,bps_access_device
ID-0003066,71,Sulawesi Utara,provinsi,2017,Akses internet,internet_access_pct,Akses internet penduduk usia 5 tahun ke atas,25.15,% penduduk dalam kelompok,area,rural,,,id_34_pre_split,bps_internet_access_history_province_2017_2024
ID-0003067,71,Sulawesi Utara,provinsi,2017,Akses internet,internet_access_pct,Akses internet penduduk usia 5 tahun ke atas,35.44,% penduduk dalam kelompok,area,total,,,id_34_pre_split,bps_internet_access_history_province_2017_2024
ID-0003068,71,Sulawesi Utara,provinsi,2017,Akses internet,internet_access_pct,Akses internet penduduk usia 5 tahun ke atas,46.8,% penduduk dalam kelompok,area,urban,,,id_34_pre_split,bps_internet_access_history_province_2017_2024
ID-0003069,71,Sulawesi Utara,provinsi,2018,Akses internet,internet_access_pct,Akses internet penduduk usia 5 tahun ke atas,30.09,% penduduk dalam kelompok,area,rural,,,id_34_pre_split,bps_internet_access_history_province_2017_2024
ID-0003070,71,Sulawesi Utara,provinsi,2018,Akses internet,internet_access_pct,Akses internet penduduk usia 5 tahun ke atas,40.59,% penduduk dalam kelompok,area,total,,,id_34_pre_split,bps_internet_access_history_province_2017_2024
ID-0003071,71,Sulawesi Utara,provinsi,2018,Akses internet,internet_access_pct,Akses internet penduduk usia 5 tahun ke atas,50.98,% penduduk dalam kelompok,area,urban,,,id_34_pre_split,bps_internet_access_history_province_2017_2024
ID-0003072,71,Sulawesi Utara,provinsi,2018,Kesenjangan gender,internet_access_pct,Akses internet penduduk usia 5 tahun ke atas menurut gender,41.97,% penduduk dalam kelompok,sex,female,,,id_34_pre_split,bps_internet_gender_history_province_2018_2024
ID-0003073,71,Sulawesi Utara,provinsi,2018,Kesenjangan gender,internet_access_pct,Akses internet penduduk usia 5 tahun ke atas menurut gender,39.26,% penduduk dalam kelompok,sex,male,,,id_34_pre_split,bps_internet_gender_history_province_2018_2024
ID-0003074,71,Sulawesi Utara,provinsi,2019,Akses internet,internet_access_pct,Akses internet penduduk usia 5 tahun ke atas,37.06,% penduduk dalam kelompok,area,rural,,,id_34_pre_split,bps_internet_access_history_province_2017_2024
ID-0003075,71,Sulawesi Utara,provinsi,2019,Akses internet,internet_access_pct,Akses internet penduduk usia 5 tahun ke atas,46.73,% penduduk dalam kelompok,area,total,,,id_34_pre_split,bps_internet_access_history_province_2017_2024
ID-0003076,71,Sulawesi Utara,provinsi,2019,Akses internet,internet_access_pct,Akses internet penduduk usia 5 tahun ke atas,55.56,% penduduk dalam kelompok,area,urban,,,id_34_pre_split,bps_internet_access_history_province_2017_2024
ID-0003077,71,Sulawesi Utara,provinsi,2019,Kesenjangan gender,internet_access_pct,Akses internet penduduk usia 5 tahun ke atas menurut gender,47.98,% penduduk dalam kelompok,sex,female,,,id_34_pre_split,bps_internet_gender_history_province_2018_2024
ID-0003078,71,Sulawesi Utara,provinsi,2019,Kesenjangan gender,internet_access_pct,Akses internet penduduk usia 5 tahun ke atas menurut gender,45.53,% penduduk dalam kelompok,sex,male,,,id_34_pre_split,bps_internet_gender_history_province_2018_2024
ID-0003079,71,Sulawesi Utara,provinsi,2020,Akses internet,internet_access_pct,Akses internet penduduk usia 5 tahun ke atas,41.3,% penduduk dalam kelompok,area,rural,,,id_34_pre_split,bps_internet_access_history_province_2017_2024
ID-0003080,71,Sulawesi Utara,provinsi,2020,Akses internet,internet_access_pct,Akses internet penduduk usia 5 tahun ke atas,51.8,% penduduk dalam kelompok,area,total,,,id_34_pre_split,bps_internet_access_history_province_2017_2024
ID-0003081,71,Sulawesi Utara,provinsi,2020,Akses internet,internet_access_pct,Akses internet penduduk usia 5 tahun ke atas,61.38,% penduduk dalam kelompok,area,urban,,,id_34_pre_split,bps_internet_access_history_province_2017_2024
ID-0003082,71,Sulawesi Utara,provinsi,2020,Kesenjangan gender,internet_access_pct,Akses internet penduduk usia 5 tahun ke atas menurut gender,52.75,% penduduk dalam kelompok,sex,female,,,id_34_pre_split,bps_internet_gender_history_province_2018_2024
ID-0003083,71,Sulawesi Utara,provinsi,2020,Kesenjangan gender,internet_access_pct,Akses internet penduduk usia 5 tahun ke atas menurut gender,50.9,% penduduk dalam kelompok,sex,male,,,id_34_pre_split,bps_internet_gender_history_province_2018_2024
ID-0003084,71,Sulawesi Utara,provinsi,2021,Akses internet,internet_access_pct,Akses internet penduduk usia 5 tahun ke atas,49.99,% penduduk dalam kelompok,area,rural,,,id_34_pre_split,bps_internet_access_history_province_2017_2024
ID-0003085,71,Sulawesi Utara,provinsi,2021,Akses internet,internet_access_pct,Akses internet penduduk usia 5 tahun ke atas,59.73,% penduduk dalam kelompok,area,total,,,id_34_pre_split,bps_internet_access_history_province_2017_2024
ID-0003086,71,Sulawesi Utara,provinsi,2021,Akses internet,internet_access_pct,Akses internet penduduk usia 5 tahun ke atas,67.98,% penduduk dalam kelompok,area,urban,,,id_34_pre_split,bps_internet_access_history_province_2017_2024
ID-0003087,71,Sulawesi Utara,provinsi,2021,Akses rumah tangga,household_internet_pct,Rumah tangga dengan akses internet,74.98,% rumah tangga dalam klasifikasi daerah,area,rural,,,id_34_pre_split,bps_household_internet
ID-0003088,71,Sulawesi Utara,provinsi,2021,Akses rumah tangga,household_internet_pct,Rumah tangga dengan akses internet,81.57,% rumah tangga dalam klasifikasi daerah,area,total,,,id_34_pre_split,bps_household_internet
ID-0003089,71,Sulawesi Utara,provinsi,2021,Akses rumah tangga,household_internet_pct,Rumah tangga dengan akses internet,87.21,% rumah tangga dalam klasifikasi daerah,area,urban,,,id_34_pre_split,bps_household_internet
ID-0003090,71,Sulawesi Utara,provinsi,2021,Kesenjangan gender,internet_access_pct,Akses internet penduduk usia 5 tahun ke atas menurut gender,60.42,% penduduk dalam kelompok,sex,female,,,id_34_pre_split,bps_internet_gender_history_province_2018_2024
ID-0003091,71,Sulawesi Utara,provinsi,2021,Kesenjangan gender,internet_access_pct,Akses internet penduduk usia 5 tahun ke atas menurut gender,59.06,% penduduk dalam kelompok,sex,male,,,id_34_pre_split,bps_internet_gender_history_province_2018_2024
ID-0003092,71,Sulawesi Utara,provinsi,2021,Literasi digital,digital_literacy_index,Indeks Literasi Digital Kominfo,3.53,poin 1–5,,,,,id_34_pre_split,kominfo_digital_literacy_province_2021
ID-0003093,71,Sulawesi Utara,provinsi,2022,Akses internet,internet_access_pct,Akses internet penduduk usia 5 tahun ke atas,53.55,% penduduk dalam kelompok,area,rural,,,id_34_pre_split,bps_internet_access_history_province_2017_2024
ID-0003094,71,Sulawesi Utara,provinsi,2022,Akses internet,internet_access_pct,Akses internet penduduk usia 5 tahun ke atas,61.63,% penduduk dalam kelompok,area,total,,,id_34_pre_split,bps_internet_access_history_province_2017_2024
ID-0003095,71,Sulawesi Utara,provinsi,2022,Akses internet,internet_access_pct,Akses internet penduduk usia 5 tahun ke atas,69.2,% penduduk dalam kelompok,area,urban,,,id_34_pre_split,bps_internet_access_history_province_2017_2024
ID-0003096,71,Sulawesi Utara,provinsi,2022,Akses rumah tangga,household_internet_pct,Rumah tangga dengan akses internet,79.06,% rumah tangga dalam klasifikasi daerah,area,rural,,,id_34_pre_split,bps_household_internet
ID-0003097,71,Sulawesi Utara,provinsi,2022,Akses rumah tangga,household_internet_pct,Rumah tangga dengan akses internet,83.54,% rumah tangga dalam klasifikasi daerah,area,total,,,id_34_pre_split,bps_household_internet
ID-0003098,71,Sulawesi Utara,provinsi,2022,Akses rumah tangga,household_internet_pct,Rumah tangga dengan akses internet,87.16,% rumah tangga dalam klasifikasi daerah,area,urban,,,id_34_pre_split,bps_household_internet
ID-0003099,71,Sulawesi Utara,provinsi,2022,Kesenjangan gender,internet_access_pct,Akses internet penduduk usia 5 tahun ke atas menurut gender,62.55,% penduduk dalam kelompok,sex,female,,,id_34_pre_split,bps_internet_gender_history_province_2018_2024
ID-0003100,71,Sulawesi Utara,provinsi,2022,Kesenjangan gender,internet_access_pct,Akses internet penduduk usia 5 tahun ke atas menurut gender,60.75,% penduduk dalam kelompok,sex,male,,,id_34_pre_split,bps_internet_gender_history_province_2018_2024
ID-0003101,71,Sulawesi Utara,provinsi,2023,Akses internet,internet_access_pct,Akses internet penduduk usia 5 tahun ke atas,56.13,% penduduk dalam kelompok,area,rural,,,id_34_pre_split,bps_internet_access_history_province_2017_2024
ID-0003102,71,Sulawesi Utara,provinsi,2023,Akses internet,internet_access_pct,Akses internet penduduk usia 5 tahun ke atas,64.81,% penduduk dalam kelompok,area,total,,,id_34_pre_split,bps_internet_access_history_province_2017_2024
ID-0003103,71,Sulawesi Utara,provinsi,2023,Akses internet,internet_access_pct,Akses internet penduduk usia 5 tahun ke atas,71.91,% penduduk dalam kelompok,area,urban,,,id_34_pre_split,bps_internet_access_history_province_2017_2024
ID-0003104,71,Sulawesi Utara,provinsi,2023,Akses rumah tangga,household_internet_pct,Rumah tangga dengan akses internet,81.95,% rumah tangga dalam klasifikasi daerah,area,rural,,,id_34_pre_split,bps_household_internet
ID-0003105,71,Sulawesi Utara,provinsi,2023,Akses rumah tangga,household_internet_pct,Rumah tangga dengan akses internet,85.86,% rumah tangga dalam klasifikasi daerah,area,total,,,id_34_pre_split,bps_household_internet
ID-0003106,71,Sulawesi Utara,provinsi,2023,Akses rumah tangga,household_internet_pct,Rumah tangga dengan akses internet,88.96,% rumah tangga dalam klasifikasi daerah,area,urban,,,id_34_pre_split,bps_household_internet
ID-0003107,71,Sulawesi Utara,provinsi,2023,Kesenjangan gender,internet_access_pct,Akses internet penduduk usia 5 tahun ke atas menurut gender,65.66,% penduduk dalam kelompok,sex,female,,,id_34_pre_split,bps_internet_gender_history_province_2018_2024
ID-0003108,71,Sulawesi Utara,provinsi,2023,Kesenjangan gender,internet_access_pct,Akses internet penduduk usia 5 tahun ke atas menurut gender,63.99,% penduduk dalam kelompok,sex,male,,,id_34_pre_split,bps_internet_gender_history_province_2018_2024
ID-0003109,71,Sulawesi Utara,provinsi,2023,Komponen pembangunan TIK,fixed_broadband_norm,"Broadband tetap per 100 penduduk, ternormalisasi",0.68,poin 0–10,,,,,id_34_papua_aggregated_2023_2024,bps_iptik_normalized_components_province_2023_2024
ID-0003110,71,Sulawesi Utara,provinsi,2023,Komponen pembangunan TIK,fixed_telephone_norm,"Telepon tetap per 100 penduduk, ternormalisasi",1.67,poin 0–10,,,,,id_34_papua_aggregated_2023_2024,bps_iptik_normalized_components_province_2023_2024
ID-0003111,71,Sulawesi Utara,provinsi,2023,Komponen pembangunan TIK,household_computer_norm,"Rumah tangga dengan komputer, ternormalisasi",1.72,poin 0–10,,,,,id_34_papua_aggregated_2023_2024,bps_iptik_normalized_components_province_2023_2024
ID-0003112,71,Sulawesi Utara,provinsi,2023,Komponen pembangunan TIK,household_internet_norm,"Rumah tangga dengan internet, ternormalisasi",8.58,poin 0–10,,,,,id_34_papua_aggregated_2023_2024,bps_iptik_normalized_components_province_2023_2024
ID-0003113,71,Sulawesi Utara,provinsi,2023,Komponen pembangunan TIK,individual_internet_norm,"Individu pengguna internet, ternormalisasi",6.48,poin 0–10,,,,,id_34_papua_aggregated_2023_2024,bps_iptik_normalized_components_province_2023_2024
ID-0003114,71,Sulawesi Utara,provinsi,2023,Komponen pembangunan TIK,international_bandwidth_norm,"Bandwidth internet internasional per pengguna, ternormalisasi",8.07,poin 0–10,,,,,id_34_papua_aggregated_2023_2024,bps_iptik_normalized_components_province_2023_2024
ID-0003115,71,Sulawesi Utara,provinsi,2023,Komponen pembangunan TIK,mean_years_school_norm,"Rata-rata lama sekolah, ternormalisasi",6.62,poin 0–10,,,,,id_34_papua_aggregated_2023_2024,bps_iptik_normalized_components_province_2023_2024
ID-0003116,71,Sulawesi Utara,provinsi,2023,Komponen pembangunan TIK,mobile_broadband_norm,"Broadband seluler per 100 penduduk, ternormalisasi",10,poin 0–10,,,,,id_34_papua_aggregated_2023_2024,bps_iptik_normalized_components_province_2023_2024
ID-0003117,71,Sulawesi Utara,provinsi,2023,Komponen pembangunan TIK,mobile_cellular_norm,"Telepon seluler per 100 penduduk, ternormalisasi",10,poin 0–10,,,,,id_34_papua_aggregated_2023_2024,bps_iptik_normalized_components_province_2023_2024
ID-0003118,71,Sulawesi Utara,provinsi,2023,Komponen pembangunan TIK,secondary_enrolment_norm,"Partisipasi pendidikan sekunder, ternormalisasi",8.81,poin 0–10,,,,,id_34_papua_aggregated_2023_2024,bps_iptik_normalized_components_province_2023_2024
ID-0003119,71,Sulawesi Utara,provinsi,2023,Komponen pembangunan TIK,tertiary_enrolment_norm,"Partisipasi pendidikan tinggi, ternormalisasi",3.48,poin 0–10,,,,,id_34_papua_aggregated_2023_2024,bps_iptik_normalized_components_province_2023_2024
ID-0003120,71,Sulawesi Utara,provinsi,2023,Pembangunan TIK,access_infrastructure_subindex,Subindeks akses dan infrastruktur TIK,6.01,poin 0–10,,,,,id_34_papua_aggregated_2023_2024,bps_iptik_province_2023_2024
ID-0003121,71,Sulawesi Utara,provinsi,2023,Pembangunan TIK,ict_development_index,Indeks Pembangunan TIK,5.95,poin 0–10,,,,,id_34_papua_aggregated_2023_2024,bps_iptik_province_2023_2024
ID-0003122,71,Sulawesi Utara,provinsi,2023,Pembangunan TIK,skills_proxy_subindex,Subindeks proksi keahlian TIK,6.3,poin 0–10,,,,,id_34_papua_aggregated_2023_2024,bps_iptik_province_2023_2024
ID-0003123,71,Sulawesi Utara,provinsi,2023,Pembangunan TIK,use_subindex,Subindeks penggunaan TIK,5.72,poin 0–10,,,,,id_34_papua_aggregated_2023_2024,bps_iptik_province_2023_2024
ID-0003124,71,Sulawesi Utara,provinsi,2024,Akses internet,internet_access_pct,Akses internet penduduk usia 5 tahun ke atas,60.13,% penduduk dalam kelompok,area,rural,,,id_38_2024,bps_internet_access_history_province_2017_2024
ID-0003125,71,Sulawesi Utara,provinsi,2024,Akses internet,internet_access_pct,Akses internet penduduk usia 5 tahun ke atas,68.44,% penduduk dalam kelompok,area,total,,,id_38_2024,bps_internet_access_history_province_2017_2024
ID-0003126,71,Sulawesi Utara,provinsi,2024,Akses internet,internet_access_pct,Akses internet penduduk usia 5 tahun ke atas,75.08,% penduduk dalam kelompok,area,urban,,,id_38_2024,bps_internet_access_history_province_2017_2024
ID-0003127,71,Sulawesi Utara,provinsi,2024,Akses rumah tangga,household_internet_pct,Rumah tangga dengan akses internet,85.19,% rumah tangga dalam klasifikasi daerah,area,rural,,,id_38_2024,bps_household_internet
ID-0003128,71,Sulawesi Utara,provinsi,2024,Akses rumah tangga,household_internet_pct,Rumah tangga dengan akses internet,89.31,% rumah tangga dalam klasifikasi daerah,area,total,,,id_38_2024,bps_household_internet
ID-0003129,71,Sulawesi Utara,provinsi,2024,Akses rumah tangga,household_internet_pct,Rumah tangga dengan akses internet,92.57,% rumah tangga dalam klasifikasi daerah,area,urban,,,id_38_2024,bps_household_internet
ID-0003130,71,Sulawesi Utara,provinsi,2024,Kesenjangan gender,internet_access_pct,Akses internet penduduk usia 5 tahun ke atas menurut gender,69.25,% penduduk dalam kelompok,sex,female,,,id_38_2024,bps_internet_gender_history_province_2018_2024
ID-0003131,71,Sulawesi Utara,provinsi,2024,Kesenjangan gender,internet_access_pct,Akses internet penduduk usia 5 tahun ke atas menurut gender,67.65,% penduduk dalam kelompok,sex,male,,,id_38_2024,bps_internet_gender_history_province_2018_2024
ID-0003132,71,Sulawesi Utara,provinsi,2024,Komponen pembangunan TIK,fixed_broadband_norm,"Broadband tetap per 100 penduduk, ternormalisasi",0.8,poin 0–10,,,,,id_34_papua_aggregated_2023_2024,bps_iptik_normalized_components_province_2023_2024
ID-0003133,71,Sulawesi Utara,provinsi,2024,Komponen pembangunan TIK,fixed_telephone_norm,"Telepon tetap per 100 penduduk, ternormalisasi",1.09,poin 0–10,,,,,id_34_papua_aggregated_2023_2024,bps_iptik_normalized_components_province_2023_2024
ID-0003134,71,Sulawesi Utara,provinsi,2024,Komponen pembangunan TIK,household_computer_norm,"Rumah tangga dengan komputer, ternormalisasi",1.78,poin 0–10,,,,,id_34_papua_aggregated_2023_2024,bps_iptik_normalized_components_province_2023_2024
ID-0003135,71,Sulawesi Utara,provinsi,2024,Komponen pembangunan TIK,household_internet_norm,"Rumah tangga dengan internet, ternormalisasi",8.93,poin 0–10,,,,,id_34_papua_aggregated_2023_2024,bps_iptik_normalized_components_province_2023_2024
ID-0003136,71,Sulawesi Utara,provinsi,2024,Komponen pembangunan TIK,individual_internet_norm,"Individu pengguna internet, ternormalisasi",6.84,poin 0–10,,,,,id_34_papua_aggregated_2023_2024,bps_iptik_normalized_components_province_2023_2024
ID-0003137,71,Sulawesi Utara,provinsi,2024,Komponen pembangunan TIK,international_bandwidth_norm,"Bandwidth internet internasional per pengguna, ternormalisasi",8.51,poin 0–10,,,,,id_34_papua_aggregated_2023_2024,bps_iptik_normalized_components_province_2023_2024
ID-0003138,71,Sulawesi Utara,provinsi,2024,Komponen pembangunan TIK,mean_years_school_norm,"Rata-rata lama sekolah, ternormalisasi",6.68,poin 0–10,,,,,id_34_papua_aggregated_2023_2024,bps_iptik_normalized_components_province_2023_2024
ID-0003139,71,Sulawesi Utara,provinsi,2024,Komponen pembangunan TIK,mobile_broadband_norm,"Broadband seluler per 100 penduduk, ternormalisasi",9.97,poin 0–10,,,,,id_34_papua_aggregated_2023_2024,bps_iptik_normalized_components_province_2023_2024
ID-0003140,71,Sulawesi Utara,provinsi,2024,Komponen pembangunan TIK,mobile_cellular_norm,"Telepon seluler per 100 penduduk, ternormalisasi",10,poin 0–10,,,,,id_34_papua_aggregated_2023_2024,bps_iptik_normalized_components_province_2023_2024
ID-0003141,71,Sulawesi Utara,provinsi,2024,Komponen pembangunan TIK,secondary_enrolment_norm,"Partisipasi pendidikan sekunder, ternormalisasi",8.77,poin 0–10,,,,,id_34_papua_aggregated_2023_2024,bps_iptik_normalized_components_province_2023_2024
ID-0003142,71,Sulawesi Utara,provinsi,2024,Komponen pembangunan TIK,tertiary_enrolment_norm,"Partisipasi pendidikan tinggi, ternormalisasi",3.4,poin 0–10,,,,,id_34_papua_aggregated_2023_2024,bps_iptik_normalized_components_province_2023_2024
ID-0003143,71,Sulawesi Utara,provinsi,2024,Pemanfaatan internet,percentage_users,Tujuan penggunaan internet,16.53,% pengguna internet,area,rural,category,buy_goods_services,id_38_2024,bps_internet_purpose
ID-0003144,71,Sulawesi Utara,provinsi,2024,Pemanfaatan internet,percentage_users,Tujuan penggunaan internet,10.32,% pengguna internet,area,rural,category,digital_content_creation,id_38_2024,bps_internet_purpose
ID-0003145,71,Sulawesi Utara,provinsi,2024,Pemanfaatan internet,percentage_users,Tujuan penggunaan internet,8.8,% pengguna internet,area,rural,category,email,id_38_2024,bps_internet_purpose
ID-0003146,71,Sulawesi Utara,provinsi,2024,Pemanfaatan internet,percentage_users,Tujuan penggunaan internet,80.73,% pengguna internet,area,rural,category,entertainment,id_38_2024,bps_internet_purpose
ID-0003147,71,Sulawesi Utara,provinsi,2024,Pemanfaatan internet,percentage_users,Tujuan penggunaan internet,4.15,% pengguna internet,area,rural,category,financial_services,id_38_2024,bps_internet_purpose
ID-0003148,71,Sulawesi Utara,provinsi,2024,Pemanfaatan internet,percentage_users,Tujuan penggunaan internet,22.14,% pengguna internet,area,rural,category,goods_services_information,id_38_2024,bps_internet_purpose
ID-0003149,71,Sulawesi Utara,provinsi,2024,Pemanfaatan internet,percentage_users,Tujuan penggunaan internet,76.48,% pengguna internet,area,rural,category,news_information,id_38_2024,bps_internet_purpose
ID-0003150,71,Sulawesi Utara,provinsi,2024,Pemanfaatan internet,percentage_users,Tujuan penggunaan internet,10.09,% pengguna internet,area,rural,category,online_learning,id_38_2024,bps_internet_purpose
ID-0003151,71,Sulawesi Utara,provinsi,2024,Pemanfaatan internet,percentage_users,Tujuan penggunaan internet,6.59,% pengguna internet,area,rural,category,other,id_38_2024,bps_internet_purpose
ID-0003152,71,Sulawesi Utara,provinsi,2024,Pemanfaatan internet,percentage_users,Tujuan penggunaan internet,5.55,% pengguna internet,area,rural,category,sell_goods_services,id_38_2024,bps_internet_purpose
ID-0003153,71,Sulawesi Utara,provinsi,2024,Pemanfaatan internet,percentage_users,Tujuan penggunaan internet,79.96,% pengguna internet,area,rural,category,social_media,id_38_2024,bps_internet_purpose
ID-0003154,71,Sulawesi Utara,provinsi,2024,Pemanfaatan internet,percentage_users,Tujuan penggunaan internet,1.54,% pengguna internet,area,rural,category,work_from_home,id_38_2024,bps_internet_purpose
ID-0003155,71,Sulawesi Utara,provinsi,2024,Pemanfaatan internet,percentage_users,Tujuan penggunaan internet,17.72,% pengguna internet,area,total,category,buy_goods_services,id_38_2024,bps_internet_purpose
ID-0003156,71,Sulawesi Utara,provinsi,2024,Pemanfaatan internet,percentage_users,Tujuan penggunaan internet,10,% pengguna internet,area,total,category,digital_content_creation,id_38_2024,bps_internet_purpose
ID-0003157,71,Sulawesi Utara,provinsi,2024,Pemanfaatan internet,percentage_users,Tujuan penggunaan internet,12.96,% pengguna internet,area,total,category,email,id_38_2024,bps_internet_purpose
ID-0003158,71,Sulawesi Utara,provinsi,2024,Pemanfaatan internet,percentage_users,Tujuan penggunaan internet,84.37,% pengguna internet,area,total,category,entertainment,id_38_2024,bps_internet_purpose
ID-0003159,71,Sulawesi Utara,provinsi,2024,Pemanfaatan internet,percentage_users,Tujuan penggunaan internet,9.08,% pengguna internet,area,total,category,financial_services,id_38_2024,bps_internet_purpose
ID-0003160,71,Sulawesi Utara,provinsi,2024,Pemanfaatan internet,percentage_users,Tujuan penggunaan internet,25.48,% pengguna internet,area,total,category,goods_services_information,id_38_2024,bps_internet_purpose
ID-0003161,71,Sulawesi Utara,provinsi,2024,Pemanfaatan internet,percentage_users,Tujuan penggunaan internet,78.25,% pengguna internet,area,total,category,news_information,id_38_2024,bps_internet_purpose
ID-0003162,71,Sulawesi Utara,provinsi,2024,Pemanfaatan internet,percentage_users,Tujuan penggunaan internet,10.23,% pengguna internet,area,total,category,online_learning,id_38_2024,bps_internet_purpose
ID-0003163,71,Sulawesi Utara,provinsi,2024,Pemanfaatan internet,percentage_users,Tujuan penggunaan internet,7.29,% pengguna internet,area,total,category,other,id_38_2024,bps_internet_purpose
ID-0003164,71,Sulawesi Utara,provinsi,2024,Pemanfaatan internet,percentage_users,Tujuan penggunaan internet,5.95,% pengguna internet,area,total,category,sell_goods_services,id_38_2024,bps_internet_purpose
ID-0003165,71,Sulawesi Utara,provinsi,2024,Pemanfaatan internet,percentage_users,Tujuan penggunaan internet,82.75,% pengguna internet,area,total,category,social_media,id_38_2024,bps_internet_purpose
ID-0003166,71,Sulawesi Utara,provinsi,2024,Pemanfaatan internet,percentage_users,Tujuan penggunaan internet,2.09,% pengguna internet,area,total,category,work_from_home,id_38_2024,bps_internet_purpose
ID-0003167,71,Sulawesi Utara,provinsi,2024,Pemanfaatan internet,percentage_users,Tujuan penggunaan internet,18.48,% pengguna internet,area,urban,category,buy_goods_services,id_38_2024,bps_internet_purpose
ID-0003168,71,Sulawesi Utara,provinsi,2024,Pemanfaatan internet,percentage_users,Tujuan penggunaan internet,9.79,% pengguna internet,area,urban,category,digital_content_creation,id_38_2024,bps_internet_purpose
ID-0003169,71,Sulawesi Utara,provinsi,2024,Pemanfaatan internet,percentage_users,Tujuan penggunaan internet,15.63,% pengguna internet,area,urban,category,email,id_38_2024,bps_internet_purpose
ID-0003170,71,Sulawesi Utara,provinsi,2024,Pemanfaatan internet,percentage_users,Tujuan penggunaan internet,86.69,% pengguna internet,area,urban,category,entertainment,id_38_2024,bps_internet_purpose
ID-0003171,71,Sulawesi Utara,provinsi,2024,Pemanfaatan internet,percentage_users,Tujuan penggunaan internet,12.23,% pengguna internet,area,urban,category,financial_services,id_38_2024,bps_internet_purpose
ID-0003172,71,Sulawesi Utara,provinsi,2024,Pemanfaatan internet,percentage_users,Tujuan penggunaan internet,27.63,% pengguna internet,area,urban,category,goods_services_information,id_38_2024,bps_internet_purpose
ID-0003173,71,Sulawesi Utara,provinsi,2024,Pemanfaatan internet,percentage_users,Tujuan penggunaan internet,79.39,% pengguna internet,area,urban,category,news_information,id_38_2024,bps_internet_purpose
ID-0003174,71,Sulawesi Utara,provinsi,2024,Pemanfaatan internet,percentage_users,Tujuan penggunaan internet,10.31,% pengguna internet,area,urban,category,online_learning,id_38_2024,bps_internet_purpose
ID-0003175,71,Sulawesi Utara,provinsi,2024,Pemanfaatan internet,percentage_users,Tujuan penggunaan internet,7.74,% pengguna internet,area,urban,category,other,id_38_2024,bps_internet_purpose
ID-0003176,71,Sulawesi Utara,provinsi,2024,Pemanfaatan internet,percentage_users,Tujuan penggunaan internet,6.2,% pengguna internet,area,urban,category,sell_goods_services,id_38_2024,bps_internet_purpose
ID-0003177,71,Sulawesi Utara,provinsi,2024,Pemanfaatan internet,percentage_users,Tujuan penggunaan internet,84.54,% pengguna internet,area,urban,category,social_media,id_38_2024,bps_internet_purpose
ID-0003178,71,Sulawesi Utara,provinsi,2024,Pemanfaatan internet,percentage_users,Tujuan penggunaan internet,2.45,% pengguna internet,area,urban,category,work_from_home,id_38_2024,bps_internet_purpose
ID-0003179,71,Sulawesi Utara,provinsi,2024,Pembangunan TIK,access_infrastructure_subindex,Subindeks akses dan infrastruktur TIK,6.06,poin 0–10,,,,,id_34_papua_aggregated_2023_2024,bps_iptik_province_2023_2024
ID-0003180,71,Sulawesi Utara,provinsi,2024,Pembangunan TIK,ict_development_index,Indeks Pembangunan TIK,6.03,poin 0–10,,,,,id_34_papua_aggregated_2023_2024,bps_iptik_province_2023_2024
ID-0003181,71,Sulawesi Utara,provinsi,2024,Pembangunan TIK,skills_proxy_subindex,Subindeks proksi keahlian TIK,6.28,poin 0–10,,,,,id_34_papua_aggregated_2023_2024,bps_iptik_province_2023_2024
ID-0003182,71,Sulawesi Utara,provinsi,2024,Pembangunan TIK,use_subindex,Subindeks penggunaan TIK,5.87,poin 0–10,,,,,id_34_papua_aggregated_2023_2024,bps_iptik_province_2023_2024
ID-0003183,71,Sulawesi Utara,provinsi,2024,Perangkat akses,percentage_users,Perangkat yang digunakan untuk mengakses internet,1,% pengguna internet,area,rural,category,desktop,id_38_2024,bps_access_device
ID-0003184,71,Sulawesi Utara,provinsi,2024,Perangkat akses,percentage_users,Perangkat yang digunakan untuk mengakses internet,4.4,% pengguna internet,area,rural,category,laptop_tablet,id_38_2024,bps_access_device
ID-0003185,71,Sulawesi Utara,provinsi,2024,Perangkat akses,percentage_users,Perangkat yang digunakan untuk mengakses internet,99.39,% pengguna internet,area,rural,category,mobile,id_38_2024,bps_access_device
ID-0003186,71,Sulawesi Utara,provinsi,2024,Perangkat akses,percentage_users,Perangkat yang digunakan untuk mengakses internet,0.1,% pengguna internet,area,rural,category,other,id_38_2024,bps_access_device
ID-0003187,71,Sulawesi Utara,provinsi,2024,Perangkat akses,percentage_users,Perangkat yang digunakan untuk mengakses internet,2.02,% pengguna internet,area,total,category,desktop,id_38_2024,bps_access_device
ID-0003188,71,Sulawesi Utara,provinsi,2024,Perangkat akses,percentage_users,Perangkat yang digunakan untuk mengakses internet,7.78,% pengguna internet,area,total,category,laptop_tablet,id_38_2024,bps_access_device
ID-0003189,71,Sulawesi Utara,provinsi,2024,Perangkat akses,percentage_users,Perangkat yang digunakan untuk mengakses internet,99.08,% pengguna internet,area,total,category,mobile,id_38_2024,bps_access_device
ID-0003190,71,Sulawesi Utara,provinsi,2024,Perangkat akses,percentage_users,Perangkat yang digunakan untuk mengakses internet,0.06,% pengguna internet,area,total,category,other,id_38_2024,bps_access_device
ID-0003191,71,Sulawesi Utara,provinsi,2024,Perangkat akses,percentage_users,Perangkat yang digunakan untuk mengakses internet,2.68,% pengguna internet,area,urban,category,desktop,id_38_2024,bps_access_device
ID-0003192,71,Sulawesi Utara,provinsi,2024,Perangkat akses,percentage_users,Perangkat yang digunakan untuk mengakses internet,9.94,% pengguna internet,area,urban,category,laptop_tablet,id_38_2024,bps_access_device
ID-0003193,71,Sulawesi Utara,provinsi,2024,Perangkat akses,percentage_users,Perangkat yang digunakan untuk mengakses internet,98.87,% pengguna internet,area,urban,category,mobile,id_38_2024,bps_access_device
ID-0003194,71,Sulawesi Utara,provinsi,2024,Perangkat akses,percentage_users,Perangkat yang digunakan untuk mengakses internet,0.04,% pengguna internet,area,urban,category,other,id_38_2024,bps_access_device
ID-0003195,72,Sulawesi Tengah,provinsi,2017,Akses internet,internet_access_pct,Akses internet penduduk usia 5 tahun ke atas,16.61,% penduduk dalam kelompok,area,rural,,,id_34_pre_split,bps_internet_access_history_province_2017_2024
ID-0003196,72,Sulawesi Tengah,provinsi,2017,Akses internet,internet_access_pct,Akses internet penduduk usia 5 tahun ke atas,24.88,% penduduk dalam kelompok,area,total,,,id_34_pre_split,bps_internet_access_history_province_2017_2024
ID-0003197,72,Sulawesi Tengah,provinsi,2017,Akses internet,internet_access_pct,Akses internet penduduk usia 5 tahun ke atas,48.32,% penduduk dalam kelompok,area,urban,,,id_34_pre_split,bps_internet_access_history_province_2017_2024
ID-0003198,72,Sulawesi Tengah,provinsi,2018,Akses internet,internet_access_pct,Akses internet penduduk usia 5 tahun ke atas,20.72,% penduduk dalam kelompok,area,rural,,,id_34_pre_split,bps_internet_access_history_province_2017_2024
ID-0003199,72,Sulawesi Tengah,provinsi,2018,Akses internet,internet_access_pct,Akses internet penduduk usia 5 tahun ke atas,28.94,% penduduk dalam kelompok,area,total,,,id_34_pre_split,bps_internet_access_history_province_2017_2024
ID-0003200,72,Sulawesi Tengah,provinsi,2018,Akses internet,internet_access_pct,Akses internet penduduk usia 5 tahun ke atas,50.09,% penduduk dalam kelompok,area,urban,,,id_34_pre_split,bps_internet_access_history_province_2017_2024
ID-0003201,72,Sulawesi Tengah,provinsi,2018,Kesenjangan gender,internet_access_pct,Akses internet penduduk usia 5 tahun ke atas menurut gender,28.89,% penduduk dalam kelompok,sex,female,,,id_34_pre_split,bps_internet_gender_history_province_2018_2024
ID-0003202,72,Sulawesi Tengah,provinsi,2018,Kesenjangan gender,internet_access_pct,Akses internet penduduk usia 5 tahun ke atas menurut gender,28.98,% penduduk dalam kelompok,sex,male,,,id_34_pre_split,bps_internet_gender_history_province_2018_2024
ID-0003203,72,Sulawesi Tengah,provinsi,2019,Akses internet,internet_access_pct,Akses internet penduduk usia 5 tahun ke atas,26.74,% penduduk dalam kelompok,area,rural,,,id_34_pre_split,bps_internet_access_history_province_2017_2024
ID-0003204,72,Sulawesi Tengah,provinsi,2019,Akses internet,internet_access_pct,Akses internet penduduk usia 5 tahun ke atas,35.52,% penduduk dalam kelompok,area,total,,,id_34_pre_split,bps_internet_access_history_province_2017_2024
ID-0003205,72,Sulawesi Tengah,provinsi,2019,Akses internet,internet_access_pct,Akses internet penduduk usia 5 tahun ke atas,55.92,% penduduk dalam kelompok,area,urban,,,id_34_pre_split,bps_internet_access_history_province_2017_2024
ID-0003206,72,Sulawesi Tengah,provinsi,2019,Kesenjangan gender,internet_access_pct,Akses internet penduduk usia 5 tahun ke atas menurut gender,35.34,% penduduk dalam kelompok,sex,female,,,id_34_pre_split,bps_internet_gender_history_province_2018_2024
ID-0003207,72,Sulawesi Tengah,provinsi,2019,Kesenjangan gender,internet_access_pct,Akses internet penduduk usia 5 tahun ke atas menurut gender,35.68,% penduduk dalam kelompok,sex,male,,,id_34_pre_split,bps_internet_gender_history_province_2018_2024
ID-0003208,72,Sulawesi Tengah,provinsi,2020,Akses internet,internet_access_pct,Akses internet penduduk usia 5 tahun ke atas,32.95,% penduduk dalam kelompok,area,rural,,,id_34_pre_split,bps_internet_access_history_province_2017_2024
ID-0003209,72,Sulawesi Tengah,provinsi,2020,Akses internet,internet_access_pct,Akses internet penduduk usia 5 tahun ke atas,42.82,% penduduk dalam kelompok,area,total,,,id_34_pre_split,bps_internet_access_history_province_2017_2024
ID-0003210,72,Sulawesi Tengah,provinsi,2020,Akses internet,internet_access_pct,Akses internet penduduk usia 5 tahun ke atas,65.88,% penduduk dalam kelompok,area,urban,,,id_34_pre_split,bps_internet_access_history_province_2017_2024
ID-0003211,72,Sulawesi Tengah,provinsi,2020,Kesenjangan gender,internet_access_pct,Akses internet penduduk usia 5 tahun ke atas menurut gender,42.28,% penduduk dalam kelompok,sex,female,,,id_34_pre_split,bps_internet_gender_history_province_2018_2024
ID-0003212,72,Sulawesi Tengah,provinsi,2020,Kesenjangan gender,internet_access_pct,Akses internet penduduk usia 5 tahun ke atas menurut gender,43.34,% penduduk dalam kelompok,sex,male,,,id_34_pre_split,bps_internet_gender_history_province_2018_2024
ID-0003213,72,Sulawesi Tengah,provinsi,2021,Akses internet,internet_access_pct,Akses internet penduduk usia 5 tahun ke atas,42.43,% penduduk dalam kelompok,area,rural,,,id_34_pre_split,bps_internet_access_history_province_2017_2024
ID-0003214,72,Sulawesi Tengah,provinsi,2021,Akses internet,internet_access_pct,Akses internet penduduk usia 5 tahun ke atas,50.15,% penduduk dalam kelompok,area,total,,,id_34_pre_split,bps_internet_access_history_province_2017_2024
ID-0003215,72,Sulawesi Tengah,provinsi,2021,Akses internet,internet_access_pct,Akses internet penduduk usia 5 tahun ke atas,67.25,% penduduk dalam kelompok,area,urban,,,id_34_pre_split,bps_internet_access_history_province_2017_2024
ID-0003216,72,Sulawesi Tengah,provinsi,2021,Akses rumah tangga,household_internet_pct,Rumah tangga dengan akses internet,70.89,% rumah tangga dalam klasifikasi daerah,area,rural,,,id_34_pre_split,bps_household_internet
ID-0003217,72,Sulawesi Tengah,provinsi,2021,Akses rumah tangga,household_internet_pct,Rumah tangga dengan akses internet,76.51,% rumah tangga dalam klasifikasi daerah,area,total,,,id_34_pre_split,bps_household_internet
ID-0003218,72,Sulawesi Tengah,provinsi,2021,Akses rumah tangga,household_internet_pct,Rumah tangga dengan akses internet,88.88,% rumah tangga dalam klasifikasi daerah,area,urban,,,id_34_pre_split,bps_household_internet
ID-0003219,72,Sulawesi Tengah,provinsi,2021,Kesenjangan gender,internet_access_pct,Akses internet penduduk usia 5 tahun ke atas menurut gender,50.05,% penduduk dalam kelompok,sex,female,,,id_34_pre_split,bps_internet_gender_history_province_2018_2024
ID-0003220,72,Sulawesi Tengah,provinsi,2021,Kesenjangan gender,internet_access_pct,Akses internet penduduk usia 5 tahun ke atas menurut gender,50.25,% penduduk dalam kelompok,sex,male,,,id_34_pre_split,bps_internet_gender_history_province_2018_2024
ID-0003221,72,Sulawesi Tengah,provinsi,2021,Literasi digital,digital_literacy_index,Indeks Literasi Digital Kominfo,3.51,poin 1–5,,,,,id_34_pre_split,kominfo_digital_literacy_province_2021
ID-0003222,72,Sulawesi Tengah,provinsi,2022,Akses internet,internet_access_pct,Akses internet penduduk usia 5 tahun ke atas,48.4,% penduduk dalam kelompok,area,rural,,,id_34_pre_split,bps_internet_access_history_province_2017_2024
ID-0003223,72,Sulawesi Tengah,provinsi,2022,Akses internet,internet_access_pct,Akses internet penduduk usia 5 tahun ke atas,54.49,% penduduk dalam kelompok,area,total,,,id_34_pre_split,bps_internet_access_history_province_2017_2024
ID-0003224,72,Sulawesi Tengah,provinsi,2022,Akses internet,internet_access_pct,Akses internet penduduk usia 5 tahun ke atas,67.96,% penduduk dalam kelompok,area,urban,,,id_34_pre_split,bps_internet_access_history_province_2017_2024
ID-0003225,72,Sulawesi Tengah,provinsi,2022,Akses rumah tangga,household_internet_pct,Rumah tangga dengan akses internet,78.27,% rumah tangga dalam klasifikasi daerah,area,rural,,,id_34_pre_split,bps_household_internet
ID-0003226,72,Sulawesi Tengah,provinsi,2022,Akses rumah tangga,household_internet_pct,Rumah tangga dengan akses internet,82.23,% rumah tangga dalam klasifikasi daerah,area,total,,,id_34_pre_split,bps_household_internet
ID-0003227,72,Sulawesi Tengah,provinsi,2022,Akses rumah tangga,household_internet_pct,Rumah tangga dengan akses internet,90.62,% rumah tangga dalam klasifikasi daerah,area,urban,,,id_34_pre_split,bps_household_internet
ID-0003228,72,Sulawesi Tengah,provinsi,2022,Kesenjangan gender,internet_access_pct,Akses internet penduduk usia 5 tahun ke atas menurut gender,54.11,% penduduk dalam kelompok,sex,female,,,id_34_pre_split,bps_internet_gender_history_province_2018_2024
ID-0003229,72,Sulawesi Tengah,provinsi,2022,Kesenjangan gender,internet_access_pct,Akses internet penduduk usia 5 tahun ke atas menurut gender,54.86,% penduduk dalam kelompok,sex,male,,,id_34_pre_split,bps_internet_gender_history_province_2018_2024
ID-0003230,72,Sulawesi Tengah,provinsi,2023,Akses internet,internet_access_pct,Akses internet penduduk usia 5 tahun ke atas,50.68,% penduduk dalam kelompok,area,rural,,,id_34_pre_split,bps_internet_access_history_province_2017_2024
ID-0003231,72,Sulawesi Tengah,provinsi,2023,Akses internet,internet_access_pct,Akses internet penduduk usia 5 tahun ke atas,58.22,% penduduk dalam kelompok,area,total,,,id_34_pre_split,bps_internet_access_history_province_2017_2024
ID-0003232,72,Sulawesi Tengah,provinsi,2023,Akses internet,internet_access_pct,Akses internet penduduk usia 5 tahun ke atas,73.81,% penduduk dalam kelompok,area,urban,,,id_34_pre_split,bps_internet_access_history_province_2017_2024
ID-0003233,72,Sulawesi Tengah,provinsi,2023,Akses rumah tangga,household_internet_pct,Rumah tangga dengan akses internet,81.03,% rumah tangga dalam klasifikasi daerah,area,rural,,,id_34_pre_split,bps_household_internet
ID-0003234,72,Sulawesi Tengah,provinsi,2023,Akses rumah tangga,household_internet_pct,Rumah tangga dengan akses internet,84.61,% rumah tangga dalam klasifikasi daerah,area,total,,,id_34_pre_split,bps_household_internet
ID-0003235,72,Sulawesi Tengah,provinsi,2023,Akses rumah tangga,household_internet_pct,Rumah tangga dengan akses internet,91.86,% rumah tangga dalam klasifikasi daerah,area,urban,,,id_34_pre_split,bps_household_internet
ID-0003236,72,Sulawesi Tengah,provinsi,2023,Kesenjangan gender,internet_access_pct,Akses internet penduduk usia 5 tahun ke atas menurut gender,57.73,% penduduk dalam kelompok,sex,female,,,id_34_pre_split,bps_internet_gender_history_province_2018_2024
ID-0003237,72,Sulawesi Tengah,provinsi,2023,Kesenjangan gender,internet_access_pct,Akses internet penduduk usia 5 tahun ke atas menurut gender,58.69,% penduduk dalam kelompok,sex,male,,,id_34_pre_split,bps_internet_gender_history_province_2018_2024
ID-0003238,72,Sulawesi Tengah,provinsi,2023,Komponen pembangunan TIK,fixed_broadband_norm,"Broadband tetap per 100 penduduk, ternormalisasi",0.52,poin 0–10,,,,,id_34_papua_aggregated_2023_2024,bps_iptik_normalized_components_province_2023_2024
ID-0003239,72,Sulawesi Tengah,provinsi,2023,Komponen pembangunan TIK,fixed_telephone_norm,"Telepon tetap per 100 penduduk, ternormalisasi",0.72,poin 0–10,,,,,id_34_papua_aggregated_2023_2024,bps_iptik_normalized_components_province_2023_2024
ID-0003240,72,Sulawesi Tengah,provinsi,2023,Komponen pembangunan TIK,household_computer_norm,"Rumah tangga dengan komputer, ternormalisasi",1.57,poin 0–10,,,,,id_34_papua_aggregated_2023_2024,bps_iptik_normalized_components_province_2023_2024
ID-0003241,72,Sulawesi Tengah,provinsi,2023,Komponen pembangunan TIK,household_internet_norm,"Rumah tangga dengan internet, ternormalisasi",8.46,poin 0–10,,,,,id_34_papua_aggregated_2023_2024,bps_iptik_normalized_components_province_2023_2024
ID-0003242,72,Sulawesi Tengah,provinsi,2023,Komponen pembangunan TIK,individual_internet_norm,"Individu pengguna internet, ternormalisasi",5.82,poin 0–10,,,,,id_34_papua_aggregated_2023_2024,bps_iptik_normalized_components_province_2023_2024
ID-0003243,72,Sulawesi Tengah,provinsi,2023,Komponen pembangunan TIK,international_bandwidth_norm,"Bandwidth internet internasional per pengguna, ternormalisasi",8.08,poin 0–10,,,,,id_34_papua_aggregated_2023_2024,bps_iptik_normalized_components_province_2023_2024
ID-0003244,72,Sulawesi Tengah,provinsi,2023,Komponen pembangunan TIK,mean_years_school_norm,"Rata-rata lama sekolah, ternormalisasi",6.14,poin 0–10,,,,,id_34_papua_aggregated_2023_2024,bps_iptik_normalized_components_province_2023_2024
ID-0003245,72,Sulawesi Tengah,provinsi,2023,Komponen pembangunan TIK,mobile_broadband_norm,"Broadband seluler per 100 penduduk, ternormalisasi",10,poin 0–10,,,,,id_34_papua_aggregated_2023_2024,bps_iptik_normalized_components_province_2023_2024
ID-0003246,72,Sulawesi Tengah,provinsi,2023,Komponen pembangunan TIK,mobile_cellular_norm,"Telepon seluler per 100 penduduk, ternormalisasi",10,poin 0–10,,,,,id_34_papua_aggregated_2023_2024,bps_iptik_normalized_components_province_2023_2024
ID-0003247,72,Sulawesi Tengah,provinsi,2023,Komponen pembangunan TIK,secondary_enrolment_norm,"Partisipasi pendidikan sekunder, ternormalisasi",9.08,poin 0–10,,,,,id_34_papua_aggregated_2023_2024,bps_iptik_normalized_components_province_2023_2024
ID-0003248,72,Sulawesi Tengah,provinsi,2023,Komponen pembangunan TIK,tertiary_enrolment_norm,"Partisipasi pendidikan tinggi, ternormalisasi",3.95,poin 0–10,,,,,id_34_papua_aggregated_2023_2024,bps_iptik_normalized_components_province_2023_2024
ID-0003249,72,Sulawesi Tengah,provinsi,2023,Pembangunan TIK,access_infrastructure_subindex,Subindeks akses dan infrastruktur TIK,5.77,poin 0–10,,,,,id_34_papua_aggregated_2023_2024,bps_iptik_province_2023_2024
ID-0003250,72,Sulawesi Tengah,provinsi,2023,Pembangunan TIK,ict_development_index,Indeks Pembangunan TIK,5.76,poin 0–10,,,,,id_34_papua_aggregated_2023_2024,bps_iptik_province_2023_2024
ID-0003251,72,Sulawesi Tengah,provinsi,2023,Pembangunan TIK,skills_proxy_subindex,Subindeks proksi keahlian TIK,6.39,poin 0–10,,,,,id_34_papua_aggregated_2023_2024,bps_iptik_province_2023_2024
ID-0003252,72,Sulawesi Tengah,provinsi,2023,Pembangunan TIK,use_subindex,Subindeks penggunaan TIK,5.45,poin 0–10,,,,,id_34_papua_aggregated_2023_2024,bps_iptik_province_2023_2024
ID-0003253,72,Sulawesi Tengah,provinsi,2024,Akses internet,internet_access_pct,Akses internet penduduk usia 5 tahun ke atas,55.7,% penduduk dalam kelompok,area,rural,,,id_38_2024,bps_internet_access_history_province_2017_2024
ID-0003254,72,Sulawesi Tengah,provinsi,2024,Akses internet,internet_access_pct,Akses internet penduduk usia 5 tahun ke atas,62.44,% penduduk dalam kelompok,area,total,,,id_38_2024,bps_internet_access_history_province_2017_2024
ID-0003255,72,Sulawesi Tengah,provinsi,2024,Akses internet,internet_access_pct,Akses internet penduduk usia 5 tahun ke atas,75.99,% penduduk dalam kelompok,area,urban,,,id_38_2024,bps_internet_access_history_province_2017_2024
ID-0003256,72,Sulawesi Tengah,provinsi,2024,Akses rumah tangga,household_internet_pct,Rumah tangga dengan akses internet,84.59,% rumah tangga dalam klasifikasi daerah,area,rural,,,id_38_2024,bps_household_internet
ID-0003257,72,Sulawesi Tengah,provinsi,2024,Akses rumah tangga,household_internet_pct,Rumah tangga dengan akses internet,87.94,% rumah tangga dalam klasifikasi daerah,area,total,,,id_38_2024,bps_household_internet
ID-0003258,72,Sulawesi Tengah,provinsi,2024,Akses rumah tangga,household_internet_pct,Rumah tangga dengan akses internet,94.62,% rumah tangga dalam klasifikasi daerah,area,urban,,,id_38_2024,bps_household_internet
ID-0003259,72,Sulawesi Tengah,provinsi,2024,Kesenjangan gender,internet_access_pct,Akses internet penduduk usia 5 tahun ke atas menurut gender,61.78,% penduduk dalam kelompok,sex,female,,,id_38_2024,bps_internet_gender_history_province_2018_2024
ID-0003260,72,Sulawesi Tengah,provinsi,2024,Kesenjangan gender,internet_access_pct,Akses internet penduduk usia 5 tahun ke atas menurut gender,63.09,% penduduk dalam kelompok,sex,male,,,id_38_2024,bps_internet_gender_history_province_2018_2024
ID-0003261,72,Sulawesi Tengah,provinsi,2024,Komponen pembangunan TIK,fixed_broadband_norm,"Broadband tetap per 100 penduduk, ternormalisasi",0.65,poin 0–10,,,,,id_34_papua_aggregated_2023_2024,bps_iptik_normalized_components_province_2023_2024
ID-0003262,72,Sulawesi Tengah,provinsi,2024,Komponen pembangunan TIK,fixed_telephone_norm,"Telepon tetap per 100 penduduk, ternormalisasi",1.59,poin 0–10,,,,,id_34_papua_aggregated_2023_2024,bps_iptik_normalized_components_province_2023_2024
ID-0003263,72,Sulawesi Tengah,provinsi,2024,Komponen pembangunan TIK,household_computer_norm,"Rumah tangga dengan komputer, ternormalisasi",1.63,poin 0–10,,,,,id_34_papua_aggregated_2023_2024,bps_iptik_normalized_components_province_2023_2024
ID-0003264,72,Sulawesi Tengah,provinsi,2024,Komponen pembangunan TIK,household_internet_norm,"Rumah tangga dengan internet, ternormalisasi",8.79,poin 0–10,,,,,id_34_papua_aggregated_2023_2024,bps_iptik_normalized_components_province_2023_2024
ID-0003265,72,Sulawesi Tengah,provinsi,2024,Komponen pembangunan TIK,individual_internet_norm,"Individu pengguna internet, ternormalisasi",6.24,poin 0–10,,,,,id_34_papua_aggregated_2023_2024,bps_iptik_normalized_components_province_2023_2024
ID-0003266,72,Sulawesi Tengah,provinsi,2024,Komponen pembangunan TIK,international_bandwidth_norm,"Bandwidth internet internasional per pengguna, ternormalisasi",8.51,poin 0–10,,,,,id_34_papua_aggregated_2023_2024,bps_iptik_normalized_components_province_2023_2024
ID-0003267,72,Sulawesi Tengah,provinsi,2024,Komponen pembangunan TIK,mean_years_school_norm,"Rata-rata lama sekolah, ternormalisasi",6.18,poin 0–10,,,,,id_34_papua_aggregated_2023_2024,bps_iptik_normalized_components_province_2023_2024
ID-0003268,72,Sulawesi Tengah,provinsi,2024,Komponen pembangunan TIK,mobile_broadband_norm,"Broadband seluler per 100 penduduk, ternormalisasi",9.72,poin 0–10,,,,,id_34_papua_aggregated_2023_2024,bps_iptik_normalized_components_province_2023_2024
ID-0003269,72,Sulawesi Tengah,provinsi,2024,Komponen pembangunan TIK,mobile_cellular_norm,"Telepon seluler per 100 penduduk, ternormalisasi",10,poin 0–10,,,,,id_34_papua_aggregated_2023_2024,bps_iptik_normalized_components_province_2023_2024
ID-0003270,72,Sulawesi Tengah,provinsi,2024,Komponen pembangunan TIK,secondary_enrolment_norm,"Partisipasi pendidikan sekunder, ternormalisasi",8.95,poin 0–10,,,,,id_34_papua_aggregated_2023_2024,bps_iptik_normalized_components_province_2023_2024
ID-0003271,72,Sulawesi Tengah,provinsi,2024,Komponen pembangunan TIK,tertiary_enrolment_norm,"Partisipasi pendidikan tinggi, ternormalisasi",4.02,poin 0–10,,,,,id_34_papua_aggregated_2023_2024,bps_iptik_normalized_components_province_2023_2024
ID-0003272,72,Sulawesi Tengah,provinsi,2024,Pemanfaatan internet,percentage_users,Tujuan penggunaan internet,11.15,% pengguna internet,area,rural,category,buy_goods_services,id_38_2024,bps_internet_purpose
ID-0003273,72,Sulawesi Tengah,provinsi,2024,Pemanfaatan internet,percentage_users,Tujuan penggunaan internet,2.13,% pengguna internet,area,rural,category,digital_content_creation,id_38_2024,bps_internet_purpose
ID-0003274,72,Sulawesi Tengah,provinsi,2024,Pemanfaatan internet,percentage_users,Tujuan penggunaan internet,6.5,% pengguna internet,area,rural,category,email,id_38_2024,bps_internet_purpose
ID-0003275,72,Sulawesi Tengah,provinsi,2024,Pemanfaatan internet,percentage_users,Tujuan penggunaan internet,83.58,% pengguna internet,area,rural,category,entertainment,id_38_2024,bps_internet_purpose
ID-0003276,72,Sulawesi Tengah,provinsi,2024,Pemanfaatan internet,percentage_users,Tujuan penggunaan internet,3.78,% pengguna internet,area,rural,category,financial_services,id_38_2024,bps_internet_purpose
ID-0003277,72,Sulawesi Tengah,provinsi,2024,Pemanfaatan internet,percentage_users,Tujuan penggunaan internet,18,% pengguna internet,area,rural,category,goods_services_information,id_38_2024,bps_internet_purpose
ID-0003278,72,Sulawesi Tengah,provinsi,2024,Pemanfaatan internet,percentage_users,Tujuan penggunaan internet,73.6,% pengguna internet,area,rural,category,news_information,id_38_2024,bps_internet_purpose
ID-0003279,72,Sulawesi Tengah,provinsi,2024,Pemanfaatan internet,percentage_users,Tujuan penggunaan internet,7.6,% pengguna internet,area,rural,category,online_learning,id_38_2024,bps_internet_purpose
ID-0003280,72,Sulawesi Tengah,provinsi,2024,Pemanfaatan internet,percentage_users,Tujuan penggunaan internet,5.12,% pengguna internet,area,rural,category,other,id_38_2024,bps_internet_purpose
ID-0003281,72,Sulawesi Tengah,provinsi,2024,Pemanfaatan internet,percentage_users,Tujuan penggunaan internet,3.57,% pengguna internet,area,rural,category,sell_goods_services,id_38_2024,bps_internet_purpose
ID-0003282,72,Sulawesi Tengah,provinsi,2024,Pemanfaatan internet,percentage_users,Tujuan penggunaan internet,72.8,% pengguna internet,area,rural,category,social_media,id_38_2024,bps_internet_purpose
ID-0003283,72,Sulawesi Tengah,provinsi,2024,Pemanfaatan internet,percentage_users,Tujuan penggunaan internet,1.06,% pengguna internet,area,rural,category,work_from_home,id_38_2024,bps_internet_purpose
ID-0003284,72,Sulawesi Tengah,provinsi,2024,Pemanfaatan internet,percentage_users,Tujuan penggunaan internet,13.74,% pengguna internet,area,total,category,buy_goods_services,id_38_2024,bps_internet_purpose
ID-0003285,72,Sulawesi Tengah,provinsi,2024,Pemanfaatan internet,percentage_users,Tujuan penggunaan internet,2.44,% pengguna internet,area,total,category,digital_content_creation,id_38_2024,bps_internet_purpose
ID-0003286,72,Sulawesi Tengah,provinsi,2024,Pemanfaatan internet,percentage_users,Tujuan penggunaan internet,10.58,% pengguna internet,area,total,category,email,id_38_2024,bps_internet_purpose
ID-0003287,72,Sulawesi Tengah,provinsi,2024,Pemanfaatan internet,percentage_users,Tujuan penggunaan internet,86.16,% pengguna internet,area,total,category,entertainment,id_38_2024,bps_internet_purpose
ID-0003288,72,Sulawesi Tengah,provinsi,2024,Pemanfaatan internet,percentage_users,Tujuan penggunaan internet,7.39,% pengguna internet,area,total,category,financial_services,id_38_2024,bps_internet_purpose
ID-0003289,72,Sulawesi Tengah,provinsi,2024,Pemanfaatan internet,percentage_users,Tujuan penggunaan internet,21.78,% pengguna internet,area,total,category,goods_services_information,id_38_2024,bps_internet_purpose
ID-0003290,72,Sulawesi Tengah,provinsi,2024,Pemanfaatan internet,percentage_users,Tujuan penggunaan internet,74.63,% pengguna internet,area,total,category,news_information,id_38_2024,bps_internet_purpose
ID-0003291,72,Sulawesi Tengah,provinsi,2024,Pemanfaatan internet,percentage_users,Tujuan penggunaan internet,8.87,% pengguna internet,area,total,category,online_learning,id_38_2024,bps_internet_purpose
ID-0003292,72,Sulawesi Tengah,provinsi,2024,Pemanfaatan internet,percentage_users,Tujuan penggunaan internet,4.21,% pengguna internet,area,total,category,other,id_38_2024,bps_internet_purpose
ID-0003293,72,Sulawesi Tengah,provinsi,2024,Pemanfaatan internet,percentage_users,Tujuan penggunaan internet,4.08,% pengguna internet,area,total,category,sell_goods_services,id_38_2024,bps_internet_purpose
ID-0003294,72,Sulawesi Tengah,provinsi,2024,Pemanfaatan internet,percentage_users,Tujuan penggunaan internet,76.06,% pengguna internet,area,total,category,social_media,id_38_2024,bps_internet_purpose
ID-0003295,72,Sulawesi Tengah,provinsi,2024,Pemanfaatan internet,percentage_users,Tujuan penggunaan internet,1.47,% pengguna internet,area,total,category,work_from_home,id_38_2024,bps_internet_purpose
ID-0003296,72,Sulawesi Tengah,provinsi,2024,Pemanfaatan internet,percentage_users,Tujuan penggunaan internet,17.55,% pengguna internet,area,urban,category,buy_goods_services,id_38_2024,bps_internet_purpose
ID-0003297,72,Sulawesi Tengah,provinsi,2024,Pemanfaatan internet,percentage_users,Tujuan penggunaan internet,2.91,% pengguna internet,area,urban,category,digital_content_creation,id_38_2024,bps_internet_purpose
ID-0003298,72,Sulawesi Tengah,provinsi,2024,Pemanfaatan internet,percentage_users,Tujuan penggunaan internet,16.6,% pengguna internet,area,urban,category,email,id_38_2024,bps_internet_purpose
ID-0003299,72,Sulawesi Tengah,provinsi,2024,Pemanfaatan internet,percentage_users,Tujuan penggunaan internet,89.95,% pengguna internet,area,urban,category,entertainment,id_38_2024,bps_internet_purpose
ID-0003300,72,Sulawesi Tengah,provinsi,2024,Pemanfaatan internet,percentage_users,Tujuan penggunaan internet,12.72,% pengguna internet,area,urban,category,financial_services,id_38_2024,bps_internet_purpose
ID-0003301,72,Sulawesi Tengah,provinsi,2024,Pemanfaatan internet,percentage_users,Tujuan penggunaan internet,27.34,% pengguna internet,area,urban,category,goods_services_information,id_38_2024,bps_internet_purpose
ID-0003302,72,Sulawesi Tengah,provinsi,2024,Pemanfaatan internet,percentage_users,Tujuan penggunaan internet,76.14,% pengguna internet,area,urban,category,news_information,id_38_2024,bps_internet_purpose
ID-0003303,72,Sulawesi Tengah,provinsi,2024,Pemanfaatan internet,percentage_users,Tujuan penggunaan internet,10.75,% pengguna internet,area,urban,category,online_learning,id_38_2024,bps_internet_purpose
ID-0003304,72,Sulawesi Tengah,provinsi,2024,Pemanfaatan internet,percentage_users,Tujuan penggunaan internet,2.88,% pengguna internet,area,urban,category,other,id_38_2024,bps_internet_purpose
ID-0003305,72,Sulawesi Tengah,provinsi,2024,Pemanfaatan internet,percentage_users,Tujuan penggunaan internet,4.83,% pengguna internet,area,urban,category,sell_goods_services,id_38_2024,bps_internet_purpose
ID-0003306,72,Sulawesi Tengah,provinsi,2024,Pemanfaatan internet,percentage_users,Tujuan penggunaan internet,80.87,% pengguna internet,area,urban,category,social_media,id_38_2024,bps_internet_purpose
ID-0003307,72,Sulawesi Tengah,provinsi,2024,Pemanfaatan internet,percentage_users,Tujuan penggunaan internet,2.08,% pengguna internet,area,urban,category,work_from_home,id_38_2024,bps_internet_purpose
ID-0003308,72,Sulawesi Tengah,provinsi,2024,Pembangunan TIK,access_infrastructure_subindex,Subindeks akses dan infrastruktur TIK,6.11,poin 0–10,,,,,id_34_papua_aggregated_2023_2024,bps_iptik_province_2023_2024
ID-0003309,72,Sulawesi Tengah,provinsi,2024,Pembangunan TIK,ict_development_index,Indeks Pembangunan TIK,5.93,poin 0–10,,,,,id_34_papua_aggregated_2023_2024,bps_iptik_province_2023_2024
ID-0003310,72,Sulawesi Tengah,provinsi,2024,Pembangunan TIK,skills_proxy_subindex,Subindeks proksi keahlian TIK,6.38,poin 0–10,,,,,id_34_papua_aggregated_2023_2024,bps_iptik_province_2023_2024
ID-0003311,72,Sulawesi Tengah,provinsi,2024,Pembangunan TIK,use_subindex,Subindeks penggunaan TIK,5.54,poin 0–10,,,,,id_34_papua_aggregated_2023_2024,bps_iptik_province_2023_2024
ID-0003312,72,Sulawesi Tengah,provinsi,2024,Perangkat akses,percentage_users,Perangkat yang digunakan untuk mengakses internet,1.08,% pengguna internet,area,rural,category,desktop,id_38_2024,bps_access_device
ID-0003313,72,Sulawesi Tengah,provinsi,2024,Perangkat akses,percentage_users,Perangkat yang digunakan untuk mengakses internet,4.81,% pengguna internet,area,rural,category,laptop_tablet,id_38_2024,bps_access_device
ID-0003314,72,Sulawesi Tengah,provinsi,2024,Perangkat akses,percentage_users,Perangkat yang digunakan untuk mengakses internet,98.99,% pengguna internet,area,rural,category,mobile,id_38_2024,bps_access_device
ID-0003315,72,Sulawesi Tengah,provinsi,2024,Perangkat akses,percentage_users,Perangkat yang digunakan untuk mengakses internet,0.3,% pengguna internet,area,rural,category,other,id_38_2024,bps_access_device
ID-0003316,72,Sulawesi Tengah,provinsi,2024,Perangkat akses,percentage_users,Perangkat yang digunakan untuk mengakses internet,2.49,% pengguna internet,area,total,category,desktop,id_38_2024,bps_access_device
ID-0003317,72,Sulawesi Tengah,provinsi,2024,Perangkat akses,percentage_users,Perangkat yang digunakan untuk mengakses internet,8.86,% pengguna internet,area,total,category,laptop_tablet,id_38_2024,bps_access_device
ID-0003318,72,Sulawesi Tengah,provinsi,2024,Perangkat akses,percentage_users,Perangkat yang digunakan untuk mengakses internet,99.2,% pengguna internet,area,total,category,mobile,id_38_2024,bps_access_device
ID-0003319,72,Sulawesi Tengah,provinsi,2024,Perangkat akses,percentage_users,Perangkat yang digunakan untuk mengakses internet,0.24,% pengguna internet,area,total,category,other,id_38_2024,bps_access_device
ID-0003320,72,Sulawesi Tengah,provinsi,2024,Perangkat akses,percentage_users,Perangkat yang digunakan untuk mengakses internet,4.57,% pengguna internet,area,urban,category,desktop,id_38_2024,bps_access_device
ID-0003321,72,Sulawesi Tengah,provinsi,2024,Perangkat akses,percentage_users,Perangkat yang digunakan untuk mengakses internet,14.82,% pengguna internet,area,urban,category,laptop_tablet,id_38_2024,bps_access_device
ID-0003322,72,Sulawesi Tengah,provinsi,2024,Perangkat akses,percentage_users,Perangkat yang digunakan untuk mengakses internet,99.51,% pengguna internet,area,urban,category,mobile,id_38_2024,bps_access_device
ID-0003323,72,Sulawesi Tengah,provinsi,2024,Perangkat akses,percentage_users,Perangkat yang digunakan untuk mengakses internet,0.16,% pengguna internet,area,urban,category,other,id_38_2024,bps_access_device
ID-0003324,73,Sulawesi Selatan,provinsi,2017,Akses internet,internet_access_pct,Akses internet penduduk usia 5 tahun ke atas,19.97,% penduduk dalam kelompok,area,rural,,,id_34_pre_split,bps_internet_access_history_province_2017_2024
ID-0003325,73,Sulawesi Selatan,provinsi,2017,Akses internet,internet_access_pct,Akses internet penduduk usia 5 tahun ke atas,30.35,% penduduk dalam kelompok,area,total,,,id_34_pre_split,bps_internet_access_history_province_2017_2024
ID-0003326,73,Sulawesi Selatan,provinsi,2017,Akses internet,internet_access_pct,Akses internet penduduk usia 5 tahun ke atas,46.21,% penduduk dalam kelompok,area,urban,,,id_34_pre_split,bps_internet_access_history_province_2017_2024
ID-0003327,73,Sulawesi Selatan,provinsi,2018,Akses internet,internet_access_pct,Akses internet penduduk usia 5 tahun ke atas,27.07,% penduduk dalam kelompok,area,rural,,,id_34_pre_split,bps_internet_access_history_province_2017_2024
ID-0003328,73,Sulawesi Selatan,provinsi,2018,Akses internet,internet_access_pct,Akses internet penduduk usia 5 tahun ke atas,37.09,% penduduk dalam kelompok,area,total,,,id_34_pre_split,bps_internet_access_history_province_2017_2024
ID-0003329,73,Sulawesi Selatan,provinsi,2018,Akses internet,internet_access_pct,Akses internet penduduk usia 5 tahun ke atas,51.08,% penduduk dalam kelompok,area,urban,,,id_34_pre_split,bps_internet_access_history_province_2017_2024
ID-0003330,73,Sulawesi Selatan,provinsi,2018,Kesenjangan gender,internet_access_pct,Akses internet penduduk usia 5 tahun ke atas menurut gender,35.93,% penduduk dalam kelompok,sex,female,,,id_34_pre_split,bps_internet_gender_history_province_2018_2024
ID-0003331,73,Sulawesi Selatan,provinsi,2018,Kesenjangan gender,internet_access_pct,Akses internet penduduk usia 5 tahun ke atas menurut gender,38.32,% penduduk dalam kelompok,sex,male,,,id_34_pre_split,bps_internet_gender_history_province_2018_2024
ID-0003332,73,Sulawesi Selatan,provinsi,2019,Akses internet,internet_access_pct,Akses internet penduduk usia 5 tahun ke atas,33.28,% penduduk dalam kelompok,area,rural,,,id_34_pre_split,bps_internet_access_history_province_2017_2024
ID-0003333,73,Sulawesi Selatan,provinsi,2019,Akses internet,internet_access_pct,Akses internet penduduk usia 5 tahun ke atas,43.91,% penduduk dalam kelompok,area,total,,,id_34_pre_split,bps_internet_access_history_province_2017_2024
ID-0003334,73,Sulawesi Selatan,provinsi,2019,Akses internet,internet_access_pct,Akses internet penduduk usia 5 tahun ke atas,57.76,% penduduk dalam kelompok,area,urban,,,id_34_pre_split,bps_internet_access_history_province_2017_2024
ID-0003335,73,Sulawesi Selatan,provinsi,2019,Kesenjangan gender,internet_access_pct,Akses internet penduduk usia 5 tahun ke atas menurut gender,42.31,% penduduk dalam kelompok,sex,female,,,id_34_pre_split,bps_internet_gender_history_province_2018_2024
ID-0003336,73,Sulawesi Selatan,provinsi,2019,Kesenjangan gender,internet_access_pct,Akses internet penduduk usia 5 tahun ke atas menurut gender,45.59,% penduduk dalam kelompok,sex,male,,,id_34_pre_split,bps_internet_gender_history_province_2018_2024
ID-0003337,73,Sulawesi Selatan,provinsi,2020,Akses internet,internet_access_pct,Akses internet penduduk usia 5 tahun ke atas,39.39,% penduduk dalam kelompok,area,rural,,,id_34_pre_split,bps_internet_access_history_province_2017_2024
ID-0003338,73,Sulawesi Selatan,provinsi,2020,Akses internet,internet_access_pct,Akses internet penduduk usia 5 tahun ke atas,49.59,% penduduk dalam kelompok,area,total,,,id_34_pre_split,bps_internet_access_history_province_2017_2024
ID-0003339,73,Sulawesi Selatan,provinsi,2020,Akses internet,internet_access_pct,Akses internet penduduk usia 5 tahun ke atas,62.89,% penduduk dalam kelompok,area,urban,,,id_34_pre_split,bps_internet_access_history_province_2017_2024
ID-0003340,73,Sulawesi Selatan,provinsi,2020,Kesenjangan gender,internet_access_pct,Akses internet penduduk usia 5 tahun ke atas menurut gender,47.97,% penduduk dalam kelompok,sex,female,,,id_34_pre_split,bps_internet_gender_history_province_2018_2024
ID-0003341,73,Sulawesi Selatan,provinsi,2020,Kesenjangan gender,internet_access_pct,Akses internet penduduk usia 5 tahun ke atas menurut gender,51.3,% penduduk dalam kelompok,sex,male,,,id_34_pre_split,bps_internet_gender_history_province_2018_2024
ID-0003342,73,Sulawesi Selatan,provinsi,2021,Akses internet,internet_access_pct,Akses internet penduduk usia 5 tahun ke atas,50.08,% penduduk dalam kelompok,area,rural,,,id_34_pre_split,bps_internet_access_history_province_2017_2024
ID-0003343,73,Sulawesi Selatan,provinsi,2021,Akses internet,internet_access_pct,Akses internet penduduk usia 5 tahun ke atas,59.69,% penduduk dalam kelompok,area,total,,,id_34_pre_split,bps_internet_access_history_province_2017_2024
ID-0003344,73,Sulawesi Selatan,provinsi,2021,Akses internet,internet_access_pct,Akses internet penduduk usia 5 tahun ke atas,71.49,% penduduk dalam kelompok,area,urban,,,id_34_pre_split,bps_internet_access_history_province_2017_2024
ID-0003345,73,Sulawesi Selatan,provinsi,2021,Akses rumah tangga,household_internet_pct,Rumah tangga dengan akses internet,75.71,% rumah tangga dalam klasifikasi daerah,area,rural,,,id_34_pre_split,bps_household_internet
ID-0003346,73,Sulawesi Selatan,provinsi,2021,Akses rumah tangga,household_internet_pct,Rumah tangga dengan akses internet,82.36,% rumah tangga dalam klasifikasi daerah,area,total,,,id_34_pre_split,bps_household_internet
ID-0003347,73,Sulawesi Selatan,provinsi,2021,Akses rumah tangga,household_internet_pct,Rumah tangga dengan akses internet,90.82,% rumah tangga dalam klasifikasi daerah,area,urban,,,id_34_pre_split,bps_household_internet
ID-0003348,73,Sulawesi Selatan,provinsi,2021,Kesenjangan gender,internet_access_pct,Akses internet penduduk usia 5 tahun ke atas menurut gender,57.88,% penduduk dalam kelompok,sex,female,,,id_34_pre_split,bps_internet_gender_history_province_2018_2024
ID-0003349,73,Sulawesi Selatan,provinsi,2021,Kesenjangan gender,internet_access_pct,Akses internet penduduk usia 5 tahun ke atas menurut gender,61.6,% penduduk dalam kelompok,sex,male,,,id_34_pre_split,bps_internet_gender_history_province_2018_2024
ID-0003350,73,Sulawesi Selatan,provinsi,2021,Literasi digital,digital_literacy_index,Indeks Literasi Digital Kominfo,3.47,poin 1–5,,,,,id_34_pre_split,kominfo_digital_literacy_province_2021
ID-0003351,73,Sulawesi Selatan,provinsi,2022,Akses internet,internet_access_pct,Akses internet penduduk usia 5 tahun ke atas,55.35,% penduduk dalam kelompok,area,rural,,,id_34_pre_split,bps_internet_access_history_province_2017_2024
ID-0003352,73,Sulawesi Selatan,provinsi,2022,Akses internet,internet_access_pct,Akses internet penduduk usia 5 tahun ke atas,64.14,% penduduk dalam kelompok,area,total,,,id_34_pre_split,bps_internet_access_history_province_2017_2024
ID-0003353,73,Sulawesi Selatan,provinsi,2022,Akses internet,internet_access_pct,Akses internet penduduk usia 5 tahun ke atas,74.27,% penduduk dalam kelompok,area,urban,,,id_34_pre_split,bps_internet_access_history_province_2017_2024
ID-0003354,73,Sulawesi Selatan,provinsi,2022,Akses rumah tangga,household_internet_pct,Rumah tangga dengan akses internet,85.11,% rumah tangga dalam klasifikasi daerah,area,rural,,,id_34_pre_split,bps_household_internet
ID-0003355,73,Sulawesi Selatan,provinsi,2022,Akses rumah tangga,household_internet_pct,Rumah tangga dengan akses internet,88.33,% rumah tangga dalam klasifikasi daerah,area,total,,,id_34_pre_split,bps_household_internet
ID-0003356,73,Sulawesi Selatan,provinsi,2022,Akses rumah tangga,household_internet_pct,Rumah tangga dengan akses internet,92.02,% rumah tangga dalam klasifikasi daerah,area,urban,,,id_34_pre_split,bps_household_internet
ID-0003357,73,Sulawesi Selatan,provinsi,2022,Kesenjangan gender,internet_access_pct,Akses internet penduduk usia 5 tahun ke atas menurut gender,62.29,% penduduk dalam kelompok,sex,female,,,id_34_pre_split,bps_internet_gender_history_province_2018_2024
ID-0003358,73,Sulawesi Selatan,provinsi,2022,Kesenjangan gender,internet_access_pct,Akses internet penduduk usia 5 tahun ke atas menurut gender,66.03,% penduduk dalam kelompok,sex,male,,,id_34_pre_split,bps_internet_gender_history_province_2018_2024
ID-0003359,73,Sulawesi Selatan,provinsi,2023,Akses internet,internet_access_pct,Akses internet penduduk usia 5 tahun ke atas,58.57,% penduduk dalam kelompok,area,rural,,,id_34_pre_split,bps_internet_access_history_province_2017_2024
ID-0003360,73,Sulawesi Selatan,provinsi,2023,Akses internet,internet_access_pct,Akses internet penduduk usia 5 tahun ke atas,66.95,% penduduk dalam kelompok,area,total,,,id_34_pre_split,bps_internet_access_history_province_2017_2024
ID-0003361,73,Sulawesi Selatan,provinsi,2023,Akses internet,internet_access_pct,Akses internet penduduk usia 5 tahun ke atas,76.57,% penduduk dalam kelompok,area,urban,,,id_34_pre_split,bps_internet_access_history_province_2017_2024
ID-0003362,73,Sulawesi Selatan,provinsi,2023,Akses rumah tangga,household_internet_pct,Rumah tangga dengan akses internet,85.96,% rumah tangga dalam klasifikasi daerah,area,rural,,,id_34_pre_split,bps_household_internet
ID-0003363,73,Sulawesi Selatan,provinsi,2023,Akses rumah tangga,household_internet_pct,Rumah tangga dengan akses internet,89.52,% rumah tangga dalam klasifikasi daerah,area,total,,,id_34_pre_split,bps_household_internet
ID-0003364,73,Sulawesi Selatan,provinsi,2023,Akses rumah tangga,household_internet_pct,Rumah tangga dengan akses internet,93.67,% rumah tangga dalam klasifikasi daerah,area,urban,,,id_34_pre_split,bps_household_internet
ID-0003365,73,Sulawesi Selatan,provinsi,2023,Kesenjangan gender,internet_access_pct,Akses internet penduduk usia 5 tahun ke atas menurut gender,65.06,% penduduk dalam kelompok,sex,female,,,id_34_pre_split,bps_internet_gender_history_province_2018_2024
ID-0003366,73,Sulawesi Selatan,provinsi,2023,Kesenjangan gender,internet_access_pct,Akses internet penduduk usia 5 tahun ke atas menurut gender,68.94,% penduduk dalam kelompok,sex,male,,,id_34_pre_split,bps_internet_gender_history_province_2018_2024
ID-0003367,73,Sulawesi Selatan,provinsi,2023,Komponen pembangunan TIK,fixed_broadband_norm,"Broadband tetap per 100 penduduk, ternormalisasi",0.51,poin 0–10,,,,,id_34_papua_aggregated_2023_2024,bps_iptik_normalized_components_province_2023_2024
ID-0003368,73,Sulawesi Selatan,provinsi,2023,Komponen pembangunan TIK,fixed_telephone_norm,"Telepon tetap per 100 penduduk, ternormalisasi",1.74,poin 0–10,,,,,id_34_papua_aggregated_2023_2024,bps_iptik_normalized_components_province_2023_2024
ID-0003369,73,Sulawesi Selatan,provinsi,2023,Komponen pembangunan TIK,household_computer_norm,"Rumah tangga dengan komputer, ternormalisasi",2.05,poin 0–10,,,,,id_34_papua_aggregated_2023_2024,bps_iptik_normalized_components_province_2023_2024
ID-0003370,73,Sulawesi Selatan,provinsi,2023,Komponen pembangunan TIK,household_internet_norm,"Rumah tangga dengan internet, ternormalisasi",8.95,poin 0–10,,,,,id_34_papua_aggregated_2023_2024,bps_iptik_normalized_components_province_2023_2024
ID-0003371,73,Sulawesi Selatan,provinsi,2023,Komponen pembangunan TIK,individual_internet_norm,"Individu pengguna internet, ternormalisasi",6.7,poin 0–10,,,,,id_34_papua_aggregated_2023_2024,bps_iptik_normalized_components_province_2023_2024
ID-0003372,73,Sulawesi Selatan,provinsi,2023,Komponen pembangunan TIK,international_bandwidth_norm,"Bandwidth internet internasional per pengguna, ternormalisasi",8.03,poin 0–10,,,,,id_34_papua_aggregated_2023_2024,bps_iptik_normalized_components_province_2023_2024
ID-0003373,73,Sulawesi Selatan,provinsi,2023,Komponen pembangunan TIK,mean_years_school_norm,"Rata-rata lama sekolah, ternormalisasi",6.08,poin 0–10,,,,,id_34_papua_aggregated_2023_2024,bps_iptik_normalized_components_province_2023_2024
ID-0003374,73,Sulawesi Selatan,provinsi,2023,Komponen pembangunan TIK,mobile_broadband_norm,"Broadband seluler per 100 penduduk, ternormalisasi",10,poin 0–10,,,,,id_34_papua_aggregated_2023_2024,bps_iptik_normalized_components_province_2023_2024
ID-0003375,73,Sulawesi Selatan,provinsi,2023,Komponen pembangunan TIK,mobile_cellular_norm,"Telepon seluler per 100 penduduk, ternormalisasi",10,poin 0–10,,,,,id_34_papua_aggregated_2023_2024,bps_iptik_normalized_components_province_2023_2024
ID-0003376,73,Sulawesi Selatan,provinsi,2023,Komponen pembangunan TIK,secondary_enrolment_norm,"Partisipasi pendidikan sekunder, ternormalisasi",8.76,poin 0–10,,,,,id_34_papua_aggregated_2023_2024,bps_iptik_normalized_components_province_2023_2024
ID-0003377,73,Sulawesi Selatan,provinsi,2023,Komponen pembangunan TIK,tertiary_enrolment_norm,"Partisipasi pendidikan tinggi, ternormalisasi",4.05,poin 0–10,,,,,id_34_papua_aggregated_2023_2024,bps_iptik_normalized_components_province_2023_2024
ID-0003378,73,Sulawesi Selatan,provinsi,2023,Pembangunan TIK,access_infrastructure_subindex,Subindeks akses dan infrastruktur TIK,6.15,poin 0–10,,,,,id_34_papua_aggregated_2023_2024,bps_iptik_province_2023_2024
ID-0003379,73,Sulawesi Selatan,provinsi,2023,Pembangunan TIK,ict_development_index,Indeks Pembangunan TIK,6.01,poin 0–10,,,,,id_34_papua_aggregated_2023_2024,bps_iptik_province_2023_2024
ID-0003380,73,Sulawesi Selatan,provinsi,2023,Pembangunan TIK,skills_proxy_subindex,Subindeks proksi keahlian TIK,6.3,poin 0–10,,,,,id_34_papua_aggregated_2023_2024,bps_iptik_province_2023_2024
ID-0003381,73,Sulawesi Selatan,provinsi,2023,Pembangunan TIK,use_subindex,Subindeks penggunaan TIK,5.73,poin 0–10,,,,,id_34_papua_aggregated_2023_2024,bps_iptik_province_2023_2024
ID-0003382,73,Sulawesi Selatan,provinsi,2024,Akses internet,internet_access_pct,Akses internet penduduk usia 5 tahun ke atas,62.43,% penduduk dalam kelompok,area,rural,,,id_38_2024,bps_internet_access_history_province_2017_2024
ID-0003383,73,Sulawesi Selatan,provinsi,2024,Akses internet,internet_access_pct,Akses internet penduduk usia 5 tahun ke atas,70.1,% penduduk dalam kelompok,area,total,,,id_38_2024,bps_internet_access_history_province_2017_2024
ID-0003384,73,Sulawesi Selatan,provinsi,2024,Akses internet,internet_access_pct,Akses internet penduduk usia 5 tahun ke atas,78.63,% penduduk dalam kelompok,area,urban,,,id_38_2024,bps_internet_access_history_province_2017_2024
ID-0003385,73,Sulawesi Selatan,provinsi,2024,Akses rumah tangga,household_internet_pct,Rumah tangga dengan akses internet,88.59,% rumah tangga dalam klasifikasi daerah,area,rural,,,id_38_2024,bps_household_internet
ID-0003386,73,Sulawesi Selatan,provinsi,2024,Akses rumah tangga,household_internet_pct,Rumah tangga dengan akses internet,92.18,% rumah tangga dalam klasifikasi daerah,area,total,,,id_38_2024,bps_household_internet
ID-0003387,73,Sulawesi Selatan,provinsi,2024,Akses rumah tangga,household_internet_pct,Rumah tangga dengan akses internet,96.23,% rumah tangga dalam klasifikasi daerah,area,urban,,,id_38_2024,bps_household_internet
ID-0003388,73,Sulawesi Selatan,provinsi,2024,Kesenjangan gender,internet_access_pct,Akses internet penduduk usia 5 tahun ke atas menurut gender,68.32,% penduduk dalam kelompok,sex,female,,,id_38_2024,bps_internet_gender_history_province_2018_2024
ID-0003389,73,Sulawesi Selatan,provinsi,2024,Kesenjangan gender,internet_access_pct,Akses internet penduduk usia 5 tahun ke atas menurut gender,71.97,% penduduk dalam kelompok,sex,male,,,id_38_2024,bps_internet_gender_history_province_2018_2024
ID-0003390,73,Sulawesi Selatan,provinsi,2024,Komponen pembangunan TIK,fixed_broadband_norm,"Broadband tetap per 100 penduduk, ternormalisasi",0.88,poin 0–10,,,,,id_34_papua_aggregated_2023_2024,bps_iptik_normalized_components_province_2023_2024
ID-0003391,73,Sulawesi Selatan,provinsi,2024,Komponen pembangunan TIK,fixed_telephone_norm,"Telepon tetap per 100 penduduk, ternormalisasi",1.96,poin 0–10,,,,,id_34_papua_aggregated_2023_2024,bps_iptik_normalized_components_province_2023_2024
ID-0003392,73,Sulawesi Selatan,provinsi,2024,Komponen pembangunan TIK,household_computer_norm,"Rumah tangga dengan komputer, ternormalisasi",2.21,poin 0–10,,,,,id_34_papua_aggregated_2023_2024,bps_iptik_normalized_components_province_2023_2024
ID-0003393,73,Sulawesi Selatan,provinsi,2024,Komponen pembangunan TIK,household_internet_norm,"Rumah tangga dengan internet, ternormalisasi",9.22,poin 0–10,,,,,id_34_papua_aggregated_2023_2024,bps_iptik_normalized_components_province_2023_2024
ID-0003394,73,Sulawesi Selatan,provinsi,2024,Komponen pembangunan TIK,individual_internet_norm,"Individu pengguna internet, ternormalisasi",7.01,poin 0–10,,,,,id_34_papua_aggregated_2023_2024,bps_iptik_normalized_components_province_2023_2024
ID-0003395,73,Sulawesi Selatan,provinsi,2024,Komponen pembangunan TIK,international_bandwidth_norm,"Bandwidth internet internasional per pengguna, ternormalisasi",8.48,poin 0–10,,,,,id_34_papua_aggregated_2023_2024,bps_iptik_normalized_components_province_2023_2024
ID-0003396,73,Sulawesi Selatan,provinsi,2024,Komponen pembangunan TIK,mean_years_school_norm,"Rata-rata lama sekolah, ternormalisasi",6.15,poin 0–10,,,,,id_34_papua_aggregated_2023_2024,bps_iptik_normalized_components_province_2023_2024
ID-0003397,73,Sulawesi Selatan,provinsi,2024,Komponen pembangunan TIK,mobile_broadband_norm,"Broadband seluler per 100 penduduk, ternormalisasi",10,poin 0–10,,,,,id_34_papua_aggregated_2023_2024,bps_iptik_normalized_components_province_2023_2024
ID-0003398,73,Sulawesi Selatan,provinsi,2024,Komponen pembangunan TIK,mobile_cellular_norm,"Telepon seluler per 100 penduduk, ternormalisasi",10,poin 0–10,,,,,id_34_papua_aggregated_2023_2024,bps_iptik_normalized_components_province_2023_2024
ID-0003399,73,Sulawesi Selatan,provinsi,2024,Komponen pembangunan TIK,secondary_enrolment_norm,"Partisipasi pendidikan sekunder, ternormalisasi",8.86,poin 0–10,,,,,id_34_papua_aggregated_2023_2024,bps_iptik_normalized_components_province_2023_2024
ID-0003400,73,Sulawesi Selatan,provinsi,2024,Komponen pembangunan TIK,tertiary_enrolment_norm,"Partisipasi pendidikan tinggi, ternormalisasi",4.09,poin 0–10,,,,,id_34_papua_aggregated_2023_2024,bps_iptik_normalized_components_province_2023_2024
ID-0003401,73,Sulawesi Selatan,provinsi,2024,Pemanfaatan internet,percentage_users,Tujuan penggunaan internet,14.38,% pengguna internet,area,rural,category,buy_goods_services,id_38_2024,bps_internet_purpose
ID-0003402,73,Sulawesi Selatan,provinsi,2024,Pemanfaatan internet,percentage_users,Tujuan penggunaan internet,7.87,% pengguna internet,area,rural,category,digital_content_creation,id_38_2024,bps_internet_purpose
ID-0003403,73,Sulawesi Selatan,provinsi,2024,Pemanfaatan internet,percentage_users,Tujuan penggunaan internet,8,% pengguna internet,area,rural,category,email,id_38_2024,bps_internet_purpose
ID-0003404,73,Sulawesi Selatan,provinsi,2024,Pemanfaatan internet,percentage_users,Tujuan penggunaan internet,83.72,% pengguna internet,area,rural,category,entertainment,id_38_2024,bps_internet_purpose
ID-0003405,73,Sulawesi Selatan,provinsi,2024,Pemanfaatan internet,percentage_users,Tujuan penggunaan internet,4,% pengguna internet,area,rural,category,financial_services,id_38_2024,bps_internet_purpose
ID-0003406,73,Sulawesi Selatan,provinsi,2024,Pemanfaatan internet,percentage_users,Tujuan penggunaan internet,20.7,% pengguna internet,area,rural,category,goods_services_information,id_38_2024,bps_internet_purpose
ID-0003407,73,Sulawesi Selatan,provinsi,2024,Pemanfaatan internet,percentage_users,Tujuan penggunaan internet,75.62,% pengguna internet,area,rural,category,news_information,id_38_2024,bps_internet_purpose
ID-0003408,73,Sulawesi Selatan,provinsi,2024,Pemanfaatan internet,percentage_users,Tujuan penggunaan internet,9.47,% pengguna internet,area,rural,category,online_learning,id_38_2024,bps_internet_purpose
ID-0003409,73,Sulawesi Selatan,provinsi,2024,Pemanfaatan internet,percentage_users,Tujuan penggunaan internet,5.07,% pengguna internet,area,rural,category,other,id_38_2024,bps_internet_purpose
ID-0003410,73,Sulawesi Selatan,provinsi,2024,Pemanfaatan internet,percentage_users,Tujuan penggunaan internet,2.93,% pengguna internet,area,rural,category,sell_goods_services,id_38_2024,bps_internet_purpose
ID-0003411,73,Sulawesi Selatan,provinsi,2024,Pemanfaatan internet,percentage_users,Tujuan penggunaan internet,77.78,% pengguna internet,area,rural,category,social_media,id_38_2024,bps_internet_purpose
ID-0003412,73,Sulawesi Selatan,provinsi,2024,Pemanfaatan internet,percentage_users,Tujuan penggunaan internet,0.94,% pengguna internet,area,rural,category,work_from_home,id_38_2024,bps_internet_purpose
ID-0003413,73,Sulawesi Selatan,provinsi,2024,Pemanfaatan internet,percentage_users,Tujuan penggunaan internet,17.44,% pengguna internet,area,total,category,buy_goods_services,id_38_2024,bps_internet_purpose
ID-0003414,73,Sulawesi Selatan,provinsi,2024,Pemanfaatan internet,percentage_users,Tujuan penggunaan internet,7.77,% pengguna internet,area,total,category,digital_content_creation,id_38_2024,bps_internet_purpose
ID-0003415,73,Sulawesi Selatan,provinsi,2024,Pemanfaatan internet,percentage_users,Tujuan penggunaan internet,11.69,% pengguna internet,area,total,category,email,id_38_2024,bps_internet_purpose
ID-0003416,73,Sulawesi Selatan,provinsi,2024,Pemanfaatan internet,percentage_users,Tujuan penggunaan internet,85.1,% pengguna internet,area,total,category,entertainment,id_38_2024,bps_internet_purpose
ID-0003417,73,Sulawesi Selatan,provinsi,2024,Pemanfaatan internet,percentage_users,Tujuan penggunaan internet,8.95,% pengguna internet,area,total,category,financial_services,id_38_2024,bps_internet_purpose
ID-0003418,73,Sulawesi Selatan,provinsi,2024,Pemanfaatan internet,percentage_users,Tujuan penggunaan internet,23.02,% pengguna internet,area,total,category,goods_services_information,id_38_2024,bps_internet_purpose
ID-0003419,73,Sulawesi Selatan,provinsi,2024,Pemanfaatan internet,percentage_users,Tujuan penggunaan internet,77.99,% pengguna internet,area,total,category,news_information,id_38_2024,bps_internet_purpose
ID-0003420,73,Sulawesi Selatan,provinsi,2024,Pemanfaatan internet,percentage_users,Tujuan penggunaan internet,12.21,% pengguna internet,area,total,category,online_learning,id_38_2024,bps_internet_purpose
ID-0003421,73,Sulawesi Selatan,provinsi,2024,Pemanfaatan internet,percentage_users,Tujuan penggunaan internet,5.81,% pengguna internet,area,total,category,other,id_38_2024,bps_internet_purpose
ID-0003422,73,Sulawesi Selatan,provinsi,2024,Pemanfaatan internet,percentage_users,Tujuan penggunaan internet,4.36,% pengguna internet,area,total,category,sell_goods_services,id_38_2024,bps_internet_purpose
ID-0003423,73,Sulawesi Selatan,provinsi,2024,Pemanfaatan internet,percentage_users,Tujuan penggunaan internet,78.25,% pengguna internet,area,total,category,social_media,id_38_2024,bps_internet_purpose
ID-0003424,73,Sulawesi Selatan,provinsi,2024,Pemanfaatan internet,percentage_users,Tujuan penggunaan internet,1.65,% pengguna internet,area,total,category,work_from_home,id_38_2024,bps_internet_purpose
ID-0003425,73,Sulawesi Selatan,provinsi,2024,Pemanfaatan internet,percentage_users,Tujuan penggunaan internet,20.14,% pengguna internet,area,urban,category,buy_goods_services,id_38_2024,bps_internet_purpose
ID-0003426,73,Sulawesi Selatan,provinsi,2024,Pemanfaatan internet,percentage_users,Tujuan penggunaan internet,7.67,% pengguna internet,area,urban,category,digital_content_creation,id_38_2024,bps_internet_purpose
ID-0003427,73,Sulawesi Selatan,provinsi,2024,Pemanfaatan internet,percentage_users,Tujuan penggunaan internet,14.95,% pengguna internet,area,urban,category,email,id_38_2024,bps_internet_purpose
ID-0003428,73,Sulawesi Selatan,provinsi,2024,Pemanfaatan internet,percentage_users,Tujuan penggunaan internet,86.32,% pengguna internet,area,urban,category,entertainment,id_38_2024,bps_internet_purpose
ID-0003429,73,Sulawesi Selatan,provinsi,2024,Pemanfaatan internet,percentage_users,Tujuan penggunaan internet,13.33,% pengguna internet,area,urban,category,financial_services,id_38_2024,bps_internet_purpose
ID-0003430,73,Sulawesi Selatan,provinsi,2024,Pemanfaatan internet,percentage_users,Tujuan penggunaan internet,25.07,% pengguna internet,area,urban,category,goods_services_information,id_38_2024,bps_internet_purpose
ID-0003431,73,Sulawesi Selatan,provinsi,2024,Pemanfaatan internet,percentage_users,Tujuan penggunaan internet,80.09,% pengguna internet,area,urban,category,news_information,id_38_2024,bps_internet_purpose
ID-0003432,73,Sulawesi Selatan,provinsi,2024,Pemanfaatan internet,percentage_users,Tujuan penggunaan internet,14.62,% pengguna internet,area,urban,category,online_learning,id_38_2024,bps_internet_purpose
ID-0003433,73,Sulawesi Selatan,provinsi,2024,Pemanfaatan internet,percentage_users,Tujuan penggunaan internet,6.46,% pengguna internet,area,urban,category,other,id_38_2024,bps_internet_purpose
ID-0003434,73,Sulawesi Selatan,provinsi,2024,Pemanfaatan internet,percentage_users,Tujuan penggunaan internet,5.62,% pengguna internet,area,urban,category,sell_goods_services,id_38_2024,bps_internet_purpose
ID-0003435,73,Sulawesi Selatan,provinsi,2024,Pemanfaatan internet,percentage_users,Tujuan penggunaan internet,78.67,% pengguna internet,area,urban,category,social_media,id_38_2024,bps_internet_purpose
ID-0003436,73,Sulawesi Selatan,provinsi,2024,Pemanfaatan internet,percentage_users,Tujuan penggunaan internet,2.27,% pengguna internet,area,urban,category,work_from_home,id_38_2024,bps_internet_purpose
ID-0003437,73,Sulawesi Selatan,provinsi,2024,Pembangunan TIK,access_infrastructure_subindex,Subindeks akses dan infrastruktur TIK,6.37,poin 0–10,,,,,id_34_papua_aggregated_2023_2024,bps_iptik_province_2023_2024
ID-0003438,73,Sulawesi Selatan,provinsi,2024,Pembangunan TIK,ict_development_index,Indeks Pembangunan TIK,6.21,poin 0–10,,,,,id_34_papua_aggregated_2023_2024,bps_iptik_province_2023_2024
ID-0003439,73,Sulawesi Selatan,provinsi,2024,Pembangunan TIK,skills_proxy_subindex,Subindeks proksi keahlian TIK,6.36,poin 0–10,,,,,id_34_papua_aggregated_2023_2024,bps_iptik_province_2023_2024
ID-0003440,73,Sulawesi Selatan,provinsi,2024,Pembangunan TIK,use_subindex,Subindeks penggunaan TIK,5.96,poin 0–10,,,,,id_34_papua_aggregated_2023_2024,bps_iptik_province_2023_2024
ID-0003441,73,Sulawesi Selatan,provinsi,2024,Perangkat akses,percentage_users,Perangkat yang digunakan untuk mengakses internet,0.93,% pengguna internet,area,rural,category,desktop,id_38_2024,bps_access_device
ID-0003442,73,Sulawesi Selatan,provinsi,2024,Perangkat akses,percentage_users,Perangkat yang digunakan untuk mengakses internet,5.59,% pengguna internet,area,rural,category,laptop_tablet,id_38_2024,bps_access_device
ID-0003443,73,Sulawesi Selatan,provinsi,2024,Perangkat akses,percentage_users,Perangkat yang digunakan untuk mengakses internet,99.43,% pengguna internet,area,rural,category,mobile,id_38_2024,bps_access_device
ID-0003444,73,Sulawesi Selatan,provinsi,2024,Perangkat akses,percentage_users,Perangkat yang digunakan untuk mengakses internet,0.25,% pengguna internet,area,rural,category,other,id_38_2024,bps_access_device
ID-0003445,73,Sulawesi Selatan,provinsi,2024,Perangkat akses,percentage_users,Perangkat yang digunakan untuk mengakses internet,1.8,% pengguna internet,area,total,category,desktop,id_38_2024,bps_access_device
ID-0003446,73,Sulawesi Selatan,provinsi,2024,Perangkat akses,percentage_users,Perangkat yang digunakan untuk mengakses internet,10.75,% pengguna internet,area,total,category,laptop_tablet,id_38_2024,bps_access_device
ID-0003447,73,Sulawesi Selatan,provinsi,2024,Perangkat akses,percentage_users,Perangkat yang digunakan untuk mengakses internet,99.11,% pengguna internet,area,total,category,mobile,id_38_2024,bps_access_device
ID-0003448,73,Sulawesi Selatan,provinsi,2024,Perangkat akses,percentage_users,Perangkat yang digunakan untuk mengakses internet,0.26,% pengguna internet,area,total,category,other,id_38_2024,bps_access_device
ID-0003449,73,Sulawesi Selatan,provinsi,2024,Perangkat akses,percentage_users,Perangkat yang digunakan untuk mengakses internet,2.56,% pengguna internet,area,urban,category,desktop,id_38_2024,bps_access_device
ID-0003450,73,Sulawesi Selatan,provinsi,2024,Perangkat akses,percentage_users,Perangkat yang digunakan untuk mengakses internet,15.31,% pengguna internet,area,urban,category,laptop_tablet,id_38_2024,bps_access_device
ID-0003451,73,Sulawesi Selatan,provinsi,2024,Perangkat akses,percentage_users,Perangkat yang digunakan untuk mengakses internet,98.83,% pengguna internet,area,urban,category,mobile,id_38_2024,bps_access_device
ID-0003452,73,Sulawesi Selatan,provinsi,2024,Perangkat akses,percentage_users,Perangkat yang digunakan untuk mengakses internet,0.28,% pengguna internet,area,urban,category,other,id_38_2024,bps_access_device
ID-0003453,74,Sulawesi Tenggara,provinsi,2017,Akses internet,internet_access_pct,Akses internet penduduk usia 5 tahun ke atas,19.36,% penduduk dalam kelompok,area,rural,,,id_34_pre_split,bps_internet_access_history_province_2017_2024
ID-0003454,74,Sulawesi Tenggara,provinsi,2017,Akses internet,internet_access_pct,Akses internet penduduk usia 5 tahun ke atas,26.17,% penduduk dalam kelompok,area,total,,,id_34_pre_split,bps_internet_access_history_province_2017_2024
ID-0003455,74,Sulawesi Tenggara,provinsi,2017,Akses internet,internet_access_pct,Akses internet penduduk usia 5 tahun ke atas,40.52,% penduduk dalam kelompok,area,urban,,,id_34_pre_split,bps_internet_access_history_province_2017_2024
ID-0003456,74,Sulawesi Tenggara,provinsi,2018,Akses internet,internet_access_pct,Akses internet penduduk usia 5 tahun ke atas,24.25,% penduduk dalam kelompok,area,rural,,,id_34_pre_split,bps_internet_access_history_province_2017_2024
ID-0003457,74,Sulawesi Tenggara,provinsi,2018,Akses internet,internet_access_pct,Akses internet penduduk usia 5 tahun ke atas,33.27,% penduduk dalam kelompok,area,total,,,id_34_pre_split,bps_internet_access_history_province_2017_2024
ID-0003458,74,Sulawesi Tenggara,provinsi,2018,Akses internet,internet_access_pct,Akses internet penduduk usia 5 tahun ke atas,47.67,% penduduk dalam kelompok,area,urban,,,id_34_pre_split,bps_internet_access_history_province_2017_2024
ID-0003459,74,Sulawesi Tenggara,provinsi,2018,Kesenjangan gender,internet_access_pct,Akses internet penduduk usia 5 tahun ke atas menurut gender,32.86,% penduduk dalam kelompok,sex,female,,,id_34_pre_split,bps_internet_gender_history_province_2018_2024
ID-0003460,74,Sulawesi Tenggara,provinsi,2018,Kesenjangan gender,internet_access_pct,Akses internet penduduk usia 5 tahun ke atas menurut gender,33.67,% penduduk dalam kelompok,sex,male,,,id_34_pre_split,bps_internet_gender_history_province_2018_2024
ID-0003461,74,Sulawesi Tenggara,provinsi,2019,Akses internet,internet_access_pct,Akses internet penduduk usia 5 tahun ke atas,31.72,% penduduk dalam kelompok,area,rural,,,id_34_pre_split,bps_internet_access_history_province_2017_2024
ID-0003462,74,Sulawesi Tenggara,provinsi,2019,Akses internet,internet_access_pct,Akses internet penduduk usia 5 tahun ke atas,41.92,% penduduk dalam kelompok,area,total,,,id_34_pre_split,bps_internet_access_history_province_2017_2024
ID-0003463,74,Sulawesi Tenggara,provinsi,2019,Akses internet,internet_access_pct,Akses internet penduduk usia 5 tahun ke atas,57.65,% penduduk dalam kelompok,area,urban,,,id_34_pre_split,bps_internet_access_history_province_2017_2024
ID-0003464,74,Sulawesi Tenggara,provinsi,2019,Kesenjangan gender,internet_access_pct,Akses internet penduduk usia 5 tahun ke atas menurut gender,40.61,% penduduk dalam kelompok,sex,female,,,id_34_pre_split,bps_internet_gender_history_province_2018_2024
ID-0003465,74,Sulawesi Tenggara,provinsi,2019,Kesenjangan gender,internet_access_pct,Akses internet penduduk usia 5 tahun ke atas menurut gender,43.22,% penduduk dalam kelompok,sex,male,,,id_34_pre_split,bps_internet_gender_history_province_2018_2024
ID-0003466,74,Sulawesi Tenggara,provinsi,2020,Akses internet,internet_access_pct,Akses internet penduduk usia 5 tahun ke atas,39.1,% penduduk dalam kelompok,area,rural,,,id_34_pre_split,bps_internet_access_history_province_2017_2024
ID-0003467,74,Sulawesi Tenggara,provinsi,2020,Akses internet,internet_access_pct,Akses internet penduduk usia 5 tahun ke atas,48.31,% penduduk dalam kelompok,area,total,,,id_34_pre_split,bps_internet_access_history_province_2017_2024
ID-0003468,74,Sulawesi Tenggara,provinsi,2020,Akses internet,internet_access_pct,Akses internet penduduk usia 5 tahun ke atas,62.42,% penduduk dalam kelompok,area,urban,,,id_34_pre_split,bps_internet_access_history_province_2017_2024
ID-0003469,74,Sulawesi Tenggara,provinsi,2020,Kesenjangan gender,internet_access_pct,Akses internet penduduk usia 5 tahun ke atas menurut gender,46.49,% penduduk dalam kelompok,sex,female,,,id_34_pre_split,bps_internet_gender_history_province_2018_2024
ID-0003470,74,Sulawesi Tenggara,provinsi,2020,Kesenjangan gender,internet_access_pct,Akses internet penduduk usia 5 tahun ke atas menurut gender,50.11,% penduduk dalam kelompok,sex,male,,,id_34_pre_split,bps_internet_gender_history_province_2018_2024
ID-0003471,74,Sulawesi Tenggara,provinsi,2021,Akses internet,internet_access_pct,Akses internet penduduk usia 5 tahun ke atas,49.96,% penduduk dalam kelompok,area,rural,,,id_34_pre_split,bps_internet_access_history_province_2017_2024
ID-0003472,74,Sulawesi Tenggara,provinsi,2021,Akses internet,internet_access_pct,Akses internet penduduk usia 5 tahun ke atas,57.21,% penduduk dalam kelompok,area,total,,,id_34_pre_split,bps_internet_access_history_province_2017_2024
ID-0003473,74,Sulawesi Tenggara,provinsi,2021,Akses internet,internet_access_pct,Akses internet penduduk usia 5 tahun ke atas,70.09,% penduduk dalam kelompok,area,urban,,,id_34_pre_split,bps_internet_access_history_province_2017_2024
ID-0003474,74,Sulawesi Tenggara,provinsi,2021,Akses rumah tangga,household_internet_pct,Rumah tangga dengan akses internet,77.35,% rumah tangga dalam klasifikasi daerah,area,rural,,,id_34_pre_split,bps_household_internet
ID-0003475,74,Sulawesi Tenggara,provinsi,2021,Akses rumah tangga,household_internet_pct,Rumah tangga dengan akses internet,81.83,% rumah tangga dalam klasifikasi daerah,area,total,,,id_34_pre_split,bps_household_internet
ID-0003476,74,Sulawesi Tenggara,provinsi,2021,Akses rumah tangga,household_internet_pct,Rumah tangga dengan akses internet,89.86,% rumah tangga dalam klasifikasi daerah,area,urban,,,id_34_pre_split,bps_household_internet
ID-0003477,74,Sulawesi Tenggara,provinsi,2021,Kesenjangan gender,internet_access_pct,Akses internet penduduk usia 5 tahun ke atas menurut gender,55.41,% penduduk dalam kelompok,sex,female,,,id_34_pre_split,bps_internet_gender_history_province_2018_2024
ID-0003478,74,Sulawesi Tenggara,provinsi,2021,Kesenjangan gender,internet_access_pct,Akses internet penduduk usia 5 tahun ke atas menurut gender,59.01,% penduduk dalam kelompok,sex,male,,,id_34_pre_split,bps_internet_gender_history_province_2018_2024
ID-0003479,74,Sulawesi Tenggara,provinsi,2021,Literasi digital,digital_literacy_index,Indeks Literasi Digital Kominfo,3.43,poin 1–5,,,,,id_34_pre_split,kominfo_digital_literacy_province_2021
ID-0003480,74,Sulawesi Tenggara,provinsi,2022,Akses internet,internet_access_pct,Akses internet penduduk usia 5 tahun ke atas,56.82,% penduduk dalam kelompok,area,rural,,,id_34_pre_split,bps_internet_access_history_province_2017_2024
ID-0003481,74,Sulawesi Tenggara,provinsi,2022,Akses internet,internet_access_pct,Akses internet penduduk usia 5 tahun ke atas,61.88,% penduduk dalam kelompok,area,total,,,id_34_pre_split,bps_internet_access_history_province_2017_2024
ID-0003482,74,Sulawesi Tenggara,provinsi,2022,Akses internet,internet_access_pct,Akses internet penduduk usia 5 tahun ke atas,71.91,% penduduk dalam kelompok,area,urban,,,id_34_pre_split,bps_internet_access_history_province_2017_2024
ID-0003483,74,Sulawesi Tenggara,provinsi,2022,Akses rumah tangga,household_internet_pct,Rumah tangga dengan akses internet,84.77,% rumah tangga dalam klasifikasi daerah,area,rural,,,id_34_pre_split,bps_household_internet
ID-0003484,74,Sulawesi Tenggara,provinsi,2022,Akses rumah tangga,household_internet_pct,Rumah tangga dengan akses internet,87.6,% rumah tangga dalam klasifikasi daerah,area,total,,,id_34_pre_split,bps_household_internet
ID-0003485,74,Sulawesi Tenggara,provinsi,2022,Akses rumah tangga,household_internet_pct,Rumah tangga dengan akses internet,92.52,% rumah tangga dalam klasifikasi daerah,area,urban,,,id_34_pre_split,bps_household_internet
ID-0003486,74,Sulawesi Tenggara,provinsi,2022,Kesenjangan gender,internet_access_pct,Akses internet penduduk usia 5 tahun ke atas menurut gender,60.63,% penduduk dalam kelompok,sex,female,,,id_34_pre_split,bps_internet_gender_history_province_2018_2024
ID-0003487,74,Sulawesi Tenggara,provinsi,2022,Kesenjangan gender,internet_access_pct,Akses internet penduduk usia 5 tahun ke atas menurut gender,63.11,% penduduk dalam kelompok,sex,male,,,id_34_pre_split,bps_internet_gender_history_province_2018_2024
ID-0003488,74,Sulawesi Tenggara,provinsi,2023,Akses internet,internet_access_pct,Akses internet penduduk usia 5 tahun ke atas,59.47,% penduduk dalam kelompok,area,rural,,,id_34_pre_split,bps_internet_access_history_province_2017_2024
ID-0003489,74,Sulawesi Tenggara,provinsi,2023,Akses internet,internet_access_pct,Akses internet penduduk usia 5 tahun ke atas,65.83,% penduduk dalam kelompok,area,total,,,id_34_pre_split,bps_internet_access_history_province_2017_2024
ID-0003490,74,Sulawesi Tenggara,provinsi,2023,Akses internet,internet_access_pct,Akses internet penduduk usia 5 tahun ke atas,75.96,% penduduk dalam kelompok,area,urban,,,id_34_pre_split,bps_internet_access_history_province_2017_2024
ID-0003491,74,Sulawesi Tenggara,provinsi,2023,Akses rumah tangga,household_internet_pct,Rumah tangga dengan akses internet,86.14,% rumah tangga dalam klasifikasi daerah,area,rural,,,id_34_pre_split,bps_household_internet
ID-0003492,74,Sulawesi Tenggara,provinsi,2023,Akses rumah tangga,household_internet_pct,Rumah tangga dengan akses internet,88.69,% rumah tangga dalam klasifikasi daerah,area,total,,,id_34_pre_split,bps_household_internet
ID-0003493,74,Sulawesi Tenggara,provinsi,2023,Akses rumah tangga,household_internet_pct,Rumah tangga dengan akses internet,92.83,% rumah tangga dalam klasifikasi daerah,area,urban,,,id_34_pre_split,bps_household_internet
ID-0003494,74,Sulawesi Tenggara,provinsi,2023,Kesenjangan gender,internet_access_pct,Akses internet penduduk usia 5 tahun ke atas menurut gender,64.24,% penduduk dalam kelompok,sex,female,,,id_34_pre_split,bps_internet_gender_history_province_2018_2024
ID-0003495,74,Sulawesi Tenggara,provinsi,2023,Kesenjangan gender,internet_access_pct,Akses internet penduduk usia 5 tahun ke atas menurut gender,67.43,% penduduk dalam kelompok,sex,male,,,id_34_pre_split,bps_internet_gender_history_province_2018_2024
ID-0003496,74,Sulawesi Tenggara,provinsi,2023,Komponen pembangunan TIK,fixed_broadband_norm,"Broadband tetap per 100 penduduk, ternormalisasi",0.48,poin 0–10,,,,,id_34_papua_aggregated_2023_2024,bps_iptik_normalized_components_province_2023_2024
ID-0003497,74,Sulawesi Tenggara,provinsi,2023,Komponen pembangunan TIK,fixed_telephone_norm,"Telepon tetap per 100 penduduk, ternormalisasi",0.04,poin 0–10,,,,,id_34_papua_aggregated_2023_2024,bps_iptik_normalized_components_province_2023_2024
ID-0003498,74,Sulawesi Tenggara,provinsi,2023,Komponen pembangunan TIK,household_computer_norm,"Rumah tangga dengan komputer, ternormalisasi",1.94,poin 0–10,,,,,id_34_papua_aggregated_2023_2024,bps_iptik_normalized_components_province_2023_2024
ID-0003499,74,Sulawesi Tenggara,provinsi,2023,Komponen pembangunan TIK,household_internet_norm,"Rumah tangga dengan internet, ternormalisasi",8.87,poin 0–10,,,,,id_34_papua_aggregated_2023_2024,bps_iptik_normalized_components_province_2023_2024
ID-0003500,74,Sulawesi Tenggara,provinsi,2023,Komponen pembangunan TIK,individual_internet_norm,"Individu pengguna internet, ternormalisasi",6.58,poin 0–10,,,,,id_34_papua_aggregated_2023_2024,bps_iptik_normalized_components_province_2023_2024
ID-0003501,74,Sulawesi Tenggara,provinsi,2023,Komponen pembangunan TIK,international_bandwidth_norm,"Bandwidth internet internasional per pengguna, ternormalisasi",8,poin 0–10,,,,,id_34_papua_aggregated_2023_2024,bps_iptik_normalized_components_province_2023_2024
ID-0003502,74,Sulawesi Tenggara,provinsi,2023,Komponen pembangunan TIK,mean_years_school_norm,"Rata-rata lama sekolah, ternormalisasi",6.41,poin 0–10,,,,,id_34_papua_aggregated_2023_2024,bps_iptik_normalized_components_province_2023_2024
ID-0003503,74,Sulawesi Tenggara,provinsi,2023,Komponen pembangunan TIK,mobile_broadband_norm,"Broadband seluler per 100 penduduk, ternormalisasi",10,poin 0–10,,,,,id_34_papua_aggregated_2023_2024,bps_iptik_normalized_components_province_2023_2024
ID-0003504,74,Sulawesi Tenggara,provinsi,2023,Komponen pembangunan TIK,mobile_cellular_norm,"Telepon seluler per 100 penduduk, ternormalisasi",10,poin 0–10,,,,,id_34_papua_aggregated_2023_2024,bps_iptik_normalized_components_province_2023_2024
ID-0003505,74,Sulawesi Tenggara,provinsi,2023,Komponen pembangunan TIK,secondary_enrolment_norm,"Partisipasi pendidikan sekunder, ternormalisasi",8.77,poin 0–10,,,,,id_34_papua_aggregated_2023_2024,bps_iptik_normalized_components_province_2023_2024
ID-0003506,74,Sulawesi Tenggara,provinsi,2023,Komponen pembangunan TIK,tertiary_enrolment_norm,"Partisipasi pendidikan tinggi, ternormalisasi",4.34,poin 0–10,,,,,id_34_papua_aggregated_2023_2024,bps_iptik_normalized_components_province_2023_2024
ID-0003507,74,Sulawesi Tenggara,provinsi,2023,Pembangunan TIK,access_infrastructure_subindex,Subindeks akses dan infrastruktur TIK,5.77,poin 0–10,,,,,id_34_papua_aggregated_2023_2024,bps_iptik_province_2023_2024
ID-0003508,74,Sulawesi Tenggara,provinsi,2023,Pembangunan TIK,ict_development_index,Indeks Pembangunan TIK,5.88,poin 0–10,,,,,id_34_papua_aggregated_2023_2024,bps_iptik_province_2023_2024
ID-0003509,74,Sulawesi Tenggara,provinsi,2023,Pembangunan TIK,skills_proxy_subindex,Subindeks proksi keahlian TIK,6.51,poin 0–10,,,,,id_34_papua_aggregated_2023_2024,bps_iptik_province_2023_2024
ID-0003510,74,Sulawesi Tenggara,provinsi,2023,Pembangunan TIK,use_subindex,Subindeks penggunaan TIK,5.69,poin 0–10,,,,,id_34_papua_aggregated_2023_2024,bps_iptik_province_2023_2024
ID-0003511,74,Sulawesi Tenggara,provinsi,2024,Akses internet,internet_access_pct,Akses internet penduduk usia 5 tahun ke atas,64.96,% penduduk dalam kelompok,area,rural,,,id_38_2024,bps_internet_access_history_province_2017_2024
ID-0003512,74,Sulawesi Tenggara,provinsi,2024,Akses internet,internet_access_pct,Akses internet penduduk usia 5 tahun ke atas,70.36,% penduduk dalam kelompok,area,total,,,id_38_2024,bps_internet_access_history_province_2017_2024
ID-0003513,74,Sulawesi Tenggara,provinsi,2024,Akses internet,internet_access_pct,Akses internet penduduk usia 5 tahun ke atas,78.79,% penduduk dalam kelompok,area,urban,,,id_38_2024,bps_internet_access_history_province_2017_2024
ID-0003514,74,Sulawesi Tenggara,provinsi,2024,Akses rumah tangga,household_internet_pct,Rumah tangga dengan akses internet,89.78,% rumah tangga dalam klasifikasi daerah,area,rural,,,id_38_2024,bps_household_internet
ID-0003515,74,Sulawesi Tenggara,provinsi,2024,Akses rumah tangga,household_internet_pct,Rumah tangga dengan akses internet,91.7,% rumah tangga dalam klasifikasi daerah,area,total,,,id_38_2024,bps_household_internet
ID-0003516,74,Sulawesi Tenggara,provinsi,2024,Akses rumah tangga,household_internet_pct,Rumah tangga dengan akses internet,94.65,% rumah tangga dalam klasifikasi daerah,area,urban,,,id_38_2024,bps_household_internet
ID-0003517,74,Sulawesi Tenggara,provinsi,2024,Kesenjangan gender,internet_access_pct,Akses internet penduduk usia 5 tahun ke atas menurut gender,68.34,% penduduk dalam kelompok,sex,female,,,id_38_2024,bps_internet_gender_history_province_2018_2024
ID-0003518,74,Sulawesi Tenggara,provinsi,2024,Kesenjangan gender,internet_access_pct,Akses internet penduduk usia 5 tahun ke atas menurut gender,72.41,% penduduk dalam kelompok,sex,male,,,id_38_2024,bps_internet_gender_history_province_2018_2024
ID-0003519,74,Sulawesi Tenggara,provinsi,2024,Komponen pembangunan TIK,fixed_broadband_norm,"Broadband tetap per 100 penduduk, ternormalisasi",0.63,poin 0–10,,,,,id_34_papua_aggregated_2023_2024,bps_iptik_normalized_components_province_2023_2024
ID-0003520,74,Sulawesi Tenggara,provinsi,2024,Komponen pembangunan TIK,fixed_telephone_norm,"Telepon tetap per 100 penduduk, ternormalisasi",0.04,poin 0–10,,,,,id_34_papua_aggregated_2023_2024,bps_iptik_normalized_components_province_2023_2024
ID-0003521,74,Sulawesi Tenggara,provinsi,2024,Komponen pembangunan TIK,household_computer_norm,"Rumah tangga dengan komputer, ternormalisasi",1.98,poin 0–10,,,,,id_34_papua_aggregated_2023_2024,bps_iptik_normalized_components_province_2023_2024
ID-0003522,74,Sulawesi Tenggara,provinsi,2024,Komponen pembangunan TIK,household_internet_norm,"Rumah tangga dengan internet, ternormalisasi",9.17,poin 0–10,,,,,id_34_papua_aggregated_2023_2024,bps_iptik_normalized_components_province_2023_2024
ID-0003523,74,Sulawesi Tenggara,provinsi,2024,Komponen pembangunan TIK,individual_internet_norm,"Individu pengguna internet, ternormalisasi",7.04,poin 0–10,,,,,id_34_papua_aggregated_2023_2024,bps_iptik_normalized_components_province_2023_2024
ID-0003524,74,Sulawesi Tenggara,provinsi,2024,Komponen pembangunan TIK,international_bandwidth_norm,"Bandwidth internet internasional per pengguna, ternormalisasi",8.43,poin 0–10,,,,,id_34_papua_aggregated_2023_2024,bps_iptik_normalized_components_province_2023_2024
ID-0003525,74,Sulawesi Tenggara,provinsi,2024,Komponen pembangunan TIK,mean_years_school_norm,"Rata-rata lama sekolah, ternormalisasi",6.49,poin 0–10,,,,,id_34_papua_aggregated_2023_2024,bps_iptik_normalized_components_province_2023_2024
ID-0003526,74,Sulawesi Tenggara,provinsi,2024,Komponen pembangunan TIK,mobile_broadband_norm,"Broadband seluler per 100 penduduk, ternormalisasi",10,poin 0–10,,,,,id_34_papua_aggregated_2023_2024,bps_iptik_normalized_components_province_2023_2024
ID-0003527,74,Sulawesi Tenggara,provinsi,2024,Komponen pembangunan TIK,mobile_cellular_norm,"Telepon seluler per 100 penduduk, ternormalisasi",10,poin 0–10,,,,,id_34_papua_aggregated_2023_2024,bps_iptik_normalized_components_province_2023_2024
ID-0003528,74,Sulawesi Tenggara,provinsi,2024,Komponen pembangunan TIK,secondary_enrolment_norm,"Partisipasi pendidikan sekunder, ternormalisasi",8.88,poin 0–10,,,,,id_34_papua_aggregated_2023_2024,bps_iptik_normalized_components_province_2023_2024
ID-0003529,74,Sulawesi Tenggara,provinsi,2024,Komponen pembangunan TIK,tertiary_enrolment_norm,"Partisipasi pendidikan tinggi, ternormalisasi",4.16,poin 0–10,,,,,id_34_papua_aggregated_2023_2024,bps_iptik_normalized_components_province_2023_2024
ID-0003530,74,Sulawesi Tenggara,provinsi,2024,Pemanfaatan internet,percentage_users,Tujuan penggunaan internet,10.33,% pengguna internet,area,rural,category,buy_goods_services,id_38_2024,bps_internet_purpose
ID-0003531,74,Sulawesi Tenggara,provinsi,2024,Pemanfaatan internet,percentage_users,Tujuan penggunaan internet,12.45,% pengguna internet,area,rural,category,digital_content_creation,id_38_2024,bps_internet_purpose
ID-0003532,74,Sulawesi Tenggara,provinsi,2024,Pemanfaatan internet,percentage_users,Tujuan penggunaan internet,6.78,% pengguna internet,area,rural,category,email,id_38_2024,bps_internet_purpose
ID-0003533,74,Sulawesi Tenggara,provinsi,2024,Pemanfaatan internet,percentage_users,Tujuan penggunaan internet,89.06,% pengguna internet,area,rural,category,entertainment,id_38_2024,bps_internet_purpose
ID-0003534,74,Sulawesi Tenggara,provinsi,2024,Pemanfaatan internet,percentage_users,Tujuan penggunaan internet,4.13,% pengguna internet,area,rural,category,financial_services,id_38_2024,bps_internet_purpose
ID-0003535,74,Sulawesi Tenggara,provinsi,2024,Pemanfaatan internet,percentage_users,Tujuan penggunaan internet,19.09,% pengguna internet,area,rural,category,goods_services_information,id_38_2024,bps_internet_purpose
ID-0003536,74,Sulawesi Tenggara,provinsi,2024,Pemanfaatan internet,percentage_users,Tujuan penggunaan internet,74.26,% pengguna internet,area,rural,category,news_information,id_38_2024,bps_internet_purpose
ID-0003537,74,Sulawesi Tenggara,provinsi,2024,Pemanfaatan internet,percentage_users,Tujuan penggunaan internet,8.32,% pengguna internet,area,rural,category,online_learning,id_38_2024,bps_internet_purpose
ID-0003538,74,Sulawesi Tenggara,provinsi,2024,Pemanfaatan internet,percentage_users,Tujuan penggunaan internet,3.3,% pengguna internet,area,rural,category,other,id_38_2024,bps_internet_purpose
ID-0003539,74,Sulawesi Tenggara,provinsi,2024,Pemanfaatan internet,percentage_users,Tujuan penggunaan internet,2.48,% pengguna internet,area,rural,category,sell_goods_services,id_38_2024,bps_internet_purpose
ID-0003540,74,Sulawesi Tenggara,provinsi,2024,Pemanfaatan internet,percentage_users,Tujuan penggunaan internet,75.79,% pengguna internet,area,rural,category,social_media,id_38_2024,bps_internet_purpose
ID-0003541,74,Sulawesi Tenggara,provinsi,2024,Pemanfaatan internet,percentage_users,Tujuan penggunaan internet,0.45,% pengguna internet,area,rural,category,work_from_home,id_38_2024,bps_internet_purpose
ID-0003542,74,Sulawesi Tenggara,provinsi,2024,Pemanfaatan internet,percentage_users,Tujuan penggunaan internet,15,% pengguna internet,area,total,category,buy_goods_services,id_38_2024,bps_internet_purpose
ID-0003543,74,Sulawesi Tenggara,provinsi,2024,Pemanfaatan internet,percentage_users,Tujuan penggunaan internet,10.14,% pengguna internet,area,total,category,digital_content_creation,id_38_2024,bps_internet_purpose
ID-0003544,74,Sulawesi Tenggara,provinsi,2024,Pemanfaatan internet,percentage_users,Tujuan penggunaan internet,10.07,% pengguna internet,area,total,category,email,id_38_2024,bps_internet_purpose
ID-0003545,74,Sulawesi Tenggara,provinsi,2024,Pemanfaatan internet,percentage_users,Tujuan penggunaan internet,89.49,% pengguna internet,area,total,category,entertainment,id_38_2024,bps_internet_purpose
ID-0003546,74,Sulawesi Tenggara,provinsi,2024,Pemanfaatan internet,percentage_users,Tujuan penggunaan internet,8.43,% pengguna internet,area,total,category,financial_services,id_38_2024,bps_internet_purpose
ID-0003547,74,Sulawesi Tenggara,provinsi,2024,Pemanfaatan internet,percentage_users,Tujuan penggunaan internet,22.24,% pengguna internet,area,total,category,goods_services_information,id_38_2024,bps_internet_purpose
ID-0003548,74,Sulawesi Tenggara,provinsi,2024,Pemanfaatan internet,percentage_users,Tujuan penggunaan internet,77.33,% pengguna internet,area,total,category,news_information,id_38_2024,bps_internet_purpose
ID-0003549,74,Sulawesi Tenggara,provinsi,2024,Pemanfaatan internet,percentage_users,Tujuan penggunaan internet,8.64,% pengguna internet,area,total,category,online_learning,id_38_2024,bps_internet_purpose
ID-0003550,74,Sulawesi Tenggara,provinsi,2024,Pemanfaatan internet,percentage_users,Tujuan penggunaan internet,3.85,% pengguna internet,area,total,category,other,id_38_2024,bps_internet_purpose
ID-0003551,74,Sulawesi Tenggara,provinsi,2024,Pemanfaatan internet,percentage_users,Tujuan penggunaan internet,3.57,% pengguna internet,area,total,category,sell_goods_services,id_38_2024,bps_internet_purpose
ID-0003552,74,Sulawesi Tenggara,provinsi,2024,Pemanfaatan internet,percentage_users,Tujuan penggunaan internet,78.42,% pengguna internet,area,total,category,social_media,id_38_2024,bps_internet_purpose
ID-0003553,74,Sulawesi Tenggara,provinsi,2024,Pemanfaatan internet,percentage_users,Tujuan penggunaan internet,0.88,% pengguna internet,area,total,category,work_from_home,id_38_2024,bps_internet_purpose
ID-0003554,74,Sulawesi Tenggara,provinsi,2024,Pemanfaatan internet,percentage_users,Tujuan penggunaan internet,21.02,% pengguna internet,area,urban,category,buy_goods_services,id_38_2024,bps_internet_purpose
ID-0003555,74,Sulawesi Tenggara,provinsi,2024,Pemanfaatan internet,percentage_users,Tujuan penggunaan internet,7.16,% pengguna internet,area,urban,category,digital_content_creation,id_38_2024,bps_internet_purpose
ID-0003556,74,Sulawesi Tenggara,provinsi,2024,Pemanfaatan internet,percentage_users,Tujuan penggunaan internet,14.31,% pengguna internet,area,urban,category,email,id_38_2024,bps_internet_purpose
ID-0003557,74,Sulawesi Tenggara,provinsi,2024,Pemanfaatan internet,percentage_users,Tujuan penggunaan internet,90.04,% pengguna internet,area,urban,category,entertainment,id_38_2024,bps_internet_purpose
ID-0003558,74,Sulawesi Tenggara,provinsi,2024,Pemanfaatan internet,percentage_users,Tujuan penggunaan internet,13.97,% pengguna internet,area,urban,category,financial_services,id_38_2024,bps_internet_purpose
ID-0003559,74,Sulawesi Tenggara,provinsi,2024,Pemanfaatan internet,percentage_users,Tujuan penggunaan internet,26.29,% pengguna internet,area,urban,category,goods_services_information,id_38_2024,bps_internet_purpose
ID-0003560,74,Sulawesi Tenggara,provinsi,2024,Pemanfaatan internet,percentage_users,Tujuan penggunaan internet,81.27,% pengguna internet,area,urban,category,news_information,id_38_2024,bps_internet_purpose
ID-0003561,74,Sulawesi Tenggara,provinsi,2024,Pemanfaatan internet,percentage_users,Tujuan penggunaan internet,9.06,% pengguna internet,area,urban,category,online_learning,id_38_2024,bps_internet_purpose
ID-0003562,74,Sulawesi Tenggara,provinsi,2024,Pemanfaatan internet,percentage_users,Tujuan penggunaan internet,4.57,% pengguna internet,area,urban,category,other,id_38_2024,bps_internet_purpose
ID-0003563,74,Sulawesi Tenggara,provinsi,2024,Pemanfaatan internet,percentage_users,Tujuan penggunaan internet,4.98,% pengguna internet,area,urban,category,sell_goods_services,id_38_2024,bps_internet_purpose
ID-0003564,74,Sulawesi Tenggara,provinsi,2024,Pemanfaatan internet,percentage_users,Tujuan penggunaan internet,81.81,% pengguna internet,area,urban,category,social_media,id_38_2024,bps_internet_purpose
ID-0003565,74,Sulawesi Tenggara,provinsi,2024,Pemanfaatan internet,percentage_users,Tujuan penggunaan internet,1.43,% pengguna internet,area,urban,category,work_from_home,id_38_2024,bps_internet_purpose
ID-0003566,74,Sulawesi Tenggara,provinsi,2024,Pembangunan TIK,access_infrastructure_subindex,Subindeks akses dan infrastruktur TIK,5.92,poin 0–10,,,,,id_34_papua_aggregated_2023_2024,bps_iptik_province_2023_2024
ID-0003567,74,Sulawesi Tenggara,provinsi,2024,Pembangunan TIK,ict_development_index,Indeks Pembangunan TIK,6.03,poin 0–10,,,,,id_34_papua_aggregated_2023_2024,bps_iptik_province_2023_2024
ID-0003568,74,Sulawesi Tenggara,provinsi,2024,Pembangunan TIK,skills_proxy_subindex,Subindeks proksi keahlian TIK,6.51,poin 0–10,,,,,id_34_papua_aggregated_2023_2024,bps_iptik_province_2023_2024
ID-0003569,74,Sulawesi Tenggara,provinsi,2024,Pembangunan TIK,use_subindex,Subindeks penggunaan TIK,5.89,poin 0–10,,,,,id_34_papua_aggregated_2023_2024,bps_iptik_province_2023_2024
ID-0003570,74,Sulawesi Tenggara,provinsi,2024,Perangkat akses,percentage_users,Perangkat yang digunakan untuk mengakses internet,0.86,% pengguna internet,area,rural,category,desktop,id_38_2024,bps_access_device
ID-0003571,74,Sulawesi Tenggara,provinsi,2024,Perangkat akses,percentage_users,Perangkat yang digunakan untuk mengakses internet,5.14,% pengguna internet,area,rural,category,laptop_tablet,id_38_2024,bps_access_device
ID-0003572,74,Sulawesi Tenggara,provinsi,2024,Perangkat akses,percentage_users,Perangkat yang digunakan untuk mengakses internet,99.37,% pengguna internet,area,rural,category,mobile,id_38_2024,bps_access_device
ID-0003573,74,Sulawesi Tenggara,provinsi,2024,Perangkat akses,percentage_users,Perangkat yang digunakan untuk mengakses internet,0.16,% pengguna internet,area,rural,category,other,id_38_2024,bps_access_device
ID-0003574,74,Sulawesi Tenggara,provinsi,2024,Perangkat akses,percentage_users,Perangkat yang digunakan untuk mengakses internet,1.67,% pengguna internet,area,total,category,desktop,id_38_2024,bps_access_device
ID-0003575,74,Sulawesi Tenggara,provinsi,2024,Perangkat akses,percentage_users,Perangkat yang digunakan untuk mengakses internet,9.21,% pengguna internet,area,total,category,laptop_tablet,id_38_2024,bps_access_device
ID-0003576,74,Sulawesi Tenggara,provinsi,2024,Perangkat akses,percentage_users,Perangkat yang digunakan untuk mengakses internet,99.27,% pengguna internet,area,total,category,mobile,id_38_2024,bps_access_device
ID-0003577,74,Sulawesi Tenggara,provinsi,2024,Perangkat akses,percentage_users,Perangkat yang digunakan untuk mengakses internet,0.14,% pengguna internet,area,total,category,other,id_38_2024,bps_access_device
ID-0003578,74,Sulawesi Tenggara,provinsi,2024,Perangkat akses,percentage_users,Perangkat yang digunakan untuk mengakses internet,2.7,% pengguna internet,area,urban,category,desktop,id_38_2024,bps_access_device
ID-0003579,74,Sulawesi Tenggara,provinsi,2024,Perangkat akses,percentage_users,Perangkat yang digunakan untuk mengakses internet,14.46,% pengguna internet,area,urban,category,laptop_tablet,id_38_2024,bps_access_device
ID-0003580,74,Sulawesi Tenggara,provinsi,2024,Perangkat akses,percentage_users,Perangkat yang digunakan untuk mengakses internet,99.14,% pengguna internet,area,urban,category,mobile,id_38_2024,bps_access_device
ID-0003581,74,Sulawesi Tenggara,provinsi,2024,Perangkat akses,percentage_users,Perangkat yang digunakan untuk mengakses internet,0.1,% pengguna internet,area,urban,category,other,id_38_2024,bps_access_device
ID-0003582,75,Gorontalo,provinsi,2017,Akses internet,internet_access_pct,Akses internet penduduk usia 5 tahun ke atas,19.91,% penduduk dalam kelompok,area,rural,,,id_34_pre_split,bps_internet_access_history_province_2017_2024
ID-0003583,75,Gorontalo,provinsi,2017,Akses internet,internet_access_pct,Akses internet penduduk usia 5 tahun ke atas,27.31,% penduduk dalam kelompok,area,total,,,id_34_pre_split,bps_internet_access_history_province_2017_2024
ID-0003584,75,Gorontalo,provinsi,2017,Akses internet,internet_access_pct,Akses internet penduduk usia 5 tahun ke atas,40.15,% penduduk dalam kelompok,area,urban,,,id_34_pre_split,bps_internet_access_history_province_2017_2024
ID-0003585,75,Gorontalo,provinsi,2018,Akses internet,internet_access_pct,Akses internet penduduk usia 5 tahun ke atas,27.81,% penduduk dalam kelompok,area,rural,,,id_34_pre_split,bps_internet_access_history_province_2017_2024
ID-0003586,75,Gorontalo,provinsi,2018,Akses internet,internet_access_pct,Akses internet penduduk usia 5 tahun ke atas,34.62,% penduduk dalam kelompok,area,total,,,id_34_pre_split,bps_internet_access_history_province_2017_2024
ID-0003587,75,Gorontalo,provinsi,2018,Akses internet,internet_access_pct,Akses internet penduduk usia 5 tahun ke atas,45.33,% penduduk dalam kelompok,area,urban,,,id_34_pre_split,bps_internet_access_history_province_2017_2024
ID-0003588,75,Gorontalo,provinsi,2018,Kesenjangan gender,internet_access_pct,Akses internet penduduk usia 5 tahun ke atas menurut gender,35.99,% penduduk dalam kelompok,sex,female,,,id_34_pre_split,bps_internet_gender_history_province_2018_2024
ID-0003589,75,Gorontalo,provinsi,2018,Kesenjangan gender,internet_access_pct,Akses internet penduduk usia 5 tahun ke atas menurut gender,33.24,% penduduk dalam kelompok,sex,male,,,id_34_pre_split,bps_internet_gender_history_province_2018_2024
ID-0003590,75,Gorontalo,provinsi,2019,Akses internet,internet_access_pct,Akses internet penduduk usia 5 tahun ke atas,34.45,% penduduk dalam kelompok,area,rural,,,id_34_pre_split,bps_internet_access_history_province_2017_2024
ID-0003591,75,Gorontalo,provinsi,2019,Akses internet,internet_access_pct,Akses internet penduduk usia 5 tahun ke atas,41.78,% penduduk dalam kelompok,area,total,,,id_34_pre_split,bps_internet_access_history_province_2017_2024
ID-0003592,75,Gorontalo,provinsi,2019,Akses internet,internet_access_pct,Akses internet penduduk usia 5 tahun ke atas,51.73,% penduduk dalam kelompok,area,urban,,,id_34_pre_split,bps_internet_access_history_province_2017_2024
ID-0003593,75,Gorontalo,provinsi,2019,Kesenjangan gender,internet_access_pct,Akses internet penduduk usia 5 tahun ke atas menurut gender,42.96,% penduduk dalam kelompok,sex,female,,,id_34_pre_split,bps_internet_gender_history_province_2018_2024
ID-0003594,75,Gorontalo,provinsi,2019,Kesenjangan gender,internet_access_pct,Akses internet penduduk usia 5 tahun ke atas menurut gender,40.6,% penduduk dalam kelompok,sex,male,,,id_34_pre_split,bps_internet_gender_history_province_2018_2024
ID-0003595,75,Gorontalo,provinsi,2020,Akses internet,internet_access_pct,Akses internet penduduk usia 5 tahun ke atas,39.55,% penduduk dalam kelompok,area,rural,,,id_34_pre_split,bps_internet_access_history_province_2017_2024
ID-0003596,75,Gorontalo,provinsi,2020,Akses internet,internet_access_pct,Akses internet penduduk usia 5 tahun ke atas,46.92,% penduduk dalam kelompok,area,total,,,id_34_pre_split,bps_internet_access_history_province_2017_2024
ID-0003597,75,Gorontalo,provinsi,2020,Akses internet,internet_access_pct,Akses internet penduduk usia 5 tahun ke atas,56.96,% penduduk dalam kelompok,area,urban,,,id_34_pre_split,bps_internet_access_history_province_2017_2024
ID-0003598,75,Gorontalo,provinsi,2020,Kesenjangan gender,internet_access_pct,Akses internet penduduk usia 5 tahun ke atas menurut gender,47.52,% penduduk dalam kelompok,sex,female,,,id_34_pre_split,bps_internet_gender_history_province_2018_2024
ID-0003599,75,Gorontalo,provinsi,2020,Kesenjangan gender,internet_access_pct,Akses internet penduduk usia 5 tahun ke atas menurut gender,46.33,% penduduk dalam kelompok,sex,male,,,id_34_pre_split,bps_internet_gender_history_province_2018_2024
ID-0003600,75,Gorontalo,provinsi,2021,Akses internet,internet_access_pct,Akses internet penduduk usia 5 tahun ke atas,48.26,% penduduk dalam kelompok,area,rural,,,id_34_pre_split,bps_internet_access_history_province_2017_2024
ID-0003601,75,Gorontalo,provinsi,2021,Akses internet,internet_access_pct,Akses internet penduduk usia 5 tahun ke atas,56.03,% penduduk dalam kelompok,area,total,,,id_34_pre_split,bps_internet_access_history_province_2017_2024
ID-0003602,75,Gorontalo,provinsi,2021,Akses internet,internet_access_pct,Akses internet penduduk usia 5 tahun ke atas,66,% penduduk dalam kelompok,area,urban,,,id_34_pre_split,bps_internet_access_history_province_2017_2024
ID-0003603,75,Gorontalo,provinsi,2021,Akses rumah tangga,household_internet_pct,Rumah tangga dengan akses internet,74.22,% rumah tangga dalam klasifikasi daerah,area,rural,,,id_34_pre_split,bps_household_internet
ID-0003604,75,Gorontalo,provinsi,2021,Akses rumah tangga,household_internet_pct,Rumah tangga dengan akses internet,80.89,% rumah tangga dalam klasifikasi daerah,area,total,,,id_34_pre_split,bps_household_internet
ID-0003605,75,Gorontalo,provinsi,2021,Akses rumah tangga,household_internet_pct,Rumah tangga dengan akses internet,89.61,% rumah tangga dalam klasifikasi daerah,area,urban,,,id_34_pre_split,bps_household_internet
ID-0003606,75,Gorontalo,provinsi,2021,Kesenjangan gender,internet_access_pct,Akses internet penduduk usia 5 tahun ke atas menurut gender,57.07,% penduduk dalam kelompok,sex,female,,,id_34_pre_split,bps_internet_gender_history_province_2018_2024
ID-0003607,75,Gorontalo,provinsi,2021,Kesenjangan gender,internet_access_pct,Akses internet penduduk usia 5 tahun ke atas menurut gender,54.99,% penduduk dalam kelompok,sex,male,,,id_34_pre_split,bps_internet_gender_history_province_2018_2024
ID-0003608,75,Gorontalo,provinsi,2021,Literasi digital,digital_literacy_index,Indeks Literasi Digital Kominfo,3.61,poin 1–5,,,,,id_34_pre_split,kominfo_digital_literacy_province_2021
ID-0003609,75,Gorontalo,provinsi,2022,Akses internet,internet_access_pct,Akses internet penduduk usia 5 tahun ke atas,54.17,% penduduk dalam kelompok,area,rural,,,id_34_pre_split,bps_internet_access_history_province_2017_2024
ID-0003610,75,Gorontalo,provinsi,2022,Akses internet,internet_access_pct,Akses internet penduduk usia 5 tahun ke atas,60.31,% penduduk dalam kelompok,area,total,,,id_34_pre_split,bps_internet_access_history_province_2017_2024
ID-0003611,75,Gorontalo,provinsi,2022,Akses internet,internet_access_pct,Akses internet penduduk usia 5 tahun ke atas,68.45,% penduduk dalam kelompok,area,urban,,,id_34_pre_split,bps_internet_access_history_province_2017_2024
ID-0003612,75,Gorontalo,provinsi,2022,Akses rumah tangga,household_internet_pct,Rumah tangga dengan akses internet,82.05,% rumah tangga dalam klasifikasi daerah,area,rural,,,id_34_pre_split,bps_household_internet
ID-0003613,75,Gorontalo,provinsi,2022,Akses rumah tangga,household_internet_pct,Rumah tangga dengan akses internet,85.52,% rumah tangga dalam klasifikasi daerah,area,total,,,id_34_pre_split,bps_household_internet
ID-0003614,75,Gorontalo,provinsi,2022,Akses rumah tangga,household_internet_pct,Rumah tangga dengan akses internet,89.85,% rumah tangga dalam klasifikasi daerah,area,urban,,,id_34_pre_split,bps_household_internet
ID-0003615,75,Gorontalo,provinsi,2022,Kesenjangan gender,internet_access_pct,Akses internet penduduk usia 5 tahun ke atas menurut gender,61.02,% penduduk dalam kelompok,sex,female,,,id_34_pre_split,bps_internet_gender_history_province_2018_2024
ID-0003616,75,Gorontalo,provinsi,2022,Kesenjangan gender,internet_access_pct,Akses internet penduduk usia 5 tahun ke atas menurut gender,59.62,% penduduk dalam kelompok,sex,male,,,id_34_pre_split,bps_internet_gender_history_province_2018_2024
ID-0003617,75,Gorontalo,provinsi,2023,Akses internet,internet_access_pct,Akses internet penduduk usia 5 tahun ke atas,56.82,% penduduk dalam kelompok,area,rural,,,id_34_pre_split,bps_internet_access_history_province_2017_2024
ID-0003618,75,Gorontalo,provinsi,2023,Akses internet,internet_access_pct,Akses internet penduduk usia 5 tahun ke atas,63.77,% penduduk dalam kelompok,area,total,,,id_34_pre_split,bps_internet_access_history_province_2017_2024
ID-0003619,75,Gorontalo,provinsi,2023,Akses internet,internet_access_pct,Akses internet penduduk usia 5 tahun ke atas,72.36,% penduduk dalam kelompok,area,urban,,,id_34_pre_split,bps_internet_access_history_province_2017_2024
ID-0003620,75,Gorontalo,provinsi,2023,Akses rumah tangga,household_internet_pct,Rumah tangga dengan akses internet,83.6,% rumah tangga dalam klasifikasi daerah,area,rural,,,id_34_pre_split,bps_household_internet
ID-0003621,75,Gorontalo,provinsi,2023,Akses rumah tangga,household_internet_pct,Rumah tangga dengan akses internet,87.93,% rumah tangga dalam klasifikasi daerah,area,total,,,id_34_pre_split,bps_household_internet
ID-0003622,75,Gorontalo,provinsi,2023,Akses rumah tangga,household_internet_pct,Rumah tangga dengan akses internet,93.01,% rumah tangga dalam klasifikasi daerah,area,urban,,,id_34_pre_split,bps_household_internet
ID-0003623,75,Gorontalo,provinsi,2023,Kesenjangan gender,internet_access_pct,Akses internet penduduk usia 5 tahun ke atas menurut gender,64.73,% penduduk dalam kelompok,sex,female,,,id_34_pre_split,bps_internet_gender_history_province_2018_2024
ID-0003624,75,Gorontalo,provinsi,2023,Kesenjangan gender,internet_access_pct,Akses internet penduduk usia 5 tahun ke atas menurut gender,62.81,% penduduk dalam kelompok,sex,male,,,id_34_pre_split,bps_internet_gender_history_province_2018_2024
ID-0003625,75,Gorontalo,provinsi,2023,Komponen pembangunan TIK,fixed_broadband_norm,"Broadband tetap per 100 penduduk, ternormalisasi",0.61,poin 0–10,,,,,id_34_papua_aggregated_2023_2024,bps_iptik_normalized_components_province_2023_2024
ID-0003626,75,Gorontalo,provinsi,2023,Komponen pembangunan TIK,fixed_telephone_norm,"Telepon tetap per 100 penduduk, ternormalisasi",0.39,poin 0–10,,,,,id_34_papua_aggregated_2023_2024,bps_iptik_normalized_components_province_2023_2024
ID-0003627,75,Gorontalo,provinsi,2023,Komponen pembangunan TIK,household_computer_norm,"Rumah tangga dengan komputer, ternormalisasi",1.79,poin 0–10,,,,,id_34_papua_aggregated_2023_2024,bps_iptik_normalized_components_province_2023_2024
ID-0003628,75,Gorontalo,provinsi,2023,Komponen pembangunan TIK,household_internet_norm,"Rumah tangga dengan internet, ternormalisasi",8.79,poin 0–10,,,,,id_34_papua_aggregated_2023_2024,bps_iptik_normalized_components_province_2023_2024
ID-0003629,75,Gorontalo,provinsi,2023,Komponen pembangunan TIK,individual_internet_norm,"Individu pengguna internet, ternormalisasi",6.38,poin 0–10,,,,,id_34_papua_aggregated_2023_2024,bps_iptik_normalized_components_province_2023_2024
ID-0003630,75,Gorontalo,provinsi,2023,Komponen pembangunan TIK,international_bandwidth_norm,"Bandwidth internet internasional per pengguna, ternormalisasi",8.04,poin 0–10,,,,,id_34_papua_aggregated_2023_2024,bps_iptik_normalized_components_province_2023_2024
ID-0003631,75,Gorontalo,provinsi,2023,Komponen pembangunan TIK,mean_years_school_norm,"Rata-rata lama sekolah, ternormalisasi",5.65,poin 0–10,,,,,id_34_papua_aggregated_2023_2024,bps_iptik_normalized_components_province_2023_2024
ID-0003632,75,Gorontalo,provinsi,2023,Komponen pembangunan TIK,mobile_broadband_norm,"Broadband seluler per 100 penduduk, ternormalisasi",10,poin 0–10,,,,,id_34_papua_aggregated_2023_2024,bps_iptik_normalized_components_province_2023_2024
ID-0003633,75,Gorontalo,provinsi,2023,Komponen pembangunan TIK,mobile_cellular_norm,"Telepon seluler per 100 penduduk, ternormalisasi",10,poin 0–10,,,,,id_34_papua_aggregated_2023_2024,bps_iptik_normalized_components_province_2023_2024
ID-0003634,75,Gorontalo,provinsi,2023,Komponen pembangunan TIK,secondary_enrolment_norm,"Partisipasi pendidikan sekunder, ternormalisasi",8.44,poin 0–10,,,,,id_34_papua_aggregated_2023_2024,bps_iptik_normalized_components_province_2023_2024
ID-0003635,75,Gorontalo,provinsi,2023,Komponen pembangunan TIK,tertiary_enrolment_norm,"Partisipasi pendidikan tinggi, ternormalisasi",3.55,poin 0–10,,,,,id_34_papua_aggregated_2023_2024,bps_iptik_normalized_components_province_2023_2024
ID-0003636,75,Gorontalo,provinsi,2023,Pembangunan TIK,access_infrastructure_subindex,Subindeks akses dan infrastruktur TIK,5.8,poin 0–10,,,,,id_34_papua_aggregated_2023_2024,bps_iptik_province_2023_2024
ID-0003637,75,Gorontalo,provinsi,2023,Pembangunan TIK,ict_development_index,Indeks Pembangunan TIK,5.76,poin 0–10,,,,,id_34_papua_aggregated_2023_2024,bps_iptik_province_2023_2024
ID-0003638,75,Gorontalo,provinsi,2023,Pembangunan TIK,skills_proxy_subindex,Subindeks proksi keahlian TIK,5.88,poin 0–10,,,,,id_34_papua_aggregated_2023_2024,bps_iptik_province_2023_2024
ID-0003639,75,Gorontalo,provinsi,2023,Pembangunan TIK,use_subindex,Subindeks penggunaan TIK,5.66,poin 0–10,,,,,id_34_papua_aggregated_2023_2024,bps_iptik_province_2023_2024
ID-0003640,75,Gorontalo,provinsi,2024,Akses internet,internet_access_pct,Akses internet penduduk usia 5 tahun ke atas,59.04,% penduduk dalam kelompok,area,rural,,,id_38_2024,bps_internet_access_history_province_2017_2024
ID-0003641,75,Gorontalo,provinsi,2024,Akses internet,internet_access_pct,Akses internet penduduk usia 5 tahun ke atas,65.92,% penduduk dalam kelompok,area,total,,,id_38_2024,bps_internet_access_history_province_2017_2024
ID-0003642,75,Gorontalo,provinsi,2024,Akses internet,internet_access_pct,Akses internet penduduk usia 5 tahun ke atas,74.03,% penduduk dalam kelompok,area,urban,,,id_38_2024,bps_internet_access_history_province_2017_2024
ID-0003643,75,Gorontalo,provinsi,2024,Akses rumah tangga,household_internet_pct,Rumah tangga dengan akses internet,86.61,% rumah tangga dalam klasifikasi daerah,area,rural,,,id_38_2024,bps_household_internet
ID-0003644,75,Gorontalo,provinsi,2024,Akses rumah tangga,household_internet_pct,Rumah tangga dengan akses internet,90.17,% rumah tangga dalam klasifikasi daerah,area,total,,,id_38_2024,bps_household_internet
ID-0003645,75,Gorontalo,provinsi,2024,Akses rumah tangga,household_internet_pct,Rumah tangga dengan akses internet,94.25,% rumah tangga dalam klasifikasi daerah,area,urban,,,id_38_2024,bps_household_internet
ID-0003646,75,Gorontalo,provinsi,2024,Kesenjangan gender,internet_access_pct,Akses internet penduduk usia 5 tahun ke atas menurut gender,67.09,% penduduk dalam kelompok,sex,female,,,id_38_2024,bps_internet_gender_history_province_2018_2024
ID-0003647,75,Gorontalo,provinsi,2024,Kesenjangan gender,internet_access_pct,Akses internet penduduk usia 5 tahun ke atas menurut gender,64.74,% penduduk dalam kelompok,sex,male,,,id_38_2024,bps_internet_gender_history_province_2018_2024
ID-0003648,75,Gorontalo,provinsi,2024,Komponen pembangunan TIK,fixed_broadband_norm,"Broadband tetap per 100 penduduk, ternormalisasi",0.81,poin 0–10,,,,,id_34_papua_aggregated_2023_2024,bps_iptik_normalized_components_province_2023_2024
ID-0003649,75,Gorontalo,provinsi,2024,Komponen pembangunan TIK,fixed_telephone_norm,"Telepon tetap per 100 penduduk, ternormalisasi",0.03,poin 0–10,,,,,id_34_papua_aggregated_2023_2024,bps_iptik_normalized_components_province_2023_2024
ID-0003650,75,Gorontalo,provinsi,2024,Komponen pembangunan TIK,household_computer_norm,"Rumah tangga dengan komputer, ternormalisasi",1.72,poin 0–10,,,,,id_34_papua_aggregated_2023_2024,bps_iptik_normalized_components_province_2023_2024
ID-0003651,75,Gorontalo,provinsi,2024,Komponen pembangunan TIK,household_internet_norm,"Rumah tangga dengan internet, ternormalisasi",9.02,poin 0–10,,,,,id_34_papua_aggregated_2023_2024,bps_iptik_normalized_components_province_2023_2024
ID-0003652,75,Gorontalo,provinsi,2024,Komponen pembangunan TIK,individual_internet_norm,"Individu pengguna internet, ternormalisasi",6.59,poin 0–10,,,,,id_34_papua_aggregated_2023_2024,bps_iptik_normalized_components_province_2023_2024
ID-0003653,75,Gorontalo,provinsi,2024,Komponen pembangunan TIK,international_bandwidth_norm,"Bandwidth internet internasional per pengguna, ternormalisasi",8.5,poin 0–10,,,,,id_34_papua_aggregated_2023_2024,bps_iptik_normalized_components_province_2023_2024
ID-0003654,75,Gorontalo,provinsi,2024,Komponen pembangunan TIK,mean_years_school_norm,"Rata-rata lama sekolah, ternormalisasi",5.76,poin 0–10,,,,,id_34_papua_aggregated_2023_2024,bps_iptik_normalized_components_province_2023_2024
ID-0003655,75,Gorontalo,provinsi,2024,Komponen pembangunan TIK,mobile_broadband_norm,"Broadband seluler per 100 penduduk, ternormalisasi",9.97,poin 0–10,,,,,id_34_papua_aggregated_2023_2024,bps_iptik_normalized_components_province_2023_2024
ID-0003656,75,Gorontalo,provinsi,2024,Komponen pembangunan TIK,mobile_cellular_norm,"Telepon seluler per 100 penduduk, ternormalisasi",10,poin 0–10,,,,,id_34_papua_aggregated_2023_2024,bps_iptik_normalized_components_province_2023_2024
ID-0003657,75,Gorontalo,provinsi,2024,Komponen pembangunan TIK,secondary_enrolment_norm,"Partisipasi pendidikan sekunder, ternormalisasi",8.59,poin 0–10,,,,,id_34_papua_aggregated_2023_2024,bps_iptik_normalized_components_province_2023_2024
ID-0003658,75,Gorontalo,provinsi,2024,Komponen pembangunan TIK,tertiary_enrolment_norm,"Partisipasi pendidikan tinggi, ternormalisasi",3.5,poin 0–10,,,,,id_34_papua_aggregated_2023_2024,bps_iptik_normalized_components_province_2023_2024
ID-0003659,75,Gorontalo,provinsi,2024,Pemanfaatan internet,percentage_users,Tujuan penggunaan internet,10.78,% pengguna internet,area,rural,category,buy_goods_services,id_38_2024,bps_internet_purpose
ID-0003660,75,Gorontalo,provinsi,2024,Pemanfaatan internet,percentage_users,Tujuan penggunaan internet,6.37,% pengguna internet,area,rural,category,digital_content_creation,id_38_2024,bps_internet_purpose
ID-0003661,75,Gorontalo,provinsi,2024,Pemanfaatan internet,percentage_users,Tujuan penggunaan internet,6.24,% pengguna internet,area,rural,category,email,id_38_2024,bps_internet_purpose
ID-0003662,75,Gorontalo,provinsi,2024,Pemanfaatan internet,percentage_users,Tujuan penggunaan internet,78.89,% pengguna internet,area,rural,category,entertainment,id_38_2024,bps_internet_purpose
ID-0003663,75,Gorontalo,provinsi,2024,Pemanfaatan internet,percentage_users,Tujuan penggunaan internet,3.48,% pengguna internet,area,rural,category,financial_services,id_38_2024,bps_internet_purpose
ID-0003664,75,Gorontalo,provinsi,2024,Pemanfaatan internet,percentage_users,Tujuan penggunaan internet,16.75,% pengguna internet,area,rural,category,goods_services_information,id_38_2024,bps_internet_purpose
ID-0003665,75,Gorontalo,provinsi,2024,Pemanfaatan internet,percentage_users,Tujuan penggunaan internet,71.54,% pengguna internet,area,rural,category,news_information,id_38_2024,bps_internet_purpose
ID-0003666,75,Gorontalo,provinsi,2024,Pemanfaatan internet,percentage_users,Tujuan penggunaan internet,7.63,% pengguna internet,area,rural,category,online_learning,id_38_2024,bps_internet_purpose
ID-0003667,75,Gorontalo,provinsi,2024,Pemanfaatan internet,percentage_users,Tujuan penggunaan internet,3.24,% pengguna internet,area,rural,category,other,id_38_2024,bps_internet_purpose
ID-0003668,75,Gorontalo,provinsi,2024,Pemanfaatan internet,percentage_users,Tujuan penggunaan internet,2.76,% pengguna internet,area,rural,category,sell_goods_services,id_38_2024,bps_internet_purpose
ID-0003669,75,Gorontalo,provinsi,2024,Pemanfaatan internet,percentage_users,Tujuan penggunaan internet,74.97,% pengguna internet,area,rural,category,social_media,id_38_2024,bps_internet_purpose
ID-0003670,75,Gorontalo,provinsi,2024,Pemanfaatan internet,percentage_users,Tujuan penggunaan internet,1.05,% pengguna internet,area,rural,category,work_from_home,id_38_2024,bps_internet_purpose
ID-0003671,75,Gorontalo,provinsi,2024,Pemanfaatan internet,percentage_users,Tujuan penggunaan internet,13.99,% pengguna internet,area,total,category,buy_goods_services,id_38_2024,bps_internet_purpose
ID-0003672,75,Gorontalo,provinsi,2024,Pemanfaatan internet,percentage_users,Tujuan penggunaan internet,5.32,% pengguna internet,area,total,category,digital_content_creation,id_38_2024,bps_internet_purpose
ID-0003673,75,Gorontalo,provinsi,2024,Pemanfaatan internet,percentage_users,Tujuan penggunaan internet,10.74,% pengguna internet,area,total,category,email,id_38_2024,bps_internet_purpose
ID-0003674,75,Gorontalo,provinsi,2024,Pemanfaatan internet,percentage_users,Tujuan penggunaan internet,84.44,% pengguna internet,area,total,category,entertainment,id_38_2024,bps_internet_purpose
ID-0003675,75,Gorontalo,provinsi,2024,Pemanfaatan internet,percentage_users,Tujuan penggunaan internet,7.11,% pengguna internet,area,total,category,financial_services,id_38_2024,bps_internet_purpose
ID-0003676,75,Gorontalo,provinsi,2024,Pemanfaatan internet,percentage_users,Tujuan penggunaan internet,20.76,% pengguna internet,area,total,category,goods_services_information,id_38_2024,bps_internet_purpose
ID-0003677,75,Gorontalo,provinsi,2024,Pemanfaatan internet,percentage_users,Tujuan penggunaan internet,76.21,% pengguna internet,area,total,category,news_information,id_38_2024,bps_internet_purpose
ID-0003678,75,Gorontalo,provinsi,2024,Pemanfaatan internet,percentage_users,Tujuan penggunaan internet,7.48,% pengguna internet,area,total,category,online_learning,id_38_2024,bps_internet_purpose
ID-0003679,75,Gorontalo,provinsi,2024,Pemanfaatan internet,percentage_users,Tujuan penggunaan internet,3.46,% pengguna internet,area,total,category,other,id_38_2024,bps_internet_purpose
ID-0003680,75,Gorontalo,provinsi,2024,Pemanfaatan internet,percentage_users,Tujuan penggunaan internet,4.38,% pengguna internet,area,total,category,sell_goods_services,id_38_2024,bps_internet_purpose
ID-0003681,75,Gorontalo,provinsi,2024,Pemanfaatan internet,percentage_users,Tujuan penggunaan internet,80.71,% pengguna internet,area,total,category,social_media,id_38_2024,bps_internet_purpose
ID-0003682,75,Gorontalo,provinsi,2024,Pemanfaatan internet,percentage_users,Tujuan penggunaan internet,1.3,% pengguna internet,area,total,category,work_from_home,id_38_2024,bps_internet_purpose
ID-0003683,75,Gorontalo,provinsi,2024,Pemanfaatan internet,percentage_users,Tujuan penggunaan internet,17.01,% pengguna internet,area,urban,category,buy_goods_services,id_38_2024,bps_internet_purpose
ID-0003684,75,Gorontalo,provinsi,2024,Pemanfaatan internet,percentage_users,Tujuan penggunaan internet,4.32,% pengguna internet,area,urban,category,digital_content_creation,id_38_2024,bps_internet_purpose
ID-0003685,75,Gorontalo,provinsi,2024,Pemanfaatan internet,percentage_users,Tujuan penggunaan internet,14.98,% pengguna internet,area,urban,category,email,id_38_2024,bps_internet_purpose
ID-0003686,75,Gorontalo,provinsi,2024,Pemanfaatan internet,percentage_users,Tujuan penggunaan internet,89.67,% pengguna internet,area,urban,category,entertainment,id_38_2024,bps_internet_purpose
ID-0003687,75,Gorontalo,provinsi,2024,Pemanfaatan internet,percentage_users,Tujuan penggunaan internet,10.53,% pengguna internet,area,urban,category,financial_services,id_38_2024,bps_internet_purpose
ID-0003688,75,Gorontalo,provinsi,2024,Pemanfaatan internet,percentage_users,Tujuan penggunaan internet,24.53,% pengguna internet,area,urban,category,goods_services_information,id_38_2024,bps_internet_purpose
ID-0003689,75,Gorontalo,provinsi,2024,Pemanfaatan internet,percentage_users,Tujuan penggunaan internet,80.61,% pengguna internet,area,urban,category,news_information,id_38_2024,bps_internet_purpose
ID-0003690,75,Gorontalo,provinsi,2024,Pemanfaatan internet,percentage_users,Tujuan penggunaan internet,7.33,% pengguna internet,area,urban,category,online_learning,id_38_2024,bps_internet_purpose
ID-0003691,75,Gorontalo,provinsi,2024,Pemanfaatan internet,percentage_users,Tujuan penggunaan internet,3.66,% pengguna internet,area,urban,category,other,id_38_2024,bps_internet_purpose
ID-0003692,75,Gorontalo,provinsi,2024,Pemanfaatan internet,percentage_users,Tujuan penggunaan internet,5.91,% pengguna internet,area,urban,category,sell_goods_services,id_38_2024,bps_internet_purpose
ID-0003693,75,Gorontalo,provinsi,2024,Pemanfaatan internet,percentage_users,Tujuan penggunaan internet,86.11,% pengguna internet,area,urban,category,social_media,id_38_2024,bps_internet_purpose
ID-0003694,75,Gorontalo,provinsi,2024,Pemanfaatan internet,percentage_users,Tujuan penggunaan internet,1.53,% pengguna internet,area,urban,category,work_from_home,id_38_2024,bps_internet_purpose
ID-0003695,75,Gorontalo,provinsi,2024,Pembangunan TIK,access_infrastructure_subindex,Subindeks akses dan infrastruktur TIK,5.85,poin 0–10,,,,,id_34_papua_aggregated_2023_2024,bps_iptik_province_2023_2024
ID-0003696,75,Gorontalo,provinsi,2024,Pembangunan TIK,ict_development_index,Indeks Pembangunan TIK,5.85,poin 0–10,,,,,id_34_papua_aggregated_2023_2024,bps_iptik_province_2023_2024
ID-0003697,75,Gorontalo,provinsi,2024,Pembangunan TIK,skills_proxy_subindex,Subindeks proksi keahlian TIK,5.95,poin 0–10,,,,,id_34_papua_aggregated_2023_2024,bps_iptik_province_2023_2024
ID-0003698,75,Gorontalo,provinsi,2024,Pembangunan TIK,use_subindex,Subindeks penggunaan TIK,5.79,poin 0–10,,,,,id_34_papua_aggregated_2023_2024,bps_iptik_province_2023_2024
ID-0003699,75,Gorontalo,provinsi,2024,Perangkat akses,percentage_users,Perangkat yang digunakan untuk mengakses internet,2.46,% pengguna internet,area,rural,category,desktop,id_38_2024,bps_access_device
ID-0003700,75,Gorontalo,provinsi,2024,Perangkat akses,percentage_users,Perangkat yang digunakan untuk mengakses internet,4.73,% pengguna internet,area,rural,category,laptop_tablet,id_38_2024,bps_access_device
ID-0003701,75,Gorontalo,provinsi,2024,Perangkat akses,percentage_users,Perangkat yang digunakan untuk mengakses internet,99.06,% pengguna internet,area,rural,category,mobile,id_38_2024,bps_access_device
ID-0003702,75,Gorontalo,provinsi,2024,Perangkat akses,percentage_users,Perangkat yang digunakan untuk mengakses internet,0.35,% pengguna internet,area,rural,category,other,id_38_2024,bps_access_device
ID-0003703,75,Gorontalo,provinsi,2024,Perangkat akses,percentage_users,Perangkat yang digunakan untuk mengakses internet,3.57,% pengguna internet,area,total,category,desktop,id_38_2024,bps_access_device
ID-0003704,75,Gorontalo,provinsi,2024,Perangkat akses,percentage_users,Perangkat yang digunakan untuk mengakses internet,9.73,% pengguna internet,area,total,category,laptop_tablet,id_38_2024,bps_access_device
ID-0003705,75,Gorontalo,provinsi,2024,Perangkat akses,percentage_users,Perangkat yang digunakan untuk mengakses internet,99.11,% pengguna internet,area,total,category,mobile,id_38_2024,bps_access_device
ID-0003706,75,Gorontalo,provinsi,2024,Perangkat akses,percentage_users,Perangkat yang digunakan untuk mengakses internet,0.22,% pengguna internet,area,total,category,other,id_38_2024,bps_access_device
ID-0003707,75,Gorontalo,provinsi,2024,Perangkat akses,percentage_users,Perangkat yang digunakan untuk mengakses internet,4.62,% pengguna internet,area,urban,category,desktop,id_38_2024,bps_access_device
ID-0003708,75,Gorontalo,provinsi,2024,Perangkat akses,percentage_users,Perangkat yang digunakan untuk mengakses internet,14.43,% pengguna internet,area,urban,category,laptop_tablet,id_38_2024,bps_access_device
ID-0003709,75,Gorontalo,provinsi,2024,Perangkat akses,percentage_users,Perangkat yang digunakan untuk mengakses internet,99.17,% pengguna internet,area,urban,category,mobile,id_38_2024,bps_access_device
ID-0003710,75,Gorontalo,provinsi,2024,Perangkat akses,percentage_users,Perangkat yang digunakan untuk mengakses internet,0.1,% pengguna internet,area,urban,category,other,id_38_2024,bps_access_device
ID-0003711,76,Sulawesi Barat,provinsi,2017,Akses internet,internet_access_pct,Akses internet penduduk usia 5 tahun ke atas,16.01,% penduduk dalam kelompok,area,rural,,,id_34_pre_split,bps_internet_access_history_province_2017_2024
ID-0003712,76,Sulawesi Barat,provinsi,2017,Akses internet,internet_access_pct,Akses internet penduduk usia 5 tahun ke atas,19.5,% penduduk dalam kelompok,area,total,,,id_34_pre_split,bps_internet_access_history_province_2017_2024
ID-0003713,76,Sulawesi Barat,provinsi,2017,Akses internet,internet_access_pct,Akses internet penduduk usia 5 tahun ke atas,32.87,% penduduk dalam kelompok,area,urban,,,id_34_pre_split,bps_internet_access_history_province_2017_2024
ID-0003714,76,Sulawesi Barat,provinsi,2018,Akses internet,internet_access_pct,Akses internet penduduk usia 5 tahun ke atas,21.29,% penduduk dalam kelompok,area,rural,,,id_34_pre_split,bps_internet_access_history_province_2017_2024
ID-0003715,76,Sulawesi Barat,provinsi,2018,Akses internet,internet_access_pct,Akses internet penduduk usia 5 tahun ke atas,26.07,% penduduk dalam kelompok,area,total,,,id_34_pre_split,bps_internet_access_history_province_2017_2024
ID-0003716,76,Sulawesi Barat,provinsi,2018,Akses internet,internet_access_pct,Akses internet penduduk usia 5 tahun ke atas,41.53,% penduduk dalam kelompok,area,urban,,,id_34_pre_split,bps_internet_access_history_province_2017_2024
ID-0003717,76,Sulawesi Barat,provinsi,2018,Kesenjangan gender,internet_access_pct,Akses internet penduduk usia 5 tahun ke atas menurut gender,25.41,% penduduk dalam kelompok,sex,female,,,id_34_pre_split,bps_internet_gender_history_province_2018_2024
ID-0003718,76,Sulawesi Barat,provinsi,2018,Kesenjangan gender,internet_access_pct,Akses internet penduduk usia 5 tahun ke atas menurut gender,26.73,% penduduk dalam kelompok,sex,male,,,id_34_pre_split,bps_internet_gender_history_province_2018_2024
ID-0003719,76,Sulawesi Barat,provinsi,2019,Akses internet,internet_access_pct,Akses internet penduduk usia 5 tahun ke atas,27.97,% penduduk dalam kelompok,area,rural,,,id_34_pre_split,bps_internet_access_history_province_2017_2024
ID-0003720,76,Sulawesi Barat,provinsi,2019,Akses internet,internet_access_pct,Akses internet penduduk usia 5 tahun ke atas,31.26,% penduduk dalam kelompok,area,total,,,id_34_pre_split,bps_internet_access_history_province_2017_2024
ID-0003721,76,Sulawesi Barat,provinsi,2019,Akses internet,internet_access_pct,Akses internet penduduk usia 5 tahun ke atas,41.76,% penduduk dalam kelompok,area,urban,,,id_34_pre_split,bps_internet_access_history_province_2017_2024
ID-0003722,76,Sulawesi Barat,provinsi,2019,Kesenjangan gender,internet_access_pct,Akses internet penduduk usia 5 tahun ke atas menurut gender,29.66,% penduduk dalam kelompok,sex,female,,,id_34_pre_split,bps_internet_gender_history_province_2018_2024
ID-0003723,76,Sulawesi Barat,provinsi,2019,Kesenjangan gender,internet_access_pct,Akses internet penduduk usia 5 tahun ke atas menurut gender,32.85,% penduduk dalam kelompok,sex,male,,,id_34_pre_split,bps_internet_gender_history_province_2018_2024
ID-0003724,76,Sulawesi Barat,provinsi,2020,Akses internet,internet_access_pct,Akses internet penduduk usia 5 tahun ke atas,34.55,% penduduk dalam kelompok,area,rural,,,id_34_pre_split,bps_internet_access_history_province_2017_2024
ID-0003725,76,Sulawesi Barat,provinsi,2020,Akses internet,internet_access_pct,Akses internet penduduk usia 5 tahun ke atas,38.29,% penduduk dalam kelompok,area,total,,,id_34_pre_split,bps_internet_access_history_province_2017_2024
ID-0003726,76,Sulawesi Barat,provinsi,2020,Akses internet,internet_access_pct,Akses internet penduduk usia 5 tahun ke atas,50.41,% penduduk dalam kelompok,area,urban,,,id_34_pre_split,bps_internet_access_history_province_2017_2024
ID-0003727,76,Sulawesi Barat,provinsi,2020,Kesenjangan gender,internet_access_pct,Akses internet penduduk usia 5 tahun ke atas menurut gender,35.97,% penduduk dalam kelompok,sex,female,,,id_34_pre_split,bps_internet_gender_history_province_2018_2024
ID-0003728,76,Sulawesi Barat,provinsi,2020,Kesenjangan gender,internet_access_pct,Akses internet penduduk usia 5 tahun ke atas menurut gender,40.62,% penduduk dalam kelompok,sex,male,,,id_34_pre_split,bps_internet_gender_history_province_2018_2024
ID-0003729,76,Sulawesi Barat,provinsi,2021,Akses internet,internet_access_pct,Akses internet penduduk usia 5 tahun ke atas,45.5,% penduduk dalam kelompok,area,rural,,,id_34_pre_split,bps_internet_access_history_province_2017_2024
ID-0003730,76,Sulawesi Barat,provinsi,2021,Akses internet,internet_access_pct,Akses internet penduduk usia 5 tahun ke atas,48.73,% penduduk dalam kelompok,area,total,,,id_34_pre_split,bps_internet_access_history_province_2017_2024
ID-0003731,76,Sulawesi Barat,provinsi,2021,Akses internet,internet_access_pct,Akses internet penduduk usia 5 tahun ke atas,61.37,% penduduk dalam kelompok,area,urban,,,id_34_pre_split,bps_internet_access_history_province_2017_2024
ID-0003732,76,Sulawesi Barat,provinsi,2021,Akses rumah tangga,household_internet_pct,Rumah tangga dengan akses internet,72.82,% rumah tangga dalam klasifikasi daerah,area,rural,,,id_34_pre_split,bps_household_internet
ID-0003733,76,Sulawesi Barat,provinsi,2021,Akses rumah tangga,household_internet_pct,Rumah tangga dengan akses internet,75.32,% rumah tangga dalam klasifikasi daerah,area,total,,,id_34_pre_split,bps_household_internet
ID-0003734,76,Sulawesi Barat,provinsi,2021,Akses rumah tangga,household_internet_pct,Rumah tangga dengan akses internet,85.49,% rumah tangga dalam klasifikasi daerah,area,urban,,,id_34_pre_split,bps_household_internet
ID-0003735,76,Sulawesi Barat,provinsi,2021,Kesenjangan gender,internet_access_pct,Akses internet penduduk usia 5 tahun ke atas menurut gender,46.87,% penduduk dalam kelompok,sex,female,,,id_34_pre_split,bps_internet_gender_history_province_2018_2024
ID-0003736,76,Sulawesi Barat,provinsi,2021,Kesenjangan gender,internet_access_pct,Akses internet penduduk usia 5 tahun ke atas menurut gender,50.59,% penduduk dalam kelompok,sex,male,,,id_34_pre_split,bps_internet_gender_history_province_2018_2024
ID-0003737,76,Sulawesi Barat,provinsi,2021,Literasi digital,digital_literacy_index,Indeks Literasi Digital Kominfo,3.57,poin 1–5,,,,,id_34_pre_split,kominfo_digital_literacy_province_2021
ID-0003738,76,Sulawesi Barat,provinsi,2022,Akses internet,internet_access_pct,Akses internet penduduk usia 5 tahun ke atas,53.13,% penduduk dalam kelompok,area,rural,,,id_34_pre_split,bps_internet_access_history_province_2017_2024
ID-0003739,76,Sulawesi Barat,provinsi,2022,Akses internet,internet_access_pct,Akses internet penduduk usia 5 tahun ke atas,55.38,% penduduk dalam kelompok,area,total,,,id_34_pre_split,bps_internet_access_history_province_2017_2024
ID-0003740,76,Sulawesi Barat,provinsi,2022,Akses internet,internet_access_pct,Akses internet penduduk usia 5 tahun ke atas,67.5,% penduduk dalam kelompok,area,urban,,,id_34_pre_split,bps_internet_access_history_province_2017_2024
ID-0003741,76,Sulawesi Barat,provinsi,2022,Akses rumah tangga,household_internet_pct,Rumah tangga dengan akses internet,80.34,% rumah tangga dalam klasifikasi daerah,area,rural,,,id_34_pre_split,bps_household_internet
ID-0003742,76,Sulawesi Barat,provinsi,2022,Akses rumah tangga,household_internet_pct,Rumah tangga dengan akses internet,82.09,% rumah tangga dalam klasifikasi daerah,area,total,,,id_34_pre_split,bps_household_internet
ID-0003743,76,Sulawesi Barat,provinsi,2022,Akses rumah tangga,household_internet_pct,Rumah tangga dengan akses internet,89.27,% rumah tangga dalam klasifikasi daerah,area,urban,,,id_34_pre_split,bps_household_internet
ID-0003744,76,Sulawesi Barat,provinsi,2022,Kesenjangan gender,internet_access_pct,Akses internet penduduk usia 5 tahun ke atas menurut gender,53.5,% penduduk dalam kelompok,sex,female,,,id_34_pre_split,bps_internet_gender_history_province_2018_2024
ID-0003745,76,Sulawesi Barat,provinsi,2022,Kesenjangan gender,internet_access_pct,Akses internet penduduk usia 5 tahun ke atas menurut gender,57.2,% penduduk dalam kelompok,sex,male,,,id_34_pre_split,bps_internet_gender_history_province_2018_2024
ID-0003746,76,Sulawesi Barat,provinsi,2023,Akses internet,internet_access_pct,Akses internet penduduk usia 5 tahun ke atas,56.92,% penduduk dalam kelompok,area,rural,,,id_34_pre_split,bps_internet_access_history_province_2017_2024
ID-0003747,76,Sulawesi Barat,provinsi,2023,Akses internet,internet_access_pct,Akses internet penduduk usia 5 tahun ke atas,59.89,% penduduk dalam kelompok,area,total,,,id_34_pre_split,bps_internet_access_history_province_2017_2024
ID-0003748,76,Sulawesi Barat,provinsi,2023,Akses internet,internet_access_pct,Akses internet penduduk usia 5 tahun ke atas,71.58,% penduduk dalam kelompok,area,urban,,,id_34_pre_split,bps_internet_access_history_province_2017_2024
ID-0003749,76,Sulawesi Barat,provinsi,2023,Akses rumah tangga,household_internet_pct,Rumah tangga dengan akses internet,83.23,% rumah tangga dalam klasifikasi daerah,area,rural,,,id_34_pre_split,bps_household_internet
ID-0003750,76,Sulawesi Barat,provinsi,2023,Akses rumah tangga,household_internet_pct,Rumah tangga dengan akses internet,84.56,% rumah tangga dalam klasifikasi daerah,area,total,,,id_34_pre_split,bps_household_internet
ID-0003751,76,Sulawesi Barat,provinsi,2023,Akses rumah tangga,household_internet_pct,Rumah tangga dengan akses internet,89.63,% rumah tangga dalam klasifikasi daerah,area,urban,,,id_34_pre_split,bps_household_internet
ID-0003752,76,Sulawesi Barat,provinsi,2023,Kesenjangan gender,internet_access_pct,Akses internet penduduk usia 5 tahun ke atas menurut gender,58.09,% penduduk dalam kelompok,sex,female,,,id_34_pre_split,bps_internet_gender_history_province_2018_2024
ID-0003753,76,Sulawesi Barat,provinsi,2023,Kesenjangan gender,internet_access_pct,Akses internet penduduk usia 5 tahun ke atas menurut gender,61.69,% penduduk dalam kelompok,sex,male,,,id_34_pre_split,bps_internet_gender_history_province_2018_2024
ID-0003754,76,Sulawesi Barat,provinsi,2023,Komponen pembangunan TIK,fixed_broadband_norm,"Broadband tetap per 100 penduduk, ternormalisasi",0.35,poin 0–10,,,,,id_34_papua_aggregated_2023_2024,bps_iptik_normalized_components_province_2023_2024
ID-0003755,76,Sulawesi Barat,provinsi,2023,Komponen pembangunan TIK,fixed_telephone_norm,"Telepon tetap per 100 penduduk, ternormalisasi",1.17,poin 0–10,,,,,id_34_papua_aggregated_2023_2024,bps_iptik_normalized_components_province_2023_2024
ID-0003756,76,Sulawesi Barat,provinsi,2023,Komponen pembangunan TIK,household_computer_norm,"Rumah tangga dengan komputer, ternormalisasi",1.26,poin 0–10,,,,,id_34_papua_aggregated_2023_2024,bps_iptik_normalized_components_province_2023_2024
ID-0003757,76,Sulawesi Barat,provinsi,2023,Komponen pembangunan TIK,household_internet_norm,"Rumah tangga dengan internet, ternormalisasi",8.46,poin 0–10,,,,,id_34_papua_aggregated_2023_2024,bps_iptik_normalized_components_province_2023_2024
ID-0003758,76,Sulawesi Barat,provinsi,2023,Komponen pembangunan TIK,individual_internet_norm,"Individu pengguna internet, ternormalisasi",5.99,poin 0–10,,,,,id_34_papua_aggregated_2023_2024,bps_iptik_normalized_components_province_2023_2024
ID-0003759,76,Sulawesi Barat,provinsi,2023,Komponen pembangunan TIK,international_bandwidth_norm,"Bandwidth internet internasional per pengguna, ternormalisasi",8.09,poin 0–10,,,,,id_34_papua_aggregated_2023_2024,bps_iptik_normalized_components_province_2023_2024
ID-0003760,76,Sulawesi Barat,provinsi,2023,Komponen pembangunan TIK,mean_years_school_norm,"Rata-rata lama sekolah, ternormalisasi",5.65,poin 0–10,,,,,id_34_papua_aggregated_2023_2024,bps_iptik_normalized_components_province_2023_2024
ID-0003761,76,Sulawesi Barat,provinsi,2023,Komponen pembangunan TIK,mobile_broadband_norm,"Broadband seluler per 100 penduduk, ternormalisasi",9.86,poin 0–10,,,,,id_34_papua_aggregated_2023_2024,bps_iptik_normalized_components_province_2023_2024
ID-0003762,76,Sulawesi Barat,provinsi,2023,Komponen pembangunan TIK,mobile_cellular_norm,"Telepon seluler per 100 penduduk, ternormalisasi",10,poin 0–10,,,,,id_34_papua_aggregated_2023_2024,bps_iptik_normalized_components_province_2023_2024
ID-0003763,76,Sulawesi Barat,provinsi,2023,Komponen pembangunan TIK,secondary_enrolment_norm,"Partisipasi pendidikan sekunder, ternormalisasi",8.71,poin 0–10,,,,,id_34_papua_aggregated_2023_2024,bps_iptik_normalized_components_province_2023_2024
ID-0003764,76,Sulawesi Barat,provinsi,2023,Komponen pembangunan TIK,tertiary_enrolment_norm,"Partisipasi pendidikan tinggi, ternormalisasi",2.98,poin 0–10,,,,,id_34_papua_aggregated_2023_2024,bps_iptik_normalized_components_province_2023_2024
ID-0003765,76,Sulawesi Barat,provinsi,2023,Pembangunan TIK,access_infrastructure_subindex,Subindeks akses dan infrastruktur TIK,5.8,poin 0–10,,,,,id_34_papua_aggregated_2023_2024,bps_iptik_province_2023_2024
ID-0003766,76,Sulawesi Barat,provinsi,2023,Pembangunan TIK,ict_development_index,Indeks Pembangunan TIK,5.63,poin 0–10,,,,,id_34_papua_aggregated_2023_2024,bps_iptik_province_2023_2024
ID-0003767,76,Sulawesi Barat,provinsi,2023,Pembangunan TIK,skills_proxy_subindex,Subindeks proksi keahlian TIK,5.78,poin 0–10,,,,,id_34_papua_aggregated_2023_2024,bps_iptik_province_2023_2024
ID-0003768,76,Sulawesi Barat,provinsi,2023,Pembangunan TIK,use_subindex,Subindeks penggunaan TIK,5.4,poin 0–10,,,,,id_34_papua_aggregated_2023_2024,bps_iptik_province_2023_2024
ID-0003769,76,Sulawesi Barat,provinsi,2024,Akses internet,internet_access_pct,Akses internet penduduk usia 5 tahun ke atas,63.9,% penduduk dalam kelompok,area,rural,,,id_38_2024,bps_internet_access_history_province_2017_2024
ID-0003770,76,Sulawesi Barat,provinsi,2024,Akses internet,internet_access_pct,Akses internet penduduk usia 5 tahun ke atas,66.61,% penduduk dalam kelompok,area,total,,,id_38_2024,bps_internet_access_history_province_2017_2024
ID-0003771,76,Sulawesi Barat,provinsi,2024,Akses internet,internet_access_pct,Akses internet penduduk usia 5 tahun ke atas,77.28,% penduduk dalam kelompok,area,urban,,,id_38_2024,bps_internet_access_history_province_2017_2024
ID-0003772,76,Sulawesi Barat,provinsi,2024,Akses rumah tangga,household_internet_pct,Rumah tangga dengan akses internet,88.64,% rumah tangga dalam klasifikasi daerah,area,rural,,,id_38_2024,bps_household_internet
ID-0003773,76,Sulawesi Barat,provinsi,2024,Akses rumah tangga,household_internet_pct,Rumah tangga dengan akses internet,89.67,% rumah tangga dalam klasifikasi daerah,area,total,,,id_38_2024,bps_household_internet
ID-0003774,76,Sulawesi Barat,provinsi,2024,Akses rumah tangga,household_internet_pct,Rumah tangga dengan akses internet,93.89,% rumah tangga dalam klasifikasi daerah,area,urban,,,id_38_2024,bps_household_internet
ID-0003775,76,Sulawesi Barat,provinsi,2024,Kesenjangan gender,internet_access_pct,Akses internet penduduk usia 5 tahun ke atas menurut gender,64.94,% penduduk dalam kelompok,sex,female,,,id_38_2024,bps_internet_gender_history_province_2018_2024
ID-0003776,76,Sulawesi Barat,provinsi,2024,Kesenjangan gender,internet_access_pct,Akses internet penduduk usia 5 tahun ke atas menurut gender,68.28,% penduduk dalam kelompok,sex,male,,,id_38_2024,bps_internet_gender_history_province_2018_2024
ID-0003777,76,Sulawesi Barat,provinsi,2024,Komponen pembangunan TIK,fixed_broadband_norm,"Broadband tetap per 100 penduduk, ternormalisasi",0.34,poin 0–10,,,,,id_34_papua_aggregated_2023_2024,bps_iptik_normalized_components_province_2023_2024
ID-0003778,76,Sulawesi Barat,provinsi,2024,Komponen pembangunan TIK,fixed_telephone_norm,"Telepon tetap per 100 penduduk, ternormalisasi",1.11,poin 0–10,,,,,id_34_papua_aggregated_2023_2024,bps_iptik_normalized_components_province_2023_2024
ID-0003779,76,Sulawesi Barat,provinsi,2024,Komponen pembangunan TIK,household_computer_norm,"Rumah tangga dengan komputer, ternormalisasi",1.4,poin 0–10,,,,,id_34_papua_aggregated_2023_2024,bps_iptik_normalized_components_province_2023_2024
ID-0003780,76,Sulawesi Barat,provinsi,2024,Komponen pembangunan TIK,household_internet_norm,"Rumah tangga dengan internet, ternormalisasi",8.97,poin 0–10,,,,,id_34_papua_aggregated_2023_2024,bps_iptik_normalized_components_province_2023_2024
ID-0003781,76,Sulawesi Barat,provinsi,2024,Komponen pembangunan TIK,individual_internet_norm,"Individu pengguna internet, ternormalisasi",6.66,poin 0–10,,,,,id_34_papua_aggregated_2023_2024,bps_iptik_normalized_components_province_2023_2024
ID-0003782,76,Sulawesi Barat,provinsi,2024,Komponen pembangunan TIK,international_bandwidth_norm,"Bandwidth internet internasional per pengguna, ternormalisasi",8.5,poin 0–10,,,,,id_34_papua_aggregated_2023_2024,bps_iptik_normalized_components_province_2023_2024
ID-0003783,76,Sulawesi Barat,provinsi,2024,Komponen pembangunan TIK,mean_years_school_norm,"Rata-rata lama sekolah, ternormalisasi",5.7,poin 0–10,,,,,id_34_papua_aggregated_2023_2024,bps_iptik_normalized_components_province_2023_2024
ID-0003784,76,Sulawesi Barat,provinsi,2024,Komponen pembangunan TIK,mobile_broadband_norm,"Broadband seluler per 100 penduduk, ternormalisasi",9.55,poin 0–10,,,,,id_34_papua_aggregated_2023_2024,bps_iptik_normalized_components_province_2023_2024
ID-0003785,76,Sulawesi Barat,provinsi,2024,Komponen pembangunan TIK,mobile_cellular_norm,"Telepon seluler per 100 penduduk, ternormalisasi",9.86,poin 0–10,,,,,id_34_papua_aggregated_2023_2024,bps_iptik_normalized_components_province_2023_2024
ID-0003786,76,Sulawesi Barat,provinsi,2024,Komponen pembangunan TIK,secondary_enrolment_norm,"Partisipasi pendidikan sekunder, ternormalisasi",8.41,poin 0–10,,,,,id_34_papua_aggregated_2023_2024,bps_iptik_normalized_components_province_2023_2024
ID-0003787,76,Sulawesi Barat,provinsi,2024,Komponen pembangunan TIK,tertiary_enrolment_norm,"Partisipasi pendidikan tinggi, ternormalisasi",2.94,poin 0–10,,,,,id_34_papua_aggregated_2023_2024,bps_iptik_normalized_components_province_2023_2024
ID-0003788,76,Sulawesi Barat,provinsi,2024,Pemanfaatan internet,percentage_users,Tujuan penggunaan internet,12.51,% pengguna internet,area,rural,category,buy_goods_services,id_38_2024,bps_internet_purpose
ID-0003789,76,Sulawesi Barat,provinsi,2024,Pemanfaatan internet,percentage_users,Tujuan penggunaan internet,6.11,% pengguna internet,area,rural,category,digital_content_creation,id_38_2024,bps_internet_purpose
ID-0003790,76,Sulawesi Barat,provinsi,2024,Pemanfaatan internet,percentage_users,Tujuan penggunaan internet,6.58,% pengguna internet,area,rural,category,email,id_38_2024,bps_internet_purpose
ID-0003791,76,Sulawesi Barat,provinsi,2024,Pemanfaatan internet,percentage_users,Tujuan penggunaan internet,84.16,% pengguna internet,area,rural,category,entertainment,id_38_2024,bps_internet_purpose
ID-0003792,76,Sulawesi Barat,provinsi,2024,Pemanfaatan internet,percentage_users,Tujuan penggunaan internet,2.57,% pengguna internet,area,rural,category,financial_services,id_38_2024,bps_internet_purpose
ID-0003793,76,Sulawesi Barat,provinsi,2024,Pemanfaatan internet,percentage_users,Tujuan penggunaan internet,17.59,% pengguna internet,area,rural,category,goods_services_information,id_38_2024,bps_internet_purpose
ID-0003794,76,Sulawesi Barat,provinsi,2024,Pemanfaatan internet,percentage_users,Tujuan penggunaan internet,73.33,% pengguna internet,area,rural,category,news_information,id_38_2024,bps_internet_purpose
ID-0003795,76,Sulawesi Barat,provinsi,2024,Pemanfaatan internet,percentage_users,Tujuan penggunaan internet,8.36,% pengguna internet,area,rural,category,online_learning,id_38_2024,bps_internet_purpose
ID-0003796,76,Sulawesi Barat,provinsi,2024,Pemanfaatan internet,percentage_users,Tujuan penggunaan internet,4.79,% pengguna internet,area,rural,category,other,id_38_2024,bps_internet_purpose
ID-0003797,76,Sulawesi Barat,provinsi,2024,Pemanfaatan internet,percentage_users,Tujuan penggunaan internet,1.76,% pengguna internet,area,rural,category,sell_goods_services,id_38_2024,bps_internet_purpose
ID-0003798,76,Sulawesi Barat,provinsi,2024,Pemanfaatan internet,percentage_users,Tujuan penggunaan internet,71.03,% pengguna internet,area,rural,category,social_media,id_38_2024,bps_internet_purpose
ID-0003799,76,Sulawesi Barat,provinsi,2024,Pemanfaatan internet,percentage_users,Tujuan penggunaan internet,1.05,% pengguna internet,area,rural,category,work_from_home,id_38_2024,bps_internet_purpose
ID-0003800,76,Sulawesi Barat,provinsi,2024,Pemanfaatan internet,percentage_users,Tujuan penggunaan internet,14.48,% pengguna internet,area,total,category,buy_goods_services,id_38_2024,bps_internet_purpose
ID-0003801,76,Sulawesi Barat,provinsi,2024,Pemanfaatan internet,percentage_users,Tujuan penggunaan internet,6.71,% pengguna internet,area,total,category,digital_content_creation,id_38_2024,bps_internet_purpose
ID-0003802,76,Sulawesi Barat,provinsi,2024,Pemanfaatan internet,percentage_users,Tujuan penggunaan internet,7.62,% pengguna internet,area,total,category,email,id_38_2024,bps_internet_purpose
ID-0003803,76,Sulawesi Barat,provinsi,2024,Pemanfaatan internet,percentage_users,Tujuan penggunaan internet,85.27,% pengguna internet,area,total,category,entertainment,id_38_2024,bps_internet_purpose
ID-0003804,76,Sulawesi Barat,provinsi,2024,Pemanfaatan internet,percentage_users,Tujuan penggunaan internet,4.13,% pengguna internet,area,total,category,financial_services,id_38_2024,bps_internet_purpose
ID-0003805,76,Sulawesi Barat,provinsi,2024,Pemanfaatan internet,percentage_users,Tujuan penggunaan internet,20.22,% pengguna internet,area,total,category,goods_services_information,id_38_2024,bps_internet_purpose
ID-0003806,76,Sulawesi Barat,provinsi,2024,Pemanfaatan internet,percentage_users,Tujuan penggunaan internet,72.49,% pengguna internet,area,total,category,news_information,id_38_2024,bps_internet_purpose
ID-0003807,76,Sulawesi Barat,provinsi,2024,Pemanfaatan internet,percentage_users,Tujuan penggunaan internet,8.38,% pengguna internet,area,total,category,online_learning,id_38_2024,bps_internet_purpose
ID-0003808,76,Sulawesi Barat,provinsi,2024,Pemanfaatan internet,percentage_users,Tujuan penggunaan internet,3.95,% pengguna internet,area,total,category,other,id_38_2024,bps_internet_purpose
ID-0003809,76,Sulawesi Barat,provinsi,2024,Pemanfaatan internet,percentage_users,Tujuan penggunaan internet,2.46,% pengguna internet,area,total,category,sell_goods_services,id_38_2024,bps_internet_purpose
ID-0003810,76,Sulawesi Barat,provinsi,2024,Pemanfaatan internet,percentage_users,Tujuan penggunaan internet,72.1,% pengguna internet,area,total,category,social_media,id_38_2024,bps_internet_purpose
ID-0003811,76,Sulawesi Barat,provinsi,2024,Pemanfaatan internet,percentage_users,Tujuan penggunaan internet,1.29,% pengguna internet,area,total,category,work_from_home,id_38_2024,bps_internet_purpose
ID-0003812,76,Sulawesi Barat,provinsi,2024,Pemanfaatan internet,percentage_users,Tujuan penggunaan internet,20.87,% pengguna internet,area,urban,category,buy_goods_services,id_38_2024,bps_internet_purpose
ID-0003813,76,Sulawesi Barat,provinsi,2024,Pemanfaatan internet,percentage_users,Tujuan penggunaan internet,8.64,% pengguna internet,area,urban,category,digital_content_creation,id_38_2024,bps_internet_purpose
ID-0003814,76,Sulawesi Barat,provinsi,2024,Pemanfaatan internet,percentage_users,Tujuan penggunaan internet,11.02,% pengguna internet,area,urban,category,email,id_38_2024,bps_internet_purpose
ID-0003815,76,Sulawesi Barat,provinsi,2024,Pemanfaatan internet,percentage_users,Tujuan penggunaan internet,88.88,% pengguna internet,area,urban,category,entertainment,id_38_2024,bps_internet_purpose
ID-0003816,76,Sulawesi Barat,provinsi,2024,Pemanfaatan internet,percentage_users,Tujuan penggunaan internet,9.2,% pengguna internet,area,urban,category,financial_services,id_38_2024,bps_internet_purpose
ID-0003817,76,Sulawesi Barat,provinsi,2024,Pemanfaatan internet,percentage_users,Tujuan penggunaan internet,28.77,% pengguna internet,area,urban,category,goods_services_information,id_38_2024,bps_internet_purpose
ID-0003818,76,Sulawesi Barat,provinsi,2024,Pemanfaatan internet,percentage_users,Tujuan penggunaan internet,69.73,% pengguna internet,area,urban,category,news_information,id_38_2024,bps_internet_purpose
ID-0003819,76,Sulawesi Barat,provinsi,2024,Pemanfaatan internet,percentage_users,Tujuan penggunaan internet,8.45,% pengguna internet,area,urban,category,online_learning,id_38_2024,bps_internet_purpose
ID-0003820,76,Sulawesi Barat,provinsi,2024,Pemanfaatan internet,percentage_users,Tujuan penggunaan internet,1.21,% pengguna internet,area,urban,category,other,id_38_2024,bps_internet_purpose
ID-0003821,76,Sulawesi Barat,provinsi,2024,Pemanfaatan internet,percentage_users,Tujuan penggunaan internet,4.74,% pengguna internet,area,urban,category,sell_goods_services,id_38_2024,bps_internet_purpose
ID-0003822,76,Sulawesi Barat,provinsi,2024,Pemanfaatan internet,percentage_users,Tujuan penggunaan internet,75.56,% pengguna internet,area,urban,category,social_media,id_38_2024,bps_internet_purpose
ID-0003823,76,Sulawesi Barat,provinsi,2024,Pemanfaatan internet,percentage_users,Tujuan penggunaan internet,2.04,% pengguna internet,area,urban,category,work_from_home,id_38_2024,bps_internet_purpose
ID-0003824,76,Sulawesi Barat,provinsi,2024,Pembangunan TIK,access_infrastructure_subindex,Subindeks akses dan infrastruktur TIK,5.97,poin 0–10,,,,,id_34_papua_aggregated_2023_2024,bps_iptik_province_2023_2024
ID-0003825,76,Sulawesi Barat,provinsi,2024,Pembangunan TIK,ict_development_index,Indeks Pembangunan TIK,5.73,poin 0–10,,,,,id_34_papua_aggregated_2023_2024,bps_iptik_province_2023_2024
ID-0003826,76,Sulawesi Barat,provinsi,2024,Pembangunan TIK,skills_proxy_subindex,Subindeks proksi keahlian TIK,5.69,poin 0–10,,,,,id_34_papua_aggregated_2023_2024,bps_iptik_province_2023_2024
ID-0003827,76,Sulawesi Barat,provinsi,2024,Pembangunan TIK,use_subindex,Subindeks penggunaan TIK,5.52,poin 0–10,,,,,id_34_papua_aggregated_2023_2024,bps_iptik_province_2023_2024
ID-0003828,76,Sulawesi Barat,provinsi,2024,Perangkat akses,percentage_users,Perangkat yang digunakan untuk mengakses internet,1.18,% pengguna internet,area,rural,category,desktop,id_38_2024,bps_access_device
ID-0003829,76,Sulawesi Barat,provinsi,2024,Perangkat akses,percentage_users,Perangkat yang digunakan untuk mengakses internet,4.69,% pengguna internet,area,rural,category,laptop_tablet,id_38_2024,bps_access_device
ID-0003830,76,Sulawesi Barat,provinsi,2024,Perangkat akses,percentage_users,Perangkat yang digunakan untuk mengakses internet,98.96,% pengguna internet,area,rural,category,mobile,id_38_2024,bps_access_device
ID-0003831,76,Sulawesi Barat,provinsi,2024,Perangkat akses,percentage_users,Perangkat yang digunakan untuk mengakses internet,0.15,% pengguna internet,area,rural,category,other,id_38_2024,bps_access_device
ID-0003832,76,Sulawesi Barat,provinsi,2024,Perangkat akses,percentage_users,Perangkat yang digunakan untuk mengakses internet,1.83,% pengguna internet,area,total,category,desktop,id_38_2024,bps_access_device
ID-0003833,76,Sulawesi Barat,provinsi,2024,Perangkat akses,percentage_users,Perangkat yang digunakan untuk mengakses internet,6.9,% pengguna internet,area,total,category,laptop_tablet,id_38_2024,bps_access_device
ID-0003834,76,Sulawesi Barat,provinsi,2024,Perangkat akses,percentage_users,Perangkat yang digunakan untuk mengakses internet,98.79,% pengguna internet,area,total,category,mobile,id_38_2024,bps_access_device
ID-0003835,76,Sulawesi Barat,provinsi,2024,Perangkat akses,percentage_users,Perangkat yang digunakan untuk mengakses internet,0.14,% pengguna internet,area,total,category,other,id_38_2024,bps_access_device
ID-0003836,76,Sulawesi Barat,provinsi,2024,Perangkat akses,percentage_users,Perangkat yang digunakan untuk mengakses internet,3.96,% pengguna internet,area,urban,category,desktop,id_38_2024,bps_access_device
ID-0003837,76,Sulawesi Barat,provinsi,2024,Perangkat akses,percentage_users,Perangkat yang digunakan untuk mengakses internet,14.08,% pengguna internet,area,urban,category,laptop_tablet,id_38_2024,bps_access_device
ID-0003838,76,Sulawesi Barat,provinsi,2024,Perangkat akses,percentage_users,Perangkat yang digunakan untuk mengakses internet,98.23,% pengguna internet,area,urban,category,mobile,id_38_2024,bps_access_device
ID-0003839,76,Sulawesi Barat,provinsi,2024,Perangkat akses,percentage_users,Perangkat yang digunakan untuk mengakses internet,0.09,% pengguna internet,area,urban,category,other,id_38_2024,bps_access_device
ID-0003840,81,Maluku,provinsi,2017,Akses internet,internet_access_pct,Akses internet penduduk usia 5 tahun ke atas,12.58,% penduduk dalam kelompok,area,rural,,,id_34_pre_split,bps_internet_access_history_province_2017_2024
ID-0003841,81,Maluku,provinsi,2017,Akses internet,internet_access_pct,Akses internet penduduk usia 5 tahun ke atas,24.42,% penduduk dalam kelompok,area,total,,,id_34_pre_split,bps_internet_access_history_province_2017_2024
ID-0003842,81,Maluku,provinsi,2017,Akses internet,internet_access_pct,Akses internet penduduk usia 5 tahun ke atas,41.35,% penduduk dalam kelompok,area,urban,,,id_34_pre_split,bps_internet_access_history_province_2017_2024
ID-0003843,81,Maluku,provinsi,2018,Akses internet,internet_access_pct,Akses internet penduduk usia 5 tahun ke atas,16.47,% penduduk dalam kelompok,area,rural,,,id_34_pre_split,bps_internet_access_history_province_2017_2024
ID-0003844,81,Maluku,provinsi,2018,Akses internet,internet_access_pct,Akses internet penduduk usia 5 tahun ke atas,29.79,% penduduk dalam kelompok,area,total,,,id_34_pre_split,bps_internet_access_history_province_2017_2024
ID-0003845,81,Maluku,provinsi,2018,Akses internet,internet_access_pct,Akses internet penduduk usia 5 tahun ke atas,47.93,% penduduk dalam kelompok,area,urban,,,id_34_pre_split,bps_internet_access_history_province_2017_2024
ID-0003846,81,Maluku,provinsi,2018,Kesenjangan gender,internet_access_pct,Akses internet penduduk usia 5 tahun ke atas menurut gender,28.64,% penduduk dalam kelompok,sex,female,,,id_34_pre_split,bps_internet_gender_history_province_2018_2024
ID-0003847,81,Maluku,provinsi,2018,Kesenjangan gender,internet_access_pct,Akses internet penduduk usia 5 tahun ke atas menurut gender,30.92,% penduduk dalam kelompok,sex,male,,,id_34_pre_split,bps_internet_gender_history_province_2018_2024
ID-0003848,81,Maluku,provinsi,2019,Akses internet,internet_access_pct,Akses internet penduduk usia 5 tahun ke atas,19.51,% penduduk dalam kelompok,area,rural,,,id_34_pre_split,bps_internet_access_history_province_2017_2024
ID-0003849,81,Maluku,provinsi,2019,Akses internet,internet_access_pct,Akses internet penduduk usia 5 tahun ke atas,33.89,% penduduk dalam kelompok,area,total,,,id_34_pre_split,bps_internet_access_history_province_2017_2024
ID-0003850,81,Maluku,provinsi,2019,Akses internet,internet_access_pct,Akses internet penduduk usia 5 tahun ke atas,52.12,% penduduk dalam kelompok,area,urban,,,id_34_pre_split,bps_internet_access_history_province_2017_2024
ID-0003851,81,Maluku,provinsi,2019,Kesenjangan gender,internet_access_pct,Akses internet penduduk usia 5 tahun ke atas menurut gender,33.56,% penduduk dalam kelompok,sex,female,,,id_34_pre_split,bps_internet_gender_history_province_2018_2024
ID-0003852,81,Maluku,provinsi,2019,Kesenjangan gender,internet_access_pct,Akses internet penduduk usia 5 tahun ke atas menurut gender,34.21,% penduduk dalam kelompok,sex,male,,,id_34_pre_split,bps_internet_gender_history_province_2018_2024
ID-0003853,81,Maluku,provinsi,2020,Akses internet,internet_access_pct,Akses internet penduduk usia 5 tahun ke atas,23.61,% penduduk dalam kelompok,area,rural,,,id_34_pre_split,bps_internet_access_history_province_2017_2024
ID-0003854,81,Maluku,provinsi,2020,Akses internet,internet_access_pct,Akses internet penduduk usia 5 tahun ke atas,39.48,% penduduk dalam kelompok,area,total,,,id_34_pre_split,bps_internet_access_history_province_2017_2024
ID-0003855,81,Maluku,provinsi,2020,Akses internet,internet_access_pct,Akses internet penduduk usia 5 tahun ke atas,59.37,% penduduk dalam kelompok,area,urban,,,id_34_pre_split,bps_internet_access_history_province_2017_2024
ID-0003856,81,Maluku,provinsi,2020,Kesenjangan gender,internet_access_pct,Akses internet penduduk usia 5 tahun ke atas menurut gender,37.89,% penduduk dalam kelompok,sex,female,,,id_34_pre_split,bps_internet_gender_history_province_2018_2024
ID-0003857,81,Maluku,provinsi,2020,Kesenjangan gender,internet_access_pct,Akses internet penduduk usia 5 tahun ke atas menurut gender,41.03,% penduduk dalam kelompok,sex,male,,,id_34_pre_split,bps_internet_gender_history_province_2018_2024
ID-0003858,81,Maluku,provinsi,2021,Akses internet,internet_access_pct,Akses internet penduduk usia 5 tahun ke atas,34.16,% penduduk dalam kelompok,area,rural,,,id_34_pre_split,bps_internet_access_history_province_2017_2024
ID-0003859,81,Maluku,provinsi,2021,Akses internet,internet_access_pct,Akses internet penduduk usia 5 tahun ke atas,49.74,% penduduk dalam kelompok,area,total,,,id_34_pre_split,bps_internet_access_history_province_2017_2024
ID-0003860,81,Maluku,provinsi,2021,Akses internet,internet_access_pct,Akses internet penduduk usia 5 tahun ke atas,69.22,% penduduk dalam kelompok,area,urban,,,id_34_pre_split,bps_internet_access_history_province_2017_2024
ID-0003861,81,Maluku,provinsi,2021,Akses rumah tangga,household_internet_pct,Rumah tangga dengan akses internet,64.33,% rumah tangga dalam klasifikasi daerah,area,rural,,,id_34_pre_split,bps_household_internet
ID-0003862,81,Maluku,provinsi,2021,Akses rumah tangga,household_internet_pct,Rumah tangga dengan akses internet,76.89,% rumah tangga dalam klasifikasi daerah,area,total,,,id_34_pre_split,bps_household_internet
ID-0003863,81,Maluku,provinsi,2021,Akses rumah tangga,household_internet_pct,Rumah tangga dengan akses internet,91.27,% rumah tangga dalam klasifikasi daerah,area,urban,,,id_34_pre_split,bps_household_internet
ID-0003864,81,Maluku,provinsi,2021,Kesenjangan gender,internet_access_pct,Akses internet penduduk usia 5 tahun ke atas menurut gender,47.57,% penduduk dalam kelompok,sex,female,,,id_34_pre_split,bps_internet_gender_history_province_2018_2024
ID-0003865,81,Maluku,provinsi,2021,Kesenjangan gender,internet_access_pct,Akses internet penduduk usia 5 tahun ke atas menurut gender,51.87,% penduduk dalam kelompok,sex,male,,,id_34_pre_split,bps_internet_gender_history_province_2018_2024
ID-0003866,81,Maluku,provinsi,2021,Literasi digital,digital_literacy_index,Indeks Literasi Digital Kominfo,3.46,poin 1–5,,,,,id_34_pre_split,kominfo_digital_literacy_province_2021
ID-0003867,81,Maluku,provinsi,2022,Akses internet,internet_access_pct,Akses internet penduduk usia 5 tahun ke atas,44.72,% penduduk dalam kelompok,area,rural,,,id_34_pre_split,bps_internet_access_history_province_2017_2024
ID-0003868,81,Maluku,provinsi,2022,Akses internet,internet_access_pct,Akses internet penduduk usia 5 tahun ke atas,55.22,% penduduk dalam kelompok,area,total,,,id_34_pre_split,bps_internet_access_history_province_2017_2024
ID-0003869,81,Maluku,provinsi,2022,Akses internet,internet_access_pct,Akses internet penduduk usia 5 tahun ke atas,71.99,% penduduk dalam kelompok,area,urban,,,id_34_pre_split,bps_internet_access_history_province_2017_2024
ID-0003870,81,Maluku,provinsi,2022,Akses rumah tangga,household_internet_pct,Rumah tangga dengan akses internet,75.17,% rumah tangga dalam klasifikasi daerah,area,rural,,,id_34_pre_split,bps_household_internet
ID-0003871,81,Maluku,provinsi,2022,Akses rumah tangga,household_internet_pct,Rumah tangga dengan akses internet,82.36,% rumah tangga dalam klasifikasi daerah,area,total,,,id_34_pre_split,bps_household_internet
ID-0003872,81,Maluku,provinsi,2022,Akses rumah tangga,household_internet_pct,Rumah tangga dengan akses internet,91.26,% rumah tangga dalam klasifikasi daerah,area,urban,,,id_34_pre_split,bps_household_internet
ID-0003873,81,Maluku,provinsi,2022,Kesenjangan gender,internet_access_pct,Akses internet penduduk usia 5 tahun ke atas menurut gender,53.57,% penduduk dalam kelompok,sex,female,,,id_34_pre_split,bps_internet_gender_history_province_2018_2024
ID-0003874,81,Maluku,provinsi,2022,Kesenjangan gender,internet_access_pct,Akses internet penduduk usia 5 tahun ke atas menurut gender,56.85,% penduduk dalam kelompok,sex,male,,,id_34_pre_split,bps_internet_gender_history_province_2018_2024
ID-0003875,81,Maluku,provinsi,2023,Akses internet,internet_access_pct,Akses internet penduduk usia 5 tahun ke atas,46.04,% penduduk dalam kelompok,area,rural,,,id_34_pre_split,bps_internet_access_history_province_2017_2024
ID-0003876,81,Maluku,provinsi,2023,Akses internet,internet_access_pct,Akses internet penduduk usia 5 tahun ke atas,58.54,% penduduk dalam kelompok,area,total,,,id_34_pre_split,bps_internet_access_history_province_2017_2024
ID-0003877,81,Maluku,provinsi,2023,Akses internet,internet_access_pct,Akses internet penduduk usia 5 tahun ke atas,74.92,% penduduk dalam kelompok,area,urban,,,id_34_pre_split,bps_internet_access_history_province_2017_2024
ID-0003878,81,Maluku,provinsi,2023,Akses rumah tangga,household_internet_pct,Rumah tangga dengan akses internet,75.2,% rumah tangga dalam klasifikasi daerah,area,rural,,,id_34_pre_split,bps_household_internet
ID-0003879,81,Maluku,provinsi,2023,Akses rumah tangga,household_internet_pct,Rumah tangga dengan akses internet,82.56,% rumah tangga dalam klasifikasi daerah,area,total,,,id_34_pre_split,bps_household_internet
ID-0003880,81,Maluku,provinsi,2023,Akses rumah tangga,household_internet_pct,Rumah tangga dengan akses internet,92.8,% rumah tangga dalam klasifikasi daerah,area,urban,,,id_34_pre_split,bps_household_internet
ID-0003881,81,Maluku,provinsi,2023,Kesenjangan gender,internet_access_pct,Akses internet penduduk usia 5 tahun ke atas menurut gender,57.41,% penduduk dalam kelompok,sex,female,,,id_34_pre_split,bps_internet_gender_history_province_2018_2024
ID-0003882,81,Maluku,provinsi,2023,Kesenjangan gender,internet_access_pct,Akses internet penduduk usia 5 tahun ke atas menurut gender,59.66,% penduduk dalam kelompok,sex,male,,,id_34_pre_split,bps_internet_gender_history_province_2018_2024
ID-0003883,81,Maluku,provinsi,2023,Komponen pembangunan TIK,fixed_broadband_norm,"Broadband tetap per 100 penduduk, ternormalisasi",0.63,poin 0–10,,,,,id_34_papua_aggregated_2023_2024,bps_iptik_normalized_components_province_2023_2024
ID-0003884,81,Maluku,provinsi,2023,Komponen pembangunan TIK,fixed_telephone_norm,"Telepon tetap per 100 penduduk, ternormalisasi",1.94,poin 0–10,,,,,id_34_papua_aggregated_2023_2024,bps_iptik_normalized_components_province_2023_2024
ID-0003885,81,Maluku,provinsi,2023,Komponen pembangunan TIK,household_computer_norm,"Rumah tangga dengan komputer, ternormalisasi",1.76,poin 0–10,,,,,id_34_papua_aggregated_2023_2024,bps_iptik_normalized_components_province_2023_2024
ID-0003886,81,Maluku,provinsi,2023,Komponen pembangunan TIK,household_internet_norm,"Rumah tangga dengan internet, ternormalisasi",8.26,poin 0–10,,,,,id_34_papua_aggregated_2023_2024,bps_iptik_normalized_components_province_2023_2024
ID-0003887,81,Maluku,provinsi,2023,Komponen pembangunan TIK,individual_internet_norm,"Individu pengguna internet, ternormalisasi",5.85,poin 0–10,,,,,id_34_papua_aggregated_2023_2024,bps_iptik_normalized_components_province_2023_2024
ID-0003888,81,Maluku,provinsi,2023,Komponen pembangunan TIK,international_bandwidth_norm,"Bandwidth internet internasional per pengguna, ternormalisasi",8.12,poin 0–10,,,,,id_34_papua_aggregated_2023_2024,bps_iptik_normalized_components_province_2023_2024
ID-0003889,81,Maluku,provinsi,2023,Komponen pembangunan TIK,mean_years_school_norm,"Rata-rata lama sekolah, ternormalisasi",6.92,poin 0–10,,,,,id_34_papua_aggregated_2023_2024,bps_iptik_normalized_components_province_2023_2024
ID-0003890,81,Maluku,provinsi,2023,Komponen pembangunan TIK,mobile_broadband_norm,"Broadband seluler per 100 penduduk, ternormalisasi",9.61,poin 0–10,,,,,id_34_papua_aggregated_2023_2024,bps_iptik_normalized_components_province_2023_2024
ID-0003891,81,Maluku,provinsi,2023,Komponen pembangunan TIK,mobile_cellular_norm,"Telepon seluler per 100 penduduk, ternormalisasi",9.78,poin 0–10,,,,,id_34_papua_aggregated_2023_2024,bps_iptik_normalized_components_province_2023_2024
ID-0003892,81,Maluku,provinsi,2023,Komponen pembangunan TIK,secondary_enrolment_norm,"Partisipasi pendidikan sekunder, ternormalisasi",9.32,poin 0–10,,,,,id_34_papua_aggregated_2023_2024,bps_iptik_normalized_components_province_2023_2024
ID-0003893,81,Maluku,provinsi,2023,Komponen pembangunan TIK,tertiary_enrolment_norm,"Partisipasi pendidikan tinggi, ternormalisasi",4.79,poin 0–10,,,,,id_34_papua_aggregated_2023_2024,bps_iptik_normalized_components_province_2023_2024
ID-0003894,81,Maluku,provinsi,2023,Pembangunan TIK,access_infrastructure_subindex,Subindeks akses dan infrastruktur TIK,5.97,poin 0–10,,,,,id_34_papua_aggregated_2023_2024,bps_iptik_province_2023_2024
ID-0003895,81,Maluku,provinsi,2023,Pembangunan TIK,ict_development_index,Indeks Pembangunan TIK,5.94,poin 0–10,,,,,id_34_papua_aggregated_2023_2024,bps_iptik_province_2023_2024
ID-0003896,81,Maluku,provinsi,2023,Pembangunan TIK,skills_proxy_subindex,Subindeks proksi keahlian TIK,7.01,poin 0–10,,,,,id_34_papua_aggregated_2023_2024,bps_iptik_province_2023_2024
ID-0003897,81,Maluku,provinsi,2023,Pembangunan TIK,use_subindex,Subindeks penggunaan TIK,5.36,poin 0–10,,,,,id_34_papua_aggregated_2023_2024,bps_iptik_province_2023_2024
ID-0003898,81,Maluku,provinsi,2024,Akses internet,internet_access_pct,Akses internet penduduk usia 5 tahun ke atas,48.44,% penduduk dalam kelompok,area,rural,,,id_38_2024,bps_internet_access_history_province_2017_2024
ID-0003899,81,Maluku,provinsi,2024,Akses internet,internet_access_pct,Akses internet penduduk usia 5 tahun ke atas,59.96,% penduduk dalam kelompok,area,total,,,id_38_2024,bps_internet_access_history_province_2017_2024
ID-0003900,81,Maluku,provinsi,2024,Akses internet,internet_access_pct,Akses internet penduduk usia 5 tahun ke atas,74.74,% penduduk dalam kelompok,area,urban,,,id_38_2024,bps_internet_access_history_province_2017_2024
ID-0003901,81,Maluku,provinsi,2024,Akses rumah tangga,household_internet_pct,Rumah tangga dengan akses internet,80.4,% rumah tangga dalam klasifikasi daerah,area,rural,,,id_38_2024,bps_household_internet
ID-0003902,81,Maluku,provinsi,2024,Akses rumah tangga,household_internet_pct,Rumah tangga dengan akses internet,87.27,% rumah tangga dalam klasifikasi daerah,area,total,,,id_38_2024,bps_household_internet
ID-0003903,81,Maluku,provinsi,2024,Akses rumah tangga,household_internet_pct,Rumah tangga dengan akses internet,95.72,% rumah tangga dalam klasifikasi daerah,area,urban,,,id_38_2024,bps_household_internet
ID-0003904,81,Maluku,provinsi,2024,Kesenjangan gender,internet_access_pct,Akses internet penduduk usia 5 tahun ke atas menurut gender,57.83,% penduduk dalam kelompok,sex,female,,,id_38_2024,bps_internet_gender_history_province_2018_2024
ID-0003905,81,Maluku,provinsi,2024,Kesenjangan gender,internet_access_pct,Akses internet penduduk usia 5 tahun ke atas menurut gender,62.08,% penduduk dalam kelompok,sex,male,,,id_38_2024,bps_internet_gender_history_province_2018_2024
ID-0003906,81,Maluku,provinsi,2024,Komponen pembangunan TIK,fixed_broadband_norm,"Broadband tetap per 100 penduduk, ternormalisasi",0.73,poin 0–10,,,,,id_34_papua_aggregated_2023_2024,bps_iptik_normalized_components_province_2023_2024
ID-0003907,81,Maluku,provinsi,2024,Komponen pembangunan TIK,fixed_telephone_norm,"Telepon tetap per 100 penduduk, ternormalisasi",1.44,poin 0–10,,,,,id_34_papua_aggregated_2023_2024,bps_iptik_normalized_components_province_2023_2024
ID-0003908,81,Maluku,provinsi,2024,Komponen pembangunan TIK,household_computer_norm,"Rumah tangga dengan komputer, ternormalisasi",1.77,poin 0–10,,,,,id_34_papua_aggregated_2023_2024,bps_iptik_normalized_components_province_2023_2024
ID-0003909,81,Maluku,provinsi,2024,Komponen pembangunan TIK,household_internet_norm,"Rumah tangga dengan internet, ternormalisasi",8.73,poin 0–10,,,,,id_34_papua_aggregated_2023_2024,bps_iptik_normalized_components_province_2023_2024
ID-0003910,81,Maluku,provinsi,2024,Komponen pembangunan TIK,individual_internet_norm,"Individu pengguna internet, ternormalisasi",6,poin 0–10,,,,,id_34_papua_aggregated_2023_2024,bps_iptik_normalized_components_province_2023_2024
ID-0003911,81,Maluku,provinsi,2024,Komponen pembangunan TIK,international_bandwidth_norm,"Bandwidth internet internasional per pengguna, ternormalisasi",8.58,poin 0–10,,,,,id_34_papua_aggregated_2023_2024,bps_iptik_normalized_components_province_2023_2024
ID-0003912,81,Maluku,provinsi,2024,Komponen pembangunan TIK,mean_years_school_norm,"Rata-rata lama sekolah, ternormalisasi",6.96,poin 0–10,,,,,id_34_papua_aggregated_2023_2024,bps_iptik_normalized_components_province_2023_2024
ID-0003913,81,Maluku,provinsi,2024,Komponen pembangunan TIK,mobile_broadband_norm,"Broadband seluler per 100 penduduk, ternormalisasi",8.59,poin 0–10,,,,,id_34_papua_aggregated_2023_2024,bps_iptik_normalized_components_province_2023_2024
ID-0003914,81,Maluku,provinsi,2024,Komponen pembangunan TIK,mobile_cellular_norm,"Telepon seluler per 100 penduduk, ternormalisasi",9.57,poin 0–10,,,,,id_34_papua_aggregated_2023_2024,bps_iptik_normalized_components_province_2023_2024
ID-0003915,81,Maluku,provinsi,2024,Komponen pembangunan TIK,secondary_enrolment_norm,"Partisipasi pendidikan sekunder, ternormalisasi",9.24,poin 0–10,,,,,id_34_papua_aggregated_2023_2024,bps_iptik_normalized_components_province_2023_2024
ID-0003916,81,Maluku,provinsi,2024,Komponen pembangunan TIK,tertiary_enrolment_norm,"Partisipasi pendidikan tinggi, ternormalisasi",4.74,poin 0–10,,,,,id_34_papua_aggregated_2023_2024,bps_iptik_normalized_components_province_2023_2024
ID-0003917,81,Maluku,provinsi,2024,Pemanfaatan internet,percentage_users,Tujuan penggunaan internet,4.56,% pengguna internet,area,rural,category,buy_goods_services,id_38_2024,bps_internet_purpose
ID-0003918,81,Maluku,provinsi,2024,Pemanfaatan internet,percentage_users,Tujuan penggunaan internet,2.82,% pengguna internet,area,rural,category,digital_content_creation,id_38_2024,bps_internet_purpose
ID-0003919,81,Maluku,provinsi,2024,Pemanfaatan internet,percentage_users,Tujuan penggunaan internet,6.77,% pengguna internet,area,rural,category,email,id_38_2024,bps_internet_purpose
ID-0003920,81,Maluku,provinsi,2024,Pemanfaatan internet,percentage_users,Tujuan penggunaan internet,83.44,% pengguna internet,area,rural,category,entertainment,id_38_2024,bps_internet_purpose
ID-0003921,81,Maluku,provinsi,2024,Pemanfaatan internet,percentage_users,Tujuan penggunaan internet,3.03,% pengguna internet,area,rural,category,financial_services,id_38_2024,bps_internet_purpose
ID-0003922,81,Maluku,provinsi,2024,Pemanfaatan internet,percentage_users,Tujuan penggunaan internet,12.82,% pengguna internet,area,rural,category,goods_services_information,id_38_2024,bps_internet_purpose
ID-0003923,81,Maluku,provinsi,2024,Pemanfaatan internet,percentage_users,Tujuan penggunaan internet,76.46,% pengguna internet,area,rural,category,news_information,id_38_2024,bps_internet_purpose
ID-0003924,81,Maluku,provinsi,2024,Pemanfaatan internet,percentage_users,Tujuan penggunaan internet,7.37,% pengguna internet,area,rural,category,online_learning,id_38_2024,bps_internet_purpose
ID-0003925,81,Maluku,provinsi,2024,Pemanfaatan internet,percentage_users,Tujuan penggunaan internet,8.66,% pengguna internet,area,rural,category,other,id_38_2024,bps_internet_purpose
ID-0003926,81,Maluku,provinsi,2024,Pemanfaatan internet,percentage_users,Tujuan penggunaan internet,1.96,% pengguna internet,area,rural,category,sell_goods_services,id_38_2024,bps_internet_purpose
ID-0003927,81,Maluku,provinsi,2024,Pemanfaatan internet,percentage_users,Tujuan penggunaan internet,76.73,% pengguna internet,area,rural,category,social_media,id_38_2024,bps_internet_purpose
ID-0003928,81,Maluku,provinsi,2024,Pemanfaatan internet,percentage_users,Tujuan penggunaan internet,1.61,% pengguna internet,area,rural,category,work_from_home,id_38_2024,bps_internet_purpose
ID-0003929,81,Maluku,provinsi,2024,Pemanfaatan internet,percentage_users,Tujuan penggunaan internet,8.88,% pengguna internet,area,total,category,buy_goods_services,id_38_2024,bps_internet_purpose
ID-0003930,81,Maluku,provinsi,2024,Pemanfaatan internet,percentage_users,Tujuan penggunaan internet,6.96,% pengguna internet,area,total,category,digital_content_creation,id_38_2024,bps_internet_purpose
ID-0003931,81,Maluku,provinsi,2024,Pemanfaatan internet,percentage_users,Tujuan penggunaan internet,12.23,% pengguna internet,area,total,category,email,id_38_2024,bps_internet_purpose
ID-0003932,81,Maluku,provinsi,2024,Pemanfaatan internet,percentage_users,Tujuan penggunaan internet,87.42,% pengguna internet,area,total,category,entertainment,id_38_2024,bps_internet_purpose
ID-0003933,81,Maluku,provinsi,2024,Pemanfaatan internet,percentage_users,Tujuan penggunaan internet,8.5,% pengguna internet,area,total,category,financial_services,id_38_2024,bps_internet_purpose
ID-0003934,81,Maluku,provinsi,2024,Pemanfaatan internet,percentage_users,Tujuan penggunaan internet,17.9,% pengguna internet,area,total,category,goods_services_information,id_38_2024,bps_internet_purpose
ID-0003935,81,Maluku,provinsi,2024,Pemanfaatan internet,percentage_users,Tujuan penggunaan internet,80.45,% pengguna internet,area,total,category,news_information,id_38_2024,bps_internet_purpose
ID-0003936,81,Maluku,provinsi,2024,Pemanfaatan internet,percentage_users,Tujuan penggunaan internet,7.8,% pengguna internet,area,total,category,online_learning,id_38_2024,bps_internet_purpose
ID-0003937,81,Maluku,provinsi,2024,Pemanfaatan internet,percentage_users,Tujuan penggunaan internet,6.13,% pengguna internet,area,total,category,other,id_38_2024,bps_internet_purpose
ID-0003938,81,Maluku,provinsi,2024,Pemanfaatan internet,percentage_users,Tujuan penggunaan internet,2.13,% pengguna internet,area,total,category,sell_goods_services,id_38_2024,bps_internet_purpose
ID-0003939,81,Maluku,provinsi,2024,Pemanfaatan internet,percentage_users,Tujuan penggunaan internet,80.33,% pengguna internet,area,total,category,social_media,id_38_2024,bps_internet_purpose
ID-0003940,81,Maluku,provinsi,2024,Pemanfaatan internet,percentage_users,Tujuan penggunaan internet,2.31,% pengguna internet,area,total,category,work_from_home,id_38_2024,bps_internet_purpose
ID-0003941,81,Maluku,provinsi,2024,Pemanfaatan internet,percentage_users,Tujuan penggunaan internet,12.48,% pengguna internet,area,urban,category,buy_goods_services,id_38_2024,bps_internet_purpose
ID-0003942,81,Maluku,provinsi,2024,Pemanfaatan internet,percentage_users,Tujuan penggunaan internet,10.41,% pengguna internet,area,urban,category,digital_content_creation,id_38_2024,bps_internet_purpose
ID-0003943,81,Maluku,provinsi,2024,Pemanfaatan internet,percentage_users,Tujuan penggunaan internet,16.77,% pengguna internet,area,urban,category,email,id_38_2024,bps_internet_purpose
ID-0003944,81,Maluku,provinsi,2024,Pemanfaatan internet,percentage_users,Tujuan penggunaan internet,90.74,% pengguna internet,area,urban,category,entertainment,id_38_2024,bps_internet_purpose
ID-0003945,81,Maluku,provinsi,2024,Pemanfaatan internet,percentage_users,Tujuan penggunaan internet,13.05,% pengguna internet,area,urban,category,financial_services,id_38_2024,bps_internet_purpose
ID-0003946,81,Maluku,provinsi,2024,Pemanfaatan internet,percentage_users,Tujuan penggunaan internet,22.13,% pengguna internet,area,urban,category,goods_services_information,id_38_2024,bps_internet_purpose
ID-0003947,81,Maluku,provinsi,2024,Pemanfaatan internet,percentage_users,Tujuan penggunaan internet,83.77,% pengguna internet,area,urban,category,news_information,id_38_2024,bps_internet_purpose
ID-0003948,81,Maluku,provinsi,2024,Pemanfaatan internet,percentage_users,Tujuan penggunaan internet,8.16,% pengguna internet,area,urban,category,online_learning,id_38_2024,bps_internet_purpose
ID-0003949,81,Maluku,provinsi,2024,Pemanfaatan internet,percentage_users,Tujuan penggunaan internet,4.03,% pengguna internet,area,urban,category,other,id_38_2024,bps_internet_purpose
ID-0003950,81,Maluku,provinsi,2024,Pemanfaatan internet,percentage_users,Tujuan penggunaan internet,2.27,% pengguna internet,area,urban,category,sell_goods_services,id_38_2024,bps_internet_purpose
ID-0003951,81,Maluku,provinsi,2024,Pemanfaatan internet,percentage_users,Tujuan penggunaan internet,83.33,% pengguna internet,area,urban,category,social_media,id_38_2024,bps_internet_purpose
ID-0003952,81,Maluku,provinsi,2024,Pemanfaatan internet,percentage_users,Tujuan penggunaan internet,2.89,% pengguna internet,area,urban,category,work_from_home,id_38_2024,bps_internet_purpose
ID-0003953,81,Maluku,provinsi,2024,Pembangunan TIK,access_infrastructure_subindex,Subindeks akses dan infrastruktur TIK,6.02,poin 0–10,,,,,id_34_papua_aggregated_2023_2024,bps_iptik_province_2023_2024
ID-0003954,81,Maluku,provinsi,2024,Pembangunan TIK,ict_development_index,Indeks Pembangunan TIK,5.84,poin 0–10,,,,,id_34_papua_aggregated_2023_2024,bps_iptik_province_2023_2024
ID-0003955,81,Maluku,provinsi,2024,Pembangunan TIK,skills_proxy_subindex,Subindeks proksi keahlian TIK,6.98,poin 0–10,,,,,id_34_papua_aggregated_2023_2024,bps_iptik_province_2023_2024
ID-0003956,81,Maluku,provinsi,2024,Pembangunan TIK,use_subindex,Subindeks penggunaan TIK,5.1,poin 0–10,,,,,id_34_papua_aggregated_2023_2024,bps_iptik_province_2023_2024
ID-0003957,81,Maluku,provinsi,2024,Perangkat akses,percentage_users,Perangkat yang digunakan untuk mengakses internet,1.03,% pengguna internet,area,rural,category,desktop,id_38_2024,bps_access_device
ID-0003958,81,Maluku,provinsi,2024,Perangkat akses,percentage_users,Perangkat yang digunakan untuk mengakses internet,4.34,% pengguna internet,area,rural,category,laptop_tablet,id_38_2024,bps_access_device
ID-0003959,81,Maluku,provinsi,2024,Perangkat akses,percentage_users,Perangkat yang digunakan untuk mengakses internet,99.4,% pengguna internet,area,rural,category,mobile,id_38_2024,bps_access_device
ID-0003960,81,Maluku,provinsi,2024,Perangkat akses,percentage_users,Perangkat yang digunakan untuk mengakses internet,0.15,% pengguna internet,area,rural,category,other,id_38_2024,bps_access_device
ID-0003961,81,Maluku,provinsi,2024,Perangkat akses,percentage_users,Perangkat yang digunakan untuk mengakses internet,2.84,% pengguna internet,area,total,category,desktop,id_38_2024,bps_access_device
ID-0003962,81,Maluku,provinsi,2024,Perangkat akses,percentage_users,Perangkat yang digunakan untuk mengakses internet,10.21,% pengguna internet,area,total,category,laptop_tablet,id_38_2024,bps_access_device
ID-0003963,81,Maluku,provinsi,2024,Perangkat akses,percentage_users,Perangkat yang digunakan untuk mengakses internet,99.21,% pengguna internet,area,total,category,mobile,id_38_2024,bps_access_device
ID-0003964,81,Maluku,provinsi,2024,Perangkat akses,percentage_users,Perangkat yang digunakan untuk mengakses internet,0.17,% pengguna internet,area,total,category,other,id_38_2024,bps_access_device
ID-0003965,81,Maluku,provinsi,2024,Perangkat akses,percentage_users,Perangkat yang digunakan untuk mengakses internet,4.34,% pengguna internet,area,urban,category,desktop,id_38_2024,bps_access_device
ID-0003966,81,Maluku,provinsi,2024,Perangkat akses,percentage_users,Perangkat yang digunakan untuk mengakses internet,15.1,% pengguna internet,area,urban,category,laptop_tablet,id_38_2024,bps_access_device
ID-0003967,81,Maluku,provinsi,2024,Perangkat akses,percentage_users,Perangkat yang digunakan untuk mengakses internet,99.05,% pengguna internet,area,urban,category,mobile,id_38_2024,bps_access_device
ID-0003968,81,Maluku,provinsi,2024,Perangkat akses,percentage_users,Perangkat yang digunakan untuk mengakses internet,0.19,% pengguna internet,area,urban,category,other,id_38_2024,bps_access_device
ID-0003969,82,Maluku Utara,provinsi,2017,Akses internet,internet_access_pct,Akses internet penduduk usia 5 tahun ke atas,10.44,% penduduk dalam kelompok,area,rural,,,id_34_pre_split,bps_internet_access_history_province_2017_2024
ID-0003970,82,Maluku Utara,provinsi,2017,Akses internet,internet_access_pct,Akses internet penduduk usia 5 tahun ke atas,18.8,% penduduk dalam kelompok,area,total,,,id_34_pre_split,bps_internet_access_history_province_2017_2024
ID-0003971,82,Maluku Utara,provinsi,2017,Akses internet,internet_access_pct,Akses internet penduduk usia 5 tahun ke atas,40.61,% penduduk dalam kelompok,area,urban,,,id_34_pre_split,bps_internet_access_history_province_2017_2024
ID-0003972,82,Maluku Utara,provinsi,2018,Akses internet,internet_access_pct,Akses internet penduduk usia 5 tahun ke atas,15.6,% penduduk dalam kelompok,area,rural,,,id_34_pre_split,bps_internet_access_history_province_2017_2024
ID-0003973,82,Maluku Utara,provinsi,2018,Akses internet,internet_access_pct,Akses internet penduduk usia 5 tahun ke atas,25.8,% penduduk dalam kelompok,area,total,,,id_34_pre_split,bps_internet_access_history_province_2017_2024
ID-0003974,82,Maluku Utara,provinsi,2018,Akses internet,internet_access_pct,Akses internet penduduk usia 5 tahun ke atas,51,% penduduk dalam kelompok,area,urban,,,id_34_pre_split,bps_internet_access_history_province_2017_2024
ID-0003975,82,Maluku Utara,provinsi,2018,Kesenjangan gender,internet_access_pct,Akses internet penduduk usia 5 tahun ke atas menurut gender,25.21,% penduduk dalam kelompok,sex,female,,,id_34_pre_split,bps_internet_gender_history_province_2018_2024
ID-0003976,82,Maluku Utara,provinsi,2018,Kesenjangan gender,internet_access_pct,Akses internet penduduk usia 5 tahun ke atas menurut gender,26.37,% penduduk dalam kelompok,sex,male,,,id_34_pre_split,bps_internet_gender_history_province_2018_2024
ID-0003977,82,Maluku Utara,provinsi,2019,Akses internet,internet_access_pct,Akses internet penduduk usia 5 tahun ke atas,18.4,% penduduk dalam kelompok,area,rural,,,id_34_pre_split,bps_internet_access_history_province_2017_2024
ID-0003978,82,Maluku Utara,provinsi,2019,Akses internet,internet_access_pct,Akses internet penduduk usia 5 tahun ke atas,29.13,% penduduk dalam kelompok,area,total,,,id_34_pre_split,bps_internet_access_history_province_2017_2024
ID-0003979,82,Maluku Utara,provinsi,2019,Akses internet,internet_access_pct,Akses internet penduduk usia 5 tahun ke atas,55.41,% penduduk dalam kelompok,area,urban,,,id_34_pre_split,bps_internet_access_history_province_2017_2024
ID-0003980,82,Maluku Utara,provinsi,2019,Kesenjangan gender,internet_access_pct,Akses internet penduduk usia 5 tahun ke atas menurut gender,28.45,% penduduk dalam kelompok,sex,female,,,id_34_pre_split,bps_internet_gender_history_province_2018_2024
ID-0003981,82,Maluku Utara,provinsi,2019,Kesenjangan gender,internet_access_pct,Akses internet penduduk usia 5 tahun ke atas menurut gender,29.78,% penduduk dalam kelompok,sex,male,,,id_34_pre_split,bps_internet_gender_history_province_2018_2024
ID-0003982,82,Maluku Utara,provinsi,2020,Akses internet,internet_access_pct,Akses internet penduduk usia 5 tahun ke atas,25.21,% penduduk dalam kelompok,area,rural,,,id_34_pre_split,bps_internet_access_history_province_2017_2024
ID-0003983,82,Maluku Utara,provinsi,2020,Akses internet,internet_access_pct,Akses internet penduduk usia 5 tahun ke atas,35.8,% penduduk dalam kelompok,area,total,,,id_34_pre_split,bps_internet_access_history_province_2017_2024
ID-0003984,82,Maluku Utara,provinsi,2020,Akses internet,internet_access_pct,Akses internet penduduk usia 5 tahun ke atas,61.81,% penduduk dalam kelompok,area,urban,,,id_34_pre_split,bps_internet_access_history_province_2017_2024
ID-0003985,82,Maluku Utara,provinsi,2020,Kesenjangan gender,internet_access_pct,Akses internet penduduk usia 5 tahun ke atas menurut gender,34.47,% penduduk dalam kelompok,sex,female,,,id_34_pre_split,bps_internet_gender_history_province_2018_2024
ID-0003986,82,Maluku Utara,provinsi,2020,Kesenjangan gender,internet_access_pct,Akses internet penduduk usia 5 tahun ke atas menurut gender,37.09,% penduduk dalam kelompok,sex,male,,,id_34_pre_split,bps_internet_gender_history_province_2018_2024
ID-0003987,82,Maluku Utara,provinsi,2021,Akses internet,internet_access_pct,Akses internet penduduk usia 5 tahun ke atas,32.12,% penduduk dalam kelompok,area,rural,,,id_34_pre_split,bps_internet_access_history_province_2017_2024
ID-0003988,82,Maluku Utara,provinsi,2021,Akses internet,internet_access_pct,Akses internet penduduk usia 5 tahun ke atas,42.68,% penduduk dalam kelompok,area,total,,,id_34_pre_split,bps_internet_access_history_province_2017_2024
ID-0003989,82,Maluku Utara,provinsi,2021,Akses internet,internet_access_pct,Akses internet penduduk usia 5 tahun ke atas,68.86,% penduduk dalam kelompok,area,urban,,,id_34_pre_split,bps_internet_access_history_province_2017_2024
ID-0003990,82,Maluku Utara,provinsi,2021,Akses rumah tangga,household_internet_pct,Rumah tangga dengan akses internet,61.04,% rumah tangga dalam klasifikasi daerah,area,rural,,,id_34_pre_split,bps_household_internet
ID-0003991,82,Maluku Utara,provinsi,2021,Akses rumah tangga,household_internet_pct,Rumah tangga dengan akses internet,69.43,% rumah tangga dalam klasifikasi daerah,area,total,,,id_34_pre_split,bps_household_internet
ID-0003992,82,Maluku Utara,provinsi,2021,Akses rumah tangga,household_internet_pct,Rumah tangga dengan akses internet,88.62,% rumah tangga dalam klasifikasi daerah,area,urban,,,id_34_pre_split,bps_household_internet
ID-0003993,82,Maluku Utara,provinsi,2021,Kesenjangan gender,internet_access_pct,Akses internet penduduk usia 5 tahun ke atas menurut gender,41.07,% penduduk dalam kelompok,sex,female,,,id_34_pre_split,bps_internet_gender_history_province_2018_2024
ID-0003994,82,Maluku Utara,provinsi,2021,Kesenjangan gender,internet_access_pct,Akses internet penduduk usia 5 tahun ke atas menurut gender,44.24,% penduduk dalam kelompok,sex,male,,,id_34_pre_split,bps_internet_gender_history_province_2018_2024
ID-0003995,82,Maluku Utara,provinsi,2021,Literasi digital,digital_literacy_index,Indeks Literasi Digital Kominfo,3.18,poin 1–5,,,,,id_34_pre_split,kominfo_digital_literacy_province_2021
ID-0003996,82,Maluku Utara,provinsi,2022,Akses internet,internet_access_pct,Akses internet penduduk usia 5 tahun ke atas,42.3,% penduduk dalam kelompok,area,rural,,,id_34_pre_split,bps_internet_access_history_province_2017_2024
ID-0003997,82,Maluku Utara,provinsi,2022,Akses internet,internet_access_pct,Akses internet penduduk usia 5 tahun ke atas,50.2,% penduduk dalam kelompok,area,total,,,id_34_pre_split,bps_internet_access_history_province_2017_2024
ID-0003998,82,Maluku Utara,provinsi,2022,Akses internet,internet_access_pct,Akses internet penduduk usia 5 tahun ke atas,71.15,% penduduk dalam kelompok,area,urban,,,id_34_pre_split,bps_internet_access_history_province_2017_2024
ID-0003999,82,Maluku Utara,provinsi,2022,Akses rumah tangga,household_internet_pct,Rumah tangga dengan akses internet,72.19,% rumah tangga dalam klasifikasi daerah,area,rural,,,id_34_pre_split,bps_household_internet
ID-0004000,82,Maluku Utara,provinsi,2022,Akses rumah tangga,household_internet_pct,Rumah tangga dengan akses internet,77.8,% rumah tangga dalam klasifikasi daerah,area,total,,,id_34_pre_split,bps_household_internet
ID-0004001,82,Maluku Utara,provinsi,2022,Akses rumah tangga,household_internet_pct,Rumah tangga dengan akses internet,91.4,% rumah tangga dalam klasifikasi daerah,area,urban,,,id_34_pre_split,bps_household_internet
ID-0004002,82,Maluku Utara,provinsi,2022,Kesenjangan gender,internet_access_pct,Akses internet penduduk usia 5 tahun ke atas menurut gender,47.96,% penduduk dalam kelompok,sex,female,,,id_34_pre_split,bps_internet_gender_history_province_2018_2024
ID-0004003,82,Maluku Utara,provinsi,2022,Kesenjangan gender,internet_access_pct,Akses internet penduduk usia 5 tahun ke atas menurut gender,52.35,% penduduk dalam kelompok,sex,male,,,id_34_pre_split,bps_internet_gender_history_province_2018_2024
ID-0004004,82,Maluku Utara,provinsi,2023,Akses internet,internet_access_pct,Akses internet penduduk usia 5 tahun ke atas,44.71,% penduduk dalam kelompok,area,rural,,,id_34_pre_split,bps_internet_access_history_province_2017_2024
ID-0004005,82,Maluku Utara,provinsi,2023,Akses internet,internet_access_pct,Akses internet penduduk usia 5 tahun ke atas,53.48,% penduduk dalam kelompok,area,total,,,id_34_pre_split,bps_internet_access_history_province_2017_2024
ID-0004006,82,Maluku Utara,provinsi,2023,Akses internet,internet_access_pct,Akses internet penduduk usia 5 tahun ke atas,74.8,% penduduk dalam kelompok,area,urban,,,id_34_pre_split,bps_internet_access_history_province_2017_2024
ID-0004007,82,Maluku Utara,provinsi,2023,Akses rumah tangga,household_internet_pct,Rumah tangga dengan akses internet,77.67,% rumah tangga dalam klasifikasi daerah,area,rural,,,id_34_pre_split,bps_household_internet
ID-0004008,82,Maluku Utara,provinsi,2023,Akses rumah tangga,household_internet_pct,Rumah tangga dengan akses internet,81.88,% rumah tangga dalam klasifikasi daerah,area,total,,,id_34_pre_split,bps_household_internet
ID-0004009,82,Maluku Utara,provinsi,2023,Akses rumah tangga,household_internet_pct,Rumah tangga dengan akses internet,91.69,% rumah tangga dalam klasifikasi daerah,area,urban,,,id_34_pre_split,bps_household_internet
ID-0004010,82,Maluku Utara,provinsi,2023,Kesenjangan gender,internet_access_pct,Akses internet penduduk usia 5 tahun ke atas menurut gender,51.75,% penduduk dalam kelompok,sex,female,,,id_34_pre_split,bps_internet_gender_history_province_2018_2024
ID-0004011,82,Maluku Utara,provinsi,2023,Kesenjangan gender,internet_access_pct,Akses internet penduduk usia 5 tahun ke atas menurut gender,55.17,% penduduk dalam kelompok,sex,male,,,id_34_pre_split,bps_internet_gender_history_province_2018_2024
ID-0004012,82,Maluku Utara,provinsi,2023,Komponen pembangunan TIK,fixed_broadband_norm,"Broadband tetap per 100 penduduk, ternormalisasi",0.47,poin 0–10,,,,,id_34_papua_aggregated_2023_2024,bps_iptik_normalized_components_province_2023_2024
ID-0004013,82,Maluku Utara,provinsi,2023,Komponen pembangunan TIK,fixed_telephone_norm,"Telepon tetap per 100 penduduk, ternormalisasi",1.08,poin 0–10,,,,,id_34_papua_aggregated_2023_2024,bps_iptik_normalized_components_province_2023_2024
ID-0004014,82,Maluku Utara,provinsi,2023,Komponen pembangunan TIK,household_computer_norm,"Rumah tangga dengan komputer, ternormalisasi",1.59,poin 0–10,,,,,id_34_papua_aggregated_2023_2024,bps_iptik_normalized_components_province_2023_2024
ID-0004015,82,Maluku Utara,provinsi,2023,Komponen pembangunan TIK,household_internet_norm,"Rumah tangga dengan internet, ternormalisasi",8.19,poin 0–10,,,,,id_34_papua_aggregated_2023_2024,bps_iptik_normalized_components_province_2023_2024
ID-0004016,82,Maluku Utara,provinsi,2023,Komponen pembangunan TIK,individual_internet_norm,"Individu pengguna internet, ternormalisasi",5.35,poin 0–10,,,,,id_34_papua_aggregated_2023_2024,bps_iptik_normalized_components_province_2023_2024
ID-0004017,82,Maluku Utara,provinsi,2023,Komponen pembangunan TIK,international_bandwidth_norm,"Bandwidth internet internasional per pengguna, ternormalisasi",8.17,poin 0–10,,,,,id_34_papua_aggregated_2023_2024,bps_iptik_normalized_components_province_2023_2024
ID-0004018,82,Maluku Utara,provinsi,2023,Komponen pembangunan TIK,mean_years_school_norm,"Rata-rata lama sekolah, ternormalisasi",6.41,poin 0–10,,,,,id_34_papua_aggregated_2023_2024,bps_iptik_normalized_components_province_2023_2024
ID-0004019,82,Maluku Utara,provinsi,2023,Komponen pembangunan TIK,mobile_broadband_norm,"Broadband seluler per 100 penduduk, ternormalisasi",8.93,poin 0–10,,,,,id_34_papua_aggregated_2023_2024,bps_iptik_normalized_components_province_2023_2024
ID-0004020,82,Maluku Utara,provinsi,2023,Komponen pembangunan TIK,mobile_cellular_norm,"Telepon seluler per 100 penduduk, ternormalisasi",9.35,poin 0–10,,,,,id_34_papua_aggregated_2023_2024,bps_iptik_normalized_components_province_2023_2024
ID-0004021,82,Maluku Utara,provinsi,2023,Komponen pembangunan TIK,secondary_enrolment_norm,"Partisipasi pendidikan sekunder, ternormalisasi",9.19,poin 0–10,,,,,id_34_papua_aggregated_2023_2024,bps_iptik_normalized_components_province_2023_2024
ID-0004022,82,Maluku Utara,provinsi,2023,Komponen pembangunan TIK,tertiary_enrolment_norm,"Partisipasi pendidikan tinggi, ternormalisasi",4.26,poin 0–10,,,,,id_34_papua_aggregated_2023_2024,bps_iptik_normalized_components_province_2023_2024
ID-0004023,82,Maluku Utara,provinsi,2023,Pembangunan TIK,access_infrastructure_subindex,Subindeks akses dan infrastruktur TIK,5.67,poin 0–10,,,,,id_34_papua_aggregated_2023_2024,bps_iptik_province_2023_2024
ID-0004024,82,Maluku Utara,provinsi,2023,Pembangunan TIK,ict_development_index,Indeks Pembangunan TIK,5.56,poin 0–10,,,,,id_34_papua_aggregated_2023_2024,bps_iptik_province_2023_2024
ID-0004025,82,Maluku Utara,provinsi,2023,Pembangunan TIK,skills_proxy_subindex,Subindeks proksi keahlian TIK,6.62,poin 0–10,,,,,id_34_papua_aggregated_2023_2024,bps_iptik_province_2023_2024
ID-0004026,82,Maluku Utara,provinsi,2023,Pembangunan TIK,use_subindex,Subindeks penggunaan TIK,4.92,poin 0–10,,,,,id_34_papua_aggregated_2023_2024,bps_iptik_province_2023_2024
ID-0004027,82,Maluku Utara,provinsi,2024,Akses internet,internet_access_pct,Akses internet penduduk usia 5 tahun ke atas,50.46,% penduduk dalam kelompok,area,rural,,,id_38_2024,bps_internet_access_history_province_2017_2024
ID-0004028,82,Maluku Utara,provinsi,2024,Akses internet,internet_access_pct,Akses internet penduduk usia 5 tahun ke atas,59.17,% penduduk dalam kelompok,area,total,,,id_38_2024,bps_internet_access_history_province_2017_2024
ID-0004029,82,Maluku Utara,provinsi,2024,Akses internet,internet_access_pct,Akses internet penduduk usia 5 tahun ke atas,80.1,% penduduk dalam kelompok,area,urban,,,id_38_2024,bps_internet_access_history_province_2017_2024
ID-0004030,82,Maluku Utara,provinsi,2024,Akses rumah tangga,household_internet_pct,Rumah tangga dengan akses internet,83.39,% rumah tangga dalam klasifikasi daerah,area,rural,,,id_38_2024,bps_household_internet
ID-0004031,82,Maluku Utara,provinsi,2024,Akses rumah tangga,household_internet_pct,Rumah tangga dengan akses internet,87.28,% rumah tangga dalam klasifikasi daerah,area,total,,,id_38_2024,bps_household_internet
ID-0004032,82,Maluku Utara,provinsi,2024,Akses rumah tangga,household_internet_pct,Rumah tangga dengan akses internet,96.21,% rumah tangga dalam klasifikasi daerah,area,urban,,,id_38_2024,bps_household_internet
ID-0004033,82,Maluku Utara,provinsi,2024,Kesenjangan gender,internet_access_pct,Akses internet penduduk usia 5 tahun ke atas menurut gender,56.72,% penduduk dalam kelompok,sex,female,,,id_38_2024,bps_internet_gender_history_province_2018_2024
ID-0004034,82,Maluku Utara,provinsi,2024,Kesenjangan gender,internet_access_pct,Akses internet penduduk usia 5 tahun ke atas menurut gender,61.58,% penduduk dalam kelompok,sex,male,,,id_38_2024,bps_internet_gender_history_province_2018_2024
ID-0004035,82,Maluku Utara,provinsi,2024,Komponen pembangunan TIK,fixed_broadband_norm,"Broadband tetap per 100 penduduk, ternormalisasi",0.56,poin 0–10,,,,,id_34_papua_aggregated_2023_2024,bps_iptik_normalized_components_province_2023_2024
ID-0004036,82,Maluku Utara,provinsi,2024,Komponen pembangunan TIK,fixed_telephone_norm,"Telepon tetap per 100 penduduk, ternormalisasi",1.14,poin 0–10,,,,,id_34_papua_aggregated_2023_2024,bps_iptik_normalized_components_province_2023_2024
ID-0004037,82,Maluku Utara,provinsi,2024,Komponen pembangunan TIK,household_computer_norm,"Rumah tangga dengan komputer, ternormalisasi",1.7,poin 0–10,,,,,id_34_papua_aggregated_2023_2024,bps_iptik_normalized_components_province_2023_2024
ID-0004038,82,Maluku Utara,provinsi,2024,Komponen pembangunan TIK,household_internet_norm,"Rumah tangga dengan internet, ternormalisasi",8.73,poin 0–10,,,,,id_34_papua_aggregated_2023_2024,bps_iptik_normalized_components_province_2023_2024
ID-0004039,82,Maluku Utara,provinsi,2024,Komponen pembangunan TIK,individual_internet_norm,"Individu pengguna internet, ternormalisasi",5.92,poin 0–10,,,,,id_34_papua_aggregated_2023_2024,bps_iptik_normalized_components_province_2023_2024
ID-0004040,82,Maluku Utara,provinsi,2024,Komponen pembangunan TIK,international_bandwidth_norm,"Bandwidth internet internasional per pengguna, ternormalisasi",8.58,poin 0–10,,,,,id_34_papua_aggregated_2023_2024,bps_iptik_normalized_components_province_2023_2024
ID-0004041,82,Maluku Utara,provinsi,2024,Komponen pembangunan TIK,mean_years_school_norm,"Rata-rata lama sekolah, ternormalisasi",6.46,poin 0–10,,,,,id_34_papua_aggregated_2023_2024,bps_iptik_normalized_components_province_2023_2024
ID-0004042,82,Maluku Utara,provinsi,2024,Komponen pembangunan TIK,mobile_broadband_norm,"Broadband seluler per 100 penduduk, ternormalisasi",8.65,poin 0–10,,,,,id_34_papua_aggregated_2023_2024,bps_iptik_normalized_components_province_2023_2024
ID-0004043,82,Maluku Utara,provinsi,2024,Komponen pembangunan TIK,mobile_cellular_norm,"Telepon seluler per 100 penduduk, ternormalisasi",9.12,poin 0–10,,,,,id_34_papua_aggregated_2023_2024,bps_iptik_normalized_components_province_2023_2024
ID-0004044,82,Maluku Utara,provinsi,2024,Komponen pembangunan TIK,secondary_enrolment_norm,"Partisipasi pendidikan sekunder, ternormalisasi",9.17,poin 0–10,,,,,id_34_papua_aggregated_2023_2024,bps_iptik_normalized_components_province_2023_2024
ID-0004045,82,Maluku Utara,provinsi,2024,Komponen pembangunan TIK,tertiary_enrolment_norm,"Partisipasi pendidikan tinggi, ternormalisasi",4.17,poin 0–10,,,,,id_34_papua_aggregated_2023_2024,bps_iptik_normalized_components_province_2023_2024
ID-0004046,82,Maluku Utara,provinsi,2024,Pemanfaatan internet,percentage_users,Tujuan penggunaan internet,4.84,% pengguna internet,area,rural,category,buy_goods_services,id_38_2024,bps_internet_purpose
ID-0004047,82,Maluku Utara,provinsi,2024,Pemanfaatan internet,percentage_users,Tujuan penggunaan internet,1.72,% pengguna internet,area,rural,category,digital_content_creation,id_38_2024,bps_internet_purpose
ID-0004048,82,Maluku Utara,provinsi,2024,Pemanfaatan internet,percentage_users,Tujuan penggunaan internet,6.04,% pengguna internet,area,rural,category,email,id_38_2024,bps_internet_purpose
ID-0004049,82,Maluku Utara,provinsi,2024,Pemanfaatan internet,percentage_users,Tujuan penggunaan internet,76.45,% pengguna internet,area,rural,category,entertainment,id_38_2024,bps_internet_purpose
ID-0004050,82,Maluku Utara,provinsi,2024,Pemanfaatan internet,percentage_users,Tujuan penggunaan internet,2.89,% pengguna internet,area,rural,category,financial_services,id_38_2024,bps_internet_purpose
ID-0004051,82,Maluku Utara,provinsi,2024,Pemanfaatan internet,percentage_users,Tujuan penggunaan internet,8.12,% pengguna internet,area,rural,category,goods_services_information,id_38_2024,bps_internet_purpose
ID-0004052,82,Maluku Utara,provinsi,2024,Pemanfaatan internet,percentage_users,Tujuan penggunaan internet,65.49,% pengguna internet,area,rural,category,news_information,id_38_2024,bps_internet_purpose
ID-0004053,82,Maluku Utara,provinsi,2024,Pemanfaatan internet,percentage_users,Tujuan penggunaan internet,6.48,% pengguna internet,area,rural,category,online_learning,id_38_2024,bps_internet_purpose
ID-0004054,82,Maluku Utara,provinsi,2024,Pemanfaatan internet,percentage_users,Tujuan penggunaan internet,4.43,% pengguna internet,area,rural,category,other,id_38_2024,bps_internet_purpose
ID-0004055,82,Maluku Utara,provinsi,2024,Pemanfaatan internet,percentage_users,Tujuan penggunaan internet,0.8,% pengguna internet,area,rural,category,sell_goods_services,id_38_2024,bps_internet_purpose
ID-0004056,82,Maluku Utara,provinsi,2024,Pemanfaatan internet,percentage_users,Tujuan penggunaan internet,65.43,% pengguna internet,area,rural,category,social_media,id_38_2024,bps_internet_purpose
ID-0004057,82,Maluku Utara,provinsi,2024,Pemanfaatan internet,percentage_users,Tujuan penggunaan internet,0.6,% pengguna internet,area,rural,category,work_from_home,id_38_2024,bps_internet_purpose
ID-0004058,82,Maluku Utara,provinsi,2024,Pemanfaatan internet,percentage_users,Tujuan penggunaan internet,9.74,% pengguna internet,area,total,category,buy_goods_services,id_38_2024,bps_internet_purpose
ID-0004059,82,Maluku Utara,provinsi,2024,Pemanfaatan internet,percentage_users,Tujuan penggunaan internet,1.51,% pengguna internet,area,total,category,digital_content_creation,id_38_2024,bps_internet_purpose
ID-0004060,82,Maluku Utara,provinsi,2024,Pemanfaatan internet,percentage_users,Tujuan penggunaan internet,10.89,% pengguna internet,area,total,category,email,id_38_2024,bps_internet_purpose
ID-0004061,82,Maluku Utara,provinsi,2024,Pemanfaatan internet,percentage_users,Tujuan penggunaan internet,79.51,% pengguna internet,area,total,category,entertainment,id_38_2024,bps_internet_purpose
ID-0004062,82,Maluku Utara,provinsi,2024,Pemanfaatan internet,percentage_users,Tujuan penggunaan internet,7.64,% pengguna internet,area,total,category,financial_services,id_38_2024,bps_internet_purpose
ID-0004063,82,Maluku Utara,provinsi,2024,Pemanfaatan internet,percentage_users,Tujuan penggunaan internet,14.03,% pengguna internet,area,total,category,goods_services_information,id_38_2024,bps_internet_purpose
ID-0004064,82,Maluku Utara,provinsi,2024,Pemanfaatan internet,percentage_users,Tujuan penggunaan internet,67.81,% pengguna internet,area,total,category,news_information,id_38_2024,bps_internet_purpose
ID-0004065,82,Maluku Utara,provinsi,2024,Pemanfaatan internet,percentage_users,Tujuan penggunaan internet,6.96,% pengguna internet,area,total,category,online_learning,id_38_2024,bps_internet_purpose
ID-0004066,82,Maluku Utara,provinsi,2024,Pemanfaatan internet,percentage_users,Tujuan penggunaan internet,5.22,% pengguna internet,area,total,category,other,id_38_2024,bps_internet_purpose
ID-0004067,82,Maluku Utara,provinsi,2024,Pemanfaatan internet,percentage_users,Tujuan penggunaan internet,2.24,% pengguna internet,area,total,category,sell_goods_services,id_38_2024,bps_internet_purpose
ID-0004068,82,Maluku Utara,provinsi,2024,Pemanfaatan internet,percentage_users,Tujuan penggunaan internet,70.94,% pengguna internet,area,total,category,social_media,id_38_2024,bps_internet_purpose
ID-0004069,82,Maluku Utara,provinsi,2024,Pemanfaatan internet,percentage_users,Tujuan penggunaan internet,1.18,% pengguna internet,area,total,category,work_from_home,id_38_2024,bps_internet_purpose
ID-0004070,82,Maluku Utara,provinsi,2024,Pemanfaatan internet,percentage_users,Tujuan penggunaan internet,17.15,% pengguna internet,area,urban,category,buy_goods_services,id_38_2024,bps_internet_purpose
ID-0004071,82,Maluku Utara,provinsi,2024,Pemanfaatan internet,percentage_users,Tujuan penggunaan internet,1.19,% pengguna internet,area,urban,category,digital_content_creation,id_38_2024,bps_internet_purpose
ID-0004072,82,Maluku Utara,provinsi,2024,Pemanfaatan internet,percentage_users,Tujuan penggunaan internet,18.23,% pengguna internet,area,urban,category,email,id_38_2024,bps_internet_purpose
ID-0004073,82,Maluku Utara,provinsi,2024,Pemanfaatan internet,percentage_users,Tujuan penggunaan internet,84.12,% pengguna internet,area,urban,category,entertainment,id_38_2024,bps_internet_purpose
ID-0004074,82,Maluku Utara,provinsi,2024,Pemanfaatan internet,percentage_users,Tujuan penggunaan internet,14.82,% pengguna internet,area,urban,category,financial_services,id_38_2024,bps_internet_purpose
ID-0004075,82,Maluku Utara,provinsi,2024,Pemanfaatan internet,percentage_users,Tujuan penggunaan internet,22.97,% pengguna internet,area,urban,category,goods_services_information,id_38_2024,bps_internet_purpose
ID-0004076,82,Maluku Utara,provinsi,2024,Pemanfaatan internet,percentage_users,Tujuan penggunaan internet,71.3,% pengguna internet,area,urban,category,news_information,id_38_2024,bps_internet_purpose
ID-0004077,82,Maluku Utara,provinsi,2024,Pemanfaatan internet,percentage_users,Tujuan penggunaan internet,7.67,% pengguna internet,area,urban,category,online_learning,id_38_2024,bps_internet_purpose
ID-0004078,82,Maluku Utara,provinsi,2024,Pemanfaatan internet,percentage_users,Tujuan penggunaan internet,6.4,% pengguna internet,area,urban,category,other,id_38_2024,bps_internet_purpose
ID-0004079,82,Maluku Utara,provinsi,2024,Pemanfaatan internet,percentage_users,Tujuan penggunaan internet,4.42,% pengguna internet,area,urban,category,sell_goods_services,id_38_2024,bps_internet_purpose
ID-0004080,82,Maluku Utara,provinsi,2024,Pemanfaatan internet,percentage_users,Tujuan penggunaan internet,79.27,% pengguna internet,area,urban,category,social_media,id_38_2024,bps_internet_purpose
ID-0004081,82,Maluku Utara,provinsi,2024,Pemanfaatan internet,percentage_users,Tujuan penggunaan internet,2.06,% pengguna internet,area,urban,category,work_from_home,id_38_2024,bps_internet_purpose
ID-0004082,82,Maluku Utara,provinsi,2024,Pembangunan TIK,access_infrastructure_subindex,Subindeks akses dan infrastruktur TIK,5.85,poin 0–10,,,,,id_34_papua_aggregated_2023_2024,bps_iptik_province_2023_2024
ID-0004083,82,Maluku Utara,provinsi,2024,Pembangunan TIK,ict_development_index,Indeks Pembangunan TIK,5.68,poin 0–10,,,,,id_34_papua_aggregated_2023_2024,bps_iptik_province_2023_2024
ID-0004084,82,Maluku Utara,provinsi,2024,Pembangunan TIK,skills_proxy_subindex,Subindeks proksi keahlian TIK,6.6,poin 0–10,,,,,id_34_papua_aggregated_2023_2024,bps_iptik_province_2023_2024
ID-0004085,82,Maluku Utara,provinsi,2024,Pembangunan TIK,use_subindex,Subindeks penggunaan TIK,5.04,poin 0–10,,,,,id_34_papua_aggregated_2023_2024,bps_iptik_province_2023_2024
ID-0004086,82,Maluku Utara,provinsi,2024,Perangkat akses,percentage_users,Perangkat yang digunakan untuk mengakses internet,0.45,% pengguna internet,area,rural,category,desktop,id_38_2024,bps_access_device
ID-0004087,82,Maluku Utara,provinsi,2024,Perangkat akses,percentage_users,Perangkat yang digunakan untuk mengakses internet,4.07,% pengguna internet,area,rural,category,laptop_tablet,id_38_2024,bps_access_device
ID-0004088,82,Maluku Utara,provinsi,2024,Perangkat akses,percentage_users,Perangkat yang digunakan untuk mengakses internet,99.41,% pengguna internet,area,rural,category,mobile,id_38_2024,bps_access_device
ID-0004089,82,Maluku Utara,provinsi,2024,Perangkat akses,percentage_users,Perangkat yang digunakan untuk mengakses internet,0.12,% pengguna internet,area,rural,category,other,id_38_2024,bps_access_device
ID-0004090,82,Maluku Utara,provinsi,2024,Perangkat akses,percentage_users,Perangkat yang digunakan untuk mengakses internet,1.31,% pengguna internet,area,total,category,desktop,id_38_2024,bps_access_device
ID-0004091,82,Maluku Utara,provinsi,2024,Perangkat akses,percentage_users,Perangkat yang digunakan untuk mengakses internet,7.91,% pengguna internet,area,total,category,laptop_tablet,id_38_2024,bps_access_device
ID-0004092,82,Maluku Utara,provinsi,2024,Perangkat akses,percentage_users,Perangkat yang digunakan untuk mengakses internet,99.38,% pengguna internet,area,total,category,mobile,id_38_2024,bps_access_device
ID-0004093,82,Maluku Utara,provinsi,2024,Perangkat akses,percentage_users,Perangkat yang digunakan untuk mengakses internet,0.16,% pengguna internet,area,total,category,other,id_38_2024,bps_access_device
ID-0004094,82,Maluku Utara,provinsi,2024,Perangkat akses,percentage_users,Perangkat yang digunakan untuk mengakses internet,2.61,% pengguna internet,area,urban,category,desktop,id_38_2024,bps_access_device
ID-0004095,82,Maluku Utara,provinsi,2024,Perangkat akses,percentage_users,Perangkat yang digunakan untuk mengakses internet,13.72,% pengguna internet,area,urban,category,laptop_tablet,id_38_2024,bps_access_device
ID-0004096,82,Maluku Utara,provinsi,2024,Perangkat akses,percentage_users,Perangkat yang digunakan untuk mengakses internet,99.33,% pengguna internet,area,urban,category,mobile,id_38_2024,bps_access_device
ID-0004097,82,Maluku Utara,provinsi,2024,Perangkat akses,percentage_users,Perangkat yang digunakan untuk mengakses internet,0.22,% pengguna internet,area,urban,category,other,id_38_2024,bps_access_device
ID-0004098,91,Papua Barat,provinsi,2017,Akses internet,internet_access_pct,Akses internet penduduk usia 5 tahun ke atas,19.53,% penduduk dalam kelompok,area,rural,,,id_34_pre_split,bps_internet_access_history_province_2017_2024
ID-0004099,91,Papua Barat,provinsi,2017,Akses internet,internet_access_pct,Akses internet penduduk usia 5 tahun ke atas,27.45,% penduduk dalam kelompok,area,total,,,id_34_pre_split,bps_internet_access_history_province_2017_2024
ID-0004100,91,Papua Barat,provinsi,2017,Akses internet,internet_access_pct,Akses internet penduduk usia 5 tahun ke atas,39.74,% penduduk dalam kelompok,area,urban,,,id_34_pre_split,bps_internet_access_history_province_2017_2024
ID-0004101,91,Papua Barat,provinsi,2018,Akses internet,internet_access_pct,Akses internet penduduk usia 5 tahun ke atas,26.99,% penduduk dalam kelompok,area,rural,,,id_34_pre_split,bps_internet_access_history_province_2017_2024
ID-0004102,91,Papua Barat,provinsi,2018,Akses internet,internet_access_pct,Akses internet penduduk usia 5 tahun ke atas,36.41,% penduduk dalam kelompok,area,total,,,id_34_pre_split,bps_internet_access_history_province_2017_2024
ID-0004103,91,Papua Barat,provinsi,2018,Akses internet,internet_access_pct,Akses internet penduduk usia 5 tahun ke atas,50.1,% penduduk dalam kelompok,area,urban,,,id_34_pre_split,bps_internet_access_history_province_2017_2024
ID-0004104,91,Papua Barat,provinsi,2018,Kesenjangan gender,internet_access_pct,Akses internet penduduk usia 5 tahun ke atas menurut gender,34.4,% penduduk dalam kelompok,sex,female,,,id_34_pre_split,bps_internet_gender_history_province_2018_2024
ID-0004105,91,Papua Barat,provinsi,2018,Kesenjangan gender,internet_access_pct,Akses internet penduduk usia 5 tahun ke atas menurut gender,38.22,% penduduk dalam kelompok,sex,male,,,id_34_pre_split,bps_internet_gender_history_province_2018_2024
ID-0004106,91,Papua Barat,provinsi,2019,Akses internet,internet_access_pct,Akses internet penduduk usia 5 tahun ke atas,32.64,% penduduk dalam kelompok,area,rural,,,id_34_pre_split,bps_internet_access_history_province_2017_2024
ID-0004107,91,Papua Barat,provinsi,2019,Akses internet,internet_access_pct,Akses internet penduduk usia 5 tahun ke atas,43.46,% penduduk dalam kelompok,area,total,,,id_34_pre_split,bps_internet_access_history_province_2017_2024
ID-0004108,91,Papua Barat,provinsi,2019,Akses internet,internet_access_pct,Akses internet penduduk usia 5 tahun ke atas,58.25,% penduduk dalam kelompok,area,urban,,,id_34_pre_split,bps_internet_access_history_province_2017_2024
ID-0004109,91,Papua Barat,provinsi,2019,Kesenjangan gender,internet_access_pct,Akses internet penduduk usia 5 tahun ke atas menurut gender,41.19,% penduduk dalam kelompok,sex,female,,,id_34_pre_split,bps_internet_gender_history_province_2018_2024
ID-0004110,91,Papua Barat,provinsi,2019,Kesenjangan gender,internet_access_pct,Akses internet penduduk usia 5 tahun ke atas menurut gender,45.51,% penduduk dalam kelompok,sex,male,,,id_34_pre_split,bps_internet_gender_history_province_2018_2024
ID-0004111,91,Papua Barat,provinsi,2020,Akses internet,internet_access_pct,Akses internet penduduk usia 5 tahun ke atas,38.92,% penduduk dalam kelompok,area,rural,,,id_34_pre_split,bps_internet_access_history_province_2017_2024
ID-0004112,91,Papua Barat,provinsi,2020,Akses internet,internet_access_pct,Akses internet penduduk usia 5 tahun ke atas,50.21,% penduduk dalam kelompok,area,total,,,id_34_pre_split,bps_internet_access_history_province_2017_2024
ID-0004113,91,Papua Barat,provinsi,2020,Akses internet,internet_access_pct,Akses internet penduduk usia 5 tahun ke atas,65.61,% penduduk dalam kelompok,area,urban,,,id_34_pre_split,bps_internet_access_history_province_2017_2024
ID-0004114,91,Papua Barat,provinsi,2020,Kesenjangan gender,internet_access_pct,Akses internet penduduk usia 5 tahun ke atas menurut gender,47.71,% penduduk dalam kelompok,sex,female,,,id_34_pre_split,bps_internet_gender_history_province_2018_2024
ID-0004115,91,Papua Barat,provinsi,2020,Kesenjangan gender,internet_access_pct,Akses internet penduduk usia 5 tahun ke atas menurut gender,52.46,% penduduk dalam kelompok,sex,male,,,id_34_pre_split,bps_internet_gender_history_province_2018_2024
ID-0004116,91,Papua Barat,provinsi,2021,Akses internet,internet_access_pct,Akses internet penduduk usia 5 tahun ke atas,40.43,% penduduk dalam kelompok,area,rural,,,id_34_pre_split,bps_internet_access_history_province_2017_2024
ID-0004117,91,Papua Barat,provinsi,2021,Akses internet,internet_access_pct,Akses internet penduduk usia 5 tahun ke atas,54.61,% penduduk dalam kelompok,area,total,,,id_34_pre_split,bps_internet_access_history_province_2017_2024
ID-0004118,91,Papua Barat,provinsi,2021,Akses internet,internet_access_pct,Akses internet penduduk usia 5 tahun ke atas,73.31,% penduduk dalam kelompok,area,urban,,,id_34_pre_split,bps_internet_access_history_province_2017_2024
ID-0004119,91,Papua Barat,provinsi,2021,Akses rumah tangga,household_internet_pct,Rumah tangga dengan akses internet,60.75,% rumah tangga dalam klasifikasi daerah,area,rural,,,id_34_pre_split,bps_household_internet
ID-0004120,91,Papua Barat,provinsi,2021,Akses rumah tangga,household_internet_pct,Rumah tangga dengan akses internet,74.08,% rumah tangga dalam klasifikasi daerah,area,total,,,id_34_pre_split,bps_household_internet
ID-0004121,91,Papua Barat,provinsi,2021,Akses rumah tangga,household_internet_pct,Rumah tangga dengan akses internet,92.43,% rumah tangga dalam klasifikasi daerah,area,urban,,,id_34_pre_split,bps_household_internet
ID-0004122,91,Papua Barat,provinsi,2021,Kesenjangan gender,internet_access_pct,Akses internet penduduk usia 5 tahun ke atas menurut gender,52.11,% penduduk dalam kelompok,sex,female,,,id_34_pre_split,bps_internet_gender_history_province_2018_2024
ID-0004123,91,Papua Barat,provinsi,2021,Kesenjangan gender,internet_access_pct,Akses internet penduduk usia 5 tahun ke atas menurut gender,56.89,% penduduk dalam kelompok,sex,male,,,id_34_pre_split,bps_internet_gender_history_province_2018_2024
ID-0004124,91,Papua Barat,provinsi,2021,Literasi digital,digital_literacy_index,Indeks Literasi Digital Kominfo,3.61,poin 1–5,,,,,id_34_pre_split,kominfo_digital_literacy_province_2021
ID-0004125,91,Papua Barat,provinsi,2022,Akses internet,internet_access_pct,Akses internet penduduk usia 5 tahun ke atas,49.77,% penduduk dalam kelompok,area,rural,,,id_34_pre_split,bps_internet_access_history_province_2017_2024
ID-0004126,91,Papua Barat,provinsi,2022,Akses internet,internet_access_pct,Akses internet penduduk usia 5 tahun ke atas,58.27,% penduduk dalam kelompok,area,total,,,id_34_pre_split,bps_internet_access_history_province_2017_2024
ID-0004127,91,Papua Barat,provinsi,2022,Akses internet,internet_access_pct,Akses internet penduduk usia 5 tahun ke atas,74.59,% penduduk dalam kelompok,area,urban,,,id_34_pre_split,bps_internet_access_history_province_2017_2024
ID-0004128,91,Papua Barat,provinsi,2022,Akses rumah tangga,household_internet_pct,Rumah tangga dengan akses internet,68.76,% rumah tangga dalam klasifikasi daerah,area,rural,,,id_34_pre_split,bps_household_internet
ID-0004129,91,Papua Barat,provinsi,2022,Akses rumah tangga,household_internet_pct,Rumah tangga dengan akses internet,78.32,% rumah tangga dalam klasifikasi daerah,area,total,,,id_34_pre_split,bps_household_internet
ID-0004130,91,Papua Barat,provinsi,2022,Akses rumah tangga,household_internet_pct,Rumah tangga dengan akses internet,91.52,% rumah tangga dalam klasifikasi daerah,area,urban,,,id_34_pre_split,bps_household_internet
ID-0004131,91,Papua Barat,provinsi,2022,Kesenjangan gender,internet_access_pct,Akses internet penduduk usia 5 tahun ke atas menurut gender,56.37,% penduduk dalam kelompok,sex,female,,,id_34_pre_split,bps_internet_gender_history_province_2018_2024
ID-0004132,91,Papua Barat,provinsi,2022,Kesenjangan gender,internet_access_pct,Akses internet penduduk usia 5 tahun ke atas menurut gender,60.02,% penduduk dalam kelompok,sex,male,,,id_34_pre_split,bps_internet_gender_history_province_2018_2024
ID-0004133,91,Papua Barat,provinsi,2023,Akses internet,internet_access_pct,Akses internet penduduk usia 5 tahun ke atas,49.82,% penduduk dalam kelompok,area,rural,,,id_34_pre_split,bps_internet_access_history_province_2017_2024
ID-0004134,91,Papua Barat,provinsi,2023,Akses internet,internet_access_pct,Akses internet penduduk usia 5 tahun ke atas,60.01,% penduduk dalam kelompok,area,total,,,id_34_pre_split,bps_internet_access_history_province_2017_2024
ID-0004135,91,Papua Barat,provinsi,2023,Akses internet,internet_access_pct,Akses internet penduduk usia 5 tahun ke atas,74.29,% penduduk dalam kelompok,area,urban,,,id_34_pre_split,bps_internet_access_history_province_2017_2024
ID-0004136,91,Papua Barat,provinsi,2023,Akses rumah tangga,household_internet_pct,Rumah tangga dengan akses internet,73.71,% rumah tangga dalam klasifikasi daerah,area,rural,,,id_34_pre_split,bps_household_internet
ID-0004137,91,Papua Barat,provinsi,2023,Akses rumah tangga,household_internet_pct,Rumah tangga dengan akses internet,82.05,% rumah tangga dalam klasifikasi daerah,area,total,,,id_34_pre_split,bps_household_internet
ID-0004138,91,Papua Barat,provinsi,2023,Akses rumah tangga,household_internet_pct,Rumah tangga dengan akses internet,94.01,% rumah tangga dalam klasifikasi daerah,area,urban,,,id_34_pre_split,bps_household_internet
ID-0004139,91,Papua Barat,provinsi,2023,Kesenjangan gender,internet_access_pct,Akses internet penduduk usia 5 tahun ke atas menurut gender,57.37,% penduduk dalam kelompok,sex,female,,,id_34_pre_split,bps_internet_gender_history_province_2018_2024
ID-0004140,91,Papua Barat,provinsi,2023,Kesenjangan gender,internet_access_pct,Akses internet penduduk usia 5 tahun ke atas menurut gender,62.46,% penduduk dalam kelompok,sex,male,,,id_34_pre_split,bps_internet_gender_history_province_2018_2024
ID-0004141,91,Papua Barat,provinsi,2023,Komponen pembangunan TIK,fixed_broadband_norm,"Broadband tetap per 100 penduduk, ternormalisasi",0.77,poin 0–10,,,,,id_34_papua_aggregated_2023_2024,bps_iptik_normalized_components_province_2023_2024
ID-0004142,91,Papua Barat,provinsi,2023,Komponen pembangunan TIK,fixed_telephone_norm,"Telepon tetap per 100 penduduk, ternormalisasi",1.8,poin 0–10,,,,,id_34_papua_aggregated_2023_2024,bps_iptik_normalized_components_province_2023_2024
ID-0004143,91,Papua Barat,provinsi,2023,Komponen pembangunan TIK,household_computer_norm,"Rumah tangga dengan komputer, ternormalisasi",1.87,poin 0–10,,,,,id_34_papua_aggregated_2023_2024,bps_iptik_normalized_components_province_2023_2024
ID-0004144,91,Papua Barat,provinsi,2023,Komponen pembangunan TIK,household_internet_norm,"Rumah tangga dengan internet, ternormalisasi",8.21,poin 0–10,,,,,id_34_papua_aggregated_2023_2024,bps_iptik_normalized_components_province_2023_2024
ID-0004145,91,Papua Barat,provinsi,2023,Komponen pembangunan TIK,individual_internet_norm,"Individu pengguna internet, ternormalisasi",6,poin 0–10,,,,,id_34_papua_aggregated_2023_2024,bps_iptik_normalized_components_province_2023_2024
ID-0004146,91,Papua Barat,provinsi,2023,Komponen pembangunan TIK,international_bandwidth_norm,"Bandwidth internet internasional per pengguna, ternormalisasi",8.15,poin 0–10,,,,,id_34_papua_aggregated_2023_2024,bps_iptik_normalized_components_province_2023_2024
ID-0004147,91,Papua Barat,provinsi,2023,Komponen pembangunan TIK,mean_years_school_norm,"Rata-rata lama sekolah, ternormalisasi",6.76,poin 0–10,,,,,id_34_papua_aggregated_2023_2024,bps_iptik_normalized_components_province_2023_2024
ID-0004148,91,Papua Barat,provinsi,2023,Komponen pembangunan TIK,mobile_broadband_norm,"Broadband seluler per 100 penduduk, ternormalisasi",9.07,poin 0–10,,,,,id_34_papua_aggregated_2023_2024,bps_iptik_normalized_components_province_2023_2024
ID-0004149,91,Papua Barat,provinsi,2023,Komponen pembangunan TIK,mobile_cellular_norm,"Telepon seluler per 100 penduduk, ternormalisasi",8.4,poin 0–10,,,,,id_34_papua_aggregated_2023_2024,bps_iptik_normalized_components_province_2023_2024
ID-0004150,91,Papua Barat,provinsi,2023,Komponen pembangunan TIK,secondary_enrolment_norm,"Partisipasi pendidikan sekunder, ternormalisasi",9.4,poin 0–10,,,,,id_34_papua_aggregated_2023_2024,bps_iptik_normalized_components_province_2023_2024
ID-0004151,91,Papua Barat,provinsi,2023,Komponen pembangunan TIK,tertiary_enrolment_norm,"Partisipasi pendidikan tinggi, ternormalisasi",3.37,poin 0–10,,,,,id_34_papua_aggregated_2023_2024,bps_iptik_normalized_components_province_2023_2024
ID-0004152,91,Papua Barat,provinsi,2023,Pembangunan TIK,access_infrastructure_subindex,Subindeks akses dan infrastruktur TIK,5.68,poin 0–10,,,,,id_34_papua_aggregated_2023_2024,bps_iptik_province_2023_2024
ID-0004153,91,Papua Barat,provinsi,2023,Pembangunan TIK,ict_development_index,Indeks Pembangunan TIK,5.69,poin 0–10,,,,,id_34_papua_aggregated_2023_2024,bps_iptik_province_2023_2024
ID-0004154,91,Papua Barat,provinsi,2023,Pembangunan TIK,skills_proxy_subindex,Subindeks proksi keahlian TIK,6.51,poin 0–10,,,,,id_34_papua_aggregated_2023_2024,bps_iptik_province_2023_2024
ID-0004155,91,Papua Barat,provinsi,2023,Pembangunan TIK,use_subindex,Subindeks penggunaan TIK,5.28,poin 0–10,,,,,id_34_papua_aggregated_2023_2024,bps_iptik_province_2023_2024
ID-0004156,91,Papua Barat,provinsi,2024,Akses internet,internet_access_pct,Akses internet penduduk usia 5 tahun ke atas,55.75,% penduduk dalam kelompok,area,rural,,,id_38_2024,bps_internet_access_history_province_2017_2024
ID-0004157,91,Papua Barat,provinsi,2024,Akses internet,internet_access_pct,Akses internet penduduk usia 5 tahun ke atas,62.96,% penduduk dalam kelompok,area,total,,,id_38_2024,bps_internet_access_history_province_2017_2024
ID-0004158,91,Papua Barat,provinsi,2024,Akses internet,internet_access_pct,Akses internet penduduk usia 5 tahun ke atas,79.14,% penduduk dalam kelompok,area,urban,,,id_38_2024,bps_internet_access_history_province_2017_2024
ID-0004159,91,Papua Barat,provinsi,2024,Akses rumah tangga,household_internet_pct,Rumah tangga dengan akses internet,80.47,% rumah tangga dalam klasifikasi daerah,area,rural,,,id_38_2024,bps_household_internet
ID-0004160,91,Papua Barat,provinsi,2024,Akses rumah tangga,household_internet_pct,Rumah tangga dengan akses internet,85.51,% rumah tangga dalam klasifikasi daerah,area,total,,,id_38_2024,bps_household_internet
ID-0004161,91,Papua Barat,provinsi,2024,Akses rumah tangga,household_internet_pct,Rumah tangga dengan akses internet,97.26,% rumah tangga dalam klasifikasi daerah,area,urban,,,id_38_2024,bps_household_internet
ID-0004162,91,Papua Barat,provinsi,2024,Kesenjangan gender,internet_access_pct,Akses internet penduduk usia 5 tahun ke atas menurut gender,59.57,% penduduk dalam kelompok,sex,female,,,id_38_2024,bps_internet_gender_history_province_2018_2024
ID-0004163,91,Papua Barat,provinsi,2024,Kesenjangan gender,internet_access_pct,Akses internet penduduk usia 5 tahun ke atas menurut gender,66.03,% penduduk dalam kelompok,sex,male,,,id_38_2024,bps_internet_gender_history_province_2018_2024
ID-0004164,91,Papua Barat,provinsi,2024,Komponen pembangunan TIK,fixed_broadband_norm,"Broadband tetap per 100 penduduk, ternormalisasi",0.87,poin 0–10,,,,,id_34_papua_aggregated_2023_2024,bps_iptik_normalized_components_province_2023_2024
ID-0004165,91,Papua Barat,provinsi,2024,Komponen pembangunan TIK,fixed_telephone_norm,"Telepon tetap per 100 penduduk, ternormalisasi",0.02,poin 0–10,,,,,id_34_papua_aggregated_2023_2024,bps_iptik_normalized_components_province_2023_2024
ID-0004166,91,Papua Barat,provinsi,2024,Komponen pembangunan TIK,household_computer_norm,"Rumah tangga dengan komputer, ternormalisasi",1.9,poin 0–10,,,,,id_34_papua_aggregated_2023_2024,bps_iptik_normalized_components_province_2023_2024
ID-0004167,91,Papua Barat,provinsi,2024,Komponen pembangunan TIK,household_internet_norm,"Rumah tangga dengan internet, ternormalisasi",8.71,poin 0–10,,,,,id_34_papua_aggregated_2023_2024,bps_iptik_normalized_components_province_2023_2024
ID-0004168,91,Papua Barat,provinsi,2024,Komponen pembangunan TIK,individual_internet_norm,"Individu pengguna internet, ternormalisasi",6.44,poin 0–10,,,,,id_34_papua_aggregated_2023_2024,bps_iptik_normalized_components_province_2023_2024
ID-0004169,91,Papua Barat,provinsi,2024,Komponen pembangunan TIK,international_bandwidth_norm,"Bandwidth internet internasional per pengguna, ternormalisasi",8.55,poin 0–10,,,,,id_34_papua_aggregated_2023_2024,bps_iptik_normalized_components_province_2023_2024
ID-0004170,91,Papua Barat,provinsi,2024,Komponen pembangunan TIK,mean_years_school_norm,"Rata-rata lama sekolah, ternormalisasi",6.8,poin 0–10,,,,,id_34_papua_aggregated_2023_2024,bps_iptik_normalized_components_province_2023_2024
ID-0004171,91,Papua Barat,provinsi,2024,Komponen pembangunan TIK,mobile_broadband_norm,"Broadband seluler per 100 penduduk, ternormalisasi",8.58,poin 0–10,,,,,id_34_papua_aggregated_2023_2024,bps_iptik_normalized_components_province_2023_2024
ID-0004172,91,Papua Barat,provinsi,2024,Komponen pembangunan TIK,mobile_cellular_norm,"Telepon seluler per 100 penduduk, ternormalisasi",8.34,poin 0–10,,,,,id_34_papua_aggregated_2023_2024,bps_iptik_normalized_components_province_2023_2024
ID-0004173,91,Papua Barat,provinsi,2024,Komponen pembangunan TIK,secondary_enrolment_norm,"Partisipasi pendidikan sekunder, ternormalisasi",9.38,poin 0–10,,,,,id_34_papua_aggregated_2023_2024,bps_iptik_normalized_components_province_2023_2024
ID-0004174,91,Papua Barat,provinsi,2024,Komponen pembangunan TIK,tertiary_enrolment_norm,"Partisipasi pendidikan tinggi, ternormalisasi",3.22,poin 0–10,,,,,id_34_papua_aggregated_2023_2024,bps_iptik_normalized_components_province_2023_2024
ID-0004175,91,Papua Barat,provinsi,2024,Pemanfaatan internet,percentage_users,Tujuan penggunaan internet,3.55,% pengguna internet,area,rural,category,buy_goods_services,id_38_2024,bps_internet_purpose
ID-0004176,91,Papua Barat,provinsi,2024,Pemanfaatan internet,percentage_users,Tujuan penggunaan internet,0.48,% pengguna internet,area,rural,category,digital_content_creation,id_38_2024,bps_internet_purpose
ID-0004177,91,Papua Barat,provinsi,2024,Pemanfaatan internet,percentage_users,Tujuan penggunaan internet,5.66,% pengguna internet,area,rural,category,email,id_38_2024,bps_internet_purpose
ID-0004178,91,Papua Barat,provinsi,2024,Pemanfaatan internet,percentage_users,Tujuan penggunaan internet,86.89,% pengguna internet,area,rural,category,entertainment,id_38_2024,bps_internet_purpose
ID-0004179,91,Papua Barat,provinsi,2024,Pemanfaatan internet,percentage_users,Tujuan penggunaan internet,2.36,% pengguna internet,area,rural,category,financial_services,id_38_2024,bps_internet_purpose
ID-0004180,91,Papua Barat,provinsi,2024,Pemanfaatan internet,percentage_users,Tujuan penggunaan internet,6.11,% pengguna internet,area,rural,category,goods_services_information,id_38_2024,bps_internet_purpose
ID-0004181,91,Papua Barat,provinsi,2024,Pemanfaatan internet,percentage_users,Tujuan penggunaan internet,69.11,% pengguna internet,area,rural,category,news_information,id_38_2024,bps_internet_purpose
ID-0004182,91,Papua Barat,provinsi,2024,Pemanfaatan internet,percentage_users,Tujuan penggunaan internet,6.29,% pengguna internet,area,rural,category,online_learning,id_38_2024,bps_internet_purpose
ID-0004183,91,Papua Barat,provinsi,2024,Pemanfaatan internet,percentage_users,Tujuan penggunaan internet,3.66,% pengguna internet,area,rural,category,other,id_38_2024,bps_internet_purpose
ID-0004184,91,Papua Barat,provinsi,2024,Pemanfaatan internet,percentage_users,Tujuan penggunaan internet,1.08,% pengguna internet,area,rural,category,sell_goods_services,id_38_2024,bps_internet_purpose
ID-0004185,91,Papua Barat,provinsi,2024,Pemanfaatan internet,percentage_users,Tujuan penggunaan internet,69.76,% pengguna internet,area,rural,category,social_media,id_38_2024,bps_internet_purpose
ID-0004186,91,Papua Barat,provinsi,2024,Pemanfaatan internet,percentage_users,Tujuan penggunaan internet,0.8,% pengguna internet,area,rural,category,work_from_home,id_38_2024,bps_internet_purpose
ID-0004187,91,Papua Barat,provinsi,2024,Pemanfaatan internet,percentage_users,Tujuan penggunaan internet,4.85,% pengguna internet,area,total,category,buy_goods_services,id_38_2024,bps_internet_purpose
ID-0004188,91,Papua Barat,provinsi,2024,Pemanfaatan internet,percentage_users,Tujuan penggunaan internet,1.68,% pengguna internet,area,total,category,digital_content_creation,id_38_2024,bps_internet_purpose
ID-0004189,91,Papua Barat,provinsi,2024,Pemanfaatan internet,percentage_users,Tujuan penggunaan internet,7.85,% pengguna internet,area,total,category,email,id_38_2024,bps_internet_purpose
ID-0004190,91,Papua Barat,provinsi,2024,Pemanfaatan internet,percentage_users,Tujuan penggunaan internet,85,% pengguna internet,area,total,category,entertainment,id_38_2024,bps_internet_purpose
ID-0004191,91,Papua Barat,provinsi,2024,Pemanfaatan internet,percentage_users,Tujuan penggunaan internet,4.97,% pengguna internet,area,total,category,financial_services,id_38_2024,bps_internet_purpose
ID-0004192,91,Papua Barat,provinsi,2024,Pemanfaatan internet,percentage_users,Tujuan penggunaan internet,9.53,% pengguna internet,area,total,category,goods_services_information,id_38_2024,bps_internet_purpose
ID-0004193,91,Papua Barat,provinsi,2024,Pemanfaatan internet,percentage_users,Tujuan penggunaan internet,72.65,% pengguna internet,area,total,category,news_information,id_38_2024,bps_internet_purpose
ID-0004194,91,Papua Barat,provinsi,2024,Pemanfaatan internet,percentage_users,Tujuan penggunaan internet,6.38,% pengguna internet,area,total,category,online_learning,id_38_2024,bps_internet_purpose
ID-0004195,91,Papua Barat,provinsi,2024,Pemanfaatan internet,percentage_users,Tujuan penggunaan internet,6.5,% pengguna internet,area,total,category,other,id_38_2024,bps_internet_purpose
ID-0004196,91,Papua Barat,provinsi,2024,Pemanfaatan internet,percentage_users,Tujuan penggunaan internet,1.7,% pengguna internet,area,total,category,sell_goods_services,id_38_2024,bps_internet_purpose
ID-0004197,91,Papua Barat,provinsi,2024,Pemanfaatan internet,percentage_users,Tujuan penggunaan internet,69.33,% pengguna internet,area,total,category,social_media,id_38_2024,bps_internet_purpose
ID-0004198,91,Papua Barat,provinsi,2024,Pemanfaatan internet,percentage_users,Tujuan penggunaan internet,1.27,% pengguna internet,area,total,category,work_from_home,id_38_2024,bps_internet_purpose
ID-0004199,91,Papua Barat,provinsi,2024,Pemanfaatan internet,percentage_users,Tujuan penggunaan internet,6.89,% pengguna internet,area,urban,category,buy_goods_services,id_38_2024,bps_internet_purpose
ID-0004200,91,Papua Barat,provinsi,2024,Pemanfaatan internet,percentage_users,Tujuan penggunaan internet,3.58,% pengguna internet,area,urban,category,digital_content_creation,id_38_2024,bps_internet_purpose
ID-0004201,91,Papua Barat,provinsi,2024,Pemanfaatan internet,percentage_users,Tujuan penggunaan internet,11.31,% pengguna internet,area,urban,category,email,id_38_2024,bps_internet_purpose
ID-0004202,91,Papua Barat,provinsi,2024,Pemanfaatan internet,percentage_users,Tujuan penggunaan internet,82,% pengguna internet,area,urban,category,entertainment,id_38_2024,bps_internet_purpose
ID-0004203,91,Papua Barat,provinsi,2024,Pemanfaatan internet,percentage_users,Tujuan penggunaan internet,9.09,% pengguna internet,area,urban,category,financial_services,id_38_2024,bps_internet_purpose
ID-0004204,91,Papua Barat,provinsi,2024,Pemanfaatan internet,percentage_users,Tujuan penggunaan internet,14.92,% pengguna internet,area,urban,category,goods_services_information,id_38_2024,bps_internet_purpose
ID-0004205,91,Papua Barat,provinsi,2024,Pemanfaatan internet,percentage_users,Tujuan penggunaan internet,78.23,% pengguna internet,area,urban,category,news_information,id_38_2024,bps_internet_purpose
ID-0004206,91,Papua Barat,provinsi,2024,Pemanfaatan internet,percentage_users,Tujuan penggunaan internet,6.52,% pengguna internet,area,urban,category,online_learning,id_38_2024,bps_internet_purpose
ID-0004207,91,Papua Barat,provinsi,2024,Pemanfaatan internet,percentage_users,Tujuan penggunaan internet,11,% pengguna internet,area,urban,category,other,id_38_2024,bps_internet_purpose
ID-0004208,91,Papua Barat,provinsi,2024,Pemanfaatan internet,percentage_users,Tujuan penggunaan internet,2.69,% pengguna internet,area,urban,category,sell_goods_services,id_38_2024,bps_internet_purpose
ID-0004209,91,Papua Barat,provinsi,2024,Pemanfaatan internet,percentage_users,Tujuan penggunaan internet,68.65,% pengguna internet,area,urban,category,social_media,id_38_2024,bps_internet_purpose
ID-0004210,91,Papua Barat,provinsi,2024,Pemanfaatan internet,percentage_users,Tujuan penggunaan internet,2.02,% pengguna internet,area,urban,category,work_from_home,id_38_2024,bps_internet_purpose
ID-0004211,91,Papua Barat,provinsi,2024,Pembangunan TIK,access_infrastructure_subindex,Subindeks akses dan infrastruktur TIK,5.5,poin 0–10,,,,,id_34_papua_aggregated_2023_2024,bps_iptik_province_2023_2024
ID-0004212,91,Papua Barat,provinsi,2024,Pembangunan TIK,ict_development_index,Indeks Pembangunan TIK,5.61,poin 0–10,,,,,id_34_papua_aggregated_2023_2024,bps_iptik_province_2023_2024
ID-0004213,91,Papua Barat,provinsi,2024,Pembangunan TIK,skills_proxy_subindex,Subindeks proksi keahlian TIK,6.47,poin 0–10,,,,,id_34_papua_aggregated_2023_2024,bps_iptik_province_2023_2024
ID-0004214,91,Papua Barat,provinsi,2024,Pembangunan TIK,use_subindex,Subindeks penggunaan TIK,5.3,poin 0–10,,,,,id_34_papua_aggregated_2023_2024,bps_iptik_province_2023_2024
ID-0004215,91,Papua Barat,provinsi,2024,Perangkat akses,percentage_users,Perangkat yang digunakan untuk mengakses internet,0.93,% pengguna internet,area,rural,category,desktop,id_38_2024,bps_access_device
ID-0004216,91,Papua Barat,provinsi,2024,Perangkat akses,percentage_users,Perangkat yang digunakan untuk mengakses internet,5.75,% pengguna internet,area,rural,category,laptop_tablet,id_38_2024,bps_access_device
ID-0004217,91,Papua Barat,provinsi,2024,Perangkat akses,percentage_users,Perangkat yang digunakan untuk mengakses internet,99.43,% pengguna internet,area,rural,category,mobile,id_38_2024,bps_access_device
ID-0004218,91,Papua Barat,provinsi,2024,Perangkat akses,percentage_users,Perangkat yang digunakan untuk mengakses internet,0.35,% pengguna internet,area,rural,category,other,id_38_2024,bps_access_device
ID-0004219,91,Papua Barat,provinsi,2024,Perangkat akses,percentage_users,Perangkat yang digunakan untuk mengakses internet,1.61,% pengguna internet,area,total,category,desktop,id_38_2024,bps_access_device
ID-0004220,91,Papua Barat,provinsi,2024,Perangkat akses,percentage_users,Perangkat yang digunakan untuk mengakses internet,8.65,% pengguna internet,area,total,category,laptop_tablet,id_38_2024,bps_access_device
ID-0004221,91,Papua Barat,provinsi,2024,Perangkat akses,percentage_users,Perangkat yang digunakan untuk mengakses internet,99.26,% pengguna internet,area,total,category,mobile,id_38_2024,bps_access_device
ID-0004222,91,Papua Barat,provinsi,2024,Perangkat akses,percentage_users,Perangkat yang digunakan untuk mengakses internet,0.23,% pengguna internet,area,total,category,other,id_38_2024,bps_access_device
ID-0004223,91,Papua Barat,provinsi,2024,Perangkat akses,percentage_users,Perangkat yang digunakan untuk mengakses internet,2.68,% pengguna internet,area,urban,category,desktop,id_38_2024,bps_access_device
ID-0004224,91,Papua Barat,provinsi,2024,Perangkat akses,percentage_users,Perangkat yang digunakan untuk mengakses internet,13.22,% pengguna internet,area,urban,category,laptop_tablet,id_38_2024,bps_access_device
ID-0004225,91,Papua Barat,provinsi,2024,Perangkat akses,percentage_users,Perangkat yang digunakan untuk mengakses internet,98.99,% pengguna internet,area,urban,category,mobile,id_38_2024,bps_access_device
ID-0004226,91,Papua Barat,provinsi,2024,Perangkat akses,percentage_users,Perangkat yang digunakan untuk mengakses internet,0.04,% pengguna internet,area,urban,category,other,id_38_2024,bps_access_device
ID-0004227,92,Papua Barat Daya,provinsi,2024,Akses internet,internet_access_pct,Akses internet penduduk usia 5 tahun ke atas,53.4,% penduduk dalam kelompok,area,rural,,,id_38_2024,bps_internet_access_history_province_2017_2024
ID-0004228,92,Papua Barat Daya,provinsi,2024,Akses internet,internet_access_pct,Akses internet penduduk usia 5 tahun ke atas,65.75,% penduduk dalam kelompok,area,total,,,id_38_2024,bps_internet_access_history_province_2017_2024
ID-0004229,92,Papua Barat Daya,provinsi,2024,Akses internet,internet_access_pct,Akses internet penduduk usia 5 tahun ke atas,77.98,% penduduk dalam kelompok,area,urban,,,id_38_2024,bps_internet_access_history_province_2017_2024
ID-0004230,92,Papua Barat Daya,provinsi,2024,Akses rumah tangga,household_internet_pct,Rumah tangga dengan akses internet,79.71,% rumah tangga dalam klasifikasi daerah,area,rural,,,id_38_2024,bps_household_internet
ID-0004231,92,Papua Barat Daya,provinsi,2024,Akses rumah tangga,household_internet_pct,Rumah tangga dengan akses internet,88.49,% rumah tangga dalam klasifikasi daerah,area,total,,,id_38_2024,bps_household_internet
ID-0004232,92,Papua Barat Daya,provinsi,2024,Akses rumah tangga,household_internet_pct,Rumah tangga dengan akses internet,96.31,% rumah tangga dalam klasifikasi daerah,area,urban,,,id_38_2024,bps_household_internet
ID-0004233,92,Papua Barat Daya,provinsi,2024,Kesenjangan gender,internet_access_pct,Akses internet penduduk usia 5 tahun ke atas menurut gender,63.49,% penduduk dalam kelompok,sex,female,,,id_38_2024,bps_internet_gender_history_province_2018_2024
ID-0004234,92,Papua Barat Daya,provinsi,2024,Kesenjangan gender,internet_access_pct,Akses internet penduduk usia 5 tahun ke atas menurut gender,67.86,% penduduk dalam kelompok,sex,male,,,id_38_2024,bps_internet_gender_history_province_2018_2024
ID-0004235,92,Papua Barat Daya,provinsi,2024,Pemanfaatan internet,percentage_users,Tujuan penggunaan internet,5.42,% pengguna internet,area,rural,category,buy_goods_services,id_38_2024,bps_internet_purpose
ID-0004236,92,Papua Barat Daya,provinsi,2024,Pemanfaatan internet,percentage_users,Tujuan penggunaan internet,1.44,% pengguna internet,area,rural,category,digital_content_creation,id_38_2024,bps_internet_purpose
ID-0004237,92,Papua Barat Daya,provinsi,2024,Pemanfaatan internet,percentage_users,Tujuan penggunaan internet,6.34,% pengguna internet,area,rural,category,email,id_38_2024,bps_internet_purpose
ID-0004238,92,Papua Barat Daya,provinsi,2024,Pemanfaatan internet,percentage_users,Tujuan penggunaan internet,83.3,% pengguna internet,area,rural,category,entertainment,id_38_2024,bps_internet_purpose
ID-0004239,92,Papua Barat Daya,provinsi,2024,Pemanfaatan internet,percentage_users,Tujuan penggunaan internet,2.49,% pengguna internet,area,rural,category,financial_services,id_38_2024,bps_internet_purpose
ID-0004240,92,Papua Barat Daya,provinsi,2024,Pemanfaatan internet,percentage_users,Tujuan penggunaan internet,9.46,% pengguna internet,area,rural,category,goods_services_information,id_38_2024,bps_internet_purpose
ID-0004241,92,Papua Barat Daya,provinsi,2024,Pemanfaatan internet,percentage_users,Tujuan penggunaan internet,77.46,% pengguna internet,area,rural,category,news_information,id_38_2024,bps_internet_purpose
ID-0004242,92,Papua Barat Daya,provinsi,2024,Pemanfaatan internet,percentage_users,Tujuan penggunaan internet,6.84,% pengguna internet,area,rural,category,online_learning,id_38_2024,bps_internet_purpose
ID-0004243,92,Papua Barat Daya,provinsi,2024,Pemanfaatan internet,percentage_users,Tujuan penggunaan internet,4.43,% pengguna internet,area,rural,category,other,id_38_2024,bps_internet_purpose
ID-0004244,92,Papua Barat Daya,provinsi,2024,Pemanfaatan internet,percentage_users,Tujuan penggunaan internet,1.63,% pengguna internet,area,rural,category,sell_goods_services,id_38_2024,bps_internet_purpose
ID-0004245,92,Papua Barat Daya,provinsi,2024,Pemanfaatan internet,percentage_users,Tujuan penggunaan internet,75.04,% pengguna internet,area,rural,category,social_media,id_38_2024,bps_internet_purpose
ID-0004246,92,Papua Barat Daya,provinsi,2024,Pemanfaatan internet,percentage_users,Tujuan penggunaan internet,0.87,% pengguna internet,area,rural,category,work_from_home,id_38_2024,bps_internet_purpose
ID-0004247,92,Papua Barat Daya,provinsi,2024,Pemanfaatan internet,percentage_users,Tujuan penggunaan internet,7.29,% pengguna internet,area,total,category,buy_goods_services,id_38_2024,bps_internet_purpose
ID-0004248,92,Papua Barat Daya,provinsi,2024,Pemanfaatan internet,percentage_users,Tujuan penggunaan internet,0.9,% pengguna internet,area,total,category,digital_content_creation,id_38_2024,bps_internet_purpose
ID-0004249,92,Papua Barat Daya,provinsi,2024,Pemanfaatan internet,percentage_users,Tujuan penggunaan internet,11.09,% pengguna internet,area,total,category,email,id_38_2024,bps_internet_purpose
ID-0004250,92,Papua Barat Daya,provinsi,2024,Pemanfaatan internet,percentage_users,Tujuan penggunaan internet,80.73,% pengguna internet,area,total,category,entertainment,id_38_2024,bps_internet_purpose
ID-0004251,92,Papua Barat Daya,provinsi,2024,Pemanfaatan internet,percentage_users,Tujuan penggunaan internet,6.52,% pengguna internet,area,total,category,financial_services,id_38_2024,bps_internet_purpose
ID-0004252,92,Papua Barat Daya,provinsi,2024,Pemanfaatan internet,percentage_users,Tujuan penggunaan internet,13.92,% pengguna internet,area,total,category,goods_services_information,id_38_2024,bps_internet_purpose
ID-0004253,92,Papua Barat Daya,provinsi,2024,Pemanfaatan internet,percentage_users,Tujuan penggunaan internet,73.27,% pengguna internet,area,total,category,news_information,id_38_2024,bps_internet_purpose
ID-0004254,92,Papua Barat Daya,provinsi,2024,Pemanfaatan internet,percentage_users,Tujuan penggunaan internet,6.32,% pengguna internet,area,total,category,online_learning,id_38_2024,bps_internet_purpose
ID-0004255,92,Papua Barat Daya,provinsi,2024,Pemanfaatan internet,percentage_users,Tujuan penggunaan internet,2.88,% pengguna internet,area,total,category,other,id_38_2024,bps_internet_purpose
ID-0004256,92,Papua Barat Daya,provinsi,2024,Pemanfaatan internet,percentage_users,Tujuan penggunaan internet,3.12,% pengguna internet,area,total,category,sell_goods_services,id_38_2024,bps_internet_purpose
ID-0004257,92,Papua Barat Daya,provinsi,2024,Pemanfaatan internet,percentage_users,Tujuan penggunaan internet,75.56,% pengguna internet,area,total,category,social_media,id_38_2024,bps_internet_purpose
ID-0004258,92,Papua Barat Daya,provinsi,2024,Pemanfaatan internet,percentage_users,Tujuan penggunaan internet,1.42,% pengguna internet,area,total,category,work_from_home,id_38_2024,bps_internet_purpose
ID-0004259,92,Papua Barat Daya,provinsi,2024,Pemanfaatan internet,percentage_users,Tujuan penggunaan internet,8.55,% pengguna internet,area,urban,category,buy_goods_services,id_38_2024,bps_internet_purpose
ID-0004260,92,Papua Barat Daya,provinsi,2024,Pemanfaatan internet,percentage_users,Tujuan penggunaan internet,0.53,% pengguna internet,area,urban,category,digital_content_creation,id_38_2024,bps_internet_purpose
ID-0004261,92,Papua Barat Daya,provinsi,2024,Pemanfaatan internet,percentage_users,Tujuan penggunaan internet,14.31,% pengguna internet,area,urban,category,email,id_38_2024,bps_internet_purpose
ID-0004262,92,Papua Barat Daya,provinsi,2024,Pemanfaatan internet,percentage_users,Tujuan penggunaan internet,78.99,% pengguna internet,area,urban,category,entertainment,id_38_2024,bps_internet_purpose
ID-0004263,92,Papua Barat Daya,provinsi,2024,Pemanfaatan internet,percentage_users,Tujuan penggunaan internet,9.25,% pengguna internet,area,urban,category,financial_services,id_38_2024,bps_internet_purpose
ID-0004264,92,Papua Barat Daya,provinsi,2024,Pemanfaatan internet,percentage_users,Tujuan penggunaan internet,16.95,% pengguna internet,area,urban,category,goods_services_information,id_38_2024,bps_internet_purpose
ID-0004265,92,Papua Barat Daya,provinsi,2024,Pemanfaatan internet,percentage_users,Tujuan penggunaan internet,70.42,% pengguna internet,area,urban,category,news_information,id_38_2024,bps_internet_purpose
ID-0004266,92,Papua Barat Daya,provinsi,2024,Pemanfaatan internet,percentage_users,Tujuan penggunaan internet,5.97,% pengguna internet,area,urban,category,online_learning,id_38_2024,bps_internet_purpose
ID-0004267,92,Papua Barat Daya,provinsi,2024,Pemanfaatan internet,percentage_users,Tujuan penggunaan internet,1.83,% pengguna internet,area,urban,category,other,id_38_2024,bps_internet_purpose
ID-0004268,92,Papua Barat Daya,provinsi,2024,Pemanfaatan internet,percentage_users,Tujuan penggunaan internet,4.13,% pengguna internet,area,urban,category,sell_goods_services,id_38_2024,bps_internet_purpose
ID-0004269,92,Papua Barat Daya,provinsi,2024,Pemanfaatan internet,percentage_users,Tujuan penggunaan internet,75.91,% pengguna internet,area,urban,category,social_media,id_38_2024,bps_internet_purpose
ID-0004270,92,Papua Barat Daya,provinsi,2024,Pemanfaatan internet,percentage_users,Tujuan penggunaan internet,1.78,% pengguna internet,area,urban,category,work_from_home,id_38_2024,bps_internet_purpose
ID-0004271,92,Papua Barat Daya,provinsi,2024,Perangkat akses,percentage_users,Perangkat yang digunakan untuk mengakses internet,0.88,% pengguna internet,area,rural,category,desktop,id_38_2024,bps_access_device
ID-0004272,92,Papua Barat Daya,provinsi,2024,Perangkat akses,percentage_users,Perangkat yang digunakan untuk mengakses internet,5.49,% pengguna internet,area,rural,category,laptop_tablet,id_38_2024,bps_access_device
ID-0004273,92,Papua Barat Daya,provinsi,2024,Perangkat akses,percentage_users,Perangkat yang digunakan untuk mengakses internet,98.76,% pengguna internet,area,rural,category,mobile,id_38_2024,bps_access_device
ID-0004274,92,Papua Barat Daya,provinsi,2024,Perangkat akses,percentage_users,Perangkat yang digunakan untuk mengakses internet,1.36,% pengguna internet,area,rural,category,other,id_38_2024,bps_access_device
ID-0004275,92,Papua Barat Daya,provinsi,2024,Perangkat akses,percentage_users,Perangkat yang digunakan untuk mengakses internet,1.66,% pengguna internet,area,total,category,desktop,id_38_2024,bps_access_device
ID-0004276,92,Papua Barat Daya,provinsi,2024,Perangkat akses,percentage_users,Perangkat yang digunakan untuk mengakses internet,8.02,% pengguna internet,area,total,category,laptop_tablet,id_38_2024,bps_access_device
ID-0004277,92,Papua Barat Daya,provinsi,2024,Perangkat akses,percentage_users,Perangkat yang digunakan untuk mengakses internet,98.92,% pengguna internet,area,total,category,mobile,id_38_2024,bps_access_device
ID-0004278,92,Papua Barat Daya,provinsi,2024,Perangkat akses,percentage_users,Perangkat yang digunakan untuk mengakses internet,0.85,% pengguna internet,area,total,category,other,id_38_2024,bps_access_device
ID-0004279,92,Papua Barat Daya,provinsi,2024,Perangkat akses,percentage_users,Perangkat yang digunakan untuk mengakses internet,2.18,% pengguna internet,area,urban,category,desktop,id_38_2024,bps_access_device
ID-0004280,92,Papua Barat Daya,provinsi,2024,Perangkat akses,percentage_users,Perangkat yang digunakan untuk mengakses internet,9.74,% pengguna internet,area,urban,category,laptop_tablet,id_38_2024,bps_access_device
ID-0004281,92,Papua Barat Daya,provinsi,2024,Perangkat akses,percentage_users,Perangkat yang digunakan untuk mengakses internet,99.03,% pengguna internet,area,urban,category,mobile,id_38_2024,bps_access_device
ID-0004282,92,Papua Barat Daya,provinsi,2024,Perangkat akses,percentage_users,Perangkat yang digunakan untuk mengakses internet,0.5,% pengguna internet,area,urban,category,other,id_38_2024,bps_access_device
ID-0004283,94,Papua,provinsi,2017,Akses internet,internet_access_pct,Akses internet penduduk usia 5 tahun ke atas,7.29,% penduduk dalam kelompok,area,rural,,,id_34_pre_split,bps_internet_access_history_province_2017_2024
ID-0004284,94,Papua,provinsi,2017,Akses internet,internet_access_pct,Akses internet penduduk usia 5 tahun ke atas,16.51,% penduduk dalam kelompok,area,total,,,id_34_pre_split,bps_internet_access_history_province_2017_2024
ID-0004285,94,Papua,provinsi,2017,Akses internet,internet_access_pct,Akses internet penduduk usia 5 tahun ke atas,41.81,% penduduk dalam kelompok,area,urban,,,id_34_pre_split,bps_internet_access_history_province_2017_2024
ID-0004286,94,Papua,provinsi,2018,Akses internet,internet_access_pct,Akses internet penduduk usia 5 tahun ke atas,8.83,% penduduk dalam kelompok,area,rural,,,id_34_pre_split,bps_internet_access_history_province_2017_2024
ID-0004287,94,Papua,provinsi,2018,Akses internet,internet_access_pct,Akses internet penduduk usia 5 tahun ke atas,19.59,% penduduk dalam kelompok,area,total,,,id_34_pre_split,bps_internet_access_history_province_2017_2024
ID-0004288,94,Papua,provinsi,2018,Akses internet,internet_access_pct,Akses internet penduduk usia 5 tahun ke atas,47.72,% penduduk dalam kelompok,area,urban,,,id_34_pre_split,bps_internet_access_history_province_2017_2024
ID-0004289,94,Papua,provinsi,2018,Kesenjangan gender,internet_access_pct,Akses internet penduduk usia 5 tahun ke atas menurut gender,17.6,% penduduk dalam kelompok,sex,female,,,id_34_pre_split,bps_internet_gender_history_province_2018_2024
ID-0004290,94,Papua,provinsi,2018,Kesenjangan gender,internet_access_pct,Akses internet penduduk usia 5 tahun ke atas menurut gender,21.37,% penduduk dalam kelompok,sex,male,,,id_34_pre_split,bps_internet_gender_history_province_2018_2024
ID-0004291,94,Papua,provinsi,2019,Akses internet,internet_access_pct,Akses internet penduduk usia 5 tahun ke atas,8.53,% penduduk dalam kelompok,area,rural,,,id_34_pre_split,bps_internet_access_history_province_2017_2024
ID-0004292,94,Papua,provinsi,2019,Akses internet,internet_access_pct,Akses internet penduduk usia 5 tahun ke atas,21.7,% penduduk dalam kelompok,area,total,,,id_34_pre_split,bps_internet_access_history_province_2017_2024
ID-0004293,94,Papua,provinsi,2019,Akses internet,internet_access_pct,Akses internet penduduk usia 5 tahun ke atas,55.1,% penduduk dalam kelompok,area,urban,,,id_34_pre_split,bps_internet_access_history_province_2017_2024
ID-0004294,94,Papua,provinsi,2019,Kesenjangan gender,internet_access_pct,Akses internet penduduk usia 5 tahun ke atas menurut gender,19.59,% penduduk dalam kelompok,sex,female,,,id_34_pre_split,bps_internet_gender_history_province_2018_2024
ID-0004295,94,Papua,provinsi,2019,Kesenjangan gender,internet_access_pct,Akses internet penduduk usia 5 tahun ke atas menurut gender,23.59,% penduduk dalam kelompok,sex,male,,,id_34_pre_split,bps_internet_gender_history_province_2018_2024
ID-0004296,94,Papua,provinsi,2020,Akses internet,internet_access_pct,Akses internet penduduk usia 5 tahun ke atas,11.45,% penduduk dalam kelompok,area,rural,,,id_34_pre_split,bps_internet_access_history_province_2017_2024
ID-0004297,94,Papua,provinsi,2020,Akses internet,internet_access_pct,Akses internet penduduk usia 5 tahun ke atas,25.52,% penduduk dalam kelompok,area,total,,,id_34_pre_split,bps_internet_access_history_province_2017_2024
ID-0004298,94,Papua,provinsi,2020,Akses internet,internet_access_pct,Akses internet penduduk usia 5 tahun ke atas,60.64,% penduduk dalam kelompok,area,urban,,,id_34_pre_split,bps_internet_access_history_province_2017_2024
ID-0004299,94,Papua,provinsi,2020,Kesenjangan gender,internet_access_pct,Akses internet penduduk usia 5 tahun ke atas menurut gender,23.26,% penduduk dalam kelompok,sex,female,,,id_34_pre_split,bps_internet_gender_history_province_2018_2024
ID-0004300,94,Papua,provinsi,2020,Kesenjangan gender,internet_access_pct,Akses internet penduduk usia 5 tahun ke atas menurut gender,27.53,% penduduk dalam kelompok,sex,male,,,id_34_pre_split,bps_internet_gender_history_province_2018_2024
ID-0004301,94,Papua,provinsi,2021,Akses internet,internet_access_pct,Akses internet penduduk usia 5 tahun ke atas,10.27,% penduduk dalam kelompok,area,rural,,,id_34_pre_split,bps_internet_access_history_province_2017_2024
ID-0004302,94,Papua,provinsi,2021,Akses internet,internet_access_pct,Akses internet penduduk usia 5 tahun ke atas,26.49,% penduduk dalam kelompok,area,total,,,id_34_pre_split,bps_internet_access_history_province_2017_2024
ID-0004303,94,Papua,provinsi,2021,Akses internet,internet_access_pct,Akses internet penduduk usia 5 tahun ke atas,66.87,% penduduk dalam kelompok,area,urban,,,id_34_pre_split,bps_internet_access_history_province_2017_2024
ID-0004304,94,Papua,provinsi,2021,Akses rumah tangga,household_internet_pct,Rumah tangga dengan akses internet,16.67,% rumah tangga dalam klasifikasi daerah,area,rural,,,id_34_pre_split,bps_household_internet
ID-0004305,94,Papua,provinsi,2021,Akses rumah tangga,household_internet_pct,Rumah tangga dengan akses internet,35.26,% rumah tangga dalam klasifikasi daerah,area,total,,,id_34_pre_split,bps_household_internet
ID-0004306,94,Papua,provinsi,2021,Akses rumah tangga,household_internet_pct,Rumah tangga dengan akses internet,83.98,% rumah tangga dalam klasifikasi daerah,area,urban,,,id_34_pre_split,bps_household_internet
ID-0004307,94,Papua,provinsi,2021,Kesenjangan gender,internet_access_pct,Akses internet penduduk usia 5 tahun ke atas menurut gender,24.93,% penduduk dalam kelompok,sex,female,,,id_34_pre_split,bps_internet_gender_history_province_2018_2024
ID-0004308,94,Papua,provinsi,2021,Kesenjangan gender,internet_access_pct,Akses internet penduduk usia 5 tahun ke atas menurut gender,27.89,% penduduk dalam kelompok,sex,male,,,id_34_pre_split,bps_internet_gender_history_province_2018_2024
ID-0004309,94,Papua,provinsi,2021,Literasi digital,digital_literacy_index,Indeks Literasi Digital Kominfo,3.37,poin 1–5,,,,,id_34_pre_split,kominfo_digital_literacy_province_2021
ID-0004310,94,Papua,provinsi,2022,Akses internet,internet_access_pct,Akses internet penduduk usia 5 tahun ke atas,10.69,% penduduk dalam kelompok,area,rural,,,id_34_pre_split,bps_internet_access_history_province_2017_2024
ID-0004311,94,Papua,provinsi,2022,Akses internet,internet_access_pct,Akses internet penduduk usia 5 tahun ke atas,26.32,% penduduk dalam kelompok,area,total,,,id_34_pre_split,bps_internet_access_history_province_2017_2024
ID-0004312,94,Papua,provinsi,2022,Akses internet,internet_access_pct,Akses internet penduduk usia 5 tahun ke atas,66.43,% penduduk dalam kelompok,area,urban,,,id_34_pre_split,bps_internet_access_history_province_2017_2024
ID-0004313,94,Papua,provinsi,2022,Akses rumah tangga,household_internet_pct,Rumah tangga dengan akses internet,17.25,% rumah tangga dalam klasifikasi daerah,area,rural,,,id_34_pre_split,bps_household_internet
ID-0004314,94,Papua,provinsi,2022,Akses rumah tangga,household_internet_pct,Rumah tangga dengan akses internet,35.14,% rumah tangga dalam klasifikasi daerah,area,total,,,id_34_pre_split,bps_household_internet
ID-0004315,94,Papua,provinsi,2022,Akses rumah tangga,household_internet_pct,Rumah tangga dengan akses internet,84.93,% rumah tangga dalam klasifikasi daerah,area,urban,,,id_34_pre_split,bps_household_internet
ID-0004316,94,Papua,provinsi,2022,Kesenjangan gender,internet_access_pct,Akses internet penduduk usia 5 tahun ke atas menurut gender,25.44,% penduduk dalam kelompok,sex,female,,,id_34_pre_split,bps_internet_gender_history_province_2018_2024
ID-0004317,94,Papua,provinsi,2022,Kesenjangan gender,internet_access_pct,Akses internet penduduk usia 5 tahun ke atas menurut gender,27.09,% penduduk dalam kelompok,sex,male,,,id_34_pre_split,bps_internet_gender_history_province_2018_2024
ID-0004318,94,Papua,provinsi,2023,Akses internet,internet_access_pct,Akses internet penduduk usia 5 tahun ke atas,12.74,% penduduk dalam kelompok,area,rural,,,id_34_pre_split,bps_internet_access_history_province_2017_2024
ID-0004319,94,Papua,provinsi,2023,Akses internet,internet_access_pct,Akses internet penduduk usia 5 tahun ke atas,29.87,% penduduk dalam kelompok,area,total,,,id_34_pre_split,bps_internet_access_history_province_2017_2024
ID-0004320,94,Papua,provinsi,2023,Akses internet,internet_access_pct,Akses internet penduduk usia 5 tahun ke atas,72.07,% penduduk dalam kelompok,area,urban,,,id_34_pre_split,bps_internet_access_history_province_2017_2024
ID-0004321,94,Papua,provinsi,2023,Akses rumah tangga,household_internet_pct,Rumah tangga dengan akses internet,18.73,% rumah tangga dalam klasifikasi daerah,area,rural,,,id_34_pre_split,bps_household_internet
ID-0004322,94,Papua,provinsi,2023,Akses rumah tangga,household_internet_pct,Rumah tangga dengan akses internet,38.71,% rumah tangga dalam klasifikasi daerah,area,total,,,id_34_pre_split,bps_household_internet
ID-0004323,94,Papua,provinsi,2023,Akses rumah tangga,household_internet_pct,Rumah tangga dengan akses internet,87.31,% rumah tangga dalam klasifikasi daerah,area,urban,,,id_34_pre_split,bps_household_internet
ID-0004324,94,Papua,provinsi,2023,Kesenjangan gender,internet_access_pct,Akses internet penduduk usia 5 tahun ke atas menurut gender,28.35,% penduduk dalam kelompok,sex,female,,,id_34_pre_split,bps_internet_gender_history_province_2018_2024
ID-0004325,94,Papua,provinsi,2023,Kesenjangan gender,internet_access_pct,Akses internet penduduk usia 5 tahun ke atas menurut gender,31.26,% penduduk dalam kelompok,sex,male,,,id_34_pre_split,bps_internet_gender_history_province_2018_2024
ID-0004326,94,Papua,provinsi,2023,Komponen pembangunan TIK,fixed_broadband_norm,"Broadband tetap per 100 penduduk, ternormalisasi",0.35,poin 0–10,,,,,id_34_papua_aggregated_2023_2024,bps_iptik_normalized_components_province_2023_2024
ID-0004327,94,Papua,provinsi,2023,Komponen pembangunan TIK,fixed_telephone_norm,"Telepon tetap per 100 penduduk, ternormalisasi",0.56,poin 0–10,,,,,id_34_papua_aggregated_2023_2024,bps_iptik_normalized_components_province_2023_2024
ID-0004328,94,Papua,provinsi,2023,Komponen pembangunan TIK,household_computer_norm,"Rumah tangga dengan komputer, ternormalisasi",0.98,poin 0–10,,,,,id_34_papua_aggregated_2023_2024,bps_iptik_normalized_components_province_2023_2024
ID-0004329,94,Papua,provinsi,2023,Komponen pembangunan TIK,household_internet_norm,"Rumah tangga dengan internet, ternormalisasi",3.87,poin 0–10,,,,,id_34_papua_aggregated_2023_2024,bps_iptik_normalized_components_province_2023_2024
ID-0004330,94,Papua,provinsi,2023,Komponen pembangunan TIK,individual_internet_norm,"Individu pengguna internet, ternormalisasi",2.99,poin 0–10,,,,,id_34_papua_aggregated_2023_2024,bps_iptik_normalized_components_province_2023_2024
ID-0004331,94,Papua,provinsi,2023,Komponen pembangunan TIK,international_bandwidth_norm,"Bandwidth internet internasional per pengguna, ternormalisasi",8.5,poin 0–10,,,,,id_34_papua_aggregated_2023_2024,bps_iptik_normalized_components_province_2023_2024
ID-0004332,94,Papua,provinsi,2023,Komponen pembangunan TIK,mean_years_school_norm,"Rata-rata lama sekolah, ternormalisasi",4.9,poin 0–10,,,,,id_34_papua_aggregated_2023_2024,bps_iptik_normalized_components_province_2023_2024
ID-0004333,94,Papua,provinsi,2023,Komponen pembangunan TIK,mobile_broadband_norm,"Broadband seluler per 100 penduduk, ternormalisasi",4.06,poin 0–10,,,,,id_34_papua_aggregated_2023_2024,bps_iptik_normalized_components_province_2023_2024
ID-0004334,94,Papua,provinsi,2023,Komponen pembangunan TIK,mobile_cellular_norm,"Telepon seluler per 100 penduduk, ternormalisasi",4.51,poin 0–10,,,,,id_34_papua_aggregated_2023_2024,bps_iptik_normalized_components_province_2023_2024
ID-0004335,94,Papua,provinsi,2023,Komponen pembangunan TIK,secondary_enrolment_norm,"Partisipasi pendidikan sekunder, ternormalisasi",7.79,poin 0–10,,,,,id_34_papua_aggregated_2023_2024,bps_iptik_normalized_components_province_2023_2024
ID-0004336,94,Papua,provinsi,2023,Komponen pembangunan TIK,tertiary_enrolment_norm,"Partisipasi pendidikan tinggi, ternormalisasi",1.99,poin 0–10,,,,,id_34_papua_aggregated_2023_2024,bps_iptik_normalized_components_province_2023_2024
ID-0004337,94,Papua,provinsi,2023,Pembangunan TIK,access_infrastructure_subindex,Subindeks akses dan infrastruktur TIK,3.68,poin 0–10,,,,,id_34_papua_aggregated_2023_2024,bps_iptik_province_2023_2024
ID-0004338,94,Papua,provinsi,2023,Pembangunan TIK,ict_development_index,Indeks Pembangunan TIK,3.44,poin 0–10,,,,,id_34_papua_aggregated_2023_2024,bps_iptik_province_2023_2024
ID-0004339,94,Papua,provinsi,2023,Pembangunan TIK,skills_proxy_subindex,Subindeks proksi keahlian TIK,4.89,poin 0–10,,,,,id_34_papua_aggregated_2023_2024,bps_iptik_province_2023_2024
ID-0004340,94,Papua,provinsi,2023,Pembangunan TIK,use_subindex,Subindeks penggunaan TIK,2.47,poin 0–10,,,,,id_34_papua_aggregated_2023_2024,bps_iptik_province_2023_2024
ID-0004341,94,Papua,provinsi,2024,Akses internet,internet_access_pct,Akses internet penduduk usia 5 tahun ke atas,39.32,% penduduk dalam kelompok,area,rural,,,id_38_2024,bps_internet_access_history_province_2017_2024
ID-0004342,94,Papua,provinsi,2024,Akses internet,internet_access_pct,Akses internet penduduk usia 5 tahun ke atas,62.24,% penduduk dalam kelompok,area,total,,,id_38_2024,bps_internet_access_history_province_2017_2024
ID-0004343,94,Papua,provinsi,2024,Akses internet,internet_access_pct,Akses internet penduduk usia 5 tahun ke atas,77.56,% penduduk dalam kelompok,area,urban,,,id_38_2024,bps_internet_access_history_province_2017_2024
ID-0004344,94,Papua,provinsi,2024,Akses rumah tangga,household_internet_pct,Rumah tangga dengan akses internet,63.9,% rumah tangga dalam klasifikasi daerah,area,rural,,,id_38_2024,bps_household_internet
ID-0004345,94,Papua,provinsi,2024,Akses rumah tangga,household_internet_pct,Rumah tangga dengan akses internet,81.99,% rumah tangga dalam klasifikasi daerah,area,total,,,id_38_2024,bps_household_internet
ID-0004346,94,Papua,provinsi,2024,Akses rumah tangga,household_internet_pct,Rumah tangga dengan akses internet,93.93,% rumah tangga dalam klasifikasi daerah,area,urban,,,id_38_2024,bps_household_internet
ID-0004347,94,Papua,provinsi,2024,Kesenjangan gender,internet_access_pct,Akses internet penduduk usia 5 tahun ke atas menurut gender,60.46,% penduduk dalam kelompok,sex,female,,,id_38_2024,bps_internet_gender_history_province_2018_2024
ID-0004348,94,Papua,provinsi,2024,Kesenjangan gender,internet_access_pct,Akses internet penduduk usia 5 tahun ke atas menurut gender,63.91,% penduduk dalam kelompok,sex,male,,,id_38_2024,bps_internet_gender_history_province_2018_2024
ID-0004349,94,Papua,provinsi,2024,Komponen pembangunan TIK,fixed_broadband_norm,"Broadband tetap per 100 penduduk, ternormalisasi",0.4,poin 0–10,,,,,id_34_papua_aggregated_2023_2024,bps_iptik_normalized_components_province_2023_2024
ID-0004350,94,Papua,provinsi,2024,Komponen pembangunan TIK,fixed_telephone_norm,"Telepon tetap per 100 penduduk, ternormalisasi",0.95,poin 0–10,,,,,id_34_papua_aggregated_2023_2024,bps_iptik_normalized_components_province_2023_2024
ID-0004351,94,Papua,provinsi,2024,Komponen pembangunan TIK,household_computer_norm,"Rumah tangga dengan komputer, ternormalisasi",1.13,poin 0–10,,,,,id_34_papua_aggregated_2023_2024,bps_iptik_normalized_components_province_2023_2024
ID-0004352,94,Papua,provinsi,2024,Komponen pembangunan TIK,household_internet_norm,"Rumah tangga dengan internet, ternormalisasi",4.33,poin 0–10,,,,,id_34_papua_aggregated_2023_2024,bps_iptik_normalized_components_province_2023_2024
ID-0004353,94,Papua,provinsi,2024,Komponen pembangunan TIK,individual_internet_norm,"Individu pengguna internet, ternormalisasi",3.27,poin 0–10,,,,,id_34_papua_aggregated_2023_2024,bps_iptik_normalized_components_province_2023_2024
ID-0004354,94,Papua,provinsi,2024,Komponen pembangunan TIK,international_bandwidth_norm,"Bandwidth internet internasional per pengguna, ternormalisasi",8.91,poin 0–10,,,,,id_34_papua_aggregated_2023_2024,bps_iptik_normalized_components_province_2023_2024
ID-0004355,94,Papua,provinsi,2024,Komponen pembangunan TIK,mean_years_school_norm,"Rata-rata lama sekolah, ternormalisasi",4.9,poin 0–10,,,,,id_34_papua_aggregated_2023_2024,bps_iptik_normalized_components_province_2023_2024
ID-0004356,94,Papua,provinsi,2024,Komponen pembangunan TIK,mobile_broadband_norm,"Broadband seluler per 100 penduduk, ternormalisasi",3.92,poin 0–10,,,,,id_34_papua_aggregated_2023_2024,bps_iptik_normalized_components_province_2023_2024
ID-0004357,94,Papua,provinsi,2024,Komponen pembangunan TIK,mobile_cellular_norm,"Telepon seluler per 100 penduduk, ternormalisasi",4.36,poin 0–10,,,,,id_34_papua_aggregated_2023_2024,bps_iptik_normalized_components_province_2023_2024
ID-0004358,94,Papua,provinsi,2024,Komponen pembangunan TIK,secondary_enrolment_norm,"Partisipasi pendidikan sekunder, ternormalisasi",7.68,poin 0–10,,,,,id_34_papua_aggregated_2023_2024,bps_iptik_normalized_components_province_2023_2024
ID-0004359,94,Papua,provinsi,2024,Komponen pembangunan TIK,tertiary_enrolment_norm,"Partisipasi pendidikan tinggi, ternormalisasi",2.02,poin 0–10,,,,,id_34_papua_aggregated_2023_2024,bps_iptik_normalized_components_province_2023_2024
ID-0004360,94,Papua,provinsi,2024,Pemanfaatan internet,percentage_users,Tujuan penggunaan internet,2.95,% pengguna internet,area,rural,category,buy_goods_services,id_38_2024,bps_internet_purpose
ID-0004361,94,Papua,provinsi,2024,Pemanfaatan internet,percentage_users,Tujuan penggunaan internet,2.17,% pengguna internet,area,rural,category,digital_content_creation,id_38_2024,bps_internet_purpose
ID-0004362,94,Papua,provinsi,2024,Pemanfaatan internet,percentage_users,Tujuan penggunaan internet,6.05,% pengguna internet,area,rural,category,email,id_38_2024,bps_internet_purpose
ID-0004363,94,Papua,provinsi,2024,Pemanfaatan internet,percentage_users,Tujuan penggunaan internet,81.75,% pengguna internet,area,rural,category,entertainment,id_38_2024,bps_internet_purpose
ID-0004364,94,Papua,provinsi,2024,Pemanfaatan internet,percentage_users,Tujuan penggunaan internet,2.14,% pengguna internet,area,rural,category,financial_services,id_38_2024,bps_internet_purpose
ID-0004365,94,Papua,provinsi,2024,Pemanfaatan internet,percentage_users,Tujuan penggunaan internet,10.99,% pengguna internet,area,rural,category,goods_services_information,id_38_2024,bps_internet_purpose
ID-0004366,94,Papua,provinsi,2024,Pemanfaatan internet,percentage_users,Tujuan penggunaan internet,76.15,% pengguna internet,area,rural,category,news_information,id_38_2024,bps_internet_purpose
ID-0004367,94,Papua,provinsi,2024,Pemanfaatan internet,percentage_users,Tujuan penggunaan internet,6.3,% pengguna internet,area,rural,category,online_learning,id_38_2024,bps_internet_purpose
ID-0004368,94,Papua,provinsi,2024,Pemanfaatan internet,percentage_users,Tujuan penggunaan internet,7.27,% pengguna internet,area,rural,category,other,id_38_2024,bps_internet_purpose
ID-0004369,94,Papua,provinsi,2024,Pemanfaatan internet,percentage_users,Tujuan penggunaan internet,0.96,% pengguna internet,area,rural,category,sell_goods_services,id_38_2024,bps_internet_purpose
ID-0004370,94,Papua,provinsi,2024,Pemanfaatan internet,percentage_users,Tujuan penggunaan internet,75.52,% pengguna internet,area,rural,category,social_media,id_38_2024,bps_internet_purpose
ID-0004371,94,Papua,provinsi,2024,Pemanfaatan internet,percentage_users,Tujuan penggunaan internet,0.55,% pengguna internet,area,rural,category,work_from_home,id_38_2024,bps_internet_purpose
ID-0004372,94,Papua,provinsi,2024,Pemanfaatan internet,percentage_users,Tujuan penggunaan internet,10.36,% pengguna internet,area,total,category,buy_goods_services,id_38_2024,bps_internet_purpose
ID-0004373,94,Papua,provinsi,2024,Pemanfaatan internet,percentage_users,Tujuan penggunaan internet,2.03,% pengguna internet,area,total,category,digital_content_creation,id_38_2024,bps_internet_purpose
ID-0004374,94,Papua,provinsi,2024,Pemanfaatan internet,percentage_users,Tujuan penggunaan internet,13.48,% pengguna internet,area,total,category,email,id_38_2024,bps_internet_purpose
ID-0004375,94,Papua,provinsi,2024,Pemanfaatan internet,percentage_users,Tujuan penggunaan internet,86.2,% pengguna internet,area,total,category,entertainment,id_38_2024,bps_internet_purpose
ID-0004376,94,Papua,provinsi,2024,Pemanfaatan internet,percentage_users,Tujuan penggunaan internet,11.3,% pengguna internet,area,total,category,financial_services,id_38_2024,bps_internet_purpose
ID-0004377,94,Papua,provinsi,2024,Pemanfaatan internet,percentage_users,Tujuan penggunaan internet,16.59,% pengguna internet,area,total,category,goods_services_information,id_38_2024,bps_internet_purpose
ID-0004378,94,Papua,provinsi,2024,Pemanfaatan internet,percentage_users,Tujuan penggunaan internet,81.32,% pengguna internet,area,total,category,news_information,id_38_2024,bps_internet_purpose
ID-0004379,94,Papua,provinsi,2024,Pemanfaatan internet,percentage_users,Tujuan penggunaan internet,9.24,% pengguna internet,area,total,category,online_learning,id_38_2024,bps_internet_purpose
ID-0004380,94,Papua,provinsi,2024,Pemanfaatan internet,percentage_users,Tujuan penggunaan internet,8.26,% pengguna internet,area,total,category,other,id_38_2024,bps_internet_purpose
ID-0004381,94,Papua,provinsi,2024,Pemanfaatan internet,percentage_users,Tujuan penggunaan internet,2.27,% pengguna internet,area,total,category,sell_goods_services,id_38_2024,bps_internet_purpose
ID-0004382,94,Papua,provinsi,2024,Pemanfaatan internet,percentage_users,Tujuan penggunaan internet,77.26,% pengguna internet,area,total,category,social_media,id_38_2024,bps_internet_purpose
ID-0004383,94,Papua,provinsi,2024,Pemanfaatan internet,percentage_users,Tujuan penggunaan internet,2.45,% pengguna internet,area,total,category,work_from_home,id_38_2024,bps_internet_purpose
ID-0004384,94,Papua,provinsi,2024,Pemanfaatan internet,percentage_users,Tujuan penggunaan internet,12.86,% pengguna internet,area,urban,category,buy_goods_services,id_38_2024,bps_internet_purpose
ID-0004385,94,Papua,provinsi,2024,Pemanfaatan internet,percentage_users,Tujuan penggunaan internet,1.98,% pengguna internet,area,urban,category,digital_content_creation,id_38_2024,bps_internet_purpose
ID-0004386,94,Papua,provinsi,2024,Pemanfaatan internet,percentage_users,Tujuan penggunaan internet,15.99,% pengguna internet,area,urban,category,email,id_38_2024,bps_internet_purpose
ID-0004387,94,Papua,provinsi,2024,Pemanfaatan internet,percentage_users,Tujuan penggunaan internet,87.7,% pengguna internet,area,urban,category,entertainment,id_38_2024,bps_internet_purpose
ID-0004388,94,Papua,provinsi,2024,Pemanfaatan internet,percentage_users,Tujuan penggunaan internet,14.41,% pengguna internet,area,urban,category,financial_services,id_38_2024,bps_internet_purpose
ID-0004389,94,Papua,provinsi,2024,Pemanfaatan internet,percentage_users,Tujuan penggunaan internet,18.49,% pengguna internet,area,urban,category,goods_services_information,id_38_2024,bps_internet_purpose
ID-0004390,94,Papua,provinsi,2024,Pemanfaatan internet,percentage_users,Tujuan penggunaan internet,83.07,% pengguna internet,area,urban,category,news_information,id_38_2024,bps_internet_purpose
ID-0004391,94,Papua,provinsi,2024,Pemanfaatan internet,percentage_users,Tujuan penggunaan internet,10.23,% pengguna internet,area,urban,category,online_learning,id_38_2024,bps_internet_purpose
ID-0004392,94,Papua,provinsi,2024,Pemanfaatan internet,percentage_users,Tujuan penggunaan internet,8.59,% pengguna internet,area,urban,category,other,id_38_2024,bps_internet_purpose
ID-0004393,94,Papua,provinsi,2024,Pemanfaatan internet,percentage_users,Tujuan penggunaan internet,2.71,% pengguna internet,area,urban,category,sell_goods_services,id_38_2024,bps_internet_purpose
ID-0004394,94,Papua,provinsi,2024,Pemanfaatan internet,percentage_users,Tujuan penggunaan internet,77.85,% pengguna internet,area,urban,category,social_media,id_38_2024,bps_internet_purpose
ID-0004395,94,Papua,provinsi,2024,Pemanfaatan internet,percentage_users,Tujuan penggunaan internet,3.09,% pengguna internet,area,urban,category,work_from_home,id_38_2024,bps_internet_purpose
ID-0004396,94,Papua,provinsi,2024,Pembangunan TIK,access_infrastructure_subindex,Subindeks akses dan infrastruktur TIK,3.94,poin 0–10,,,,,id_34_papua_aggregated_2023_2024,bps_iptik_province_2023_2024
ID-0004397,94,Papua,provinsi,2024,Pembangunan TIK,ict_development_index,Indeks Pembangunan TIK,3.56,poin 0–10,,,,,id_34_papua_aggregated_2023_2024,bps_iptik_province_2023_2024
ID-0004398,94,Papua,provinsi,2024,Pembangunan TIK,skills_proxy_subindex,Subindeks proksi keahlian TIK,4.87,poin 0–10,,,,,id_34_papua_aggregated_2023_2024,bps_iptik_province_2023_2024
ID-0004399,94,Papua,provinsi,2024,Pembangunan TIK,use_subindex,Subindeks penggunaan TIK,2.53,poin 0–10,,,,,id_34_papua_aggregated_2023_2024,bps_iptik_province_2023_2024
ID-0004400,94,Papua,provinsi,2024,Perangkat akses,percentage_users,Perangkat yang digunakan untuk mengakses internet,0.74,% pengguna internet,area,rural,category,desktop,id_38_2024,bps_access_device
ID-0004401,94,Papua,provinsi,2024,Perangkat akses,percentage_users,Perangkat yang digunakan untuk mengakses internet,4.13,% pengguna internet,area,rural,category,laptop_tablet,id_38_2024,bps_access_device
ID-0004402,94,Papua,provinsi,2024,Perangkat akses,percentage_users,Perangkat yang digunakan untuk mengakses internet,99.16,% pengguna internet,area,rural,category,mobile,id_38_2024,bps_access_device
ID-0004403,94,Papua,provinsi,2024,Perangkat akses,percentage_users,Perangkat yang digunakan untuk mengakses internet,0.54,% pengguna internet,area,rural,category,other,id_38_2024,bps_access_device
ID-0004404,94,Papua,provinsi,2024,Perangkat akses,percentage_users,Perangkat yang digunakan untuk mengakses internet,2.8,% pengguna internet,area,total,category,desktop,id_38_2024,bps_access_device
ID-0004405,94,Papua,provinsi,2024,Perangkat akses,percentage_users,Perangkat yang digunakan untuk mengakses internet,12.4,% pengguna internet,area,total,category,laptop_tablet,id_38_2024,bps_access_device
ID-0004406,94,Papua,provinsi,2024,Perangkat akses,percentage_users,Perangkat yang digunakan untuk mengakses internet,98.56,% pengguna internet,area,total,category,mobile,id_38_2024,bps_access_device
ID-0004407,94,Papua,provinsi,2024,Perangkat akses,percentage_users,Perangkat yang digunakan untuk mengakses internet,2.02,% pengguna internet,area,total,category,other,id_38_2024,bps_access_device
ID-0004408,94,Papua,provinsi,2024,Perangkat akses,percentage_users,Perangkat yang digunakan untuk mengakses internet,3.5,% pengguna internet,area,urban,category,desktop,id_38_2024,bps_access_device
ID-0004409,94,Papua,provinsi,2024,Perangkat akses,percentage_users,Perangkat yang digunakan untuk mengakses internet,15.2,% pengguna internet,area,urban,category,laptop_tablet,id_38_2024,bps_access_device
ID-0004410,94,Papua,provinsi,2024,Perangkat akses,percentage_users,Perangkat yang digunakan untuk mengakses internet,98.36,% pengguna internet,area,urban,category,mobile,id_38_2024,bps_access_device
ID-0004411,94,Papua,provinsi,2024,Perangkat akses,percentage_users,Perangkat yang digunakan untuk mengakses internet,2.52,% pengguna internet,area,urban,category,other,id_38_2024,bps_access_device
ID-0004412,95,Papua Selatan,provinsi,2024,Akses internet,internet_access_pct,Akses internet penduduk usia 5 tahun ke atas,33.58,% penduduk dalam kelompok,area,rural,,,id_38_2024,bps_internet_access_history_province_2017_2024
ID-0004413,95,Papua Selatan,provinsi,2024,Akses internet,internet_access_pct,Akses internet penduduk usia 5 tahun ke atas,48.44,% penduduk dalam kelompok,area,total,,,id_38_2024,bps_internet_access_history_province_2017_2024
ID-0004414,95,Papua Selatan,provinsi,2024,Akses internet,internet_access_pct,Akses internet penduduk usia 5 tahun ke atas,74.09,% penduduk dalam kelompok,area,urban,,,id_38_2024,bps_internet_access_history_province_2017_2024
ID-0004415,95,Papua Selatan,provinsi,2024,Akses rumah tangga,household_internet_pct,Rumah tangga dengan akses internet,51.7,% rumah tangga dalam klasifikasi daerah,area,rural,,,id_38_2024,bps_household_internet
ID-0004416,95,Papua Selatan,provinsi,2024,Akses rumah tangga,household_internet_pct,Rumah tangga dengan akses internet,65.71,% rumah tangga dalam klasifikasi daerah,area,total,,,id_38_2024,bps_household_internet
ID-0004417,95,Papua Selatan,provinsi,2024,Akses rumah tangga,household_internet_pct,Rumah tangga dengan akses internet,90.76,% rumah tangga dalam klasifikasi daerah,area,urban,,,id_38_2024,bps_household_internet
ID-0004418,95,Papua Selatan,provinsi,2024,Kesenjangan gender,internet_access_pct,Akses internet penduduk usia 5 tahun ke atas menurut gender,43.87,% penduduk dalam kelompok,sex,female,,,id_38_2024,bps_internet_gender_history_province_2018_2024
ID-0004419,95,Papua Selatan,provinsi,2024,Kesenjangan gender,internet_access_pct,Akses internet penduduk usia 5 tahun ke atas menurut gender,52.84,% penduduk dalam kelompok,sex,male,,,id_38_2024,bps_internet_gender_history_province_2018_2024
ID-0004420,95,Papua Selatan,provinsi,2024,Pemanfaatan internet,percentage_users,Tujuan penggunaan internet,5.32,% pengguna internet,area,rural,category,buy_goods_services,id_38_2024,bps_internet_purpose
ID-0004421,95,Papua Selatan,provinsi,2024,Pemanfaatan internet,percentage_users,Tujuan penggunaan internet,11.12,% pengguna internet,area,rural,category,digital_content_creation,id_38_2024,bps_internet_purpose
ID-0004422,95,Papua Selatan,provinsi,2024,Pemanfaatan internet,percentage_users,Tujuan penggunaan internet,8,% pengguna internet,area,rural,category,email,id_38_2024,bps_internet_purpose
ID-0004423,95,Papua Selatan,provinsi,2024,Pemanfaatan internet,percentage_users,Tujuan penggunaan internet,86.18,% pengguna internet,area,rural,category,entertainment,id_38_2024,bps_internet_purpose
ID-0004424,95,Papua Selatan,provinsi,2024,Pemanfaatan internet,percentage_users,Tujuan penggunaan internet,6.15,% pengguna internet,area,rural,category,financial_services,id_38_2024,bps_internet_purpose
ID-0004425,95,Papua Selatan,provinsi,2024,Pemanfaatan internet,percentage_users,Tujuan penggunaan internet,11.78,% pengguna internet,area,rural,category,goods_services_information,id_38_2024,bps_internet_purpose
ID-0004426,95,Papua Selatan,provinsi,2024,Pemanfaatan internet,percentage_users,Tujuan penggunaan internet,74.56,% pengguna internet,area,rural,category,news_information,id_38_2024,bps_internet_purpose
ID-0004427,95,Papua Selatan,provinsi,2024,Pemanfaatan internet,percentage_users,Tujuan penggunaan internet,6.1,% pengguna internet,area,rural,category,online_learning,id_38_2024,bps_internet_purpose
ID-0004428,95,Papua Selatan,provinsi,2024,Pemanfaatan internet,percentage_users,Tujuan penggunaan internet,3.58,% pengguna internet,area,rural,category,other,id_38_2024,bps_internet_purpose
ID-0004429,95,Papua Selatan,provinsi,2024,Pemanfaatan internet,percentage_users,Tujuan penggunaan internet,2.61,% pengguna internet,area,rural,category,sell_goods_services,id_38_2024,bps_internet_purpose
ID-0004430,95,Papua Selatan,provinsi,2024,Pemanfaatan internet,percentage_users,Tujuan penggunaan internet,69.6,% pengguna internet,area,rural,category,social_media,id_38_2024,bps_internet_purpose
ID-0004431,95,Papua Selatan,provinsi,2024,Pemanfaatan internet,percentage_users,Tujuan penggunaan internet,0.67,% pengguna internet,area,rural,category,work_from_home,id_38_2024,bps_internet_purpose
ID-0004432,95,Papua Selatan,provinsi,2024,Pemanfaatan internet,percentage_users,Tujuan penggunaan internet,9.42,% pengguna internet,area,total,category,buy_goods_services,id_38_2024,bps_internet_purpose
ID-0004433,95,Papua Selatan,provinsi,2024,Pemanfaatan internet,percentage_users,Tujuan penggunaan internet,14.32,% pengguna internet,area,total,category,digital_content_creation,id_38_2024,bps_internet_purpose
ID-0004434,95,Papua Selatan,provinsi,2024,Pemanfaatan internet,percentage_users,Tujuan penggunaan internet,17.54,% pengguna internet,area,total,category,email,id_38_2024,bps_internet_purpose
ID-0004435,95,Papua Selatan,provinsi,2024,Pemanfaatan internet,percentage_users,Tujuan penggunaan internet,88.73,% pengguna internet,area,total,category,entertainment,id_38_2024,bps_internet_purpose
ID-0004436,95,Papua Selatan,provinsi,2024,Pemanfaatan internet,percentage_users,Tujuan penggunaan internet,13.81,% pengguna internet,area,total,category,financial_services,id_38_2024,bps_internet_purpose
ID-0004437,95,Papua Selatan,provinsi,2024,Pemanfaatan internet,percentage_users,Tujuan penggunaan internet,18.11,% pengguna internet,area,total,category,goods_services_information,id_38_2024,bps_internet_purpose
ID-0004438,95,Papua Selatan,provinsi,2024,Pemanfaatan internet,percentage_users,Tujuan penggunaan internet,79.27,% pengguna internet,area,total,category,news_information,id_38_2024,bps_internet_purpose
ID-0004439,95,Papua Selatan,provinsi,2024,Pemanfaatan internet,percentage_users,Tujuan penggunaan internet,6.45,% pengguna internet,area,total,category,online_learning,id_38_2024,bps_internet_purpose
ID-0004440,95,Papua Selatan,provinsi,2024,Pemanfaatan internet,percentage_users,Tujuan penggunaan internet,2.73,% pengguna internet,area,total,category,other,id_38_2024,bps_internet_purpose
ID-0004441,95,Papua Selatan,provinsi,2024,Pemanfaatan internet,percentage_users,Tujuan penggunaan internet,4.03,% pengguna internet,area,total,category,sell_goods_services,id_38_2024,bps_internet_purpose
ID-0004442,95,Papua Selatan,provinsi,2024,Pemanfaatan internet,percentage_users,Tujuan penggunaan internet,75.22,% pengguna internet,area,total,category,social_media,id_38_2024,bps_internet_purpose
ID-0004443,95,Papua Selatan,provinsi,2024,Pemanfaatan internet,percentage_users,Tujuan penggunaan internet,1.17,% pengguna internet,area,total,category,work_from_home,id_38_2024,bps_internet_purpose
ID-0004444,95,Papua Selatan,provinsi,2024,Pemanfaatan internet,percentage_users,Tujuan penggunaan internet,12.64,% pengguna internet,area,urban,category,buy_goods_services,id_38_2024,bps_internet_purpose
ID-0004445,95,Papua Selatan,provinsi,2024,Pemanfaatan internet,percentage_users,Tujuan penggunaan internet,16.83,% pengguna internet,area,urban,category,digital_content_creation,id_38_2024,bps_internet_purpose
ID-0004446,95,Papua Selatan,provinsi,2024,Pemanfaatan internet,percentage_users,Tujuan penggunaan internet,25,% pengguna internet,area,urban,category,email,id_38_2024,bps_internet_purpose
ID-0004447,95,Papua Selatan,provinsi,2024,Pemanfaatan internet,percentage_users,Tujuan penggunaan internet,90.72,% pengguna internet,area,urban,category,entertainment,id_38_2024,bps_internet_purpose
ID-0004448,95,Papua Selatan,provinsi,2024,Pemanfaatan internet,percentage_users,Tujuan penggunaan internet,19.81,% pengguna internet,area,urban,category,financial_services,id_38_2024,bps_internet_purpose
ID-0004449,95,Papua Selatan,provinsi,2024,Pemanfaatan internet,percentage_users,Tujuan penggunaan internet,23.06,% pengguna internet,area,urban,category,goods_services_information,id_38_2024,bps_internet_purpose
ID-0004450,95,Papua Selatan,provinsi,2024,Pemanfaatan internet,percentage_users,Tujuan penggunaan internet,82.96,% pengguna internet,area,urban,category,news_information,id_38_2024,bps_internet_purpose
ID-0004451,95,Papua Selatan,provinsi,2024,Pemanfaatan internet,percentage_users,Tujuan penggunaan internet,6.72,% pengguna internet,area,urban,category,online_learning,id_38_2024,bps_internet_purpose
ID-0004452,95,Papua Selatan,provinsi,2024,Pemanfaatan internet,percentage_users,Tujuan penggunaan internet,2.07,% pengguna internet,area,urban,category,other,id_38_2024,bps_internet_purpose
ID-0004453,95,Papua Selatan,provinsi,2024,Pemanfaatan internet,percentage_users,Tujuan penggunaan internet,5.15,% pengguna internet,area,urban,category,sell_goods_services,id_38_2024,bps_internet_purpose
ID-0004454,95,Papua Selatan,provinsi,2024,Pemanfaatan internet,percentage_users,Tujuan penggunaan internet,79.63,% pengguna internet,area,urban,category,social_media,id_38_2024,bps_internet_purpose
ID-0004455,95,Papua Selatan,provinsi,2024,Pemanfaatan internet,percentage_users,Tujuan penggunaan internet,1.55,% pengguna internet,area,urban,category,work_from_home,id_38_2024,bps_internet_purpose
ID-0004456,95,Papua Selatan,provinsi,2024,Perangkat akses,percentage_users,Perangkat yang digunakan untuk mengakses internet,1.3,% pengguna internet,area,rural,category,desktop,id_38_2024,bps_access_device
ID-0004457,95,Papua Selatan,provinsi,2024,Perangkat akses,percentage_users,Perangkat yang digunakan untuk mengakses internet,5.18,% pengguna internet,area,rural,category,laptop_tablet,id_38_2024,bps_access_device
ID-0004458,95,Papua Selatan,provinsi,2024,Perangkat akses,percentage_users,Perangkat yang digunakan untuk mengakses internet,98.86,% pengguna internet,area,rural,category,mobile,id_38_2024,bps_access_device
ID-0004459,95,Papua Selatan,provinsi,2024,Perangkat akses,percentage_users,Perangkat yang digunakan untuk mengakses internet,0.34,% pengguna internet,area,rural,category,other,id_38_2024,bps_access_device
ID-0004460,95,Papua Selatan,provinsi,2024,Perangkat akses,percentage_users,Perangkat yang digunakan untuk mengakses internet,4.85,% pengguna internet,area,total,category,desktop,id_38_2024,bps_access_device
ID-0004461,95,Papua Selatan,provinsi,2024,Perangkat akses,percentage_users,Perangkat yang digunakan untuk mengakses internet,12.46,% pengguna internet,area,total,category,laptop_tablet,id_38_2024,bps_access_device
ID-0004462,95,Papua Selatan,provinsi,2024,Perangkat akses,percentage_users,Perangkat yang digunakan untuk mengakses internet,98.15,% pengguna internet,area,total,category,mobile,id_38_2024,bps_access_device
ID-0004463,95,Papua Selatan,provinsi,2024,Perangkat akses,percentage_users,Perangkat yang digunakan untuk mengakses internet,0.15,% pengguna internet,area,total,category,other,id_38_2024,bps_access_device
ID-0004464,95,Papua Selatan,provinsi,2024,Perangkat akses,percentage_users,Perangkat yang digunakan untuk mengakses internet,7.62,% pengguna internet,area,urban,category,desktop,id_38_2024,bps_access_device
ID-0004465,95,Papua Selatan,provinsi,2024,Perangkat akses,percentage_users,Perangkat yang digunakan untuk mengakses internet,18.15,% pengguna internet,area,urban,category,laptop_tablet,id_38_2024,bps_access_device
ID-0004466,95,Papua Selatan,provinsi,2024,Perangkat akses,percentage_users,Perangkat yang digunakan untuk mengakses internet,97.6,% pengguna internet,area,urban,category,mobile,id_38_2024,bps_access_device
ID-0004467,96,Papua Tengah,provinsi,2024,Akses internet,internet_access_pct,Akses internet penduduk usia 5 tahun ke atas,12.3,% penduduk dalam kelompok,area,rural,,,id_38_2024,bps_internet_access_history_province_2017_2024
ID-0004468,96,Papua Tengah,provinsi,2024,Akses internet,internet_access_pct,Akses internet penduduk usia 5 tahun ke atas,28.71,% penduduk dalam kelompok,area,total,,,id_38_2024,bps_internet_access_history_province_2017_2024
ID-0004469,96,Papua Tengah,provinsi,2024,Akses internet,internet_access_pct,Akses internet penduduk usia 5 tahun ke atas,82.62,% penduduk dalam kelompok,area,urban,,,id_38_2024,bps_internet_access_history_province_2017_2024
ID-0004470,96,Papua Tengah,provinsi,2024,Akses rumah tangga,household_internet_pct,Rumah tangga dengan akses internet,19.14,% rumah tangga dalam klasifikasi daerah,area,rural,,,id_38_2024,bps_household_internet
ID-0004471,96,Papua Tengah,provinsi,2024,Akses rumah tangga,household_internet_pct,Rumah tangga dengan akses internet,36.08,% rumah tangga dalam klasifikasi daerah,area,total,,,id_38_2024,bps_household_internet
ID-0004472,96,Papua Tengah,provinsi,2024,Akses rumah tangga,household_internet_pct,Rumah tangga dengan akses internet,95,% rumah tangga dalam klasifikasi daerah,area,urban,,,id_38_2024,bps_household_internet
ID-0004473,96,Papua Tengah,provinsi,2024,Kesenjangan gender,internet_access_pct,Akses internet penduduk usia 5 tahun ke atas menurut gender,27.52,% penduduk dalam kelompok,sex,female,,,id_38_2024,bps_internet_gender_history_province_2018_2024
ID-0004474,96,Papua Tengah,provinsi,2024,Kesenjangan gender,internet_access_pct,Akses internet penduduk usia 5 tahun ke atas menurut gender,29.79,% penduduk dalam kelompok,sex,male,,,id_38_2024,bps_internet_gender_history_province_2018_2024
ID-0004475,96,Papua Tengah,provinsi,2024,Pemanfaatan internet,percentage_users,Tujuan penggunaan internet,1.38,% pengguna internet,area,rural,category,buy_goods_services,id_38_2024,bps_internet_purpose
ID-0004476,96,Papua Tengah,provinsi,2024,Pemanfaatan internet,percentage_users,Tujuan penggunaan internet,1.51,% pengguna internet,area,rural,category,digital_content_creation,id_38_2024,bps_internet_purpose
ID-0004477,96,Papua Tengah,provinsi,2024,Pemanfaatan internet,percentage_users,Tujuan penggunaan internet,7.5,% pengguna internet,area,rural,category,email,id_38_2024,bps_internet_purpose
ID-0004478,96,Papua Tengah,provinsi,2024,Pemanfaatan internet,percentage_users,Tujuan penggunaan internet,58.43,% pengguna internet,area,rural,category,entertainment,id_38_2024,bps_internet_purpose
ID-0004479,96,Papua Tengah,provinsi,2024,Pemanfaatan internet,percentage_users,Tujuan penggunaan internet,1.8,% pengguna internet,area,rural,category,financial_services,id_38_2024,bps_internet_purpose
ID-0004480,96,Papua Tengah,provinsi,2024,Pemanfaatan internet,percentage_users,Tujuan penggunaan internet,2.43,% pengguna internet,area,rural,category,goods_services_information,id_38_2024,bps_internet_purpose
ID-0004481,96,Papua Tengah,provinsi,2024,Pemanfaatan internet,percentage_users,Tujuan penggunaan internet,65.17,% pengguna internet,area,rural,category,news_information,id_38_2024,bps_internet_purpose
ID-0004482,96,Papua Tengah,provinsi,2024,Pemanfaatan internet,percentage_users,Tujuan penggunaan internet,2.16,% pengguna internet,area,rural,category,online_learning,id_38_2024,bps_internet_purpose
ID-0004483,96,Papua Tengah,provinsi,2024,Pemanfaatan internet,percentage_users,Tujuan penggunaan internet,11.34,% pengguna internet,area,rural,category,other,id_38_2024,bps_internet_purpose
ID-0004484,96,Papua Tengah,provinsi,2024,Pemanfaatan internet,percentage_users,Tujuan penggunaan internet,0.41,% pengguna internet,area,rural,category,sell_goods_services,id_38_2024,bps_internet_purpose
ID-0004485,96,Papua Tengah,provinsi,2024,Pemanfaatan internet,percentage_users,Tujuan penggunaan internet,48.4,% pengguna internet,area,rural,category,social_media,id_38_2024,bps_internet_purpose
ID-0004486,96,Papua Tengah,provinsi,2024,Pemanfaatan internet,percentage_users,Tujuan penggunaan internet,0.35,% pengguna internet,area,rural,category,work_from_home,id_38_2024,bps_internet_purpose
ID-0004487,96,Papua Tengah,provinsi,2024,Pemanfaatan internet,percentage_users,Tujuan penggunaan internet,6.61,% pengguna internet,area,total,category,buy_goods_services,id_38_2024,bps_internet_purpose
ID-0004488,96,Papua Tengah,provinsi,2024,Pemanfaatan internet,percentage_users,Tujuan penggunaan internet,7.36,% pengguna internet,area,total,category,digital_content_creation,id_38_2024,bps_internet_purpose
ID-0004489,96,Papua Tengah,provinsi,2024,Pemanfaatan internet,percentage_users,Tujuan penggunaan internet,8.13,% pengguna internet,area,total,category,email,id_38_2024,bps_internet_purpose
ID-0004490,96,Papua Tengah,provinsi,2024,Pemanfaatan internet,percentage_users,Tujuan penggunaan internet,71.19,% pengguna internet,area,total,category,entertainment,id_38_2024,bps_internet_purpose
ID-0004491,96,Papua Tengah,provinsi,2024,Pemanfaatan internet,percentage_users,Tujuan penggunaan internet,6.48,% pengguna internet,area,total,category,financial_services,id_38_2024,bps_internet_purpose
ID-0004492,96,Papua Tengah,provinsi,2024,Pemanfaatan internet,percentage_users,Tujuan penggunaan internet,10.1,% pengguna internet,area,total,category,goods_services_information,id_38_2024,bps_internet_purpose
ID-0004493,96,Papua Tengah,provinsi,2024,Pemanfaatan internet,percentage_users,Tujuan penggunaan internet,71.77,% pengguna internet,area,total,category,news_information,id_38_2024,bps_internet_purpose
ID-0004494,96,Papua Tengah,provinsi,2024,Pemanfaatan internet,percentage_users,Tujuan penggunaan internet,5.27,% pengguna internet,area,total,category,online_learning,id_38_2024,bps_internet_purpose
ID-0004495,96,Papua Tengah,provinsi,2024,Pemanfaatan internet,percentage_users,Tujuan penggunaan internet,5.23,% pengguna internet,area,total,category,other,id_38_2024,bps_internet_purpose
ID-0004496,96,Papua Tengah,provinsi,2024,Pemanfaatan internet,percentage_users,Tujuan penggunaan internet,2.82,% pengguna internet,area,total,category,sell_goods_services,id_38_2024,bps_internet_purpose
ID-0004497,96,Papua Tengah,provinsi,2024,Pemanfaatan internet,percentage_users,Tujuan penggunaan internet,66.99,% pengguna internet,area,total,category,social_media,id_38_2024,bps_internet_purpose
ID-0004498,96,Papua Tengah,provinsi,2024,Pemanfaatan internet,percentage_users,Tujuan penggunaan internet,0.52,% pengguna internet,area,total,category,work_from_home,id_38_2024,bps_internet_purpose
ID-0004499,96,Papua Tengah,provinsi,2024,Pemanfaatan internet,percentage_users,Tujuan penggunaan internet,9.17,% pengguna internet,area,urban,category,buy_goods_services,id_38_2024,bps_internet_purpose
ID-0004500,96,Papua Tengah,provinsi,2024,Pemanfaatan internet,percentage_users,Tujuan penggunaan internet,10.22,% pengguna internet,area,urban,category,digital_content_creation,id_38_2024,bps_internet_purpose
ID-0004501,96,Papua Tengah,provinsi,2024,Pemanfaatan internet,percentage_users,Tujuan penggunaan internet,8.43,% pengguna internet,area,urban,category,email,id_38_2024,bps_internet_purpose
ID-0004502,96,Papua Tengah,provinsi,2024,Pemanfaatan internet,percentage_users,Tujuan penggunaan internet,77.44,% pengguna internet,area,urban,category,entertainment,id_38_2024,bps_internet_purpose
ID-0004503,96,Papua Tengah,provinsi,2024,Pemanfaatan internet,percentage_users,Tujuan penggunaan internet,8.77,% pengguna internet,area,urban,category,financial_services,id_38_2024,bps_internet_purpose
ID-0004504,96,Papua Tengah,provinsi,2024,Pemanfaatan internet,percentage_users,Tujuan penggunaan internet,13.85,% pengguna internet,area,urban,category,goods_services_information,id_38_2024,bps_internet_purpose
ID-0004505,96,Papua Tengah,provinsi,2024,Pemanfaatan internet,percentage_users,Tujuan penggunaan internet,75,% pengguna internet,area,urban,category,news_information,id_38_2024,bps_internet_purpose
ID-0004506,96,Papua Tengah,provinsi,2024,Pemanfaatan internet,percentage_users,Tujuan penggunaan internet,6.8,% pengguna internet,area,urban,category,online_learning,id_38_2024,bps_internet_purpose
ID-0004507,96,Papua Tengah,provinsi,2024,Pemanfaatan internet,percentage_users,Tujuan penggunaan internet,2.25,% pengguna internet,area,urban,category,other,id_38_2024,bps_internet_purpose
ID-0004508,96,Papua Tengah,provinsi,2024,Pemanfaatan internet,percentage_users,Tujuan penggunaan internet,3.99,% pengguna internet,area,urban,category,sell_goods_services,id_38_2024,bps_internet_purpose
ID-0004509,96,Papua Tengah,provinsi,2024,Pemanfaatan internet,percentage_users,Tujuan penggunaan internet,76.1,% pengguna internet,area,urban,category,social_media,id_38_2024,bps_internet_purpose
ID-0004510,96,Papua Tengah,provinsi,2024,Pemanfaatan internet,percentage_users,Tujuan penggunaan internet,0.6,% pengguna internet,area,urban,category,work_from_home,id_38_2024,bps_internet_purpose
ID-0004511,96,Papua Tengah,provinsi,2024,Perangkat akses,percentage_users,Perangkat yang digunakan untuk mengakses internet,0.44,% pengguna internet,area,rural,category,desktop,id_38_2024,bps_access_device
ID-0004512,96,Papua Tengah,provinsi,2024,Perangkat akses,percentage_users,Perangkat yang digunakan untuk mengakses internet,4.82,% pengguna internet,area,rural,category,laptop_tablet,id_38_2024,bps_access_device
ID-0004513,96,Papua Tengah,provinsi,2024,Perangkat akses,percentage_users,Perangkat yang digunakan untuk mengakses internet,98.39,% pengguna internet,area,rural,category,mobile,id_38_2024,bps_access_device
ID-0004514,96,Papua Tengah,provinsi,2024,Perangkat akses,percentage_users,Perangkat yang digunakan untuk mengakses internet,0.74,% pengguna internet,area,rural,category,other,id_38_2024,bps_access_device
ID-0004515,96,Papua Tengah,provinsi,2024,Perangkat akses,percentage_users,Perangkat yang digunakan untuk mengakses internet,1.73,% pengguna internet,area,total,category,desktop,id_38_2024,bps_access_device
ID-0004516,96,Papua Tengah,provinsi,2024,Perangkat akses,percentage_users,Perangkat yang digunakan untuk mengakses internet,9.55,% pengguna internet,area,total,category,laptop_tablet,id_38_2024,bps_access_device
ID-0004517,96,Papua Tengah,provinsi,2024,Perangkat akses,percentage_users,Perangkat yang digunakan untuk mengakses internet,97.81,% pengguna internet,area,total,category,mobile,id_38_2024,bps_access_device
ID-0004518,96,Papua Tengah,provinsi,2024,Perangkat akses,percentage_users,Perangkat yang digunakan untuk mengakses internet,0.32,% pengguna internet,area,total,category,other,id_38_2024,bps_access_device
ID-0004519,96,Papua Tengah,provinsi,2024,Perangkat akses,percentage_users,Perangkat yang digunakan untuk mengakses internet,2.37,% pengguna internet,area,urban,category,desktop,id_38_2024,bps_access_device
ID-0004520,96,Papua Tengah,provinsi,2024,Perangkat akses,percentage_users,Perangkat yang digunakan untuk mengakses internet,11.86,% pengguna internet,area,urban,category,laptop_tablet,id_38_2024,bps_access_device
ID-0004521,96,Papua Tengah,provinsi,2024,Perangkat akses,percentage_users,Perangkat yang digunakan untuk mengakses internet,97.53,% pengguna internet,area,urban,category,mobile,id_38_2024,bps_access_device
ID-0004522,96,Papua Tengah,provinsi,2024,Perangkat akses,percentage_users,Perangkat yang digunakan untuk mengakses internet,0.11,% pengguna internet,area,urban,category,other,id_38_2024,bps_access_device
ID-0004523,97,Papua Pegunungan,provinsi,2024,Akses internet,internet_access_pct,Akses internet penduduk usia 5 tahun ke atas,4.15,% penduduk dalam kelompok,area,rural,,,id_38_2024,bps_internet_access_history_province_2017_2024
ID-0004524,97,Papua Pegunungan,provinsi,2024,Akses internet,internet_access_pct,Akses internet penduduk usia 5 tahun ke atas,6.76,% penduduk dalam kelompok,area,total,,,id_38_2024,bps_internet_access_history_province_2017_2024
ID-0004525,97,Papua Pegunungan,provinsi,2024,Akses internet,internet_access_pct,Akses internet penduduk usia 5 tahun ke atas,41.86,% penduduk dalam kelompok,area,urban,,,id_38_2024,bps_internet_access_history_province_2017_2024
ID-0004526,97,Papua Pegunungan,provinsi,2024,Akses rumah tangga,household_internet_pct,Rumah tangga dengan akses internet,8.81,% rumah tangga dalam klasifikasi daerah,area,rural,,,id_38_2024,bps_household_internet
ID-0004527,97,Papua Pegunungan,provinsi,2024,Akses rumah tangga,household_internet_pct,Rumah tangga dengan akses internet,12.15,% rumah tangga dalam klasifikasi daerah,area,total,,,id_38_2024,bps_household_internet
ID-0004528,97,Papua Pegunungan,provinsi,2024,Akses rumah tangga,household_internet_pct,Rumah tangga dengan akses internet,54.5,% rumah tangga dalam klasifikasi daerah,area,urban,,,id_38_2024,bps_household_internet
ID-0004529,97,Papua Pegunungan,provinsi,2024,Kesenjangan gender,internet_access_pct,Akses internet penduduk usia 5 tahun ke atas menurut gender,5.61,% penduduk dalam kelompok,sex,female,,,id_38_2024,bps_internet_gender_history_province_2018_2024
ID-0004530,97,Papua Pegunungan,provinsi,2024,Kesenjangan gender,internet_access_pct,Akses internet penduduk usia 5 tahun ke atas menurut gender,7.82,% penduduk dalam kelompok,sex,male,,,id_38_2024,bps_internet_gender_history_province_2018_2024
ID-0004531,97,Papua Pegunungan,provinsi,2024,Pemanfaatan internet,percentage_users,Tujuan penggunaan internet,0.92,% pengguna internet,area,rural,category,buy_goods_services,id_38_2024,bps_internet_purpose
ID-0004532,97,Papua Pegunungan,provinsi,2024,Pemanfaatan internet,percentage_users,Tujuan penggunaan internet,0.71,% pengguna internet,area,rural,category,digital_content_creation,id_38_2024,bps_internet_purpose
ID-0004533,97,Papua Pegunungan,provinsi,2024,Pemanfaatan internet,percentage_users,Tujuan penggunaan internet,5.19,% pengguna internet,area,rural,category,email,id_38_2024,bps_internet_purpose
ID-0004534,97,Papua Pegunungan,provinsi,2024,Pemanfaatan internet,percentage_users,Tujuan penggunaan internet,66.42,% pengguna internet,area,rural,category,entertainment,id_38_2024,bps_internet_purpose
ID-0004535,97,Papua Pegunungan,provinsi,2024,Pemanfaatan internet,percentage_users,Tujuan penggunaan internet,1.47,% pengguna internet,area,rural,category,financial_services,id_38_2024,bps_internet_purpose
ID-0004536,97,Papua Pegunungan,provinsi,2024,Pemanfaatan internet,percentage_users,Tujuan penggunaan internet,5.21,% pengguna internet,area,rural,category,goods_services_information,id_38_2024,bps_internet_purpose
ID-0004537,97,Papua Pegunungan,provinsi,2024,Pemanfaatan internet,percentage_users,Tujuan penggunaan internet,67.84,% pengguna internet,area,rural,category,news_information,id_38_2024,bps_internet_purpose
ID-0004538,97,Papua Pegunungan,provinsi,2024,Pemanfaatan internet,percentage_users,Tujuan penggunaan internet,1.27,% pengguna internet,area,rural,category,online_learning,id_38_2024,bps_internet_purpose
ID-0004539,97,Papua Pegunungan,provinsi,2024,Pemanfaatan internet,percentage_users,Tujuan penggunaan internet,6.35,% pengguna internet,area,rural,category,other,id_38_2024,bps_internet_purpose
ID-0004540,97,Papua Pegunungan,provinsi,2024,Pemanfaatan internet,percentage_users,Tujuan penggunaan internet,0.11,% pengguna internet,area,rural,category,sell_goods_services,id_38_2024,bps_internet_purpose
ID-0004541,97,Papua Pegunungan,provinsi,2024,Pemanfaatan internet,percentage_users,Tujuan penggunaan internet,69.4,% pengguna internet,area,rural,category,social_media,id_38_2024,bps_internet_purpose
ID-0004542,97,Papua Pegunungan,provinsi,2024,Pemanfaatan internet,percentage_users,Tujuan penggunaan internet,7.46,% pengguna internet,area,total,category,buy_goods_services,id_38_2024,bps_internet_purpose
ID-0004543,97,Papua Pegunungan,provinsi,2024,Pemanfaatan internet,percentage_users,Tujuan penggunaan internet,0.4,% pengguna internet,area,total,category,digital_content_creation,id_38_2024,bps_internet_purpose
ID-0004544,97,Papua Pegunungan,provinsi,2024,Pemanfaatan internet,percentage_users,Tujuan penggunaan internet,6.57,% pengguna internet,area,total,category,email,id_38_2024,bps_internet_purpose
ID-0004545,97,Papua Pegunungan,provinsi,2024,Pemanfaatan internet,percentage_users,Tujuan penggunaan internet,73.93,% pengguna internet,area,total,category,entertainment,id_38_2024,bps_internet_purpose
ID-0004546,97,Papua Pegunungan,provinsi,2024,Pemanfaatan internet,percentage_users,Tujuan penggunaan internet,1.9,% pengguna internet,area,total,category,financial_services,id_38_2024,bps_internet_purpose
ID-0004547,97,Papua Pegunungan,provinsi,2024,Pemanfaatan internet,percentage_users,Tujuan penggunaan internet,10.37,% pengguna internet,area,total,category,goods_services_information,id_38_2024,bps_internet_purpose
ID-0004548,97,Papua Pegunungan,provinsi,2024,Pemanfaatan internet,percentage_users,Tujuan penggunaan internet,75.22,% pengguna internet,area,total,category,news_information,id_38_2024,bps_internet_purpose
ID-0004549,97,Papua Pegunungan,provinsi,2024,Pemanfaatan internet,percentage_users,Tujuan penggunaan internet,3.04,% pengguna internet,area,total,category,online_learning,id_38_2024,bps_internet_purpose
ID-0004550,97,Papua Pegunungan,provinsi,2024,Pemanfaatan internet,percentage_users,Tujuan penggunaan internet,4.15,% pengguna internet,area,total,category,other,id_38_2024,bps_internet_purpose
ID-0004551,97,Papua Pegunungan,provinsi,2024,Pemanfaatan internet,percentage_users,Tujuan penggunaan internet,2.79,% pengguna internet,area,total,category,sell_goods_services,id_38_2024,bps_internet_purpose
ID-0004552,97,Papua Pegunungan,provinsi,2024,Pemanfaatan internet,percentage_users,Tujuan penggunaan internet,71.36,% pengguna internet,area,total,category,social_media,id_38_2024,bps_internet_purpose
ID-0004553,97,Papua Pegunungan,provinsi,2024,Pemanfaatan internet,percentage_users,Tujuan penggunaan internet,0.79,% pengguna internet,area,total,category,work_from_home,id_38_2024,bps_internet_purpose
ID-0004554,97,Papua Pegunungan,provinsi,2024,Pemanfaatan internet,percentage_users,Tujuan penggunaan internet,16.14,% pengguna internet,area,urban,category,buy_goods_services,id_38_2024,bps_internet_purpose
ID-0004555,97,Papua Pegunungan,provinsi,2024,Pemanfaatan internet,percentage_users,Tujuan penggunaan internet,8.39,% pengguna internet,area,urban,category,email,id_38_2024,bps_internet_purpose
ID-0004556,97,Papua Pegunungan,provinsi,2024,Pemanfaatan internet,percentage_users,Tujuan penggunaan internet,83.91,% pengguna internet,area,urban,category,entertainment,id_38_2024,bps_internet_purpose
ID-0004557,97,Papua Pegunungan,provinsi,2024,Pemanfaatan internet,percentage_users,Tujuan penggunaan internet,2.47,% pengguna internet,area,urban,category,financial_services,id_38_2024,bps_internet_purpose
ID-0004558,97,Papua Pegunungan,provinsi,2024,Pemanfaatan internet,percentage_users,Tujuan penggunaan internet,17.22,% pengguna internet,area,urban,category,goods_services_information,id_38_2024,bps_internet_purpose
ID-0004559,97,Papua Pegunungan,provinsi,2024,Pemanfaatan internet,percentage_users,Tujuan penggunaan internet,85.01,% pengguna internet,area,urban,category,news_information,id_38_2024,bps_internet_purpose
ID-0004560,97,Papua Pegunungan,provinsi,2024,Pemanfaatan internet,percentage_users,Tujuan penggunaan internet,5.4,% pengguna internet,area,urban,category,online_learning,id_38_2024,bps_internet_purpose
ID-0004561,97,Papua Pegunungan,provinsi,2024,Pemanfaatan internet,percentage_users,Tujuan penggunaan internet,1.23,% pengguna internet,area,urban,category,other,id_38_2024,bps_internet_purpose
ID-0004562,97,Papua Pegunungan,provinsi,2024,Pemanfaatan internet,percentage_users,Tujuan penggunaan internet,6.36,% pengguna internet,area,urban,category,sell_goods_services,id_38_2024,bps_internet_purpose
ID-0004563,97,Papua Pegunungan,provinsi,2024,Pemanfaatan internet,percentage_users,Tujuan penggunaan internet,73.96,% pengguna internet,area,urban,category,social_media,id_38_2024,bps_internet_purpose
ID-0004564,97,Papua Pegunungan,provinsi,2024,Pemanfaatan internet,percentage_users,Tujuan penggunaan internet,1.83,% pengguna internet,area,urban,category,work_from_home,id_38_2024,bps_internet_purpose
ID-0004565,97,Papua Pegunungan,provinsi,2024,Perangkat akses,percentage_users,Perangkat yang digunakan untuk mengakses internet,1.76,% pengguna internet,area,rural,category,desktop,id_38_2024,bps_access_device
ID-0004566,97,Papua Pegunungan,provinsi,2024,Perangkat akses,percentage_users,Perangkat yang digunakan untuk mengakses internet,5.14,% pengguna internet,area,rural,category,laptop_tablet,id_38_2024,bps_access_device
ID-0004567,97,Papua Pegunungan,provinsi,2024,Perangkat akses,percentage_users,Perangkat yang digunakan untuk mengakses internet,98.8,% pengguna internet,area,rural,category,mobile,id_38_2024,bps_access_device
ID-0004568,97,Papua Pegunungan,provinsi,2024,Perangkat akses,percentage_users,Perangkat yang digunakan untuk mengakses internet,0.51,% pengguna internet,area,rural,category,other,id_38_2024,bps_access_device
ID-0004569,97,Papua Pegunungan,provinsi,2024,Perangkat akses,percentage_users,Perangkat yang digunakan untuk mengakses internet,1.5,% pengguna internet,area,total,category,desktop,id_38_2024,bps_access_device
ID-0004570,97,Papua Pegunungan,provinsi,2024,Perangkat akses,percentage_users,Perangkat yang digunakan untuk mengakses internet,7.37,% pengguna internet,area,total,category,laptop_tablet,id_38_2024,bps_access_device
ID-0004571,97,Papua Pegunungan,provinsi,2024,Perangkat akses,percentage_users,Perangkat yang digunakan untuk mengakses internet,98.62,% pengguna internet,area,total,category,mobile,id_38_2024,bps_access_device
ID-0004572,97,Papua Pegunungan,provinsi,2024,Perangkat akses,percentage_users,Perangkat yang digunakan untuk mengakses internet,0.29,% pengguna internet,area,total,category,other,id_38_2024,bps_access_device
ID-0004573,97,Papua Pegunungan,provinsi,2024,Perangkat akses,percentage_users,Perangkat yang digunakan untuk mengakses internet,1.15,% pengguna internet,area,urban,category,desktop,id_38_2024,bps_access_device
ID-0004574,97,Papua Pegunungan,provinsi,2024,Perangkat akses,percentage_users,Perangkat yang digunakan untuk mengakses internet,10.33,% pengguna internet,area,urban,category,laptop_tablet,id_38_2024,bps_access_device
ID-0004575,97,Papua Pegunungan,provinsi,2024,Perangkat akses,percentage_users,Perangkat yang digunakan untuk mengakses internet,98.38,% pengguna internet,area,urban,category,mobile,id_38_2024,bps_access_device
